Phase,Stack,Mode,Profile,Dataset,BookCount,Scenario,Status,ProcessRuns,PassSamples,FailedSamples,UnsupportedSamples,wall_time_ms_count,wall_time_ms_median,wall_time_ms_p10,wall_time_ms_p90,wall_time_ms_mean,wall_time_ms_stdev,wall_time_ms_min,wall_time_ms_max,natural_lua_heap_kb_count,natural_lua_heap_kb_median,natural_lua_heap_kb_p10,natural_lua_heap_kb_p90,natural_lua_heap_kb_mean,natural_lua_heap_kb_stdev,natural_lua_heap_kb_min,natural_lua_heap_kb_max,lua_heap_delta_kb_count,lua_heap_delta_kb_median,lua_heap_delta_kb_p10,lua_heap_delta_kb_p90,lua_heap_delta_kb_mean,lua_heap_delta_kb_stdev,lua_heap_delta_kb_min,lua_heap_delta_kb_max,rss_kb_count,rss_kb_median,rss_kb_p10,rss_kb_p90,rss_kb_mean,rss_kb_stdev,rss_kb_min,rss_kb_max,set_dirty_calls_count,set_dirty_calls_median,set_dirty_calls_p10,set_dirty_calls_p90,set_dirty_calls_mean,set_dirty_calls_stdev,set_dirty_calls_min,set_dirty_calls_max,refresh_count_count,refresh_count_median,refresh_count_p10,refresh_count_p90,refresh_count_mean,refresh_count_stdev,refresh_count_min,refresh_count_max,full_refreshes_count,full_refreshes_median,full_refreshes_p10,full_refreshes_p90,full_refreshes_mean,full_refreshes_stdev,full_refreshes_min,full_refreshes_max,partial_refreshes_count,partial_refreshes_median,partial_refreshes_p10,partial_refreshes_p90,partial_refreshes_mean,partial_refreshes_stdev,partial_refreshes_min,partial_refreshes_max,unique_dirty_pct_count,unique_dirty_pct_median,unique_dirty_pct_p10,unique_dirty_pct_p90,unique_dirty_pct_mean,unique_dirty_pct_stdev,unique_dirty_pct_min,unique_dirty_pct_max,cumulative_dirty_screen_equivalents_count,cumulative_dirty_screen_equivalents_median,cumulative_dirty_screen_equivalents_p10,cumulative_dirty_screen_equivalents_p90,cumulative_dirty_screen_equivalents_mean,cumulative_dirty_screen_equivalents_stdev,cumulative_dirty_screen_equivalents_min,cumulative_dirty_screen_equivalents_max,largest_single_dirty_pct_count,largest_single_dirty_pct_median,largest_single_dirty_pct_p10,largest_single_dirty_pct_p90,largest_single_dirty_pct_mean,largest_single_dirty_pct_stdev,largest_single_dirty_pct_min,largest_single_dirty_pct_max,visible_count_before_count,visible_count_before_median,visible_count_before_p10,visible_count_before_p90,visible_count_before_mean,visible_count_before_stdev,visible_count_before_min,visible_count_before_max,visible_count_after_count,visible_count_after_median,visible_count_after_p10,visible_count_after_p90,visible_count_after_mean,visible_count_after_stdev,visible_count_after_min,visible_count_after_max,total_pages_count,total_pages_median,total_pages_p10,total_pages_p90,total_pages_mean,total_pages_stdev,total_pages_min,total_pages_max,forced_gc_live_heap_kb_count,forced_gc_live_heap_kb_median,forced_gc_live_heap_kb_p10,forced_gc_live_heap_kb_p90,forced_gc_live_heap_kb_mean,forced_gc_live_heap_kb_stdev,forced_gc_live_heap_kb_min,forced_gc_live_heap_kb_max
phase2,R0_stock,paging,paging,real_2692,2692,library_cached_paging,PASS,3,90,0,0,90,16.811,10.419699999999999,23.934600000000007,16.703144444444444,5.318843019754297,8.654,34.623,90,11304.484375,9609.654101562499,12988.5946289067,11408.26618923611,1230.2801503924106,9367.3544921875,15677.3203125,90,507.82958984375,-2464.82763671875,984.2742187500005,101.81555989583333,1312.683574608932,-4029.9384765625,1267.3935546875,90,195088.0,194768.0,198480.0,195592.7111111111,1681.796212350104,192320.0,198512.0,90,1.0,1.0,1.0,1.0,0.0,1.0,1.0,90,1.0,1.0,1.0,1.0,0.0,1.0,1.0,90,1.0,1.0,1.0,1.0,0.0,1.0,1.0,90,0.0,0.0,0.0,0.0,0.0,0.0,0.0,90,100.0,100.0,100.0,100.0,0.0,100.0,100.0,90,1.0,1.0,1.0,1.0,0.0,1.0,1.0,90,100.0,100.0,100.0,100.0,0.0,100.0,100.0,90,10.0,10.0,10.0,10.0,0.0,10.0,10.0,90,10.0,10.0,10.0,10.0,0.0,10.0,10.0,90,51.0,51.0,51.0,51.0,0.0,51.0,51.0,,,,,,,,
phase2,R0_stock,paging,paging,real_2692,2692,library_sequential_paging,PASS,3,90,0,0,90,14.26,9.4145,21.759200000000007,14.640166666666667,4.439814975520256,8.586,28.518,90,11048.2060546875,9786.817578125,15653.865234375004,12012.245117187476,2311.0928342988454,9289.1240234375,17479.301757812,90,449.01025390625,-1010.81005859375,518.1947265625,24.70404730902778,1480.2630630404074,-7537.658203125,595.5634765625,90,178528.0,177072.0,181553.6,178998.57777777777,1396.0512287192362,177024.0,181632.0,90,1.0,1.0,1.0,1.0,0.0,1.0,1.0,90,1.0,1.0,1.0,1.0,0.0,1.0,1.0,90,1.0,1.0,1.0,1.0,0.0,1.0,1.0,90,0.0,0.0,0.0,0.0,0.0,0.0,0.0,90,100.0,100.0,100.0,100.0,0.0,100.0,100.0,90,1.0,1.0,1.0,1.0,0.0,1.0,1.0,90,100.0,100.0,100.0,100.0,0.0,100.0,100.0,90,10.0,10.0,10.0,10.0,0.0,10.0,10.0,90,10.0,10.0,10.0,10.0,0.0,10.0,10.0,90,51.0,51.0,51.0,51.0,0.0,51.0,51.0,,,,,,,,
phase2,R0_stock,paging,paging,real_2692,2692,paging_probe_step_2_to_3,PASS,3,3,0,0,3,22.516,18.596,22.9,21.042666666666666,2.977269442514958,17.616,22.996,3,9408.0966796875,9356.8466796875,10008.2623046879,9636.811523437667,452.75995537864736,9344.0341796875,10158.303710938,3,-1494.150390625,-1532.9183593750001,-1130.619921875,-1358.8326822916667,277.404915168739,-1542.6103515625,-1039.7373046875,3,191136.0,190457.6,192288.0,191333.33333333334,1156.694139923486,190288.0,192576.0,3,1.0,1.0,1.0,1.0,0.0,1.0,1.0,3,1.0,1.0,1.0,1.0,0.0,1.0,1.0,3,1.0,1.0,1.0,1.0,0.0,1.0,1.0,3,0.0,0.0,0.0,0.0,0.0,0.0,0.0,3,100.0,100.0,100.0,100.0,0.0,100.0,100.0,3,1.0,1.0,1.0,1.0,0.0,1.0,1.0,3,100.0,100.0,100.0,100.0,0.0,100.0,100.0,3,10.0,10.0,10.0,10.0,0.0,10.0,10.0,3,10.0,10.0,10.0,10.0,0.0,10.0,10.0,3,51.0,51.00000000000001,51.0,51.0,0.0,51.0,51.0,,,,,,,,
phase2,R0_stock,real_first_run,startup,real_2692,2692,home_to_library,PASS,1,1,0,0,1,35.909,35.909,35.909,35.909,0.0,35.909,35.909,1,12201.348632812,12201.348632812,12201.348632812,12201.348632812,0.0,12201.348632812,12201.348632812,1,3260.345703125,3260.345703125,3260.345703125,3260.345703125,0.0,3260.345703125,3260.345703125,1,165072.0,165072.0,165072.0,165072.0,0.0,165072.0,165072.0,1,3.0,3.0,3.0,3.0,0.0,3.0,3.0,1,3.0,3.0,3.0,3.0,0.0,3.0,3.0,1,3.0,3.0,3.0,3.0,0.0,3.0,3.0,1,0.0,0.0,0.0,0.0,0.0,0.0,0.0,1,100.0,100.0,100.0,100.0,0.0,100.0,100.0,1,3.0,3.0,3.0,3.0,0.0,3.0,3.0,1,100.0,100.0,100.0,100.0,0.0,100.0,100.0,,,,,,,,,,,,,,,,,,,,,,,,,,,,,,,,
phase2,R0_stock,real_first_run,startup,real_2692,2692,library_first_render,PASS,1,1,0,0,1,35.985,35.985,35.985,35.985,0.0,35.985,35.985,1,14746.044921875,14746.044921875,14746.044921875,14746.044921875,0.0,14746.044921875,14746.044921875,1,2535.7978515625,2535.7978515625,2535.7978515625,2535.7978515625,0.0,2535.7978515625,2535.7978515625,1,174016.0,174016.0,174016.0,174016.0,0.0,174016.0,174016.0,1,1.0,1.0,1.0,1.0,0.0,1.0,1.0,1,1.0,1.0,1.0,1.0,0.0,1.0,1.0,1,1.0,1.0,1.0,1.0,0.0,1.0,1.0,1,0.0,0.0,0.0,0.0,0.0,0.0,0.0,1,100.0,100.0,100.0,100.0,0.0,100.0,100.0,1,1.0,1.0,1.0,1.0,0.0,1.0,1.0,1,100.0,100.0,100.0,100.0,0.0,100.0,100.0,,,,,,,,,,,,,,,,,,,,,,,,,,,,,,,,
phase2,R0_stock,real_steady_cold,startup,real_2692,2692,home_to_library,PASS,3,3,0,0,3,31.099,30.867,31.175800000000002,31.034333333333336,0.20096102441352443,30.809,31.195,3,12498.270507812,12496.343945312801,12598.2775390624,12539.137369791666,72.87899409668294,12495.862304688,12623.279296875,3,3296.8203125,3257.3125,3364.09140625,3308.3883463541665,67.48457023260858,3247.435546875,3380.9091796875,3,161280.0,161254.40000000002,172876.80000000002,166101.33333333334,8378.522383650552,161248.0,175776.0,3,1.0,1.0,1.0,1.0,0.0,1.0,1.0,3,1.0,1.0,1.0,1.0,0.0,1.0,1.0,3,1.0,1.0,1.0,1.0,0.0,1.0,1.0,3,0.0,0.0,0.0,0.0,0.0,0.0,0.0,3,100.0,100.0,100.0,100.0,0.0,100.0,100.0,3,1.0,1.0,1.0,1.0,0.0,1.0,1.0,3,100.0,100.0,100.0,100.0,0.0,100.0,100.0,,,,,,,,,,,,,,,,,,,,,,,,,,,,,,,,
phase2,R0_stock,real_steady_cold,startup,real_2692,2692,library_first_render,PASS,3,3,0,0,3,32.426,31.9996,33.050000000000004,32.50833333333333,0.6603607599890645,31.893,33.206,3,15181.2421875,15127.3679687496,15225.7539062504,15177.341145833334,61.58394772329426,15113.899414062,15236.881835938,3,2607.765625,2606.62890625,2664.05078125,2630.744140625,41.036640995550464,2606.3447265625,2678.1220703125,3,170640.0,163203.2,175363.2,169509.33333333334,7662.819672505241,161344.0,176544.0,3,1.0,1.0,1.0,1.0,0.0,1.0,1.0,3,1.0,1.0,1.0,1.0,0.0,1.0,1.0,3,1.0,1.0,1.0,1.0,0.0,1.0,1.0,3,0.0,0.0,0.0,0.0,0.0,0.0,0.0,3,100.0,100.0,100.0,100.0,0.0,100.0,100.0,3,1.0,1.0,1.0,1.0,0.0,1.0,1.0,3,100.0,100.0,100.0,100.0,0.0,100.0,100.0,,,,,,,,,,,,,,,,,,,,,,,,,,,,,,,,
phase2,R0_stock,warm,real,real_2692,2692,change_sort_mode,PASS,1,10,0,0,10,82.86449999999999,62.4984,126.71799999999999,91.5956,28.301670634630582,55.275,138.166,10,31975.520996093503,26762.911132813,37339.08378906301,31871.785839844,5182.157781882057,26613.338867188,41543.409179688,10,4703.41162109375,-10586.061718750001,5017.5998046875,-623.148828125,7609.5702822606645,-14939.2421875,5119.4755859375,10,220768.0,220768.0,221939.19999999998,221939.2,3703.6595955892058,220768.0,232480.0,10,4.0,2.0,7.0,4.2,1.9888578520235063,2.0,7.0,10,4.0,2.0,7.0,4.2,1.9888578520235063,2.0,7.0,10,4.0,2.0,7.0,4.2,1.9888578520235063,2.0,7.0,10,0.0,0.0,0.0,0.0,0.0,0.0,0.0,10,100.0,100.0,100.0,100.0,0.0,100.0,100.0,10,4.0,2.0,7.0,4.2,1.9888578520235063,2.0,7.0,10,100.0,100.0,100.0,100.0,0.0,100.0,100.0,,,,,,,,,,,,,,,,,,,,,,,,,,,,,,,,
phase2,R0_stock,warm,real,real_2692,2692,close_book,PASS,1,10,0,0,10,33.239000000000004,28.8072,35.836999999999996,33.2956,4.042609723653494,26.505,41.75,10,29529.454589843503,28732.0389648433,29863.0178710942,29499.862402343802,583.9014067880481,28671.419921875,30751.41015625,10,2446.67529296875,1884.45478515625,2626.7500976562496,2433.79150390625,489.9007062448066,1724.9658203125,3589.6279296875,10,347584.0,347584.0,347584.0,347584.0,0.0,347584.0,347584.0,10,4.0,4.0,4.0,4.0,0.0,4.0,4.0,10,4.0,4.0,4.0,4.0,0.0,4.0,4.0,10,3.0,3.0,3.0,3.0,0.0,3.0,3.0,10,1.0,1.0,1.0,1.0,0.0,1.0,1.0,10,100.0,100.0,100.0,100.0,0.0,100.0,100.0,10,3.0983009708738,3.0983009708738,3.0983009708738,3.0983009708738,0.0,3.0983009708738,3.0983009708738,10,100.0,100.0,100.0,100.0,0.0,100.0,100.0,,,,,,,,,,,,,,,,,,,,,,,,,,,,,,,,
phase2,R0_stock,warm,real,real_2692,2692,close_quick_settings,PASS,1,10,0,0,10,8.38,7.8784,8.6269,8.2819,0.39572112795643255,7.459,8.824,10,34691.373535156,33354.799609375,35900.9571289067,34646.4047851562,1073.485318063375,33053.60546875,36147.939453125,10,80.7509765625,42.82783203125,138.4724609375,84.77392578125,36.958910262010534,35.92578125,141.318359375,10,347584.0,347584.0,347584.0,347584.0,0.0,347584.0,347584.0,10,3.0,3.0,3.0,3.0,0.0,3.0,3.0,10,3.0,3.0,3.0,3.0,0.0,3.0,3.0,10,3.0,3.0,3.0,3.0,0.0,3.0,3.0,10,0.0,0.0,0.0,0.0,0.0,0.0,0.0,10,100.0,100.0,100.0,100.0,0.0,100.0,100.0,10,3.0,3.0,3.0,3.0,0.0,3.0,3.0,10,100.0,100.0,100.0,100.0,0.0,100.0,100.0,,,,,,,,,,,,,,,,,,,,,,,,,,,,,,,,
phase2,R0_stock,warm,real,real_2692,2692,home_to_library,PASS,1,10,0,0,10,31.3335,29.5917,45.384299999999996,34.1475,6.986916061865605,28.662,49.014,10,15149.462890625,9246.240039062499,20406.9459960933,15003.267187499901,4127.814073501465,9196.2373046875,20417.666015625,10,2649.5205078125,-11063.963867188,3239.7863281249997,7.898339843649955,5878.361901739381,-11224.663085938,3251.3193359375,10,183424.0,183408.0,183472.0,183433.6,29.405970671125807,183408.0,183472.0,10,1.0,1.0,1.0,1.0,0.0,1.0,1.0,10,1.0,1.0,1.0,1.0,0.0,1.0,1.0,10,1.0,1.0,1.0,1.0,0.0,1.0,1.0,10,0.0,0.0,0.0,0.0,0.0,0.0,0.0,10,100.0,100.0,100.0,100.0,0.0,100.0,100.0,10,1.0,1.0,1.0,1.0,0.0,1.0,1.0,10,100.0,100.0,100.0,100.0,0.0,100.0,100.0,,,,,,,,,,,,,,,,,,,,,,,,,,,,,,,,
phase2,R0_stock,warm,real,real_2692,2692,library_cached_paging,PASS,1,30,0,0,30,16.3285,14.598499999999998,28.7686,19.2698,6.05013964159164,11.724,32.363,30,11132.437988280999,9796.7119140625,12620.656738281701,11234.874218749967,1168.3434695661451,9689.2568359375,13845.248046875,30,473.46875,-2609.77646484375,972.6806640625001,-25.684244791666668,1416.548973289293,-4035.9404296875,1069.416015625,30,186464.0,183584.0,186464.0,186043.73333333334,983.4823047102377,183584.0,186464.0,30,1.0,1.0,1.0,1.0,0.0,1.0,1.0,30,1.0,1.0,1.0,1.0,0.0,1.0,1.0,30,1.0,1.0,1.0,1.0,0.0,1.0,1.0,30,0.0,0.0,0.0,0.0,0.0,0.0,0.0,30,100.0,100.0,100.0,100.0,0.0,100.0,100.0,30,1.0,1.0,1.0,1.0,0.0,1.0,1.0,30,100.0,100.0,100.0,100.0,0.0,100.0,100.0,30,10.0,10.0,10.0,10.0,0.0,10.0,10.0,30,10.0,10.0,10.0,10.0,0.0,10.0,10.0,30,51.0,51.0,51.0,51.0,0.0,51.0,51.0,,,,,,,,
phase2,R0_stock,warm,real,real_2692,2692,library_first_render,PASS,1,10,0,0,10,31.516,30.4195,44.4574,34.0026,5.9501463511412895,28.687,45.685,10,15077.107421875,9236.554882812501,20294.6961914058,14968.01328125,4084.482665155926,9219.2333984375,20317.8984375,10,2595.4892578125,-11076.8549804687,3251.3009765625,-0.3581054686999778,5845.651052476096,-11082.106445312,3306.146484375,10,183472.0,183472.0,183472.0,183472.0,0.0,183472.0,183472.0,10,1.0,1.0,1.0,1.0,0.0,1.0,1.0,10,1.0,1.0,1.0,1.0,0.0,1.0,1.0,10,1.0,1.0,1.0,1.0,0.0,1.0,1.0,10,0.0,0.0,0.0,0.0,0.0,0.0,0.0,10,100.0,100.0,100.0,100.0,0.0,100.0,100.0,10,1.0,1.0,1.0,1.0,0.0,1.0,1.0,10,100.0,100.0,100.0,100.0,0.0,100.0,100.0,,,,,,,,,,,,,,,,,,,,,,,,,,,,,,,,
phase2,R0_stock,warm,real,real_2692,2692,library_folder_back,PASS,1,10,0,0,10,85.734,74.0451,130.0419,92.5721,22.243045412243152,69.483,135.774,10,28713.8271484375,23612.758789063,34356.6875976563,29081.641992187797,4920.038871262611,20837.788085938,37003.444335938,10,5011.43212890625,-4941.637792968751,5237.495800781249,2428.614453125,4677.073674936514,-7205.9296875,5322.298828125,10,209048.0,205481.6,220768.0,211324.8,6088.77402000326,204128.0,220768.0,10,7.0,3.9,9.299999999999999,6.8,2.573367875415838,3.0,12.0,10,7.0,3.9,9.299999999999999,6.8,2.573367875415838,3.0,12.0,10,6.0,2.9000000000000004,8.299999999999999,5.8,2.573367875415838,2.0,11.0,10,1.0,1.0,1.0,1.0,0.0,1.0,1.0,10,100.0,100.0,100.0,100.0,0.0,100.0,100.0,10,6.0983009708738,2.9983009708738004,8.398300970873818,5.89830097087382,2.5733678754158826,2.0983009708738,11.098300970874,10,100.0,100.0,100.0,100.0,0.0,100.0,100.0,,,,,,,,,,,,,,,,,,,,,,,,,,,,,,,,
phase2,R0_stock,warm,real,real_2692,2692,library_folder_enter,PASS,1,10,0,0,10,22.102,16.211000000000002,36.44239999999999,24.8477,9.42583787080314,14.726,44.672,10,18630.521484375,14843.5128906246,24181.587207031196,19407.2807617188,4277.4764935419125,14733.018554688,27330.051757812,10,1479.306640625,-5048.21455078125,2653.96533203125,346.3525390625,3256.1079798303176,-6460.8076171875,2779.890625,10,194064.0,187577.6,199964.80000000002,193912.0,5084.500543591059,187088.0,200224.0,10,2.0,2.0,2.0,2.0,0.0,2.0,2.0,10,2.0,2.0,2.0,2.0,0.0,2.0,2.0,10,1.0,1.0,1.0,1.0,0.0,1.0,1.0,10,1.0,1.0,1.0,1.0,0.0,1.0,1.0,10,100.0,100.0,100.0,100.0,0.0,100.0,100.0,10,1.0983009708738,1.0983009708738,1.0983009708738,1.0983009708738,0.0,1.0983009708738,1.0983009708738,10,100.0,100.0,100.0,100.0,0.0,100.0,100.0,,,,,,,,,,,,,,,,,,,,,,,,,,,,,,,,
phase2,R0_stock,warm,real,real_2692,2692,library_sequential_paging,PASS,1,30,0,0,30,28.045,16.705,38.935900000000004,28.4934,10.211321784818235,14.605,54.044,30,10599.7177734375,9598.7880859375,11985.648535156299,10705.106184895832,882.1094703892204,9516.4326171875,12523.106445312,30,452.7451171875,-2030.029296875,537.2520507812501,-2.464973958333333,1062.8117263885883,-2838.369140625,558.3251953125,30,183584.0,183534.4,183584.0,183571.2,22.78293372165923,183504.0,183584.0,30,1.0,1.0,1.0,1.0,0.0,1.0,1.0,30,1.0,1.0,1.0,1.0,0.0,1.0,1.0,30,1.0,1.0,1.0,1.0,0.0,1.0,1.0,30,0.0,0.0,0.0,0.0,0.0,0.0,0.0,30,100.0,100.0,100.0,100.0,0.0,100.0,100.0,30,1.0,1.0,1.0,1.0,0.0,1.0,1.0,30,100.0,100.0,100.0,100.0,0.0,100.0,100.0,30,10.0,10.0,10.0,10.0,0.0,10.0,10.0,30,10.0,10.0,10.0,10.0,0.0,10.0,10.0,30,51.0,51.0,51.0,51.0,0.0,51.0,51.0,,,,,,,,
phase2,R0_stock,warm,real,real_2692,2692,open_book,PASS,1,10,0,0,10,97.84700000000001,74.2754,108.9684,93.56219999999999,15.423671661154845,72.137,114.21,10,26961.990722656003,25691.0921875,28057.4639648442,26900.611328125,1145.722738590134,25603.43359375,28131.1171875,10,-688.525390625,-1466.03212890625,461.49921874999967,-642.29013671875,1044.876581303662,-2493.3583984375,1208.263671875,10,347584.0,347584.0,347584.0,347584.0,0.0,347584.0,347584.0,10,9.0,8.899999999999999,9.0,8.9,0.31622776601683794,8.0,9.0,10,9.0,8.899999999999999,9.0,8.9,0.31622776601683794,8.0,9.0,10,9.0,8.899999999999999,9.0,8.9,0.31622776601683794,8.0,9.0,10,0.0,0.0,0.0,0.0,0.0,0.0,0.0,10,100.0,100.0,100.0,100.0,0.0,100.0,100.0,10,9.0,8.899999999999999,9.0,8.9,0.31622776601683794,8.0,9.0,10,100.0,100.0,100.0,100.0,0.0,100.0,100.0,,,,,,,,,,,,,,,,,,,,,,,,,,,,,,,,
phase2,R0_stock,warm,real,real_2692,2692,open_book_minimal,PASS,1,10,0,0,10,147.92399999999998,118.9537,184.3883,151.7901,31.094793688726163,110.761,208.412,10,28166.23828125,27949.488671875002,29627.1540039058,28614.422265625,797.8455091357167,27712.890625,29725.80859375,10,-2304.1748046875,-3905.8132812500003,1237.15068359375,-1696.2837890625,2240.630581535941,-3952.3056640625,1261.4111328125,10,347584.0,319696.0,347584.0,341574.4,11609.33803453065,319696.0,347584.0,10,0.0,0.0,0.0,0.0,0.0,0.0,0.0,10,0.0,0.0,0.0,0.0,0.0,0.0,0.0,10,0.0,0.0,0.0,0.0,0.0,0.0,0.0,10,0.0,0.0,0.0,0.0,0.0,0.0,0.0,10,0.0,0.0,0.0,0.0,0.0,0.0,0.0,10,0.0,0.0,0.0,0.0,0.0,0.0,0.0,10,0.0,0.0,0.0,0.0,0.0,0.0,0.0,,,,,,,,,,,,,,,,,,,,,,,,,,,,,,,,
phase2,R0_stock,warm,real,real_2692,2692,open_quick_settings,PASS,1,10,0,0,10,8.373999999999999,7.6518,8.7974,8.2974,0.5057129620644502,7.407,8.828,10,30645.313476562,29635.302343750398,31618.5040039063,30639.5685546874,850.5537594218197,29323.313476562,31916.471679688,10,242.8251953125,226.50615234375,277.9474609375,246.4837890625,19.706059267278672,224.6455078125,281.974609375,10,347584.0,347584.0,347584.0,347584.0,0.0,347584.0,347584.0,10,2.0,2.0,2.0,2.0,0.0,2.0,2.0,10,2.0,2.0,2.0,2.0,0.0,2.0,2.0,10,2.0,2.0,2.0,2.0,0.0,2.0,2.0,10,0.0,0.0,0.0,0.0,0.0,0.0,0.0,10,100.0,100.0,100.0,100.0,0.0,100.0,100.0,10,2.0,2.0,2.0,2.0,0.0,2.0,2.0,10,100.0,100.0,100.0,100.0,0.0,100.0,100.0,,,,,,,,,,,,,,,,,,,,,,,,,,,,,,,,
phase2,R0_stock,warm,real,real_2692,2692,repeated_nav,PASS,1,1,0,0,1,2447.845,2447.845,2447.845,2447.845,0.0,2447.845,2447.845,1,29781.703125,29781.703125,29781.703125,29781.703125,0.0,29781.703125,29781.703125,1,-7652.5615234375,-7652.5615234375,-7652.5615234375,-7652.5615234375,0.0,-7652.5615234375,-7652.5615234375,1,347584.0,347584.0,347584.0,347584.0,0.0,347584.0,347584.0,1,32.0,32.0,32.0,32.0,0.0,32.0,32.0,1,32.0,32.0,32.0,32.0,0.0,32.0,32.0,1,32.0,32.0,32.0,32.0,0.0,32.0,32.0,1,0.0,0.0,0.0,0.0,0.0,0.0,0.0,1,100.0,100.0,100.0,100.0,0.0,100.0,100.0,1,32.0,32.0,32.0,32.0,0.0,32.0,32.0,1,100.0,100.0,100.0,100.0,0.0,100.0,100.0,,,,,,,,,,,,,,,,,,,,,,,,,,,,,,,,
phase2,R0_stock,warm,real,real_2692,2692,start_to_home,UNSUPPORTED,1,0,0,10,,,,,,,,,,,,,,,,,,,,,,,,,,,,,,,,,,,,,,,,,,,,,,,,,,,,,,,,,,,,,,,,,,,,,,,,,,,,,,,,,,,,,,,,,,,,,,,,,,,,,,,,,,,,,,,,,,,,,,,,
phase2,R10_simpleui_vos_bookshelf,paging,paging,real_2692,2692,bookshelf_cached_paging,PASS,3,90,0,0,90,170.5665,163.70129999999997,188.97660000000005,174.0934777777778,10.507725634271129,160.053,204.032,90,37042.586425781,24292.801171875,46786.1310546875,35876.50618489582,8797.066566120042,22561.740234375,48444.098632812,90,1250.638671875,-879.1488281249998,2076.263281250003,-293.4609157986056,6234.182604764404,-25156.1640625,3500.251953125,90,231072.0,201424.0,238400.0,223810.3111111111,15940.36573223473,201424.0,238400.0,90,0.0,0.0,0.0,0.0,0.0,0.0,0.0,90,8.0,8.0,8.0,8.0,0.0,8.0,8.0,90,0.0,0.0,0.0,0.0,0.0,0.0,0.0,90,8.0,8.0,8.0,8.0,0.0,8.0,8.0,90,64.199029126214,64.199029126214,64.199029126214,64.199029126214,0.0,64.199029126214,64.199029126214,90,1.2034720913061,1.2034720913061,1.2034720913060997,1.2034720913061,0.0,1.2034720913061,1.2034720913061,90,64.199029126214,64.199029126214,64.199029126214,64.199029126214,0.0,64.199029126214,64.199029126214,90,8.0,8.0,8.0,8.0,0.0,8.0,8.0,90,8.0,8.0,8.0,8.0,0.0,8.0,8.0,90,64.0,64.0,64.0,64.0,0.0,64.0,64.0,,,,,,,,
phase2,R10_simpleui_vos_bookshelf,paging,paging,real_2692,2692,bookshelf_cached_paging_anim_off,PASS,3,90,0,0,90,15.9515,8.6409,19.5672,14.140955555555555,4.615179780084074,8.089,25.155,90,36680.5278320315,25481.0196289063,47564.3545898433,36645.78486328127,7965.802486064766,23168.267578125,49696.760742188,90,845.56494140625,759.8973632812499,1046.12998046875,-27.208420138899964,3721.977307553079,-19308.69140625,1118.8623046875,90,240056.0,211216.0,245760.0,231831.11111111112,14336.421966324246,211216.0,245760.0,90,1.0,1.0,1.0,1.0,0.0,1.0,1.0,90,1.0,1.0,1.0,1.0,0.0,1.0,1.0,90,0.0,0.0,0.0,0.0,0.0,0.0,0.0,90,1.0,1.0,1.0,1.0,0.0,1.0,1.0,90,64.199029126214,64.199029126214,64.199029126214,64.199029126214,0.0,64.199029126214,64.199029126214,90,0.64199029126214,0.64199029126214,0.64199029126214,0.64199029126214,0.0,0.64199029126214,0.64199029126214,90,64.199029126214,64.199029126214,64.199029126214,64.199029126214,0.0,64.199029126214,64.199029126214,90,8.0,8.0,8.0,8.0,0.0,8.0,8.0,90,8.0,8.0,8.0,8.0,0.0,8.0,8.0,90,64.0,64.0,64.0,64.0,0.0,64.0,64.0,,,,,,,,
phase2,R10_simpleui_vos_bookshelf,paging,paging,real_2692,2692,bookshelf_sequential_paging,PASS,3,90,0,0,90,173.196,168.8089,200.06390000000002,177.6747,11.213865415666186,164.806,204.305,90,32784.7592773435,23852.0414062504,43606.05,33106.64124348957,7385.935745078787,22277.026367188,47858.58203125,90,1780.18994140625,1361.9166992187504,3085.7833007812533,390.2689453125056,5965.297788468495,-25282.502929688,3839.6376953125,90,217368.0,200288.0,228944.0,214993.24444444446,12318.65890328694,200288.0,233664.0,90,0.0,0.0,0.0,0.0,0.0,0.0,0.0,90,8.0,8.0,8.0,8.0,0.0,8.0,8.0,90,0.0,0.0,0.0,0.0,0.0,0.0,0.0,90,8.0,8.0,8.0,8.0,0.0,8.0,8.0,90,64.199029126214,64.199029126214,64.199029126214,64.199029126214,0.0,64.199029126214,64.199029126214,90,1.2034720913061,1.2034720913061,1.2034720913060997,1.2034720913061,0.0,1.2034720913061,1.2034720913061,90,64.199029126214,64.199029126214,64.199029126214,64.199029126214,0.0,64.199029126214,64.199029126214,90,8.0,8.0,8.0,8.0,0.0,8.0,8.0,90,8.0,8.0,8.0,8.0,0.0,8.0,8.0,90,64.0,64.0,64.0,64.0,0.0,64.0,64.0,,,,,,,,
phase2,R10_simpleui_vos_bookshelf,paging,paging,real_2692,2692,bookshelf_sequential_paging_anim_off,PASS,3,90,0,0,90,31.349,25.2578,42.588,31.645633333333333,7.679317904005962,8.653,51.597,90,37039.0141601565,25560.1674804688,47229.2604492183,36889.785991753524,7723.789712590011,23409.122070312,50313.233398438,90,1673.80224609375,871.5513671875,1915.1008789062505,-124.07756076391104,6518.263106207144,-26374.00390625,2164.4990234375,90,237528.0,209024.0,238449.6,228488.53333333333,13463.486637251908,208864.0,240384.0,90,1.0,1.0,1.0,1.0,0.0,1.0,1.0,90,1.0,1.0,1.0,1.0,0.0,1.0,1.0,90,0.0,0.0,0.0,0.0,0.0,0.0,0.0,90,1.0,1.0,1.0,1.0,0.0,1.0,1.0,90,64.199029126214,64.199029126214,64.199029126214,64.199029126214,0.0,64.199029126214,64.199029126214,90,0.64199029126214,0.64199029126214,0.64199029126214,0.64199029126214,0.0,0.64199029126214,0.64199029126214,90,64.199029126214,64.199029126214,64.199029126214,64.199029126214,0.0,64.199029126214,64.199029126214,90,8.0,8.0,8.0,8.0,0.0,8.0,8.0,90,8.0,8.0,8.0,8.0,0.0,8.0,8.0,90,64.0,64.0,64.0,64.0,0.0,64.0,64.0,,,,,,,,
phase2,R10_simpleui_vos_bookshelf,paging,paging,real_2692,2692,close_bookshelf,PASS,3,3,0,0,3,22.07,20.453200000000002,22.1604,21.433999999999997,1.2007751662988375,20.049,22.183,3,29492.002929688,28438.934960937604,29593.406054688,29095.475911458663,799.094254008793,28175.66796875,29618.756835938,3,764.2041015625,699.0033203125,765.8134765625,737.7076822916666,47.64596252801969,682.703125,766.2158203125,3,246592.0,224806.4,248256.0,238208.0,16355.944729669392,219360.0,248672.0,3,6.0,6.000000000000001,6.0,6.0,0.0,6.0,6.0,3,6.0,6.000000000000001,6.0,6.0,0.0,6.0,6.0,3,5.0,5.0,5.0,5.0,0.0,5.0,5.0,3,1.0,1.0,1.0,1.0,0.0,1.0,1.0,3,100.0,100.0,100.0,100.0,0.0,100.0,100.0,3,5.061286407767,5.061286407767,5.061286407767,5.061286407767,0.0,5.061286407767,5.061286407767,3,100.0,100.0,100.0,100.0,0.0,100.0,100.0,,,,,,,,,,,,,,,,,,,,,,,,,,,,,,,,
phase2,R10_simpleui_vos_bookshelf,paging,paging,real_2692,2692,library_cached_paging,PASS,3,90,0,0,90,32.198499999999996,10.6753,44.07640000000003,26.715466666666664,14.118481025022932,8.542,55.092,90,17877.720214843997,14980.691210937,19968.715234375002,17755.071050347164,2057.6468761517235,14542.864257812,23309.262695312,90,568.98095703125,-4695.5482421875,2353.80078125,26.56157769097222,2595.2670095665135,-8516.22265625,2399.4658203125,90,200288.0,195344.0,202433.6,199159.64444444445,3076.423059082079,193936.0,202448.0,90,4.0,4.0,4.0,4.0,0.0,4.0,4.0,90,4.0,4.0,4.0,4.0,0.0,4.0,4.0,90,1.0,1.0,1.0,1.0,0.0,1.0,1.0,90,3.0,3.0,3.0,3.0,0.0,3.0,3.0,90,100.0,100.0,100.0,100.0,0.0,100.0,100.0,90,1.2876213592233,1.2876213592233001,1.2876213592233,1.2876213592233,0.0,1.2876213592233,1.2876213592233,90,100.0,100.0,100.0,100.0,0.0,100.0,100.0,90,8.0,8.0,8.0,8.0,0.0,8.0,8.0,90,8.0,8.0,8.0,8.0,0.0,8.0,8.0,90,64.0,64.0,64.0,64.0,0.0,64.0,64.0,,,,,,,,
phase2,R10_simpleui_vos_bookshelf,paging,paging,real_2692,2692,library_sequential_paging,PASS,3,90,0,0,90,17.5925,15.616900000000001,32.4053,19.54371111111111,5.800249661895995,11.9,35.609,90,15702.795898438,14416.154492187,20357.274218749604,16591.88709852422,2174.0638398483434,14289.907226562,21193.411132812,90,416.5380859375,-1703.4522460937499,459.6568359375,-78.93106553819445,1185.4376243377326,-4781.0576171875,502.853515625,90,187840.0,183504.0,189312.0,186885.33333333334,2479.138668837595,183504.0,189312.0,90,4.0,4.0,4.0,4.0,0.0,4.0,4.0,90,4.0,4.0,4.0,4.0,0.0,4.0,4.0,90,1.0,1.0,1.0,1.0,0.0,1.0,1.0,90,3.0,3.0,3.0,3.0,0.0,3.0,3.0,90,100.0,100.0,100.0,100.0,0.0,100.0,100.0,90,1.2876213592233,1.2876213592233001,1.2876213592233,1.2876213592233,0.0,1.2876213592233,1.2876213592233,90,100.0,100.0,100.0,100.0,0.0,100.0,100.0,90,8.0,8.0,8.0,8.0,0.0,8.0,8.0,90,8.0,8.0,8.0,8.0,0.0,8.0,8.0,90,64.0,64.0,64.0,64.0,0.0,64.0,64.0,,,,,,,,
phase2,R10_simpleui_vos_bookshelf,paging,paging,real_2692,2692,open_bookshelf,PASS,3,3,0,0,3,128.942,123.5164,201.1596,156.77200000000002,54.18257472656684,122.16,219.214,3,18596.5546875,18564.5828125,18678.1140625,18617.216145833332,73.17835868040858,18556.58984375,18698.50390625,3,436.0,386.9625,525.29140625,452.7724609375,87.6672775159037,374.703125,547.6142578125,3,205616.0,201353.60000000003,205897.6,203957.33333333334,3182.606060029003,200288.0,205968.0,3,1.0,1.0,1.0,1.0,0.0,1.0,1.0,3,1.0,1.0,1.0,1.0,0.0,1.0,1.0,3,1.0,1.0,1.0,1.0,0.0,1.0,1.0,3,0.0,0.0,0.0,0.0,0.0,0.0,0.0,3,100.0,100.0,100.0,100.0,0.0,100.0,100.0,3,1.0,1.0,1.0,1.0,0.0,1.0,1.0,3,100.0,100.0,100.0,100.0,0.0,100.0,100.0,,,,,,,,,,,,,,,,,3,64.0,64.0,64.0,64.0,0.0,64.0,64.0,,,,,,,,
phase2,R10_simpleui_vos_bookshelf,paging,paging,real_2692,2692,paging_probe_step_2_to_3,PASS,3,3,0,0,3,12.582,10.9684,24.355600000000003,16.81533333333333,9.134961539784026,10.565,27.299,3,14759.237304688,14500.770117187201,14767.5138671872,14654.991210937333,189.58975492703067,14436.153320312,14769.583007812,3,403.498046875,-1662.2347656250001,413.15273437499997,-453.201171875,1494.3102628514118,-2178.66796875,415.56640625,3,191328.0,188012.80000000002,191852.8,190165.33333333334,2602.6612021800556,187184.0,191984.0,3,4.0,4.0,4.0,4.0,0.0,4.0,4.0,3,4.0,4.0,4.0,4.0,0.0,4.0,4.0,3,1.0,1.0,1.0,1.0,0.0,1.0,1.0,3,3.0,3.0000000000000004,3.0,3.0,0.0,3.0,3.0,3,100.0,100.0,100.0,100.0,0.0,100.0,100.0,3,1.2876213592233,1.2876213592233,1.2876213592233,1.2876213592233,0.0,1.2876213592233,1.2876213592233,3,100.0,100.0,100.0,100.0,0.0,100.0,100.0,3,8.0,8.0,8.0,8.0,0.0,8.0,8.0,3,8.0,8.0,8.0,8.0,0.0,8.0,8.0,3,64.0,64.0,64.0,64.0,0.0,64.0,64.0,,,,,,,,
phase2,R10_simpleui_vos_bookshelf,real_first_run,startup,real_2692,2692,home_to_library,PASS,1,1,0,0,1,40.447,40.447,40.447,40.447,0.0,40.447,40.447,1,16689.392578125,16689.392578125,16689.392578125,16689.392578125,0.0,16689.392578125,16689.392578125,1,2660.2509765625,2660.2509765625,2660.2509765625,2660.2509765625,0.0,2660.2509765625,2660.2509765625,1,174176.0,174176.0,174176.0,174176.0,0.0,174176.0,174176.0,1,8.0,8.0,8.0,8.0,0.0,8.0,8.0,1,8.0,8.0,8.0,8.0,0.0,8.0,8.0,1,4.0,4.0,4.0,4.0,0.0,4.0,4.0,1,4.0,4.0,4.0,4.0,0.0,4.0,4.0,1,100.0,100.0,100.0,100.0,0.0,100.0,100.0,1,4.3834951456311,4.3834951456311,4.3834951456311,4.3834951456311,0.0,4.3834951456311,4.3834951456311,1,100.0,100.0,100.0,100.0,0.0,100.0,100.0,,,,,,,,,,,,,,,,,,,,,,,,,,,,,,,,
phase2,R10_simpleui_vos_bookshelf,real_first_run,startup,real_2692,2692,library_first_render,PASS,1,1,0,0,1,110.148,110.148,110.148,110.148,0.0,110.148,110.148,1,16016.340820312,16016.340820312,16016.340820312,16016.340820312,0.0,16016.340820312,16016.340820312,1,-685.9033203125,-685.9033203125,-685.9033203125,-685.9033203125,0.0,-685.9033203125,-685.9033203125,1,184192.0,184192.0,184192.0,184192.0,0.0,184192.0,184192.0,1,11.0,11.0,11.0,11.0,0.0,11.0,11.0,1,11.0,11.0,11.0,11.0,0.0,11.0,11.0,1,3.0,3.0,3.0,3.0,0.0,3.0,3.0,1,8.0,8.0,8.0,8.0,0.0,8.0,8.0,1,100.0,100.0,100.0,100.0,0.0,100.0,100.0,1,3.7742718446602,3.7742718446602,3.7742718446602,3.7742718446602,0.0,3.7742718446602,3.7742718446602,1,100.0,100.0,100.0,100.0,0.0,100.0,100.0,,,,,,,,,,,,,,,,,,,,,,,,,,,,,,,,
phase2,R10_simpleui_vos_bookshelf,real_steady_cold,startup,real_2692,2692,home_to_library,PASS,3,3,0,0,3,34.699,32.0278,34.9206,33.678333333333335,2.0125069772135777,31.36,34.976,3,16528.358398438,16431.7318359372,16703.3216796876,16560.998697916668,172.08122899846842,16407.575195312,16747.0625,3,2493.7880859375,2473.5404296875004,2574.1833984375,2518.849609375,66.54099029295992,2468.478515625,2594.2822265625,3,175728.0,174448.0,180796.8,177306.66666666666,4196.923317542665,174128.0,182064.0,3,6.0,6.000000000000001,6.0,6.0,0.0,6.0,6.0,3,6.0,6.000000000000001,6.0,6.0,0.0,6.0,6.0,3,2.0,2.0,2.0,2.0,0.0,2.0,2.0,3,4.0,4.0,4.0,4.0,0.0,4.0,4.0,3,100.0,100.0,100.0,100.0,0.0,100.0,100.0,3,2.3834951456311,2.3834951456311,2.3834951456311,2.3834951456311,0.0,2.3834951456311,2.3834951456311,3,100.0,100.0,100.0,100.0,0.0,100.0,100.0,,,,,,,,,,,,,,,,,,,,,,,,,,,,,,,,
phase2,R10_simpleui_vos_bookshelf,real_steady_cold,startup,real_2692,2692,library_first_render,PASS,3,3,0,0,3,96.795,94.2158,97.6734,96.08633333333334,2.2464588430090013,93.571,97.893,3,15735.208007812,15698.4072265624,15823.3783203128,15756.611979166666,80.27633877906425,15689.20703125,15845.420898438,3,-850.4248046875,-991.1373046875001,-629.1521484375,-816.8580729166666,228.10065475432887,-1026.3154296875,-573.833984375,3,183216.0,182524.80000000002,184444.8,183440.0,1215.578874446245,182352.0,184752.0,3,11.0,11.0,11.0,11.0,0.0,11.0,11.0,3,11.0,11.0,11.0,11.0,0.0,11.0,11.0,3,3.0,3.0000000000000004,3.0,3.0,0.0,3.0,3.0,3,8.0,8.0,8.0,8.0,0.0,8.0,8.0,3,100.0,100.0,100.0,100.0,0.0,100.0,100.0,3,3.7742718446602,3.7742718446602,3.7742718446602,3.7742718446602,0.0,3.7742718446602,3.7742718446602,3,100.0,100.0,100.0,100.0,0.0,100.0,100.0,,,,,,,,,,,,,,,,,,,,,,,,,,,,,,,,
phase2,R10_simpleui_vos_bookshelf,warm,real,real_2692,2692,bookshelf_cached_paging,PASS,1,30,0,0,30,161.476,158.8484,168.2536,162.6409,4.295974566080878,158.126,176.525,30,111359.43652344,97646.88818359331,125561.89931640199,111415.32119140607,10493.938407651116,94044.447265625,129179.59375,30,1215.4228515625,992.236328125,1356.0236328125,1203.60419921875,154.66320408913725,941.7890625,1657.125,30,336560.0,336560.0,336560.0,336560.0,0.0,336560.0,336560.0,30,0.0,0.0,0.0,0.0,0.0,0.0,0.0,30,8.0,8.0,8.0,8.0,0.0,8.0,8.0,30,0.0,0.0,0.0,0.0,0.0,0.0,0.0,30,8.0,8.0,8.0,8.0,0.0,8.0,8.0,30,64.199029126214,64.199029126214,64.199029126214,64.199029126214,0.0,64.199029126214,64.199029126214,30,1.2034720913061,1.2034720913061,1.2034720913061,1.2034720913061,0.0,1.2034720913061,1.2034720913061,30,64.199029126214,64.199029126214,64.199029126214,64.199029126214,0.0,64.199029126214,64.199029126214,30,8.0,8.0,8.0,8.0,0.0,8.0,8.0,30,8.0,8.0,8.0,8.0,0.0,8.0,8.0,30,64.0,64.0,64.0,64.0,0.0,64.0,64.0,,,,,,,,
phase2,R10_simpleui_vos_bookshelf,warm,real,real_2692,2692,bookshelf_cached_paging_anim_off,PASS,1,30,0,0,30,28.067500000000003,17.539500000000004,55.91620000000001,32.30103333333333,16.783152850985427,14.92,85.331,30,99464.663574219,85393.6650390625,175089.419042967,113948.5377278648,34602.315521635435,82110.418945312,178504.20214844,30,1221.3671875,-9790.663281249996,1370.1135742187498,-2117.0310221354166,9633.18942276493,-36327.361328125,1631.3720703125,30,353560.0,342776.0,353696.0,350925.3333333333,4763.560225607366,338256.0,353696.0,30,1.0,1.0,1.0,1.0,0.0,1.0,1.0,30,1.0,1.0,1.0,1.0,0.0,1.0,1.0,30,0.0,0.0,0.0,0.0,0.0,0.0,0.0,30,1.0,1.0,1.0,1.0,0.0,1.0,1.0,30,64.199029126214,64.199029126214,64.199029126214,64.199029126214,0.0,64.199029126214,64.199029126214,30,0.64199029126214,0.64199029126214,0.64199029126214,0.64199029126214,0.0,0.64199029126214,0.64199029126214,30,64.199029126214,64.199029126214,64.199029126214,64.199029126214,0.0,64.199029126214,64.199029126214,30,8.0,8.0,8.0,8.0,0.0,8.0,8.0,30,8.0,8.0,8.0,8.0,0.0,8.0,8.0,30,64.0,64.0,64.0,64.0,0.0,64.0,64.0,,,,,,,,
phase2,R10_simpleui_vos_bookshelf,warm,real,real_2692,2692,bookshelf_first_render,PASS,1,10,0,0,10,19.1605,16.5514,91.3921,34.9925,34.89107240876,15.439,111.418,10,75282.924316406,73156.7897460938,86025.4870117183,76955.9583984375,5277.895172732572,71669.616210938,87138.830078125,10,1242.5791015625,-6217.79746093755,1378.2677734374997,-874.6016601563,5000.772981049281,-13787.022460938,1649.7900390625,10,336560.0,336560.0,336560.0,336560.0,0.0,336560.0,336560.0,10,1.0,1.0,1.0,1.0,0.0,1.0,1.0,10,1.0,1.0,1.0,1.0,0.0,1.0,1.0,10,1.0,1.0,1.0,1.0,0.0,1.0,1.0,10,0.0,0.0,0.0,0.0,0.0,0.0,0.0,10,100.0,100.0,100.0,100.0,0.0,100.0,100.0,10,1.0,1.0,1.0,1.0,0.0,1.0,1.0,10,100.0,100.0,100.0,100.0,0.0,100.0,100.0,,,,,,,,,,,,,,,,,10,64.0,64.0,64.0,64.0,0.0,64.0,64.0,,,,,,,,
phase2,R10_simpleui_vos_bookshelf,warm,real,real_2692,2692,bookshelf_sequential_paging,PASS,1,30,0,0,30,162.61849999999998,159.8926,173.4944,164.51166666666668,5.57657321753913,158.393,179.476,30,86753.533203125,79228.51435546919,98225.2633789067,87818.55393880239,7238.485796210846,76723.2109375,102160.95117188,30,1265.72119140625,1135.7935546875,1479.63408203125,388.06402994791665,3554.8472516467527,-14027.651367188,1746.619140625,30,336560.0,336560.0,336560.0,336560.0,0.0,336560.0,336560.0,30,0.0,0.0,0.0,0.0,0.0,0.0,0.0,30,8.0,8.0,8.0,8.0,0.0,8.0,8.0,30,0.0,0.0,0.0,0.0,0.0,0.0,0.0,30,8.0,8.0,8.0,8.0,0.0,8.0,8.0,30,64.199029126214,64.199029126214,64.199029126214,64.199029126214,0.0,64.199029126214,64.199029126214,30,1.2034720913061,1.2034720913061,1.2034720913061,1.2034720913061,0.0,1.2034720913061,1.2034720913061,30,64.199029126214,64.199029126214,64.199029126214,64.199029126214,0.0,64.199029126214,64.199029126214,30,8.0,8.0,8.0,8.0,0.0,8.0,8.0,30,8.0,8.0,8.0,8.0,0.0,8.0,8.0,30,64.0,64.0,64.0,64.0,0.0,64.0,64.0,,,,,,,,
phase2,R10_simpleui_vos_bookshelf,warm,real,real_2692,2692,bookshelf_sequential_paging_anim_off,PASS,1,30,0,0,30,21.401,16.401,31.850300000000004,22.98163333333333,6.697125500120765,15.573,41.324,30,149028.204589845,134959.366992188,163986.56884766102,149219.1543945303,11016.72357972996,131357.39941406,167757.43652344,30,1237.88818359375,1100.7240234375,1409.64794921875,1251.0590169270833,153.62086542125158,1025.75,1762.9248046875,30,336560.0,336560.0,336560.0,336560.0,0.0,336560.0,336560.0,30,1.0,1.0,1.0,1.0,0.0,1.0,1.0,30,1.0,1.0,1.0,1.0,0.0,1.0,1.0,30,0.0,0.0,0.0,0.0,0.0,0.0,0.0,30,1.0,1.0,1.0,1.0,0.0,1.0,1.0,30,64.199029126214,64.199029126214,64.199029126214,64.199029126214,0.0,64.199029126214,64.199029126214,30,0.64199029126214,0.64199029126214,0.64199029126214,0.64199029126214,0.0,0.64199029126214,0.64199029126214,30,64.199029126214,64.199029126214,64.199029126214,64.199029126214,0.0,64.199029126214,64.199029126214,30,8.0,8.0,8.0,8.0,0.0,8.0,8.0,30,8.0,8.0,8.0,8.0,0.0,8.0,8.0,30,64.0,64.0,64.0,64.0,0.0,64.0,64.0,,,,,,,,
phase2,R10_simpleui_vos_bookshelf,warm,real,real_2692,2692,change_sort_mode,PASS,1,10,0,0,10,88.54650000000001,58.450900000000004,123.99799999999999,90.1186,25.341839528951148,54.112,130.046,10,24148.864746093997,24007.043164062998,29051.0495117183,26054.576953125197,2579.6349002281777,23985.502929688,29207.439453125,10,-2441.98974609375,-5054.22744140625,5045.26494140625,-501.827734375,4964.771356484176,-5198.5693359375,5144.4169921875,10,223168.0,223168.0,223168.0,223168.0,0.0,223168.0,223168.0,10,15.0,15.0,15.0,15.0,0.0,15.0,15.0,10,15.0,15.0,15.0,15.0,0.0,15.0,15.0,10,3.0,3.0,3.0,3.0,0.0,3.0,3.0,10,12.0,12.0,12.0,12.0,0.0,12.0,12.0,10,100.0,100.0,100.0,100.0,0.0,100.0,100.0,10,4.1723300970874,4.1723300970874,4.1723300970874,4.1723300970874,0.0,4.1723300970874,4.1723300970874,10,100.0,100.0,100.0,100.0,0.0,100.0,100.0,,,,,,,,,,,,,,,,,,,,,,,,,,,,,,,,
phase2,R10_simpleui_vos_bookshelf,warm,real,real_2692,2692,close_book,PASS,1,10,0,0,10,167.993,86.6056,282.5899,176.2099,85.79618238003884,82.318,290.518,10,67230.436523438,61926.7705078125,74231.130273438,67932.1606445314,5470.245165000352,61174.734375,77982.041992188,10,4273.8896484375,-437.718359375,8953.0392578125,4340.91435546875,4549.194009513533,-475.7451171875,9441.0537109375,10,333552.0,333552.0,336560.0,334454.4,1453.002041751261,333552.0,336560.0,10,32.0,31.9,32.0,31.9,0.31622776601683794,31.0,32.0,10,32.0,31.9,32.0,31.9,0.31622776601683794,31.0,32.0,10,22.0,22.0,22.0,22.0,0.0,22.0,22.0,10,10.0,9.9,10.0,9.9,0.31622776601683794,9.0,10.0,10,100.0,100.0,100.0,100.0,0.0,100.0,100.0,10,22.962378640777,22.952791262136202,22.962378640777,22.952791262136202,0.03031795329537709,22.866504854369,22.962378640777,10,100.0,100.0,100.0,100.0,0.0,100.0,100.0,,,,,,,,,,,,,,,,,,,,,,,,,,,,,,,,
phase2,R10_simpleui_vos_bookshelf,warm,real,real_2692,2692,close_bookshelf,PASS,1,10,0,0,10,22.326999999999998,16.9756,96.62119999999999,39.0399,39.73729196569221,16.459,131.75,10,78563.444335937,73695.52578125,83156.215820313,78500.6876953125,3516.4197576487545,73480.794921875,83464.764648438,10,1142.5126953125,-11487.4401367183,1407.8994140625,-1352.8016601562,5376.766364470215,-11629.134765625,1455.703125,10,362208.0,362016.0,362208.0,362169.6,80.95430810031051,362016.0,362208.0,10,5.0,5.0,5.0,5.0,0.0,5.0,5.0,10,5.0,5.0,5.0,5.0,0.0,5.0,5.0,10,4.0,4.0,4.0,4.0,0.0,4.0,4.0,10,1.0,1.0,1.0,1.0,0.0,1.0,1.0,10,100.0,100.0,100.0,100.0,0.0,100.0,100.0,10,4.061286407767,4.061286407767,4.061286407767,4.061286407767,0.0,4.061286407767,4.061286407767,10,100.0,100.0,100.0,100.0,0.0,100.0,100.0,,,,,,,,,,,,,,,,,,,,,,,,,,,,,,,,
phase2,R10_simpleui_vos_bookshelf,warm,real,real_2692,2692,close_quick_settings,PASS,1,10,0,0,10,8.277000000000001,7.3225999999999996,8.686399999999999,8.1854,0.5997079289120661,7.166,9.203,10,77533.603515625,75691.0334960938,79438.85693359331,77547.476171875,1592.3187740410806,75302.999023438,79820.833984375,10,68.9189453125,34.46484375,118.04824218749998,76.97568359375,45.33416174956807,33.568359375,181.798828125,10,362208.0,362208.0,362208.0,362208.0,0.0,362208.0,362208.0,10,3.0,3.0,3.0,3.0,0.0,3.0,3.0,10,3.0,3.0,3.0,3.0,0.0,3.0,3.0,10,3.0,3.0,3.0,3.0,0.0,3.0,3.0,10,0.0,0.0,0.0,0.0,0.0,0.0,0.0,10,100.0,100.0,100.0,100.0,0.0,100.0,100.0,10,3.0,3.0,3.0,3.0,0.0,3.0,3.0,10,100.0,100.0,100.0,100.0,0.0,100.0,100.0,,,,,,,,,,,,,,,,,,,,,,,,,,,,,,,,
phase2,R10_simpleui_vos_bookshelf,warm,real,real_2692,2692,home_to_library,PASS,1,10,0,0,10,32.3465,31.454499999999996,48.123,35.9354,7.105561580746294,31.0,50.418,10,17601.0078125,15025.701953124999,19415.3138671875,17797.429394531202,1896.5935862013434,14854.041015625,21019.083984375,10,1418.0078125,-4727.0685546875,2469.98115234375,440.8384765625,3168.073109424388,-6322.021484375,2523.8818359375,10,182016.0,181982.4,182032.0,182011.2,20.02664891255316,181968.0,182032.0,10,6.0,6.0,6.0,6.0,0.0,6.0,6.0,10,6.0,6.0,6.0,6.0,0.0,6.0,6.0,10,2.0,2.0,2.0,2.0,0.0,2.0,2.0,10,4.0,4.0,4.0,4.0,0.0,4.0,4.0,10,100.0,100.0,100.0,100.0,0.0,100.0,100.0,10,2.3834951456311,2.3834951456311,2.3834951456311,2.3834951456311,0.0,2.3834951456311,2.3834951456311,10,100.0,100.0,100.0,100.0,0.0,100.0,100.0,,,,,,,,,,,,,,,,,,,,,,,,,,,,,,,,
phase2,R10_simpleui_vos_bookshelf,warm,real,real_2692,2692,library_cached_paging,PASS,1,30,0,0,30,16.9875,12.36,51.525600000000004,23.101066666666668,15.251225268885738,9.262,59.648,30,23448.502441406497,22270.4918945317,24981.3205078125,23521.812955729234,1113.1693260667096,21890.928710938,26097.428710938,30,448.662109375,-1935.997265625,708.5787109375001,23.75810546875,1124.5631187542185,-3523.1484375,895.556640625,30,206448.0,203040.0,206896.0,205844.26666666666,1442.9146492628977,203040.0,206896.0,30,4.0,4.0,4.0,4.0,0.0,4.0,4.0,30,4.0,4.0,4.0,4.0,0.0,4.0,4.0,30,1.0,1.0,1.0,1.0,0.0,1.0,1.0,30,3.0,3.0,3.0,3.0,0.0,3.0,3.0,30,100.0,100.0,100.0,100.0,0.0,100.0,100.0,30,1.2930825242718,1.2930825242718,1.2930825242718,1.2930825242718,0.0,1.2930825242718,1.2930825242718,30,100.0,100.0,100.0,100.0,0.0,100.0,100.0,30,8.0,8.0,8.0,8.0,0.0,8.0,8.0,30,8.0,8.0,8.0,8.0,0.0,8.0,8.0,30,64.0,64.0,64.0,64.0,0.0,64.0,64.0,,,,,,,,
phase2,R10_simpleui_vos_bookshelf,warm,real,real_2692,2692,library_first_render,PASS,1,10,0,0,10,97.91550000000001,88.28399999999999,114.55339999999998,101.1343,14.565505362175236,87.933,130.892,10,24701.301757813,19356.203515625002,29142.660253906695,24552.5657226564,4171.198878420321,18294.646484375,31301.439453125,10,5329.6474609375,-9790.55888671875,6524.813671874999,818.867578125,7216.799874479207,-9907.517578125,7484.5458984375,10,196576.0,188187.2,201651.2,195840.0,6018.046933091241,183104.0,202400.0,10,11.0,11.0,11.0,11.0,0.0,11.0,11.0,10,11.0,11.0,11.0,11.0,0.0,11.0,11.0,10,3.0,3.0,3.0,3.0,0.0,3.0,3.0,10,8.0,8.0,8.0,8.0,0.0,8.0,8.0,10,100.0,100.0,100.0,100.0,0.0,100.0,100.0,10,3.7815533980583,3.7815533980583,3.7815533980583,3.7815533980583,0.0,3.7815533980583,3.7815533980583,10,100.0,100.0,100.0,100.0,0.0,100.0,100.0,,,,,,,,,,,,,,,,,,,,,,,,,,,,,,,,
phase2,R10_simpleui_vos_bookshelf,warm,real,real_2692,2692,library_folder_back,PASS,1,10,0,0,10,91.871,53.2088,101.1967,83.24690000000001,21.535162540727562,50.993,102.481,10,24034.781738281003,23890.724414063,31026.397949219197,25867.8849609378,3112.632887617969,23855.522460938,31058.78125,10,-2239.09130859375,-9398.47470703125,4383.4494140625,-2166.35859375,5380.547012769732,-9469.3330078125,4521.28125,10,222888.0,222862.4,223139.2,222952.0,120.50265096208004,222848.0,223168.0,10,13.0,13.0,13.0,13.0,0.0,13.0,13.0,10,13.0,13.0,13.0,13.0,0.0,13.0,13.0,10,3.0,3.0,3.0,3.0,0.0,3.0,3.0,10,10.0,10.0,10.0,10.0,0.0,10.0,10.0,10,100.0,100.0,100.0,100.0,0.0,100.0,100.0,10,3.9769417475728,3.9769417475728,3.9769417475728,3.9769417475728006,0.0,3.9769417475728,3.9769417475728,10,100.0,100.0,100.0,100.0,0.0,100.0,100.0,,,,,,,,,,,,,,,,,,,,,,,,,,,,,,,,
phase2,R10_simpleui_vos_bookshelf,warm,real,real_2692,2692,library_folder_enter,PASS,1,10,0,0,10,39.4165,32.030300000000004,100.7295,57.329600000000006,31.08308398184167,31.898,113.496,10,26460.716308593503,23765.398632812998,33594.0008789058,28588.3759765625,5375.155216089392,23619.124023438,39712.76953125,10,2270.2421875,-7622.7606445312,2619.6871093749996,-696.81777343745,5129.565951252196,-10483.274414062,3630.7158203125,10,222456.0,214979.2,222624.0,219523.2,3951.0231811238186,214000.0,222768.0,10,13.0,13.0,13.0,13.0,0.0,13.0,13.0,10,13.0,13.0,13.0,13.0,0.0,13.0,13.0,10,3.0,3.0,3.0,3.0,0.0,3.0,3.0,10,10.0,10.0,10.0,10.0,0.0,10.0,10.0,10,100.0,100.0,100.0,100.0,0.0,100.0,100.0,10,3.9769417475728,3.9769417475728,3.9769417475728,3.9769417475728006,0.0,3.9769417475728,3.9769417475728,10,100.0,100.0,100.0,100.0,0.0,100.0,100.0,,,,,,,,,,,,,,,,,,,,,,,,,,,,,,,,
phase2,R10_simpleui_vos_bookshelf,warm,real,real_2692,2692,library_sequential_paging,PASS,1,30,0,0,30,18.5245,12.638,52.8372,27.2832,17.181436805961294,11.397,77.031,30,24527.120117188,21981.8117187496,28117.2434570312,24841.484082031067,2318.8497191069573,21656.661132812,30133.421875,30,391.23828125,-2963.93095703125,1608.699121093751,-84.06617838541666,2226.966729677468,-8138.0224609375,2438.27734375,30,202960.0,202777.59999999998,202960.0,202899.2,147.68615371794337,202400.0,202960.0,30,4.0,4.0,4.0,4.0,0.0,4.0,4.0,30,4.0,4.0,4.0,4.0,0.0,4.0,4.0,30,1.0,1.0,1.0,1.0,0.0,1.0,1.0,30,3.0,3.0,3.0,3.0,0.0,3.0,3.0,30,100.0,100.0,100.0,100.0,0.0,100.0,100.0,30,1.2930825242718,1.2930825242718,1.2930825242718,1.2930825242718,0.0,1.2930825242718,1.2930825242718,30,100.0,100.0,100.0,100.0,0.0,100.0,100.0,30,8.0,8.0,8.0,8.0,0.0,8.0,8.0,30,8.0,8.0,8.0,8.0,0.0,8.0,8.0,30,64.0,64.0,64.0,64.0,0.0,64.0,64.0,,,,,,,,
phase2,R10_simpleui_vos_bookshelf,warm,real,real_2692,2692,open_book,PASS,1,10,0,0,10,119.2735,109.5862,140.92059999999998,123.55850000000001,14.278517797726765,109.39,155.281,10,49237.486816406,45049.939453125,53736.276757812,49339.4092773436,3672.0167241792633,43981.646484375,54965.079101562,10,1330.6083984375,1109.1134765625,1781.9464843750002,1374.642578125,302.41601621120395,885.3544921875,1821.068359375,10,333552.0,328544.0,333552.0,332049.6,2419.093824830557,328544.0,333552.0,10,9.0,8.899999999999999,9.0,8.9,0.31622776601683794,8.0,9.0,10,9.0,8.899999999999999,9.0,8.9,0.31622776601683794,8.0,9.0,10,9.0,8.899999999999999,9.0,8.9,0.31622776601683794,8.0,9.0,10,0.0,0.0,0.0,0.0,0.0,0.0,0.0,10,100.0,100.0,100.0,100.0,0.0,100.0,100.0,10,9.0,8.899999999999999,9.0,8.9,0.31622776601683794,8.0,9.0,10,100.0,100.0,100.0,100.0,0.0,100.0,100.0,,,,,,,,,,,,,,,,,,,,,,,,,,,,,,,,
phase2,R10_simpleui_vos_bookshelf,warm,real,real_2692,2692,open_book_minimal,PASS,1,10,0,0,10,143.169,107.87379999999999,164.89529999999996,142.0491,34.00890785743575,97.9,216.63,10,34482.200195312,30046.825976562002,38597.147851563,34381.1583007813,3740.900231734238,28552.200195312,39926.338867188,10,1061.90234375,-149.5126953124999,1253.621484375,297.20849609375,2458.570446445642,-6660.494140625,1557.69140625,10,328544.0,300384.0,328544.0,321388.8,11565.177587145916,300384.0,328544.0,10,0.0,0.0,0.0,0.0,0.0,0.0,0.0,10,0.0,0.0,0.0,0.0,0.0,0.0,0.0,10,0.0,0.0,0.0,0.0,0.0,0.0,0.0,10,0.0,0.0,0.0,0.0,0.0,0.0,0.0,10,0.0,0.0,0.0,0.0,0.0,0.0,0.0,10,0.0,0.0,0.0,0.0,0.0,0.0,0.0,10,0.0,0.0,0.0,0.0,0.0,0.0,0.0,,,,,,,,,,,,,,,,,,,,,,,,,,,,,,,,
phase2,R10_simpleui_vos_bookshelf,warm,real,real_2692,2692,open_bookshelf,PASS,1,10,0,0,10,23.627000000000002,21.1669,26.0905,23.8217,2.2300666183372693,20.374,28.039,10,80365.691894531,74712.0621093746,91405.0848632812,81598.7658203124,6511.620445569703,74563.971679688,93867.278320312,10,1504.9287109375,1431.75966796875,1674.72412109375,1530.739453125,103.38716241400701,1419.6474609375,1718.8583984375,10,336560.0,336560.0,336560.0,336560.0,0.0,336560.0,336560.0,10,1.0,1.0,1.0,1.0,0.0,1.0,1.0,10,1.0,1.0,1.0,1.0,0.0,1.0,1.0,10,1.0,1.0,1.0,1.0,0.0,1.0,1.0,10,0.0,0.0,0.0,0.0,0.0,0.0,0.0,10,100.0,100.0,100.0,100.0,0.0,100.0,100.0,10,1.0,1.0,1.0,1.0,0.0,1.0,1.0,10,100.0,100.0,100.0,100.0,0.0,100.0,100.0,,,,,,,,,,,,,,,,,10,64.0,64.0,64.0,64.0,0.0,64.0,64.0,,,,,,,,
phase2,R10_simpleui_vos_bookshelf,warm,real,real_2692,2692,open_quick_settings,PASS,1,10,0,0,10,12.1685,10.6694,31.005299999999956,25.9837,42.424093809610916,10.394,146.568,10,88679.7602539065,83800.72939453169,92215.6458007817,87532.2969726563,5506.520413440424,73853.337890625,93048.798828125,10,932.69970703125,-1129.5475585937993,1043.898828125,-1052.0132812500499,6387.407220347136,-19228.413085938,1240.6982421875,10,362208.0,362208.0,362208.0,362208.0,0.0,362208.0,362208.0,10,8.0,8.0,8.0,8.0,0.0,8.0,8.0,10,8.0,8.0,8.0,8.0,0.0,8.0,8.0,10,4.0,4.0,4.0,4.0,0.0,4.0,4.0,10,4.0,4.0,4.0,4.0,0.0,4.0,4.0,10,100.0,100.0,100.0,100.0,0.0,100.0,100.0,10,4.3834951456311,4.3834951456311,4.3834951456311,4.3834951456311,0.0,4.3834951456311,4.3834951456311,10,100.0,100.0,100.0,100.0,0.0,100.0,100.0,,,,,,,,,,,,,,,,,,,,,,,,,,,,,,,,
phase2,R10_simpleui_vos_bookshelf,warm,real,real_2692,2692,repeated_nav,PASS,1,1,0,0,1,1495.27,1495.27,1495.27,1495.27,0.0,1495.27,1495.27,1,73478.591796875,73478.591796875,73478.591796875,73478.591796875,0.0,73478.591796875,73478.591796875,1,-7571.57421875,-7571.57421875,-7571.57421875,-7571.57421875,0.0,-7571.57421875,-7571.57421875,1,362208.0,362208.0,362208.0,362208.0,0.0,362208.0,362208.0,1,120.0,120.0,120.0,120.0,0.0,120.0,120.0,1,120.0,120.0,120.0,120.0,0.0,120.0,120.0,1,30.0,30.0,30.0,30.0,0.0,30.0,30.0,1,90.0,90.0,90.0,90.0,0.0,90.0,90.0,1,100.0,100.0,100.0,100.0,0.0,100.0,100.0,1,38.628640776699,38.628640776699,38.628640776699,38.628640776699,0.0,38.628640776699,38.628640776699,1,100.0,100.0,100.0,100.0,0.0,100.0,100.0,,,,,,,,,,,,,,,,,,,,,,,,,,,,,,,,
phase2,R10_simpleui_vos_bookshelf,warm,real,real_2692,2692,start_to_home,PASS,1,10,0,0,10,9.8205,8.2022,17.3704,11.5571,4.262122591959186,7.34,18.265,10,15572.138183593499,14375.65390625,17778.2916992188,16003.7145507813,1628.731751389087,14166.189453125,18899.342773438,10,-1060.22119140625,-4921.3974609375,418.29560546875,-1830.67080078125,2523.006962689065,-5980.224609375,439.544921875,10,181968.0,181961.6,181968.0,181961.6,20.23857702507763,181904.0,181968.0,10,4.0,4.0,4.0,4.0,0.0,4.0,4.0,10,4.0,4.0,4.0,4.0,0.0,4.0,4.0,10,3.0,3.0,3.0,3.0,0.0,3.0,3.0,10,1.0,1.0,1.0,1.0,0.0,1.0,1.0,10,100.0,100.0,100.0,100.0,0.0,100.0,100.0,10,3.061286407767,3.061286407767,3.061286407767,3.061286407767,0.0,3.061286407767,3.061286407767,10,100.0,100.0,100.0,100.0,0.0,100.0,100.0,,,,,,,,,,,,,,,,,,,,,,,,,,,,,,,,
phase2,R11_project_title_vos,paging,paging,real_2692,2692,library_cached_paging,PASS,3,90,0,0,90,8.478000000000002,7.8969,9.837800000000003,8.678766666666668,1.0439859877874937,7.335,13.583,90,21528.212890625,14955.421386718699,26702.487304687504,20907.7235134549,4263.669392633672,13249.130859375,28159.458984375,90,572.62548828125,510.81572265625,625.7341796875,59.99321831597222,2701.4937889262324,-14740.147460938,668.9111328125,90,199824.0,196208.0,202752.0,199871.2888888889,2377.435088703528,195904.0,207632.0,90,3.0,3.0,3.0,3.0,0.0,3.0,3.0,90,3.0,3.0,3.0,3.0,0.0,3.0,3.0,90,1.0,1.0,1.0,1.0,0.0,1.0,1.0,90,2.0,2.0,2.0,2.0,0.0,2.0,2.0,90,100.0,100.0,100.0,100.0,0.0,100.0,100.0,90,1.1917475728155,1.1917475728155,1.1917475728155,1.1917475728155,0.0,1.1917475728155,1.1917475728155,90,100.0,100.0,100.0,100.0,0.0,100.0,100.0,90,14.0,14.0,14.0,14.0,0.0,14.0,14.0,90,14.0,14.0,14.0,14.0,0.0,14.0,14.0,90,37.0,37.0,37.0,37.0,0.0,37.0,37.0,,,,,,,,
phase2,R11_project_title_vos,paging,paging,real_2692,2692,library_sequential_paging,PASS,3,90,0,0,90,8.719,7.8766,9.9511,8.880066666666666,1.049552133483076,7.09,13.787,90,16945.040527343503,13256.450390625,22673.7859375,17395.200162760324,3479.014536719115,12008.3359375,24369.998046875,90,599.83349609375,556.17421875,652.1650390625,210.56643880207776,1958.9675398530396,-11413.20703125,700.623046875,90,182064.0,175968.0,186912.0,181564.8,4009.849052049805,175456.0,187216.0,90,3.0,3.0,3.0,3.0,0.0,3.0,3.0,90,3.0,3.0,3.0,3.0,0.0,3.0,3.0,90,1.0,1.0,1.0,1.0,0.0,1.0,1.0,90,2.0,2.0,2.0,2.0,0.0,2.0,2.0,90,100.0,100.0,100.0,100.0,0.0,100.0,100.0,90,1.1917475728155,1.1917475728155,1.1917475728155,1.1917475728155,0.0,1.1917475728155,1.1917475728155,90,100.0,100.0,100.0,100.0,0.0,100.0,100.0,90,14.0,14.0,14.0,14.0,0.0,14.0,14.0,90,14.0,14.0,14.0,14.0,0.0,14.0,14.0,90,37.0,37.0,37.0,37.0,0.0,37.0,37.0,,,,,,,,
phase2,R11_project_title_vos,paging,paging,real_2692,2692,paging_probe_step_2_to_3,PASS,3,3,0,0,3,7.179,6.975000000000001,7.958200000000001,7.418666666666667,0.6486064548964444,6.924,8.153,3,19010.193359375,18838.751953124603,19107.6519531246,18979.36718749967,170.1696023401819,18795.891601562,19132.016601562,3,557.013671875,556.516015625,568.268359375,561.4957682291666,8.30777177688885,556.3916015625,571.08203125,3,196208.0,195939.2,197884.8,196794.66666666666,1317.8730338440548,195872.0,198304.0,3,3.0,3.0000000000000004,3.0,3.0,0.0,3.0,3.0,3,3.0,3.0000000000000004,3.0,3.0,0.0,3.0,3.0,3,1.0,1.0,1.0,1.0,0.0,1.0,1.0,3,2.0,2.0,2.0,2.0,0.0,2.0,2.0,3,100.0,100.0,100.0,100.0,0.0,100.0,100.0,3,1.1917475728155,1.1917475728155,1.1917475728155,1.1917475728155,0.0,1.1917475728155,1.1917475728155,3,100.0,100.0,100.0,100.0,0.0,100.0,100.0,3,14.0,14.000000000000002,14.0,14.0,0.0,14.0,14.0,3,14.0,14.000000000000002,14.0,14.0,0.0,14.0,14.0,3,37.0,37.0,37.0,37.0,0.0,37.0,37.0,,,,,,,,
phase2,R11_project_title_vos,real_first_run,startup,real_2692,2692,home_to_library,PASS,1,1,0,0,1,40.517,40.517,40.517,40.517,0.0,40.517,40.517,1,14078.533203125,14078.533203125,14078.533203125,14078.533203125,0.0,14078.533203125,14078.533203125,1,3724.9267578125,3724.9267578125,3724.9267578125,3724.9267578125,0.0,3724.9267578125,3724.9267578125,1,174160.0,174160.0,174160.0,174160.0,0.0,174160.0,174160.0,1,3.0,3.0,3.0,3.0,0.0,3.0,3.0,1,3.0,3.0,3.0,3.0,0.0,3.0,3.0,1,2.0,2.0,2.0,2.0,0.0,2.0,2.0,1,1.0,1.0,1.0,1.0,0.0,1.0,1.0,1,100.0,100.0,100.0,100.0,0.0,100.0,100.0,1,2.0976941747573,2.0976941747573,2.0976941747573,2.0976941747573,0.0,2.0976941747573,2.0976941747573,1,100.0,100.0,100.0,100.0,0.0,100.0,100.0,,,,,,,,,,,,,,,,,,,,,,,,,,,,,,,,
phase2,R11_project_title_vos,real_first_run,startup,real_2692,2692,library_first_render,PASS,1,1,0,0,1,39.879,39.879,39.879,39.879,0.0,39.879,39.879,1,17050.252929688,17050.252929688,17050.252929688,17050.252929688,0.0,17050.252929688,17050.252929688,1,2961.3134765625,2961.3134765625,2961.3134765625,2961.3134765625,0.0,2961.3134765625,2961.3134765625,1,175824.0,175824.0,175824.0,175824.0,0.0,175824.0,175824.0,1,3.0,3.0,3.0,3.0,0.0,3.0,3.0,1,3.0,3.0,3.0,3.0,0.0,3.0,3.0,1,2.0,2.0,2.0,2.0,0.0,2.0,2.0,1,1.0,1.0,1.0,1.0,0.0,1.0,1.0,1,100.0,100.0,100.0,100.0,0.0,100.0,100.0,1,2.0976941747573,2.0976941747573,2.0976941747573,2.0976941747573,0.0,2.0976941747573,2.0976941747573,1,100.0,100.0,100.0,100.0,0.0,100.0,100.0,,,,,,,,,,,,,,,,,,,,,,,,,,,,,,,,
phase2,R11_project_title_vos,real_steady_cold,startup,real_2692,2692,home_to_library,PASS,3,3,0,0,3,40.071,39.946200000000005,41.236599999999996,40.504666666666665,0.8896585487327896,39.915,41.528,3,14082.09375,14056.717968750401,14132.0757812496,14092.346354166666,47.92826026373527,14050.374023438,14144.571289062,3,3751.4755859375,3744.9138671875003,3783.2435546875,3761.9781901041665,25.62461857085396,3743.2734375,3791.185546875,3,175312.0,173481.6,175875.2,174784.0,1564.3222174475436,173024.0,176016.0,3,3.0,3.0000000000000004,3.0,3.0,0.0,3.0,3.0,3,3.0,3.0000000000000004,3.0,3.0,0.0,3.0,3.0,3,2.0,2.0,2.0,2.0,0.0,2.0,2.0,3,1.0,1.0,1.0,1.0,0.0,1.0,1.0,3,100.0,100.0,100.0,100.0,0.0,100.0,100.0,3,2.0976941747573,2.0976941747573,2.0976941747573,2.0976941747573,0.0,2.0976941747573,2.0976941747573,3,100.0,100.0,100.0,100.0,0.0,100.0,100.0,,,,,,,,,,,,,,,,,,,,,,,,,,,,,,,,
phase2,R11_project_title_vos,real_steady_cold,startup,real_2692,2692,library_first_render,PASS,3,3,0,0,3,39.729,38.598600000000005,40.8898,39.74166666666667,1.4320420152123083,38.316,41.18,3,17073.76953125,17022.11328125,17141.746875000397,17080.56998697933,75.00257665896423,17009.19921875,17158.741210938,3,2949.9736328125,2924.9033203125,3043.7470703125,2978.5999348958335,78.3053170147491,2918.6357421875,3067.1904296875,3,175344.0,173500.8,175984.0,174842.66666666666,1611.5847273206996,173040.0,176144.0,3,3.0,3.0000000000000004,3.0,3.0,0.0,3.0,3.0,3,3.0,3.0000000000000004,3.0,3.0,0.0,3.0,3.0,3,2.0,2.0,2.0,2.0,0.0,2.0,2.0,3,1.0,1.0,1.0,1.0,0.0,1.0,1.0,3,100.0,100.0,100.0,100.0,0.0,100.0,100.0,3,2.0976941747573,2.0976941747573,2.0976941747573,2.0976941747573,0.0,2.0976941747573,2.0976941747573,3,100.0,100.0,100.0,100.0,0.0,100.0,100.0,,,,,,,,,,,,,,,,,,,,,,,,,,,,,,,,
phase2,R11_project_title_vos,warm,real,real_2692,2692,change_sort_mode,PASS,1,10,0,0,10,34.335,32.890800000000006,37.14609999999999,34.9929,2.3590744630516043,32.628,40.288,10,22565.698242187,16646.7699218754,28417.630566406202,22545.0599609374,4570.5172582501755,16105.586914062,28875.766601562,10,3049.9833984375,-597.3885742187498,3098.41884765625,1235.8662109375,4974.486412201003,-12771.53125,3127.755859375,10,188240.0,188240.0,188240.0,188240.0,0.0,188240.0,188240.0,10,6.0,6.0,6.0,6.0,0.0,6.0,6.0,10,6.0,6.0,6.0,6.0,0.0,6.0,6.0,10,2.0,2.0,2.0,2.0,0.0,2.0,2.0,10,4.0,4.0,4.0,4.0,0.0,4.0,4.0,10,100.0,100.0,100.0,100.0,0.0,100.0,100.0,10,2.3907766990291,2.3907766990291,2.3907766990291,2.3907766990291,0.0,2.3907766990291,2.3907766990291,10,100.0,100.0,100.0,100.0,0.0,100.0,100.0,,,,,,,,,,,,,,,,,,,,,,,,,,,,,,,,
phase2,R11_project_title_vos,warm,real,real_2692,2692,close_book,PASS,1,10,0,0,10,40.3505,35.9312,42.3039,40.0527,3.8365885902857895,33.368,48.288,10,18333.923339843503,18063.884960937998,18736.0442382812,18388.2923828126,459.6008434659546,17744.272460938,19504.254882812,10,3136.8349609375,2418.5096679687504,3338.275390625,3084.082421875,478.35687849493,2393.873046875,4102.818359375,10,318960.0,318960.0,318960.0,318960.0,0.0,318960.0,318960.0,10,8.0,8.0,8.0,8.0,0.0,8.0,8.0,10,8.0,8.0,8.0,8.0,0.0,8.0,8.0,10,4.0,4.0,4.0,4.0,0.0,4.0,4.0,10,4.0,4.0,4.0,4.0,0.0,4.0,4.0,10,100.0,100.0,100.0,100.0,0.0,100.0,100.0,10,4.3834951456311,4.3834951456311,4.3834951456311,4.3834951456311,0.0,4.3834951456311,4.3834951456311,10,100.0,100.0,100.0,100.0,0.0,100.0,100.0,,,,,,,,,,,,,,,,,,,,,,,,,,,,,,,,
phase2,R11_project_title_vos,warm,real,real_2692,2692,close_quick_settings,PASS,1,10,0,0,10,9.129999999999999,8.3155,11.742600000000001,9.630199999999999,1.5054801965559768,7.744,12.09,10,26225.607910156003,19188.8354492192,33165.7722656246,26157.9549804687,6685.673579353613,18671.55078125,33190.186523438,10,166.06201171875,-994.8900390624999,250.98652343749998,-610.88115234375,2360.0978703401643,-7313.0517578125,270.3681640625,10,318960.0,318960.0,318960.0,318960.0,0.0,318960.0,318960.0,10,3.0,3.0,3.0,3.0,0.0,3.0,3.0,10,3.0,3.0,3.0,3.0,0.0,3.0,3.0,10,3.0,3.0,3.0,3.0,0.0,3.0,3.0,10,0.0,0.0,0.0,0.0,0.0,0.0,0.0,10,100.0,100.0,100.0,100.0,0.0,100.0,100.0,10,3.0,3.0,3.0,3.0,0.0,3.0,3.0,10,100.0,100.0,100.0,100.0,0.0,100.0,100.0,,,,,,,,,,,,,,,,,,,,,,,,,,,,,,,,
phase2,R11_project_title_vos,warm,real,real_2692,2692,home_to_library,PASS,1,10,0,0,10,41.428,38.932300000000005,47.1728,42.3039,3.52463644933772,37.693,49.151,10,20471.896484375,15322.686035156301,24421.6341796875,20300.581347656298,3818.858395930364,14795.241210938,26502.6328125,10,2910.7275390625,-11152.912011718701,2995.81884765625,-612.37949218745,6030.155763729803,-11455.641601562,3009.1826171875,10,183264.0,183264.0,183264.0,183264.0,0.0,183264.0,183264.0,10,3.0,3.0,3.0,3.0,0.0,3.0,3.0,10,3.0,3.0,3.0,3.0,0.0,3.0,3.0,10,2.0,2.0,2.0,2.0,0.0,2.0,2.0,10,1.0,1.0,1.0,1.0,0.0,1.0,1.0,10,100.0,100.0,100.0,100.0,0.0,100.0,100.0,10,2.0976941747573,2.0976941747573,2.0976941747573,2.0976941747573,0.0,2.0976941747573,2.0976941747573,10,100.0,100.0,100.0,100.0,0.0,100.0,100.0,,,,,,,,,,,,,,,,,,,,,,,,,,,,,,,,
phase2,R11_project_title_vos,warm,real,real_2692,2692,library_cached_paging,PASS,1,30,0,0,30,9.1415,8.3231,10.228900000000001,9.327533333333333,1.2733542382589198,8.099,13.543,30,20534.963378906497,14727.0363281254,26471.269824218798,20721.976367187566,4437.711087120997,13097.118164062,28190.516601562,30,574.9814453125,528.45390625,615.3561523437501,43.89137369791667,2335.7280563580634,-11788.0234375,649.70703125,30,184768.0,183616.0,185024.0,184356.8,694.2287409979409,183616.0,185024.0,30,3.0,3.0,3.0,3.0,0.0,3.0,3.0,30,3.0,3.0,3.0,3.0,0.0,3.0,3.0,30,1.0,1.0,1.0,1.0,0.0,1.0,1.0,30,2.0,2.0,2.0,2.0,0.0,2.0,2.0,30,100.0,100.0,100.0,100.0,0.0,100.0,100.0,30,1.1953883495146,1.1953883495146,1.1953883495146,1.1953883495146,0.0,1.1953883495146,1.1953883495146,30,100.0,100.0,100.0,100.0,0.0,100.0,100.0,30,14.0,14.0,14.0,14.0,0.0,14.0,14.0,30,14.0,14.0,14.0,14.0,0.0,14.0,14.0,30,37.0,37.0,37.0,37.0,0.0,37.0,37.0,,,,,,,,
phase2,R11_project_title_vos,warm,real,real_2692,2692,library_first_render,PASS,1,10,0,0,10,40.032,38.2549,47.191,41.271300000000004,3.537720045767078,37.633,48.046,10,19445.974121093997,13128.988085936999,24920.204687500398,19200.0868164061,4453.239652897143,12700.458007812,25207.172851562,10,2975.1982421875,-12051.442773437499,3536.93798828125,69.05498046875,6426.343207861288,-12194.822265625,3577.75,10,183536.0,183264.0,183616.0,183507.2,132.97017209384467,183264.0,183616.0,10,3.0,3.0,3.0,3.0,0.0,3.0,3.0,10,3.0,3.0,3.0,3.0,0.0,3.0,3.0,10,2.0,2.0,2.0,2.0,0.0,2.0,2.0,10,1.0,1.0,1.0,1.0,0.0,1.0,1.0,10,100.0,100.0,100.0,100.0,0.0,100.0,100.0,10,2.0976941747573,2.0976941747573,2.0976941747573,2.0976941747573,0.0,2.0976941747573,2.0976941747573,10,100.0,100.0,100.0,100.0,0.0,100.0,100.0,,,,,,,,,,,,,,,,,,,,,,,,,,,,,,,,
phase2,R11_project_title_vos,warm,real,real_2692,2692,library_folder_back,PASS,1,10,0,0,10,48.31,45.9749,55.89469999999999,49.7939,4.104686304159619,45.38,57.926,10,22222.907714843997,14446.64140625,27857.6231445308,21916.1314453124,5378.714352204598,13969.173828125,30203.43359375,10,3438.48876953125,-12835.2625976558,3647.7303710937504,69.06865234380003,7278.091480067053,-14791.77734375,3669.67578125,10,188216.0,188107.2,188240.0,188121.6,324.16840616499866,187200.0,188240.0,10,9.0,9.0,9.0,9.0,0.0,9.0,9.0,10,9.0,9.0,9.0,9.0,0.0,9.0,9.0,10,3.0,3.0,3.0,3.0,0.0,3.0,3.0,10,6.0,6.0,6.0,6.0,0.0,6.0,6.0,10,100.0,100.0,100.0,100.0,0.0,100.0,100.0,10,3.5861650485437,3.5861650485437,3.5861650485437,3.5861650485436996,0.0,3.5861650485437,3.5861650485437,10,100.0,100.0,100.0,100.0,0.0,100.0,100.0,,,,,,,,,,,,,,,,,,,,,,,,,,,,,,,,
phase2,R11_project_title_vos,warm,real,real_2692,2692,library_folder_enter,PASS,1,10,0,0,10,22.7925,14.0367,31.7202,23.4827,6.865915493702691,12.738,32.505,10,20595.6357421875,14476.8092773433,25288.177246093703,20292.3369140624,4539.593148208708,14226.212890625,25915.325195312,10,1562.73828125,-13997.2458007808,3099.6900390624996,-2594.1509765624,7580.864318762718,-15053.92578125,3157.158203125,10,186832.0,185728.0,186848.0,186395.2,574.271480515386,185728.0,186848.0,10,6.0,6.0,6.0,6.0,0.0,6.0,6.0,10,6.0,6.0,6.0,6.0,0.0,6.0,6.0,10,1.0,1.0,1.0,1.0,0.0,1.0,1.0,10,5.0,5.0,5.0,5.0,0.0,5.0,5.0,10,100.0,100.0,100.0,100.0,0.0,100.0,100.0,10,1.4884708737864,1.4884708737864,1.4884708737864,1.4884708737864,0.0,1.4884708737864,1.4884708737864,10,100.0,100.0,100.0,100.0,0.0,100.0,100.0,,,,,,,,,,,,,,,,,,,,,,,,,,,,,,,,
phase2,R11_project_title_vos,warm,real,real_2692,2692,library_sequential_paging,PASS,1,30,0,0,30,9.195,8.1968,11.497599999999998,9.404633333333333,1.128195766924228,7.778,11.759,30,16701.82421875,13340.3957031246,22783.591601562002,17404.667643229033,3664.440712199468,11579.05078125,24491.705078125,30,613.984375,553.00341796875,666.7155273437501,219.9130859375,1863.4815077235749,-9501.3759765625,705.8720703125,30,183616.0,183616.0,183616.0,183616.0,0.0,183616.0,183616.0,30,3.0,3.0,3.0,3.0,0.0,3.0,3.0,30,3.0,3.0,3.0,3.0,0.0,3.0,3.0,30,1.0,1.0,1.0,1.0,0.0,1.0,1.0,30,2.0,2.0,2.0,2.0,0.0,2.0,2.0,30,100.0,100.0,100.0,100.0,0.0,100.0,100.0,30,1.1953883495146,1.1953883495146,1.1953883495146,1.1953883495146,0.0,1.1953883495146,1.1953883495146,30,100.0,100.0,100.0,100.0,0.0,100.0,100.0,30,14.0,14.0,14.0,14.0,0.0,14.0,14.0,30,14.0,14.0,14.0,14.0,0.0,14.0,14.0,30,37.0,37.0,37.0,37.0,0.0,37.0,37.0,,,,,,,,
phase2,R11_project_title_vos,warm,real,real_2692,2692,open_book,PASS,1,10,0,0,10,59.2455,53.2361,66.44179999999999,61.0894,8.698669160024167,51.644,82.613,10,15749.125976563,15549.174902344199,15825.7375000004,15721.8770507815,131.50413424445665,15439.91015625,15861.809570312,10,-3029.09130859375,-3322.93359375,-2686.0261718750003,-3058.448828125,513.0998978152459,-4263.9169921875,-2217.2421875,10,318960.0,318960.0,318960.0,318960.0,0.0,318960.0,318960.0,10,9.0,8.899999999999999,9.0,8.9,0.31622776601683794,8.0,9.0,10,9.0,8.899999999999999,9.0,8.9,0.31622776601683794,8.0,9.0,10,9.0,8.899999999999999,9.0,8.9,0.31622776601683794,8.0,9.0,10,0.0,0.0,0.0,0.0,0.0,0.0,0.0,10,100.0,100.0,100.0,100.0,0.0,100.0,100.0,10,9.0,8.899999999999999,9.0,8.9,0.31622776601683794,8.0,9.0,10,100.0,100.0,100.0,100.0,0.0,100.0,100.0,,,,,,,,,,,,,,,,,,,,,,,,,,,,,,,,
phase2,R11_project_title_vos,warm,real,real_2692,2692,open_book_minimal,PASS,1,10,0,0,10,107.1365,60.2299,121.69569999999996,100.5298,34.66369013439471,57.835,175.621,10,15312.2421875,14953.0758789062,15359.427539061999,15210.645214843598,191.32953023953124,14928.446289062,15410.129882812,10,-2911.7431640625,-3322.4250976562503,-2696.2228515625,-3062.76455078125,511.8970387490188,-4432.626953125,-2691.390625,10,308088.0,270848.0,311008.0,299835.2,15928.685603861564,270848.0,311008.0,10,0.0,0.0,0.0,0.0,0.0,0.0,0.0,10,0.0,0.0,0.0,0.0,0.0,0.0,0.0,10,0.0,0.0,0.0,0.0,0.0,0.0,0.0,10,0.0,0.0,0.0,0.0,0.0,0.0,0.0,10,0.0,0.0,0.0,0.0,0.0,0.0,0.0,10,0.0,0.0,0.0,0.0,0.0,0.0,0.0,10,0.0,0.0,0.0,0.0,0.0,0.0,0.0,,,,,,,,,,,,,,,,,,,,,,,,,,,,,,,,
phase2,R11_project_title_vos,warm,real,real_2692,2692,open_quick_settings,PASS,1,10,0,0,10,8.7935,8.1707,8.9836,8.6772,0.5093921868266138,7.583,9.52,10,26890.244628906497,24753.684179687,28937.785449218798,26856.4261718751,1751.9825681046982,24284.907226562,29448.749023438,10,420.0361328125,398.65751953125005,459.8048828125,428.93017578125,27.112325611709547,391.857421875,466.380859375,10,318960.0,318960.0,318960.0,318960.0,0.0,318960.0,318960.0,10,3.0,3.0,3.0,3.0,0.0,3.0,3.0,10,3.0,3.0,3.0,3.0,0.0,3.0,3.0,10,3.0,3.0,3.0,3.0,0.0,3.0,3.0,10,0.0,0.0,0.0,0.0,0.0,0.0,0.0,10,100.0,100.0,100.0,100.0,0.0,100.0,100.0,10,3.0,3.0,3.0,3.0,0.0,3.0,3.0,10,100.0,100.0,100.0,100.0,0.0,100.0,100.0,,,,,,,,,,,,,,,,,,,,,,,,,,,,,,,,
phase2,R11_project_title_vos,warm,real,real_2692,2692,repeated_nav,PASS,1,1,0,0,1,353.463,353.463,353.463,353.463,0.0,353.463,353.463,1,37148.799804688,37148.799804688,37148.799804688,37148.799804688,0.0,37148.799804688,37148.799804688,1,15252.1171875,15252.1171875,15252.1171875,15252.1171875,0.0,15252.1171875,15252.1171875,1,318960.0,318960.0,318960.0,318960.0,0.0,318960.0,318960.0,1,90.0,90.0,90.0,90.0,0.0,90.0,90.0,1,90.0,90.0,90.0,90.0,0.0,90.0,90.0,1,30.0,30.0,30.0,30.0,0.0,30.0,30.0,1,60.0,60.0,60.0,60.0,0.0,60.0,60.0,1,100.0,100.0,100.0,100.0,0.0,100.0,100.0,1,35.861650485437,35.861650485437,35.861650485437,35.861650485437,0.0,35.861650485437,35.861650485437,1,100.0,100.0,100.0,100.0,0.0,100.0,100.0,,,,,,,,,,,,,,,,,,,,,,,,,,,,,,,,
phase2,R11_project_title_vos,warm,real,real_2692,2692,start_to_home,UNSUPPORTED,1,0,0,10,,,,,,,,,,,,,,,,,,,,,,,,,,,,,,,,,,,,,,,,,,,,,,,,,,,,,,,,,,,,,,,,,,,,,,,,,,,,,,,,,,,,,,,,,,,,,,,,,,,,,,,,,,,,,,,,,,,,,,,,
phase2,R1_bookshelf,paging,paging,real_2692,2692,bookshelf_cached_paging,PASS,3,90,0,0,90,170.12,161.9404,178.7707,170.7808111111111,6.796249778650556,158.338,189.915,90,26836.0380859375,19136.7752929688,35046.8015624996,26978.00349392362,5939.439365844336,17348.294921875,37022.162109375,90,1448.3076171875,-4154.73447265625,2060.9753906250003,-35.79568142359446,4626.456470572188,-18990.262695312,2277.2724609375,90,227552.0,222336.0,227680.0,225857.77777777778,2500.9935004690165,222336.0,227680.0,90,0.0,0.0,0.0,0.0,0.0,0.0,0.0,90,8.0,8.0,8.0,8.0,0.0,8.0,8.0,90,0.0,0.0,0.0,0.0,0.0,0.0,0.0,90,8.0,8.0,8.0,8.0,0.0,8.0,8.0,90,64.563106796117,64.563106796117,64.563106796117,64.563106796117,0.0,64.563106796117,64.563106796117,90,1.2102970748107,1.2102970748107,1.2102970748107,1.2102970748107,0.0,1.2102970748107,1.2102970748107,90,64.563106796117,64.563106796117,64.563106796117,64.563106796117,0.0,64.563106796117,64.563106796117,90,8.0,8.0,8.0,8.0,0.0,8.0,8.0,90,8.0,8.0,8.0,8.0,0.0,8.0,8.0,90,64.0,64.0,64.0,64.0,0.0,64.0,64.0,,,,,,,,
phase2,R1_bookshelf,paging,paging,real_2692,2692,bookshelf_cached_paging_anim_off,PASS,3,90,0,0,90,12.992,8.511199999999999,18.90740000000001,13.756,4.828023156065598,7.998,26.189,90,25037.2783203125,18622.8532226562,34476.9948242183,25957.36073133685,5922.277917896519,17015.021484375,36890.684570312,90,832.689453125,-1994.660449218749,1029.97998046875,-261.66118706596666,3563.866048582283,-17401.336914062,1089.02734375,90,231360.0,227584.0,233344.0,230771.2,2207.330561275672,227584.0,233680.0,90,1.0,1.0,1.0,1.0,0.0,1.0,1.0,90,1.0,1.0,1.0,1.0,0.0,1.0,1.0,90,0.0,0.0,0.0,0.0,0.0,0.0,0.0,90,1.0,1.0,1.0,1.0,0.0,1.0,1.0,90,64.563106796117,64.563106796117,64.563106796117,64.563106796117,0.0,64.563106796117,64.563106796117,90,0.64563106796117,0.64563106796117,0.64563106796117,0.64563106796117,0.0,0.64563106796117,0.64563106796117,90,64.563106796117,64.563106796117,64.563106796117,64.563106796117,0.0,64.563106796117,64.563106796117,90,8.0,8.0,8.0,8.0,0.0,8.0,8.0,90,8.0,8.0,8.0,8.0,0.0,8.0,8.0,90,64.0,64.0,64.0,64.0,0.0,64.0,64.0,,,,,,,,
phase2,R1_bookshelf,paging,paging,real_2692,2692,bookshelf_sequential_paging,PASS,3,90,0,0,90,171.2255,166.7021,175.6231,171.3144888888889,3.9099673731919697,162.69,184.039,90,24790.193847656497,18594.0567382813,32205.6027343754,25304.6583767361,5041.323997029003,16657.314453125,35672.275390625,90,1641.447265625,526.9133789062527,1897.1546875,472.95405815971674,3899.722763346452,-17036.557617188,2219.5166015625,90,217736.0,207433.6,222857.59999999998,216006.93333333332,5898.45337336431,201728.0,222976.0,90,0.0,0.0,0.0,0.0,0.0,0.0,0.0,90,8.0,8.0,8.0,8.0,0.0,8.0,8.0,90,0.0,0.0,0.0,0.0,0.0,0.0,0.0,90,8.0,8.0,8.0,8.0,0.0,8.0,8.0,90,64.563106796117,64.563106796117,64.563106796117,64.563106796117,0.0,64.563106796117,64.563106796117,90,1.2102970748107,1.2102970748107,1.2102970748107,1.2102970748107,0.0,1.2102970748107,1.2102970748107,90,64.563106796117,64.563106796117,64.563106796117,64.563106796117,0.0,64.563106796117,64.563106796117,90,8.0,8.0,8.0,8.0,0.0,8.0,8.0,90,8.0,8.0,8.0,8.0,0.0,8.0,8.0,90,64.0,64.0,64.0,64.0,0.0,64.0,64.0,,,,,,,,
phase2,R1_bookshelf,paging,paging,real_2692,2692,bookshelf_sequential_paging_anim_off,PASS,3,90,0,0,90,29.0765,21.5101,35.3186,28.697055555555558,6.2259562567918545,9.186,46.843,90,27561.542480468997,20007.696289062,34555.4821289062,27513.125184461802,5431.480014397059,17563.734375,36045.875976562,90,1570.98583984375,-868.4546874999999,1830.0173828124998,249.25486111110553,4370.825489007344,-17995.440429688,2097.06640625,90,230992.0,227584.0,231344.0,229978.13333333333,1708.1851016716641,227584.0,231360.0,90,1.0,1.0,1.0,1.0,0.0,1.0,1.0,90,1.0,1.0,1.0,1.0,0.0,1.0,1.0,90,0.0,0.0,0.0,0.0,0.0,0.0,0.0,90,1.0,1.0,1.0,1.0,0.0,1.0,1.0,90,64.563106796117,64.563106796117,64.563106796117,64.563106796117,0.0,64.563106796117,64.563106796117,90,0.64563106796117,0.64563106796117,0.64563106796117,0.64563106796117,0.0,0.64563106796117,0.64563106796117,90,64.563106796117,64.563106796117,64.563106796117,64.563106796117,0.0,64.563106796117,64.563106796117,90,8.0,8.0,8.0,8.0,0.0,8.0,8.0,90,8.0,8.0,8.0,8.0,0.0,8.0,8.0,90,64.0,64.0,64.0,64.0,0.0,64.0,64.0,,,,,,,,
phase2,R1_bookshelf,paging,paging,real_2692,2692,close_bookshelf,PASS,3,3,0,0,3,8.359,8.232600000000001,9.287,8.693,0.7196860426602699,8.201,9.519,3,22608.581054688,20204.468554688,23513.373242187197,21983.864257812664,2137.6617900617753,19603.440429688,23739.571289062,3,174.666015625,169.06523437500002,211.295703125,187.5947265625,28.670702452421626,167.6650390625,220.453125,3,236384.0,232544.0,236524.8,234842.66666666666,2823.4598161357517,231584.0,236560.0,3,1.0,1.0,1.0,1.0,0.0,1.0,1.0,3,1.0,1.0,1.0,1.0,0.0,1.0,1.0,3,1.0,1.0,1.0,1.0,0.0,1.0,1.0,3,0.0,0.0,0.0,0.0,0.0,0.0,0.0,3,100.0,100.0,100.0,100.0,0.0,100.0,100.0,3,1.0,1.0,1.0,1.0,0.0,1.0,1.0,3,100.0,100.0,100.0,100.0,0.0,100.0,100.0,,,,,,,,,,,,,,,,,,,,,,,,,,,,,,,,
phase2,R1_bookshelf,paging,paging,real_2692,2692,library_cached_paging,PASS,3,90,0,0,90,16.9315,12.6493,25.05120000000001,17.66218888888889,4.728805272053265,8.734,31.828,90,11648.815917969001,9937.4888671875,13138.1188476558,11666.113823784668,1210.9644899082052,9805.5478515625,15044.272460938,90,665.271484375,-2747.79560546875,951.7149414062501,109.04632161458333,1446.823241854959,-4024.748046875,1249.1923828125,90,196880.0,193520.0,197184.0,195694.57777777777,1827.0121305955581,191584.0,197184.0,90,1.0,1.0,1.0,1.0,0.0,1.0,1.0,90,1.0,1.0,1.0,1.0,0.0,1.0,1.0,90,1.0,1.0,1.0,1.0,0.0,1.0,1.0,90,0.0,0.0,0.0,0.0,0.0,0.0,0.0,90,100.0,100.0,100.0,100.0,0.0,100.0,100.0,90,1.0,1.0,1.0,1.0,0.0,1.0,1.0,90,100.0,100.0,100.0,100.0,0.0,100.0,100.0,90,10.0,10.0,10.0,10.0,0.0,10.0,10.0,90,10.0,10.0,10.0,10.0,0.0,10.0,10.0,90,51.0,51.0,51.0,51.0,0.0,51.0,51.0,,,,,,,,
phase2,R1_bookshelf,paging,paging,real_2692,2692,library_sequential_paging,PASS,3,90,0,0,90,14.708,10.497300000000001,22.069600000000023,15.530355555555555,4.673153503782281,9.027,30.565,90,11318.178222656501,10151.469335937001,15791.2706054688,12205.126909722145,2197.4511703192165,9641.0673828125,17696.56640625,90,474.1796875,-1024.73583984375,530.3546875000001,34.35077039930555,1482.0285633375356,-7686.8466796875,579.15625,90,179576.0,175764.80000000002,180576.0,178680.0,1855.6470024637792,175168.0,180576.0,90,1.0,1.0,1.0,1.0,0.0,1.0,1.0,90,1.0,1.0,1.0,1.0,0.0,1.0,1.0,90,1.0,1.0,1.0,1.0,0.0,1.0,1.0,90,0.0,0.0,0.0,0.0,0.0,0.0,0.0,90,100.0,100.0,100.0,100.0,0.0,100.0,100.0,90,1.0,1.0,1.0,1.0,0.0,1.0,1.0,90,100.0,100.0,100.0,100.0,0.0,100.0,100.0,90,10.0,10.0,10.0,10.0,0.0,10.0,10.0,90,10.0,10.0,10.0,10.0,0.0,10.0,10.0,90,51.0,51.0,51.0,51.0,0.0,51.0,51.0,,,,,,,,
phase2,R1_bookshelf,paging,paging,real_2692,2692,open_bookshelf,PASS,3,3,0,0,3,149.157,145.31220000000002,152.10420000000002,148.78300000000002,4.257338605279129,144.351,152.841,3,13840.234375,13780.665625000001,13985.134375000001,13875.7890625,131.45016057181317,13765.7734375,14021.359375,3,-316.7177734375,-1043.0146484375,843.4486328125001,-135.93880208333334,1189.38851502331,-1224.5888671875,1133.490234375,3,200800.0,196217.6,207596.80000000002,201722.66666666666,7156.747119560208,195072.0,209296.0,3,1.0,1.0,1.0,1.0,0.0,1.0,1.0,3,1.0,1.0,1.0,1.0,0.0,1.0,1.0,3,1.0,1.0,1.0,1.0,0.0,1.0,1.0,3,0.0,0.0,0.0,0.0,0.0,0.0,0.0,3,100.0,100.0,100.0,100.0,0.0,100.0,100.0,3,1.0,1.0,1.0,1.0,0.0,1.0,1.0,3,100.0,100.0,100.0,100.0,0.0,100.0,100.0,,,,,,,,,,,,,,,,,3,64.0,64.0,64.0,64.0,0.0,64.0,64.0,,,,,,,,
phase2,R1_bookshelf,paging,paging,real_2692,2692,paging_probe_step_2_to_3,PASS,3,3,0,0,3,25.103,12.8062,25.142999999999997,19.996,8.888919900640348,9.732,25.153,3,9739.3251953125,9703.015820312501,10518.765039062499,10048.962890625,576.0614362104455,9693.9384765625,10713.625,3,-1932.9072265625,-1966.5369140625003,-103.61972656249992,-1184.7164713541667,1332.4753907417667,-1974.9443359375,353.7021484375,3,191424.0,191398.40000000002,191846.4,191589.33333333334,314.4858237398521,191392.0,191952.0,3,1.0,1.0,1.0,1.0,0.0,1.0,1.0,3,1.0,1.0,1.0,1.0,0.0,1.0,1.0,3,1.0,1.0,1.0,1.0,0.0,1.0,1.0,3,0.0,0.0,0.0,0.0,0.0,0.0,0.0,3,100.0,100.0,100.0,100.0,0.0,100.0,100.0,3,1.0,1.0,1.0,1.0,0.0,1.0,1.0,3,100.0,100.0,100.0,100.0,0.0,100.0,100.0,3,10.0,10.0,10.0,10.0,0.0,10.0,10.0,3,10.0,10.0,10.0,10.0,0.0,10.0,10.0,3,51.0,51.00000000000001,51.0,51.0,0.0,51.0,51.0,,,,,,,,
phase2,R1_bookshelf,real_first_run,startup,real_2692,2692,home_to_library,PASS,1,1,0,0,1,37.023,37.023,37.023,37.023,0.0,37.023,37.023,1,12717.057617188,12717.057617188,12717.057617188,12717.057617188,0.0,12717.057617188,12717.057617188,1,3271.833984375,3271.833984375,3271.833984375,3271.833984375,0.0,3271.833984375,3271.833984375,1,167904.0,167904.0,167904.0,167904.0,0.0,167904.0,167904.0,1,3.0,3.0,3.0,3.0,0.0,3.0,3.0,1,3.0,3.0,3.0,3.0,0.0,3.0,3.0,1,3.0,3.0,3.0,3.0,0.0,3.0,3.0,1,0.0,0.0,0.0,0.0,0.0,0.0,0.0,1,100.0,100.0,100.0,100.0,0.0,100.0,100.0,1,3.0,3.0,3.0,3.0,0.0,3.0,3.0,1,100.0,100.0,100.0,100.0,0.0,100.0,100.0,,,,,,,,,,,,,,,,,,,,,,,,,,,,,,,,
phase2,R1_bookshelf,real_first_run,startup,real_2692,2692,library_first_render,PASS,1,1,0,0,1,39.979,39.979,39.979,39.979,0.0,39.979,39.979,1,15313.64453125,15313.64453125,15313.64453125,15313.64453125,0.0,15313.64453125,15313.64453125,1,2587.6884765625,2587.6884765625,2587.6884765625,2587.6884765625,0.0,2587.6884765625,2587.6884765625,1,176352.0,176352.0,176352.0,176352.0,0.0,176352.0,176352.0,1,1.0,1.0,1.0,1.0,0.0,1.0,1.0,1,1.0,1.0,1.0,1.0,0.0,1.0,1.0,1,1.0,1.0,1.0,1.0,0.0,1.0,1.0,1,0.0,0.0,0.0,0.0,0.0,0.0,0.0,1,100.0,100.0,100.0,100.0,0.0,100.0,100.0,1,1.0,1.0,1.0,1.0,0.0,1.0,1.0,1,100.0,100.0,100.0,100.0,0.0,100.0,100.0,,,,,,,,,,,,,,,,,,,,,,,,,,,,,,,,
phase2,R1_bookshelf,real_steady_cold,startup,real_2692,2692,home_to_library,PASS,3,3,0,0,3,30.771,29.713400000000004,31.611,30.680333333333333,1.1885963710752836,29.449,31.821,3,12632.0390625,12494.214062500001,12649.8242187496,12582.022460937333,106.46615651601984,12459.7578125,12654.270507812,3,3292.7021484375,3285.7396484375,3308.0248046875,3296.185546875,14.251173104971356,3283.9990234375,3311.85546875,3,164736.0,163993.6,172377.59999999998,167610.66666666666,5801.325825475874,163808.0,174288.0,3,1.0,1.0,1.0,1.0,0.0,1.0,1.0,3,1.0,1.0,1.0,1.0,0.0,1.0,1.0,3,1.0,1.0,1.0,1.0,0.0,1.0,1.0,3,0.0,0.0,0.0,0.0,0.0,0.0,0.0,3,100.0,100.0,100.0,100.0,0.0,100.0,100.0,3,1.0,1.0,1.0,1.0,0.0,1.0,1.0,3,100.0,100.0,100.0,100.0,0.0,100.0,100.0,,,,,,,,,,,,,,,,,,,,,,,,,,,,,,,,
phase2,R1_bookshelf,real_steady_cold,startup,real_2692,2692,library_first_render,PASS,3,3,0,0,3,30.457,29.5066,30.7202,30.170666666666666,0.7980052213697201,29.269,30.786,3,15233.317382812,15099.2689453128,15308.3541015624,15208.729166666666,132.4017868324982,15065.756835938,15327.11328125,3,2598.1357421875,2594.8435546875003,2652.0951171875,2619.2470703125,40.18250700455538,2594.0205078125,2665.5849609375,3,173984.0,173267.2,174227.19999999998,173786.66666666666,623.8632328750696,173088.0,174288.0,3,1.0,1.0,1.0,1.0,0.0,1.0,1.0,3,1.0,1.0,1.0,1.0,0.0,1.0,1.0,3,1.0,1.0,1.0,1.0,0.0,1.0,1.0,3,0.0,0.0,0.0,0.0,0.0,0.0,0.0,3,100.0,100.0,100.0,100.0,0.0,100.0,100.0,3,1.0,1.0,1.0,1.0,0.0,1.0,1.0,3,100.0,100.0,100.0,100.0,0.0,100.0,100.0,,,,,,,,,,,,,,,,,,,,,,,,,,,,,,,,
phase2,R1_bookshelf,warm,real,real_2692,2692,bookshelf_cached_paging,PASS,1,30,0,0,30,160.8965,159.0126,164.9776,161.66906666666668,2.779292144231783,158.43,169.25,30,29058.520996093503,21400.7930664062,39757.126953125,30264.99837239587,7023.29946011968,19299.989257812,41752.763671875,30,733.3486328125,643.85537109375,833.862109375,-47.789615885416666,3094.2749212768604,-13944.162109375,927.98046875,30,317008.0,317008.0,317008.0,317008.0,0.0,317008.0,317008.0,30,0.0,0.0,0.0,0.0,0.0,0.0,0.0,30,8.0,8.0,8.0,8.0,0.0,8.0,8.0,30,0.0,0.0,0.0,0.0,0.0,0.0,0.0,30,8.0,8.0,8.0,8.0,0.0,8.0,8.0,30,64.563106796117,64.563106796117,64.563106796117,64.563106796117,0.0,64.563106796117,64.563106796117,30,1.2102970748107,1.2102970748107,1.2102970748107,1.2102970748107,0.0,1.2102970748107,1.2102970748107,30,64.563106796117,64.563106796117,64.563106796117,64.563106796117,0.0,64.563106796117,64.563106796117,30,8.0,8.0,8.0,8.0,0.0,8.0,8.0,30,8.0,8.0,8.0,8.0,0.0,8.0,8.0,30,64.0,64.0,64.0,64.0,0.0,64.0,64.0,,,,,,,,
phase2,R1_bookshelf,warm,real,real_2692,2692,bookshelf_cached_paging_anim_off,PASS,1,30,0,0,30,9.4725,8.1787,14.7962,10.452166666666667,2.8680632066729745,7.937,19.908,30,31242.534667968997,23060.5135742192,39339.962890625,31477.0264648438,6470.111265873198,20682.696289062,43952.2109375,30,717.58203125,639.10732421875,808.8441406250001,-91.87451171875,3262.9221133326528,-15094.26171875,957.8984375,30,317008.0,317008.0,317008.0,317008.0,0.0,317008.0,317008.0,30,1.0,1.0,1.0,1.0,0.0,1.0,1.0,30,1.0,1.0,1.0,1.0,0.0,1.0,1.0,30,0.0,0.0,0.0,0.0,0.0,0.0,0.0,30,1.0,1.0,1.0,1.0,0.0,1.0,1.0,30,64.563106796117,64.563106796117,64.563106796117,64.563106796117,0.0,64.563106796117,64.563106796117,30,0.64563106796117,0.64563106796117,0.64563106796117,0.64563106796117,0.0,0.64563106796117,0.64563106796117,30,64.563106796117,64.563106796117,64.563106796117,64.563106796117,0.0,64.563106796117,64.563106796117,30,8.0,8.0,8.0,8.0,0.0,8.0,8.0,30,8.0,8.0,8.0,8.0,0.0,8.0,8.0,30,64.0,64.0,64.0,64.0,0.0,64.0,64.0,,,,,,,,
phase2,R1_bookshelf,warm,real,real_2692,2692,bookshelf_first_render,PASS,1,10,0,0,10,20.2965,16.473,36.95479999999999,24.2683,10.010092907216752,14.799,45.674,10,21185.207519531003,18783.134570312002,34583.682617188,23469.4512695312,6365.876581999204,18251.860351562,36091.288085938,10,1261.89208984375,-5191.75048828125,1678.38388671875,-1108.49384765625,6099.494470087607,-17842.916015625,1731.6201171875,10,316280.0,316256.0,316820.8,316456.0,292.9209222071149,316256.0,317008.0,10,1.0,1.0,1.0,1.0,0.0,1.0,1.0,10,1.0,1.0,1.0,1.0,0.0,1.0,1.0,10,1.0,1.0,1.0,1.0,0.0,1.0,1.0,10,0.0,0.0,0.0,0.0,0.0,0.0,0.0,10,100.0,100.0,100.0,100.0,0.0,100.0,100.0,10,1.0,1.0,1.0,1.0,0.0,1.0,1.0,10,100.0,100.0,100.0,100.0,0.0,100.0,100.0,,,,,,,,,,,,,,,,,10,64.0,64.0,64.0,64.0,0.0,64.0,64.0,,,,,,,,
phase2,R1_bookshelf,warm,real,real_2692,2692,bookshelf_sequential_paging,PASS,1,30,0,0,30,177.3315,173.66320000000002,189.7156,181.2652,16.544651750485034,173.388,264.315,30,28808.9599609375,22697.5780273442,41579.0724609375,30759.790917968767,7407.6127451526245,20380.595703125,45012.2109375,30,1242.8125,506.6541015625019,1401.38349609375,209.44075520831666,3632.2741983419137,-15585.627929688,1921.23046875,30,317008.0,317008.0,317008.0,317008.0,0.0,317008.0,317008.0,30,0.0,0.0,0.0,0.3,1.6431676725154984,0.0,9.0,30,8.0,8.0,8.0,8.3,1.6431676725154984,8.0,17.0,30,0.0,0.0,0.0,0.3,1.6431676725154984,0.0,9.0,30,8.0,8.0,8.0,8.0,0.0,8.0,8.0,30,64.563106796117,64.563106796117,64.563106796117,65.74433656957976,6.469861925222746,64.563106796117,100.0,30,1.2102970748107,1.2102970748107,1.2102970748107,1.5102970748107098,1.6431676725155533,1.2102970748107,10.210297074811,30,64.563106796117,64.563106796117,64.563106796117,65.74433656957976,6.469861925222746,64.563106796117,100.0,30,8.0,8.0,8.0,8.0,0.0,8.0,8.0,30,8.0,8.0,8.0,8.0,0.0,8.0,8.0,30,64.0,64.0,64.0,64.0,0.0,64.0,64.0,,,,,,,,
phase2,R1_bookshelf,warm,real,real_2692,2692,bookshelf_sequential_paging_anim_off,PASS,1,30,0,0,30,24.6785,20.1042,33.48730000000001,25.730233333333334,6.980422681023487,9.193,44.314,30,33126.2299804685,23379.493847656202,39009.093359374594,32145.487630208267,5983.442303957242,20582.020507812,40525.486328125,30,989.15283203125,817.3122070312501,1237.3329101562501,324.42503255208334,3545.407420627199,-18326.7734375,1541.134765625,30,317008.0,317008.0,317008.0,317008.0,0.0,317008.0,317008.0,30,1.0,1.0,1.0,1.0,0.0,1.0,1.0,30,1.0,1.0,1.0,1.0,0.0,1.0,1.0,30,0.0,0.0,0.0,0.0,0.0,0.0,0.0,30,1.0,1.0,1.0,1.0,0.0,1.0,1.0,30,64.563106796117,64.563106796117,64.563106796117,64.563106796117,0.0,64.563106796117,64.563106796117,30,0.64563106796117,0.64563106796117,0.64563106796117,0.64563106796117,0.0,0.64563106796117,0.64563106796117,30,64.563106796117,64.563106796117,64.563106796117,64.563106796117,0.0,64.563106796117,64.563106796117,30,8.0,8.0,8.0,8.0,0.0,8.0,8.0,30,8.0,8.0,8.0,8.0,0.0,8.0,8.0,30,64.0,64.0,64.0,64.0,0.0,64.0,64.0,,,,,,,,
phase2,R1_bookshelf,warm,real,real_2692,2692,change_sort_mode,PASS,1,10,0,0,10,69.2645,58.077,83.6013,70.3737,12.581369100998332,57.528,87.024,10,21128.170410156003,16494.4024414062,26123.1531250004,20838.2197265624,3945.1228310284278,16476.754882812,27362.778320312,10,4590.79248046875,-9569.78935546875,4821.705957031249,-127.04453125,6506.692038532712,-10892.1328125,4833.2451171875,10,219152.0,219152.0,219152.0,219152.0,0.0,219152.0,219152.0,10,2.0,2.0,6.0,3.1,1.7919573407620817,2.0,6.0,10,2.0,2.0,6.0,3.1,1.7919573407620817,2.0,6.0,10,2.0,2.0,6.0,3.1,1.7919573407620817,2.0,6.0,10,0.0,0.0,0.0,0.0,0.0,0.0,0.0,10,100.0,100.0,100.0,100.0,0.0,100.0,100.0,10,2.0,2.0,6.0,3.1,1.7919573407620817,2.0,6.0,10,100.0,100.0,100.0,100.0,0.0,100.0,100.0,,,,,,,,,,,,,,,,,,,,,,,,,,,,,,,,
phase2,R1_bookshelf,warm,real,real_2692,2692,close_book,PASS,1,10,0,0,10,39.539,27.6121,52.86349999999999,41.0058,13.187150478148542,26.128,66.854,10,17060.841308593503,15715.15234375,19196.497070312,17316.145605468602,1612.6660032795928,15653.083984375,19718.708007812,10,942.42724609375,-857.66650390625,2476.93603515625,819.1611328125,1665.0229466474525,-1000.5283203125,2580.923828125,10,315520.0,315520.0,315520.0,315520.0,0.0,315520.0,315520.0,10,4.0,4.0,4.0,4.0,0.0,4.0,4.0,10,4.0,4.0,4.0,4.0,0.0,4.0,4.0,10,3.0,3.0,3.0,3.0,0.0,3.0,3.0,10,1.0,1.0,1.0,1.0,0.0,1.0,1.0,10,100.0,100.0,100.0,100.0,0.0,100.0,100.0,10,3.0983009708738,3.0983009708738,3.0983009708738,3.0983009708738,0.0,3.0983009708738,3.0983009708738,10,100.0,100.0,100.0,100.0,0.0,100.0,100.0,,,,,,,,,,,,,,,,,,,,,,,,,,,,,,,,
phase2,R1_bookshelf,warm,real,real_2692,2692,close_bookshelf,PASS,1,10,0,0,10,7.542,6.9224000000000006,8.3568,7.6027000000000005,0.5361821933302564,6.791,8.4,10,26502.087890625,22250.689062500398,41694.428808594195,29716.8232421875,8348.520843468179,21280.961914062,42692.19921875,10,59.17138671875,-124.61328124999996,100.91845703125,-89.43759765625,500.07663543599574,-1510.0947265625,113.9658203125,10,317008.0,317008.0,317008.0,317008.0,0.0,317008.0,317008.0,10,1.0,1.0,1.0,1.0,0.0,1.0,1.0,10,1.0,1.0,1.0,1.0,0.0,1.0,1.0,10,1.0,1.0,1.0,1.0,0.0,1.0,1.0,10,0.0,0.0,0.0,0.0,0.0,0.0,0.0,10,100.0,100.0,100.0,100.0,0.0,100.0,100.0,10,1.0,1.0,1.0,1.0,0.0,1.0,1.0,10,100.0,100.0,100.0,100.0,0.0,100.0,100.0,,,,,,,,,,,,,,,,,,,,,,,,,,,,,,,,
phase2,R1_bookshelf,warm,real,real_2692,2692,close_quick_settings,PASS,1,10,0,0,10,8.3185,7.7895,8.6301,8.242,0.40841237330260527,7.533,8.892,10,38055.0576171875,37143.3182617183,38972.9803710942,38053.3696289064,771.1298121790336,36900.712890625,39214.51171875,10,21.81494140625,18.822949218749997,45.95166015625,28.3310546875,12.057099340674977,18.2314453125,51.220703125,10,317008.0,317008.0,317008.0,317008.0,0.0,317008.0,317008.0,10,3.0,3.0,3.0,3.0,0.0,3.0,3.0,10,3.0,3.0,3.0,3.0,0.0,3.0,3.0,10,3.0,3.0,3.0,3.0,0.0,3.0,3.0,10,0.0,0.0,0.0,0.0,0.0,0.0,0.0,10,100.0,100.0,100.0,100.0,0.0,100.0,100.0,10,3.0,3.0,3.0,3.0,0.0,3.0,3.0,10,100.0,100.0,100.0,100.0,0.0,100.0,100.0,,,,,,,,,,,,,,,,,,,,,,,,,,,,,,,,
phase2,R1_bookshelf,warm,real,real_2692,2692,home_to_library,PASS,1,10,0,0,10,31.3945,30.3802,47.488499999999995,35.0105,7.574704603701279,30.373,51.255,10,15248.701171875,9349.0951171875,20497.590136718703,15124.6162109375,4115.054063572086,9326.9150390625,20521.129882812,10,2602.99365234375,-11176.329101562,3288.2156250000003,-8.192675781149955,5903.490817451483,-11221.645507812,3323.6162109375,10,185776.0,185744.0,185776.0,185766.4,15.457468529268734,185744.0,185776.0,10,1.0,1.0,1.0,1.0,0.0,1.0,1.0,10,1.0,1.0,1.0,1.0,0.0,1.0,1.0,10,1.0,1.0,1.0,1.0,0.0,1.0,1.0,10,0.0,0.0,0.0,0.0,0.0,0.0,0.0,10,100.0,100.0,100.0,100.0,0.0,100.0,100.0,10,1.0,1.0,1.0,1.0,0.0,1.0,1.0,10,100.0,100.0,100.0,100.0,0.0,100.0,100.0,,,,,,,,,,,,,,,,,,,,,,,,,,,,,,,,
phase2,R1_bookshelf,warm,real,real_2692,2692,library_cached_paging,PASS,1,30,0,0,30,15.732,13.8546,26.968700000000005,18.3897,5.99496783316555,12.922,36.323,30,11246.09375,9949.000390624999,12577.6475585937,11297.0158854167,973.7942486949617,9855.96875,13044.479492188,30,489.30712890625,-2575.33291015625,918.0291015625002,-4.016959635416667,1347.5035020743198,-3028.9345703125,1098.3486328125,30,188608.0,185936.0,188608.0,188161.6,1012.3767051367037,185936.0,188624.0,30,1.0,1.0,1.0,1.0,0.0,1.0,1.0,30,1.0,1.0,1.0,1.0,0.0,1.0,1.0,30,1.0,1.0,1.0,1.0,0.0,1.0,1.0,30,0.0,0.0,0.0,0.0,0.0,0.0,0.0,30,100.0,100.0,100.0,100.0,0.0,100.0,100.0,30,1.0,1.0,1.0,1.0,0.0,1.0,1.0,30,100.0,100.0,100.0,100.0,0.0,100.0,100.0,30,10.0,10.0,10.0,10.0,0.0,10.0,10.0,30,10.0,10.0,10.0,10.0,0.0,10.0,10.0,30,51.0,51.0,51.0,51.0,0.0,51.0,51.0,,,,,,,,
phase2,R1_bookshelf,warm,real,real_2692,2692,library_first_render,PASS,1,10,0,0,10,31.572000000000003,31.0703,47.5523,34.8802,6.934775808280403,30.857,48.518,10,15346.558105469001,9426.682226562501,20583.7541992192,15223.683496093701,4133.552494543594,9407.9228515625,20695.87890625,10,2641.72607421875,-11177.2907226563,3269.4484375,-4.812597656300023,5916.7890926582895,-11269.784179688,3352.4453125,10,185792.0,185776.0,185792.0,185787.2,7.728734264634367,185776.0,185792.0,10,1.0,1.0,1.0,1.0,0.0,1.0,1.0,10,1.0,1.0,1.0,1.0,0.0,1.0,1.0,10,1.0,1.0,1.0,1.0,0.0,1.0,1.0,10,0.0,0.0,0.0,0.0,0.0,0.0,0.0,10,100.0,100.0,100.0,100.0,0.0,100.0,100.0,10,1.0,1.0,1.0,1.0,0.0,1.0,1.0,10,100.0,100.0,100.0,100.0,0.0,100.0,100.0,,,,,,,,,,,,,,,,,,,,,,,,,,,,,,,,
phase2,R1_bookshelf,warm,real,real_2692,2692,library_folder_back,PASS,1,10,0,0,10,85.8215,45.531,118.765,85.3751,26.225434823002566,45.171,118.828,10,27857.695800781003,23469.646679687998,35436.0124023437,28492.239355468795,5783.772676295465,17861.936523438,37790.625976562,10,4968.46240234375,4034.4217773437504,5515.28388671875,4414.31396484375,2150.413601961547,-1640.2197265625,5532.560546875,10,215552.0,205120.0,219152.0,212569.6,7157.210927915054,201520.0,219152.0,10,7.0,3.0,10.499999999999998,7.5,3.6590830666833583,3.0,15.0,10,7.0,3.0,10.499999999999998,7.5,3.6590830666833583,3.0,15.0,10,6.0,2.0,9.499999999999998,6.5,3.6590830666833583,2.0,14.0,10,1.0,1.0,1.0,1.0,0.0,1.0,1.0,10,100.0,100.0,100.0,100.0,0.0,100.0,100.0,10,6.0983009708738,2.0983009708738,9.598300970873819,6.59830097087382,3.6590830666834036,2.0983009708738,14.098300970874,10,100.0,100.0,100.0,100.0,0.0,100.0,100.0,,,,,,,,,,,,,,,,,,,,,,,,,,,,,,,,
phase2,R1_bookshelf,warm,real,real_2692,2692,library_folder_enter,PASS,1,10,0,0,10,25.1,18.514000000000003,45.8457,28.765800000000002,11.357702093489001,17.272,52.737,10,18607.30859375,14773.5708007808,22987.397460936998,18744.559472656,3423.9698072922038,14497.34375,24281.797851562,10,1667.04541015625,253.73515625000016,2685.0318359375,1145.4337890625,2393.3749961143894,-5395.3486328125,2819.7119140625,10,194488.0,188716.8,195216.0,193110.4,3271.8528627607257,188688.0,198096.0,10,2.0,2.0,2.299999999999999,2.3,0.9486832980505138,2.0,5.0,10,2.0,2.0,2.299999999999999,2.3,0.9486832980505138,2.0,5.0,10,1.0,1.0,1.299999999999999,1.3,0.9486832980505138,1.0,4.0,10,1.0,1.0,1.0,1.0,0.0,1.0,1.0,10,100.0,100.0,100.0,100.0,0.0,100.0,100.0,10,1.0983009708738,1.0983009708738,1.398300970873799,1.3983009708738001,0.9486832980505138,1.0983009708738,4.0983009708738,10,100.0,100.0,100.0,100.0,0.0,100.0,100.0,,,,,,,,,,,,,,,,,,,,,,,,,,,,,,,,
phase2,R1_bookshelf,warm,real,real_2692,2692,library_sequential_paging,PASS,1,30,0,0,30,16.9795,14.9409,29.491500000000002,18.9241,5.643538816112238,13.547,33.013,30,10774.495605469001,9794.458789062499,11766.2838867192,10827.663248697949,777.4794738282551,9597.1220703125,12433.783203125,30,477.40283203125,-1864.4882812499998,528.8298828125,60.78125,1001.0118391739067,-2839.4111328125,629.0908203125,30,185920.0,185881.6,185936.0,185910.4,35.305172034898696,185808.0,185936.0,30,1.0,1.0,1.0,1.0,0.0,1.0,1.0,30,1.0,1.0,1.0,1.0,0.0,1.0,1.0,30,1.0,1.0,1.0,1.0,0.0,1.0,1.0,30,0.0,0.0,0.0,0.0,0.0,0.0,0.0,30,100.0,100.0,100.0,100.0,0.0,100.0,100.0,30,1.0,1.0,1.0,1.0,0.0,1.0,1.0,30,100.0,100.0,100.0,100.0,0.0,100.0,100.0,30,10.0,10.0,10.0,10.0,0.0,10.0,10.0,30,10.0,10.0,10.0,10.0,0.0,10.0,10.0,30,51.0,51.0,51.0,51.0,0.0,51.0,51.0,,,,,,,,
phase2,R1_bookshelf,warm,real,real_2692,2692,open_book,PASS,1,10,0,0,10,68.24549999999999,48.164300000000004,74.2713,64.8601,11.222479429450715,47.528,76.551,10,15891.7583007815,14716.9265625,16933.8932617183,15835.6059570313,1018.8141325600969,14169.322265625,17043.876953125,10,-2040.3134765625,-3621.2392578125,992.93681640625,-1502.9376953125,2018.1196349699126,-3875.4541015625,1066.8642578125,10,315520.0,315520.0,315520.0,315520.0,0.0,315520.0,315520.0,10,9.0,8.899999999999999,9.0,8.9,0.31622776601683794,8.0,9.0,10,9.0,8.899999999999999,9.0,8.9,0.31622776601683794,8.0,9.0,10,9.0,8.899999999999999,9.0,8.9,0.31622776601683794,8.0,9.0,10,0.0,0.0,0.0,0.0,0.0,0.0,0.0,10,100.0,100.0,100.0,100.0,0.0,100.0,100.0,10,9.0,8.899999999999999,9.0,8.9,0.31622776601683794,8.0,9.0,10,100.0,100.0,100.0,100.0,0.0,100.0,100.0,,,,,,,,,,,,,,,,,,,,,,,,,,,,,,,,
phase2,R1_bookshelf,warm,real,real_2692,2692,open_book_minimal,PASS,1,10,0,0,10,117.541,61.4248,139.49579999999997,114.5703,40.765969642583016,58.795,201.477,10,18126.299804688,17342.850390625,19551.6073242183,18310.371289062597,917.8105024500304,17090.470703125,19843.236328125,10,-2063.46044921875,-3497.29296875,944.76376953125,-1777.4947265625,1902.8773088610938,-5098.5546875,954.0986328125,10,313232.0,277124.8,315126.39999999997,304804.8,15353.191176067889,276016.0,315328.0,10,0.0,0.0,0.0,0.0,0.0,0.0,0.0,10,0.0,0.0,0.0,0.0,0.0,0.0,0.0,10,0.0,0.0,0.0,0.0,0.0,0.0,0.0,10,0.0,0.0,0.0,0.0,0.0,0.0,0.0,10,0.0,0.0,0.0,0.0,0.0,0.0,0.0,10,0.0,0.0,0.0,0.0,0.0,0.0,0.0,10,0.0,0.0,0.0,0.0,0.0,0.0,0.0,,,,,,,,,,,,,,,,,,,,,,,,,,,,,,,,
phase2,R1_bookshelf,warm,real,real_2692,2692,open_bookshelf,PASS,1,10,0,0,10,16.8105,15.7145,19.5325,17.6334,2.2925898601072694,15.647,23.452,10,25821.228027343997,20666.740527343703,30672.9589843754,25729.237500000097,4212.064616181059,19303.875976562,31894.208007812,10,1352.57080078125,1307.38076171875,1446.60400390625,1385.4251953125,113.5502010777239,1299.7861328125,1684.5810546875,10,315840.0,315520.0,316097.6,315835.2,261.17546251939945,315520.0,316256.0,10,1.0,1.0,1.0,1.0,0.0,1.0,1.0,10,1.0,1.0,1.0,1.0,0.0,1.0,1.0,10,1.0,1.0,1.0,1.0,0.0,1.0,1.0,10,0.0,0.0,0.0,0.0,0.0,0.0,0.0,10,100.0,100.0,100.0,100.0,0.0,100.0,100.0,10,1.0,1.0,1.0,1.0,0.0,1.0,1.0,10,100.0,100.0,100.0,100.0,0.0,100.0,100.0,,,,,,,,,,,,,,,,,10,64.0,64.0,64.0,64.0,0.0,64.0,64.0,,,,,,,,
phase2,R1_bookshelf,warm,real,real_2692,2692,open_quick_settings,PASS,1,10,0,0,10,8.3215,7.949,8.8993,8.394,0.4250338548607367,7.787,9.199,10,34896.232910156,33923.7527343754,35829.175585937504,34884.8086914062,806.9588688930411,33663.313476562,36088.697265625,10,233.22998046875,224.367578125,254.33369140624998,237.3986328125,15.534454020674348,220.01171875,272.4541015625,10,317008.0,317008.0,317008.0,317008.0,0.0,317008.0,317008.0,10,2.0,2.0,2.0,2.0,0.0,2.0,2.0,10,2.0,2.0,2.0,2.0,0.0,2.0,2.0,10,2.0,2.0,2.0,2.0,0.0,2.0,2.0,10,0.0,0.0,0.0,0.0,0.0,0.0,0.0,10,100.0,100.0,100.0,100.0,0.0,100.0,100.0,10,2.0,2.0,2.0,2.0,0.0,2.0,2.0,10,100.0,100.0,100.0,100.0,0.0,100.0,100.0,,,,,,,,,,,,,,,,,,,,,,,,,,,,,,,,
phase2,R1_bookshelf,warm,real,real_2692,2692,repeated_nav,PASS,1,1,0,0,1,562.804,562.804,562.804,562.804,0.0,562.804,562.804,1,20186.171875,20186.171875,20186.171875,20186.171875,0.0,20186.171875,20186.171875,1,-20112.572265625,-20112.572265625,-20112.572265625,-20112.572265625,0.0,-20112.572265625,-20112.572265625,1,317008.0,317008.0,317008.0,317008.0,0.0,317008.0,317008.0,1,30.0,30.0,30.0,30.0,0.0,30.0,30.0,1,30.0,30.0,30.0,30.0,0.0,30.0,30.0,1,30.0,30.0,30.0,30.0,0.0,30.0,30.0,1,0.0,0.0,0.0,0.0,0.0,0.0,0.0,1,100.0,100.0,100.0,100.0,0.0,100.0,100.0,1,30.0,30.0,30.0,30.0,0.0,30.0,30.0,1,100.0,100.0,100.0,100.0,0.0,100.0,100.0,,,,,,,,,,,,,,,,,,,,,,,,,,,,,,,,
phase2,R1_bookshelf,warm,real,real_2692,2692,start_to_home,UNSUPPORTED,1,0,0,10,,,,,,,,,,,,,,,,,,,,,,,,,,,,,,,,,,,,,,,,,,,,,,,,,,,,,,,,,,,,,,,,,,,,,,,,,,,,,,,,,,,,,,,,,,,,,,,,,,,,,,,,,,,,,,,,,,,,,,,,
phase2,R2_simpleui,paging,paging,real_2692,2692,library_cached_paging,PASS,3,90,0,0,90,28.6345,8.1751,46.607200000000006,24.961122222222226,14.95034060701604,4.602,61.168,90,17712.614257812,14744.664257813,20074.9696289067,17636.632530382023,2010.153691852076,13870.924804688,22430.483398438,90,527.91552734375,-4259.87509765625,2140.33017578125,47.841145833333336,2339.122661604307,-7334.259765625,2310.5986328125,90,200784.0,198526.4,201440.0,200300.97777777776,970.6077440238416,198320.0,201472.0,90,2.0,2.0,2.0,2.0,0.0,2.0,2.0,90,2.0,2.0,2.0,2.0,0.0,2.0,2.0,90,1.0,1.0,1.0,1.0,0.0,1.0,1.0,90,1.0,1.0,1.0,1.0,0.0,1.0,1.0,90,100.0,100.0,100.0,100.0,0.0,100.0,100.0,90,1.0983009708738,1.0983009708738,1.0983009708738,1.0983009708738,0.0,1.0983009708738,1.0983009708738,90,100.0,100.0,100.0,100.0,0.0,100.0,100.0,90,8.0,8.0,8.0,8.0,0.0,8.0,8.0,90,8.0,8.0,8.0,8.0,0.0,8.0,8.0,90,64.0,64.0,64.0,64.0,0.0,64.0,64.0,,,,,,,,
phase2,R2_simpleui,paging,paging,real_2692,2692,library_sequential_paging,PASS,3,90,0,0,90,16.4145,12.8249,29.979800000000004,17.807488888888887,5.949048042521989,9.931,36.249,90,15215.4013671875,14057.780664062999,19291.4371093754,15957.567654079943,1939.4030718652425,13500.499023438,19977.750976562,90,321.81005859375,-1306.0,452.22021484375,-59.61006944444444,1070.6142702058328,-4721.2109375,475.8759765625,90,187088.0,184192.0,187248.0,186176.0,1412.2876493456927,184192.0,187248.0,90,2.0,2.0,2.0,2.0,0.0,2.0,2.0,90,2.0,2.0,2.0,2.0,0.0,2.0,2.0,90,1.0,1.0,1.0,1.0,0.0,1.0,1.0,90,1.0,1.0,1.0,1.0,0.0,1.0,1.0,90,100.0,100.0,100.0,100.0,0.0,100.0,100.0,90,1.0983009708738,1.0983009708738,1.0983009708738,1.0983009708738,0.0,1.0983009708738,1.0983009708738,90,100.0,100.0,100.0,100.0,0.0,100.0,100.0,90,8.0,8.0,8.0,8.0,0.0,8.0,8.0,90,8.0,8.0,8.0,8.0,0.0,8.0,8.0,90,64.0,64.0,64.0,64.0,0.0,64.0,64.0,,,,,,,,
phase2,R2_simpleui,paging,paging,real_2692,2692,paging_probe_step_2_to_3,PASS,3,3,0,0,3,27.12,24.1632,33.936,28.727999999999998,6.264735588993362,23.424,35.64,3,13661.088867188,13579.116992188001,14714.973242188002,14066.052408854666,791.8137612509062,13558.624023438,14978.444335938,3,-1118.59765625,-1676.559375,-277.59062499999993,-1000.662109375,880.3005626747953,-1816.0498046875,-67.3388671875,3,190096.0,189520.00000000003,191273.59999999998,190346.66666666666,1117.2919642301797,189376.0,191568.0,3,2.0,2.0,2.0,2.0,0.0,2.0,2.0,3,2.0,2.0,2.0,2.0,0.0,2.0,2.0,3,1.0,1.0,1.0,1.0,0.0,1.0,1.0,3,1.0,1.0,1.0,1.0,0.0,1.0,1.0,3,100.0,100.0,100.0,100.0,0.0,100.0,100.0,3,1.0983009708738,1.0983009708738,1.0983009708738,1.0983009708738,0.0,1.0983009708738,1.0983009708738,3,100.0,100.0,100.0,100.0,0.0,100.0,100.0,3,8.0,8.0,8.0,8.0,0.0,8.0,8.0,3,8.0,8.0,8.0,8.0,0.0,8.0,8.0,3,64.0,64.0,64.0,64.0,0.0,64.0,64.0,,,,,,,,
phase2,R2_simpleui,real_first_run,startup,real_2692,2692,home_to_library,PASS,1,1,0,0,1,44.5,44.5,44.5,44.5,0.0,44.5,44.5,1,15636.25,15636.25,15636.25,15636.25,0.0,15636.25,15636.25,1,2436.0322265625,2436.0322265625,2436.0322265625,2436.0322265625,0.0,2436.0322265625,2436.0322265625,1,181760.0,181760.0,181760.0,181760.0,0.0,181760.0,181760.0,1,6.0,6.0,6.0,6.0,0.0,6.0,6.0,1,6.0,6.0,6.0,6.0,0.0,6.0,6.0,1,4.0,4.0,4.0,4.0,0.0,4.0,4.0,1,2.0,2.0,2.0,2.0,0.0,2.0,2.0,1,100.0,100.0,100.0,100.0,0.0,100.0,100.0,1,4.1966019417476,4.1966019417476,4.1966019417476,4.1966019417476,0.0,4.1966019417476,4.1966019417476,1,100.0,100.0,100.0,100.0,0.0,100.0,100.0,,,,,,,,,,,,,,,,,,,,,,,,,,,,,,,,
phase2,R2_simpleui,real_first_run,startup,real_2692,2692,library_first_render,PASS,1,1,0,0,1,133.776,133.776,133.776,133.776,0.0,133.776,133.776,1,17171.85546875,17171.85546875,17171.85546875,17171.85546875,0.0,17171.85546875,17171.85546875,1,1524.28515625,1524.28515625,1524.28515625,1524.28515625,0.0,1524.28515625,1524.28515625,1,181760.0,181760.0,181760.0,181760.0,0.0,181760.0,181760.0,1,8.0,8.0,8.0,8.0,0.0,8.0,8.0,1,8.0,8.0,8.0,8.0,0.0,8.0,8.0,1,3.0,3.0,3.0,3.0,0.0,3.0,3.0,1,5.0,5.0,5.0,5.0,0.0,5.0,5.0,1,100.0,100.0,100.0,100.0,0.0,100.0,100.0,1,3.4915048543689,3.4915048543689,3.4915048543689,3.4915048543689,0.0,3.4915048543689,3.4915048543689,1,100.0,100.0,100.0,100.0,0.0,100.0,100.0,,,,,,,,,,,,,,,,,,,,,,,,,,,,,,,,
phase2,R2_simpleui,real_steady_cold,startup,real_2692,2692,home_to_library,PASS,3,3,0,0,3,33.348,32.1912,33.3664,32.87366666666667,0.8415665947109194,31.902,33.371,3,15635.518554688,15622.4458984376,15662.7662109376,15641.424804687667,25.714056186880892,15619.177734375,15669.578125,3,2427.447265625,2402.069921875,2468.376953125,2433.9274088541665,41.82014842802611,2395.7255859375,2478.609375,3,175024.0,172387.2,183920.0,177632.0,7553.576106719253,171728.0,186144.0,3,4.0,4.0,4.0,4.0,0.0,4.0,4.0,3,4.0,4.0,4.0,4.0,0.0,4.0,4.0,3,2.0,2.0,2.0,2.0,0.0,2.0,2.0,3,2.0,2.0,2.0,2.0,0.0,2.0,2.0,3,100.0,100.0,100.0,100.0,0.0,100.0,100.0,3,2.1966019417476,2.1966019417476,2.1966019417476,2.1966019417476,0.0,2.1966019417476,2.1966019417476,3,100.0,100.0,100.0,100.0,0.0,100.0,100.0,,,,,,,,,,,,,,,,,,,,,,,,,,,,,,,,
phase2,R2_simpleui,real_steady_cold,startup,real_2692,2692,library_first_render,PASS,3,3,0,0,3,115.264,114.54400000000001,115.97359999999999,115.25966666666666,0.8935078809575918,114.364,116.151,3,17168.102539062,17094.5978515628,17197.5611328124,17149.75,66.28573155089431,17076.221679688,17204.92578125,3,1488.9072265625,1455.7228515625,1545.6134765625,1498.7080078125,56.81917130818976,1447.4267578125,1559.7900390625,3,182560.0,179731.2,185427.2,182576.0,3560.0269661900033,179024.0,186144.0,3,8.0,8.0,8.0,8.0,0.0,8.0,8.0,3,8.0,8.0,8.0,8.0,0.0,8.0,8.0,3,3.0,3.0000000000000004,3.0,3.0,0.0,3.0,3.0,3,5.0,5.0,5.0,5.0,0.0,5.0,5.0,3,100.0,100.0,100.0,100.0,0.0,100.0,100.0,3,3.4915048543689,3.4915048543689005,3.4915048543689,3.4915048543689,0.0,3.4915048543689,3.4915048543689,3,100.0,100.0,100.0,100.0,0.0,100.0,100.0,,,,,,,,,,,,,,,,,,,,,,,,,,,,,,,,
phase2,R2_simpleui,warm,real,real_2692,2692,change_sort_mode,PASS,1,10,0,0,10,107.792,75.36670000000001,132.53619999999998,101.9502,25.61502297394159,74.941,147.505,10,21371.7705078125,21221.470703125,28831.6698242183,24647.338769531398,4685.2972101545865,21178.439453125,34364.884765625,10,-71.35986328125,-7445.884082031251,6878.15146484375,-3.438671875,7025.931563037918,-13034.552734375,6883.4345703125,10,211808.0,211808.0,211808.0,211808.0,0.0,211808.0,211808.0,10,9.0,9.0,9.0,9.0,0.0,9.0,9.0,10,9.0,9.0,9.0,9.0,0.0,9.0,9.0,10,3.0,3.0,3.0,3.0,0.0,3.0,3.0,10,6.0,6.0,6.0,6.0,0.0,6.0,6.0,10,100.0,100.0,100.0,100.0,0.0,100.0,100.0,10,3.5898058252427,3.5898058252427,3.5898058252427,3.5898058252427,0.0,3.5898058252427,3.5898058252427,10,100.0,100.0,100.0,100.0,0.0,100.0,100.0,,,,,,,,,,,,,,,,,,,,,,,,,,,,,,,,
phase2,R2_simpleui,warm,real,real_2692,2692,close_book,PASS,1,10,0,0,10,219.0275,202.9756,237.6071,212.06059999999997,40.406955226929824,100.237,240.542,10,57438.937011719,52771.7685546875,63415.5895507817,58156.752148437605,5125.101630684326,52372.5078125,69331.935546875,10,-100.9658203125,-383.7474609375,1070.3449218749968,800.33779296875,2896.8208919069248,-402.9375,9026.1884765625,10,352592.0,352592.0,352592.0,352592.0,0.0,352592.0,352592.0,10,29.0,28.900000000000002,29.0,28.9,0.31622776601683794,28.0,29.0,10,29.0,28.900000000000002,29.0,28.9,0.31622776601683794,28.0,29.0,10,22.0,22.0,22.0,22.0,0.0,22.0,22.0,10,7.0,6.8999999999999995,7.0,6.9,0.31622776601683794,6.0,7.0,10,100.0,100.0,100.0,100.0,0.0,100.0,100.0,10,22.688106796117,22.6782766990296,22.688106796117,22.678276699029603,0.031085496416771247,22.589805825243,22.688106796117,10,100.0,100.0,100.0,100.0,0.0,100.0,100.0,,,,,,,,,,,,,,,,,,,,,,,,,,,,,,,,
phase2,R2_simpleui,warm,real,real_2692,2692,close_quick_settings,PASS,1,10,0,0,10,8.6935,8.1488,9.209700000000002,8.6872,0.5515416373926612,7.67,9.693,10,68650.1328125,64060.6614257812,70048.143945313,67988.9311523438,2356.9789138771125,63533.223632812,70385.963867188,10,127.4775390625,104.16708984375,184.49169921875,138.72783203125,30.876903525192855,101.2939453125,186.130859375,10,352592.0,352592.0,352592.0,352592.0,0.0,352592.0,352592.0,10,3.0,3.0,3.0,3.0,0.0,3.0,3.0,10,3.0,3.0,3.0,3.0,0.0,3.0,3.0,10,3.0,3.0,3.0,3.0,0.0,3.0,3.0,10,0.0,0.0,0.0,0.0,0.0,0.0,0.0,10,100.0,100.0,100.0,100.0,0.0,100.0,100.0,10,3.0,3.0,3.0,3.0,0.0,3.0,3.0,10,100.0,100.0,100.0,100.0,0.0,100.0,100.0,,,,,,,,,,,,,,,,,,,,,,,,,,,,,,,,
phase2,R2_simpleui,warm,real,real_2692,2692,home_to_library,PASS,1,10,0,0,10,32.2945,31.4636,48.817299999999996,35.791199999999996,8.113230002080963,30.83,53.635,10,16735.974121093503,14173.299609374999,18236.9583007808,16527.8934570313,1466.3822199735544,13944.94921875,18332.83203125,10,2357.02880859375,-2865.67802734375,2419.0290039062497,964.7478515625,2498.3185613259448,-4547.107421875,2419.45703125,10,181088.0,181088.0,181088.0,181088.0,0.0,181088.0,181088.0,10,4.0,4.0,4.0,4.0,0.0,4.0,4.0,10,4.0,4.0,4.0,4.0,0.0,4.0,4.0,10,2.0,2.0,2.0,2.0,0.0,2.0,2.0,10,2.0,2.0,2.0,2.0,0.0,2.0,2.0,10,100.0,100.0,100.0,100.0,0.0,100.0,100.0,10,2.1966019417476,2.1966019417476,2.1966019417476,2.1966019417476,0.0,2.1966019417476,2.1966019417476,10,100.0,100.0,100.0,100.0,0.0,100.0,100.0,,,,,,,,,,,,,,,,,,,,,,,,,,,,,,,,
phase2,R2_simpleui,warm,real,real_2692,2692,library_cached_paging,PASS,1,30,0,0,30,14.060500000000001,11.243799999999998,44.756400000000006,19.971,13.66041678568486,10.048,50.164,30,20654.551269531497,19894.416015625,22065.151171875,20886.4070963542,1005.1753533499424,19423.865234375,23696.274414062,30,425.75439453125,-1832.62333984375,631.9961914062501,-1.6898111979166666,1070.91836746581,-3687.1552734375,808.9736328125,30,198992.0,198528.0,199043.19999999998,198936.0,169.00193836880626,198528.0,199072.0,30,2.0,2.0,2.0,2.0,0.0,2.0,2.0,30,2.0,2.0,2.0,2.0,0.0,2.0,2.0,30,1.0,1.0,1.0,1.0,0.0,1.0,1.0,30,1.0,1.0,1.0,1.0,0.0,1.0,1.0,30,100.0,100.0,100.0,100.0,0.0,100.0,100.0,30,1.0983009708738,1.0983009708738,1.0983009708738,1.0983009708738,0.0,1.0983009708738,1.0983009708738,30,100.0,100.0,100.0,100.0,0.0,100.0,100.0,30,8.0,8.0,8.0,8.0,0.0,8.0,8.0,30,8.0,8.0,8.0,8.0,0.0,8.0,8.0,30,64.0,64.0,64.0,64.0,0.0,64.0,64.0,,,,,,,,
phase2,R2_simpleui,warm,real,real_2692,2692,library_first_render,PASS,1,10,0,0,10,128.8735,75.1214,143.60039999999998,118.38640000000001,33.1452486730753,48.359,164.133,10,21542.892089843503,19144.884472656697,26746.326660156297,22403.0002929687,3762.934979629863,16458.197265625,29426.573242188,10,-523.771484375,-5475.78076171875,7475.28125,142.8609375,5932.907333862775,-8552.572265625,7655.3955078125,10,192376.0,183372.8,198254.4,191694.4,5740.175514157501,182912.0,198528.0,10,8.0,8.0,8.0,8.0,0.0,8.0,8.0,10,8.0,8.0,8.0,8.0,0.0,8.0,8.0,10,3.0,3.0,3.0,3.0,0.0,3.0,3.0,10,5.0,5.0,5.0,5.0,0.0,5.0,5.0,10,100.0,100.0,100.0,100.0,0.0,100.0,100.0,10,3.4915048543689,3.4915048543689,3.4915048543689,3.4915048543688996,0.0,3.4915048543689,3.4915048543689,10,100.0,100.0,100.0,100.0,0.0,100.0,100.0,,,,,,,,,,,,,,,,,,,,,,,,,,,,,,,,
phase2,R2_simpleui,warm,real,real_2692,2692,library_folder_back,PASS,1,10,0,0,10,97.52850000000001,69.03630000000001,108.26079999999999,90.5086,18.252424290731597,68.283,110.005,10,21257.36328125,21134.55390625,28817.4687499996,23951.920605468702,3603.6157074065404,21108.583984375,28836.444335938,10,-2202.2587890625,-8509.5306640625,6110.615234375,-172.31337890625,5901.451635919477,-8532.2451171875,6114.8076171875,10,211808.0,211808.0,211808.0,211808.0,0.0,211808.0,211808.0,10,9.0,9.0,9.0,9.0,0.0,9.0,9.0,10,9.0,9.0,9.0,9.0,0.0,9.0,9.0,10,3.0,3.0,3.0,3.0,0.0,3.0,3.0,10,6.0,6.0,6.0,6.0,0.0,6.0,6.0,10,100.0,100.0,100.0,100.0,0.0,100.0,100.0,10,3.5898058252427,3.5898058252427,3.5898058252427,3.5898058252427,0.0,3.5898058252427,3.5898058252427,10,100.0,100.0,100.0,100.0,0.0,100.0,100.0,,,,,,,,,,,,,,,,,,,,,,,,,,,,,,,,
phase2,R2_simpleui,warm,real,real_2692,2692,library_folder_enter,PASS,1,10,0,0,10,34.2525,27.534200000000002,74.90610000000001,41.157300000000006,18.991868008586085,25.241,78.039,10,23971.643066406003,23128.3982421875,32205.017578125,25958.105175781202,4242.3183198178185,21253.232421875,34110.626953125,10,2330.04248046875,368.7681640625002,3717.4189453124995,1594.53701171875,3698.5726350084024,-8405.3388671875,5310.357421875,10,211520.0,210508.80000000002,211808.0,210977.6,1528.9365367252276,206736.0,211808.0,10,9.0,9.0,9.0,9.0,0.0,9.0,9.0,10,9.0,9.0,9.0,9.0,0.0,9.0,9.0,10,3.0,3.0,3.0,3.0,0.0,3.0,3.0,10,6.0,6.0,6.0,6.0,0.0,6.0,6.0,10,100.0,100.0,100.0,100.0,0.0,100.0,100.0,10,3.5898058252427,3.5898058252427,3.5898058252427,3.5898058252427,0.0,3.5898058252427,3.5898058252427,10,100.0,100.0,100.0,100.0,0.0,100.0,100.0,,,,,,,,,,,,,,,,,,,,,,,,,,,,,,,,
phase2,R2_simpleui,warm,real,real_2692,2692,library_sequential_paging,PASS,1,30,0,0,30,16.9785,14.023,48.728,22.390633333333334,12.980590413444576,10.252,51.418,30,20106.038085938,19279.163671875,21019.156054687002,20079.997102864567,692.117973645111,18852.9453125,21513.12890625,30,373.31201171875,-1299.06171875,455.32900390625,28.944498697916668,855.1868299759446,-2663.66796875,553.736328125,30,198528.0,198528.0,198528.0,198528.0,0.0,198528.0,198528.0,30,2.0,2.0,2.0,2.0,0.0,2.0,2.0,30,2.0,2.0,2.0,2.0,0.0,2.0,2.0,30,1.0,1.0,1.0,1.0,0.0,1.0,1.0,30,1.0,1.0,1.0,1.0,0.0,1.0,1.0,30,100.0,100.0,100.0,100.0,0.0,100.0,100.0,30,1.0983009708738,1.0983009708738,1.0983009708738,1.0983009708738,0.0,1.0983009708738,1.0983009708738,30,100.0,100.0,100.0,100.0,0.0,100.0,100.0,30,8.0,8.0,8.0,8.0,0.0,8.0,8.0,30,8.0,8.0,8.0,8.0,0.0,8.0,8.0,30,64.0,64.0,64.0,64.0,0.0,64.0,64.0,,,,,,,,
phase2,R2_simpleui,warm,real,real_2692,2692,open_book,PASS,1,10,0,0,10,112.244,105.53190000000001,131.47579999999996,121.9253,29.61001523152447,100.626,203.744,10,44044.8481445315,39852.34238281199,48390.5531250004,44002.8692382811,3601.946356203613,38569.856445312,49030.672851562,10,1326.64208984375,99.6519531250002,1667.86259765625,526.835546875,2684.6429356075346,-7081.0771484375,1715.0185546875,10,352592.0,344608.0,352592.0,350875.2,3324.229060164844,344608.0,352592.0,10,9.0,8.899999999999999,9.2,9.1,0.7378647873726218,8.0,11.0,10,9.0,8.899999999999999,9.2,9.1,0.7378647873726218,8.0,11.0,10,9.0,8.899999999999999,9.2,9.1,0.7378647873726218,8.0,11.0,10,0.0,0.0,0.0,0.0,0.0,0.0,0.0,10,100.0,100.0,100.0,100.0,0.0,100.0,100.0,10,9.0,8.899999999999999,9.2,9.1,0.7378647873726218,8.0,11.0,10,100.0,100.0,100.0,100.0,0.0,100.0,100.0,,,,,,,,,,,,,,,,,,,,,,,,,,,,,,,,
phase2,R2_simpleui,warm,real,real_2692,2692,open_book_minimal,PASS,1,10,0,0,10,142.29700000000003,94.5695,173.86589999999998,136.6461,37.55883656774025,82.082,207.219,10,31087.591308593997,26783.3532226562,35072.722363281704,30960.978222656402,3636.9689380782256,25322.309570312,36312.056640625,10,688.3720703125,-5407.141894531251,1212.2095703124999,-437.58662109375,2701.5268902926637,-5704.3642578125,1316.69921875,10,337568.0,293456.0,337841.6,327195.2,18682.23510777611,291440.0,340304.0,10,0.0,0.0,0.0,0.0,0.0,0.0,0.0,10,0.0,0.0,0.0,0.0,0.0,0.0,0.0,10,0.0,0.0,0.0,0.0,0.0,0.0,0.0,10,0.0,0.0,0.0,0.0,0.0,0.0,0.0,10,0.0,0.0,0.0,0.0,0.0,0.0,0.0,10,0.0,0.0,0.0,0.0,0.0,0.0,0.0,10,0.0,0.0,0.0,0.0,0.0,0.0,0.0,,,,,,,,,,,,,,,,,,,,,,,,,,,,,,,,
phase2,R2_simpleui,warm,real,real_2692,2692,open_quick_settings,PASS,1,10,0,0,10,19.4175,17.1021,33.79519999999996,31.3558,39.73085869475039,16.239,144.353,10,67936.6372070315,64012.7807617188,71725.4439453125,67881.225,3264.1100427359356,62768.666992188,72622.53125,10,957.11083984375,-187.14003906249968,1074.0744140625,-115.03466796875,3466.3805853674303,-9978.6337890625,1128.33984375,10,352592.0,352592.0,352592.0,352592.0,0.0,352592.0,352592.0,10,5.0,5.0,5.0,5.0,0.0,5.0,5.0,10,5.0,5.0,5.0,5.0,0.0,5.0,5.0,10,3.0,3.0,3.0,3.0,0.0,3.0,3.0,10,2.0,2.0,2.0,2.0,0.0,2.0,2.0,10,100.0,100.0,100.0,100.0,0.0,100.0,100.0,10,3.1966019417476,3.1966019417476,3.1966019417476,3.1966019417476,0.0,3.1966019417476,3.1966019417476,10,100.0,100.0,100.0,100.0,0.0,100.0,100.0,,,,,,,,,,,,,,,,,,,,,,,,,,,,,,,,
phase2,R2_simpleui,warm,real,real_2692,2692,repeated_nav,PASS,1,1,0,0,1,1369.156,1369.156,1369.156,1369.156,0.0,1369.156,1369.156,1,62595.979492188,62595.979492188,62595.979492188,62595.979492188,0.0,62595.979492188,62595.979492188,1,-2554.8330078125,-2554.8330078125,-2554.8330078125,-2554.8330078125,0.0,-2554.8330078125,-2554.8330078125,1,352592.0,352592.0,352592.0,352592.0,0.0,352592.0,352592.0,1,60.0,60.0,60.0,60.0,0.0,60.0,60.0,1,60.0,60.0,60.0,60.0,0.0,60.0,60.0,1,30.0,30.0,30.0,30.0,0.0,30.0,30.0,1,30.0,30.0,30.0,30.0,0.0,30.0,30.0,1,100.0,100.0,100.0,100.0,0.0,100.0,100.0,1,32.949029126214,32.949029126214,32.949029126214,32.949029126214,0.0,32.949029126214,32.949029126214,1,100.0,100.0,100.0,100.0,0.0,100.0,100.0,,,,,,,,,,,,,,,,,,,,,,,,,,,,,,,,
phase2,R2_simpleui,warm,real,real_2692,2692,start_to_home,PASS,1,10,0,0,10,11.1775,8.1768,17.5433,12.2896,4.401972012632521,8.112,19.454,10,14886.340332031501,13553.430859375,17928.048632812002,15344.8938476562,1768.085464581976,13407.6484375,18297.372070312,10,222.84375,-4747.68046875,436.251171875,-1647.7443359375,2623.3108016965466,-5704.0869140625,442.220703125,10,181088.0,181088.0,181088.0,181088.0,0.0,181088.0,181088.0,10,4.0,4.0,4.0,4.0,0.0,4.0,4.0,10,4.0,4.0,4.0,4.0,0.0,4.0,4.0,10,3.0,3.0,3.0,3.0,0.0,3.0,3.0,10,1.0,1.0,1.0,1.0,0.0,1.0,1.0,10,100.0,100.0,100.0,100.0,0.0,100.0,100.0,10,3.0625,3.0625,3.0625,3.0625,0.0,3.0625,3.0625,10,100.0,100.0,100.0,100.0,0.0,100.0,100.0,,,,,,,,,,,,,,,,,,,,,,,,,,,,,,,,
phase2,R3_zenos,paging,paging,real_2692,2692,library_cached_paging,PASS,3,90,0,0,90,12.8645,8.013,26.95560000000001,13.9219,7.153064227575496,7.094,32.931,90,16842.701171875,15733.435351561999,18669.035546875402,17071.654220920034,1091.439550317073,15647.743164062,19865.737304688,90,380.52099609375,-1461.9795898437499,646.961328125,12.341710069444444,1051.9910926821954,-4220.712890625,685.1298828125,90,208656.0,208272.0,210272.0,209066.66666666666,871.4518429647972,208272.0,210272.0,90,1.0,1.0,1.0,1.0,0.0,1.0,1.0,90,1.0,1.0,1.0,1.0,0.0,1.0,1.0,90,1.0,1.0,1.0,1.0,0.0,1.0,1.0,90,0.0,0.0,0.0,0.0,0.0,0.0,0.0,90,100.0,100.0,100.0,100.0,0.0,100.0,100.0,90,1.0,1.0,1.0,1.0,0.0,1.0,1.0,90,100.0,100.0,100.0,100.0,0.0,100.0,100.0,90,5.0,5.0,5.0,5.0,0.0,5.0,5.0,90,5.0,5.0,5.0,5.0,0.0,5.0,5.0,90,101.0,101.0,101.0,101.0,0.0,101.0,101.0,,,,,,,,
phase2,R3_zenos,paging,paging,real_2692,2692,library_sequential_paging,PASS,3,90,0,0,90,8.605,7.6243,12.19240000000008,10.122244444444444,5.278579016549583,6.438,32.048,90,26507.566894531003,15929.329101562,30504.888671875004,24525.808734808936,5725.993599339775,15646.950195312,31628.344726562,90,327.5595703125,196.71298828125032,377.729296875,-272.02777777777777,2902.8839511048163,-15930.2578125,471.7490234375,90,193792.0,189368.0,196624.0,193423.2888888889,2746.0912905946243,188080.0,196816.0,90,1.0,1.0,1.0,1.0,0.0,1.0,1.0,90,1.0,1.0,1.0,1.0,0.0,1.0,1.0,90,1.0,1.0,1.0,1.0,0.0,1.0,1.0,90,0.0,0.0,0.0,0.0,0.0,0.0,0.0,90,100.0,100.0,100.0,100.0,0.0,100.0,100.0,90,1.0,1.0,1.0,1.0,0.0,1.0,1.0,90,100.0,100.0,100.0,100.0,0.0,100.0,100.0,90,5.0,5.0,5.0,5.0,0.0,5.0,5.0,90,5.0,5.0,5.0,5.0,0.0,5.0,5.0,90,101.0,101.0,101.0,101.0,0.0,101.0,101.0,,,,,,,,
phase2,R3_zenos,paging,paging,real_2692,2692,paging_probe_step_2_to_3,PASS,3,3,0,0,3,28.562,20.082800000000002,33.2932,27.000333333333334,8.36653418885821,17.963,34.476,3,15728.028320312,15717.309570312002,15771.984570311999,15741.877278645334,36.215497735146855,15714.629882812,15782.973632812,3,-902.4189453125,-914.7134765625001,-890.0892578124999,-902.404296875,15.390141947180277,-917.787109375,-887.0068359375,3,207920.0,201724.80000000002,208227.2,205466.66666666666,4585.872799515195,200176.0,208304.0,3,1.0,1.0,1.0,1.0,0.0,1.0,1.0,3,1.0,1.0,1.0,1.0,0.0,1.0,1.0,3,1.0,1.0,1.0,1.0,0.0,1.0,1.0,3,0.0,0.0,0.0,0.0,0.0,0.0,0.0,3,100.0,100.0,100.0,100.0,0.0,100.0,100.0,3,1.0,1.0,1.0,1.0,0.0,1.0,1.0,3,100.0,100.0,100.0,100.0,0.0,100.0,100.0,3,5.0,5.0,5.0,5.0,0.0,5.0,5.0,3,5.0,5.0,5.0,5.0,0.0,5.0,5.0,3,101.0,101.00000000000001,101.0,101.0,0.0,101.0,101.0,,,,,,,,
phase2,R3_zenos,real_first_run,startup,real_2692,2692,home_to_library,PASS,1,1,0,0,1,114.844,114.844,114.844,114.844,0.0,114.844,114.844,1,24868.431640625,24868.431640625,24868.431640625,24868.431640625,0.0,24868.431640625,24868.431640625,1,10414.77734375,10414.77734375,10414.77734375,10414.77734375,0.0,10414.77734375,10414.77734375,1,189824.0,189824.0,189824.0,189824.0,0.0,189824.0,189824.0,1,9.0,9.0,9.0,9.0,0.0,9.0,9.0,1,9.0,9.0,9.0,9.0,0.0,9.0,9.0,1,6.0,6.0,6.0,6.0,0.0,6.0,6.0,1,3.0,3.0,3.0,3.0,0.0,3.0,3.0,1,100.0,100.0,100.0,100.0,0.0,100.0,100.0,1,6.1328883495146,6.1328883495146,6.1328883495146,6.1328883495146,0.0,6.1328883495146,6.1328883495146,1,100.0,100.0,100.0,100.0,0.0,100.0,100.0,,,,,,,,,,,,,,,,,,,,,,,,,,,,,,,,
phase2,R3_zenos,real_first_run,startup,real_2692,2692,library_first_render,PASS,1,1,0,0,1,47.999,47.999,47.999,47.999,0.0,47.999,47.999,1,26445.489257812,26445.489257812,26445.489257812,26445.489257812,0.0,26445.489257812,26445.489257812,1,1562.4130859375,1562.4130859375,1562.4130859375,1562.4130859375,0.0,1562.4130859375,1562.4130859375,1,189824.0,189824.0,189824.0,189824.0,0.0,189824.0,189824.0,1,8.0,8.0,8.0,8.0,0.0,8.0,8.0,1,8.0,8.0,8.0,8.0,0.0,8.0,8.0,1,5.0,5.0,5.0,5.0,0.0,5.0,5.0,1,3.0,3.0,3.0,3.0,0.0,3.0,3.0,1,100.0,100.0,100.0,100.0,0.0,100.0,100.0,1,5.1328883495146,5.1328883495146,5.1328883495146,5.1328883495146,0.0,5.1328883495146,5.1328883495146,1,100.0,100.0,100.0,100.0,0.0,100.0,100.0,,,,,,,,,,,,,,,,,,,,,,,,,,,,,,,,
phase2,R3_zenos,real_steady_cold,startup,real_2692,2692,home_to_library,PASS,3,3,0,0,3,104.838,104.75400000000002,106.1356,105.34366666666666,0.9681974660849547,104.733,106.46,3,24607.408203125,24576.233203125,24630.7714843754,24604.153320312664,34.202779406784664,24568.439453125,24636.612304688,3,10335.317382812,10329.7041015624,10346.2666015624,10337.540690103999,10.529110488422184,10328.30078125,10349.00390625,3,187408.0,181520.0,190428.8,186213.33333333334,5663.306925580966,180048.0,191184.0,3,9.0,9.0,9.0,9.0,0.0,9.0,9.0,3,9.0,9.0,9.0,9.0,0.0,9.0,9.0,3,6.0,6.000000000000001,6.0,6.0,0.0,6.0,6.0,3,3.0,3.0000000000000004,3.0,3.0,0.0,3.0,3.0,3,100.0,100.0,100.0,100.0,0.0,100.0,100.0,3,6.1328883495146,6.1328883495146,6.1328883495146,6.132888349514599,0.0,6.1328883495146,6.1328883495146,3,100.0,100.0,100.0,100.0,0.0,100.0,100.0,,,,,,,,,,,,,,,,,,,,,,,,,,,,,,,,
phase2,R3_zenos,real_steady_cold,startup,real_2692,2692,library_first_render,PASS,3,3,0,0,3,49.446,48.4284,51.8876,50.03933333333333,2.2222235111107365,48.174,52.498,3,26244.202148438,26180.479492187602,26261.824023438,26224.993489583663,53.49269849530576,26164.548828125,26266.229492188,3,1590.32421875,1583.2117187500003,1633.746875,1605.4534505208333,34.19428539178877,1581.43359375,1644.6025390625,3,187408.0,183465.6,190428.8,187024.0,4364.687388576644,182480.0,191184.0,3,8.0,8.0,8.0,8.0,0.0,8.0,8.0,3,8.0,8.0,8.0,8.0,0.0,8.0,8.0,3,5.0,5.0,5.0,5.0,0.0,5.0,5.0,3,3.0,3.0000000000000004,3.0,3.0,0.0,3.0,3.0,3,100.0,100.0,100.0,100.0,0.0,100.0,100.0,3,5.1328883495146,5.132888349514601,5.1328883495146,5.1328883495146,0.0,5.1328883495146,5.1328883495146,3,100.0,100.0,100.0,100.0,0.0,100.0,100.0,,,,,,,,,,,,,,,,,,,,,,,,,,,,,,,,
phase2,R3_zenos,warm,real,real_2692,2692,change_sort_mode,PASS,1,10,0,0,10,48.153999999999996,33.480000000000004,61.260999999999996,47.637299999999996,12.517787060818696,32.733,65.419,10,23251.787109375,21051.14609375,29458.135156249602,24319.3703125,3974.1182694185145,20961.353515625,32479.159179688,10,1722.0166015625,-4593.15507812495,3901.5074218749996,-28.310839843699977,5078.668175094015,-11523.821289062,4118.69921875,10,205592.0,204944.0,206384.0,205636.8,731.3884512806219,204944.0,206384.0,10,5.0,5.0,5.0,5.0,0.0,5.0,5.0,10,5.0,5.0,5.0,5.0,0.0,5.0,5.0,10,4.0,4.0,4.0,4.0,0.0,4.0,4.0,10,1.0,1.0,1.0,1.0,0.0,1.0,1.0,10,100.0,100.0,100.0,100.0,0.0,100.0,100.0,10,4.0442961165049,4.0442961165049,4.0442961165049,4.0442961165049,0.0,4.0442961165049,4.0442961165049,10,100.0,100.0,100.0,100.0,0.0,100.0,100.0,,,,,,,,,,,,,,,,,,,,,,,,,,,,,,,,
phase2,R3_zenos,warm,real,real_2692,2692,close_book,PASS,1,10,0,0,10,33.6135,30.6909,39.2663,34.5677,4.104397697050756,28.962,41.366,10,39007.5693359375,37009.34970703079,40907.8015625,38967.5840820313,1597.5832146137802,36851.82421875,41952.01953125,10,2725.32958984375,2653.962890625,2953.9841796875003,2782.77080078125,130.6580042765911,2644.1103515625,2996.029296875,10,337504.0,337504.0,337795.19999999995,337795.2,920.855254641032,337504.0,340416.0,10,7.0,7.0,7.0,7.0,0.0,7.0,7.0,10,7.0,7.0,7.0,7.0,0.0,7.0,7.0,10,7.0,7.0,7.0,7.0,0.0,7.0,7.0,10,0.0,0.0,0.0,0.0,0.0,0.0,0.0,10,100.0,100.0,100.0,100.0,0.0,100.0,100.0,10,7.0,7.0,7.0,7.0,0.0,7.0,7.0,10,100.0,100.0,100.0,100.0,0.0,100.0,100.0,,,,,,,,,,,,,,,,,,,,,,,,,,,,,,,,
phase2,R3_zenos,warm,real,real_2692,2692,close_quick_settings,PASS,1,10,0,0,10,17.014499999999998,16.230800000000002,22.406499999999983,21.422900000000002,15.31360947690358,12.332,64.783,10,41062.8930664065,40018.733300781205,42360.4307617188,41157.927734375,1113.8932228100746,39447.047851562,42934.331054688,10,63.36474609375,-300.7632812499999,108.16250000000001,-276.5716796875,1113.901182556084,-3446.1455078125,108.4384765625,10,349184.0,349184.0,349232.0,349203.2,24.78709341572747,349184.0,349232.0,10,3.0,3.0,3.0,3.0,0.0,3.0,3.0,10,3.0,3.0,3.0,3.0,0.0,3.0,3.0,10,2.0,2.0,2.0,2.0,0.0,2.0,2.0,10,1.0,1.0,1.0,1.0,0.0,1.0,1.0,10,100.0,100.0,100.0,100.0,0.0,100.0,100.0,10,2.0442961165049,2.0442961165049,2.0442961165049,2.0442961165049,0.0,2.0442961165049,2.0442961165049,10,100.0,100.0,100.0,100.0,0.0,100.0,100.0,,,,,,,,,,,,,,,,,,,,,,,,,,,,,,,,
phase2,R3_zenos,warm,real,real_2692,2692,home_to_library,PASS,1,10,0,0,10,35.5805,33.717999999999996,38.634299999999996,36.266000000000005,2.7130671040560554,33.673,42.561,10,20179.7685546875,18439.904296875,22345.050292968797,20405.7116210939,1805.2696297438863,17894.279296875,23654.299804688,10,1226.017578125,1176.15283203125,1877.4580078125,1368.18271484375,303.8258005766506,1148.4365234375,1990.4150390625,10,203200.0,202128.0,203584.0,203048.0,594.4812865010975,202128.0,203584.0,10,6.0,6.0,6.0,6.0,0.0,6.0,6.0,10,6.0,6.0,6.0,6.0,0.0,6.0,6.0,10,4.0,4.0,4.0,4.0,0.0,4.0,4.0,10,2.0,2.0,2.0,2.0,0.0,2.0,2.0,10,100.0,100.0,100.0,100.0,0.0,100.0,100.0,10,4.0885922330097,4.0885922330097,4.0885922330097,4.0885922330097,0.0,4.0885922330097,4.0885922330097,10,100.0,100.0,100.0,100.0,0.0,100.0,100.0,,,,,,,,,,,,,,,,,,,,,,,,,,,,,,,,
phase2,R3_zenos,warm,real,real_2692,2692,library_cached_paging,PASS,1,30,0,0,30,8.0095,6.2421,23.044199999999996,10.443066666666668,6.456286986385806,3.311,24.586,30,18123.621582031497,17331.600585937,18704.896484375,18088.847949218667,522.0042415543347,17274.829101562,19197.647460938,30,239.88427734375,-1155.38984375,483.84462890624997,-20.17421875,661.2083914030839,-1866.951171875,533.8916015625,30,203584.0,203584.0,203584.0,203584.0,0.0,203584.0,203584.0,30,1.0,1.0,1.0,1.0,0.0,1.0,1.0,30,1.0,1.0,1.0,1.0,0.0,1.0,1.0,30,1.0,1.0,1.0,1.0,0.0,1.0,1.0,30,0.0,0.0,0.0,0.0,0.0,0.0,0.0,30,100.0,100.0,100.0,100.0,0.0,100.0,100.0,30,1.0,1.0,1.0,1.0,0.0,1.0,1.0,30,100.0,100.0,100.0,100.0,0.0,100.0,100.0,30,5.0,5.0,5.0,5.0,0.0,5.0,5.0,30,5.0,5.0,5.0,5.0,0.0,5.0,5.0,30,101.0,101.0,101.0,101.0,0.0,101.0,101.0,,,,,,,,
phase2,R3_zenos,warm,real,real_2692,2692,library_first_render,PASS,1,10,0,0,10,42.263000000000005,37.3994,48.623099999999994,43.0797,5.8265616514182526,36.791,54.24,10,18571.638671875,17249.8065429683,20809.7243164063,18865.383105468798,1956.3265460598452,16818.517578125,23322.549804688,10,1351.87841796875,-3936.9571289062496,1552.0813476562498,-465.983984375,2731.5911796969885,-5887.1455078125,1594.658203125,10,203584.0,203584.0,203584.0,203584.0,0.0,203584.0,203584.0,10,8.0,8.0,8.0,8.0,0.0,8.0,8.0,10,8.0,8.0,8.0,8.0,0.0,8.0,8.0,10,5.0,5.0,5.0,5.0,0.0,5.0,5.0,10,3.0,3.0,3.0,3.0,0.0,3.0,3.0,10,100.0,100.0,100.0,100.0,0.0,100.0,100.0,10,5.1328883495146,5.1328883495146,5.1328883495146,5.1328883495146,0.0,5.1328883495146,5.1328883495146,10,100.0,100.0,100.0,100.0,0.0,100.0,100.0,,,,,,,,,,,,,,,,,,,,,,,,,,,,,,,,
phase2,R3_zenos,warm,real,real_2692,2692,library_folder_back,PASS,1,10,0,0,10,54.6655,35.5653,61.878499999999995,49.417500000000004,11.860840079391043,35.289,64.025,10,21351.416992187,20999.865820312,24283.872460937997,22195.155371093602,1439.2694679476588,20756.950195312,24467.725585938,10,-1098.49169921875,-2709.12626953125,1921.69189453125,-332.7056640625,2071.3155649727382,-3750.720703125,1981.119140625,10,204176.0,204176.0,204176.0,204176.0,0.0,204176.0,204176.0,10,6.0,6.0,6.0,6.0,0.0,6.0,6.0,10,6.0,6.0,6.0,6.0,0.0,6.0,6.0,10,3.0,3.0,3.0,3.0,0.0,3.0,3.0,10,3.0,3.0,3.0,3.0,0.0,3.0,3.0,10,100.0,100.0,100.0,100.0,0.0,100.0,100.0,10,3.1328883495146,3.1328883495146,3.1328883495146,3.1328883495146,0.0,3.1328883495146,3.1328883495146,10,100.0,100.0,100.0,100.0,0.0,100.0,100.0,,,,,,,,,,,,,,,,,,,,,,,,,,,,,,,,
phase2,R3_zenos,warm,real,real_2692,2692,library_folder_enter,PASS,1,10,0,0,10,32.7265,13.385200000000001,41.3335,28.1672,11.96084659582627,12.406,42.175,10,22482.339355468997,21022.321679687,25142.748144531695,23324.8427734375,2882.124559565372,20818.102539062,30762.888671875,10,1048.427734375,-2603.53798828125,4731.90380859375,1016.03173828125,3011.726656674608,-3706.8017578125,4765.833984375,10,204176.0,203968.0,204176.0,204112.0,119.73303637676612,203824.0,204176.0,10,5.0,5.0,5.0,5.0,0.0,5.0,5.0,10,5.0,5.0,5.0,5.0,0.0,5.0,5.0,10,3.0,3.0,3.0,3.0,0.0,3.0,3.0,10,2.0,2.0,2.0,2.0,0.0,2.0,2.0,10,100.0,100.0,100.0,100.0,0.0,100.0,100.0,10,3.0885922330097,3.0885922330096998,3.0885922330097,3.0885922330097,0.0,3.0885922330097,3.0885922330097,10,100.0,100.0,100.0,100.0,0.0,100.0,100.0,,,,,,,,,,,,,,,,,,,,,,,,,,,,,,,,
phase2,R3_zenos,warm,real,real_2692,2692,library_sequential_paging,PASS,1,30,0,0,30,8.111,6.7263,21.3167,9.4436,5.3182919516287015,3.029,23.499,30,17675.4296875,16838.070898437003,18660.208300781702,17684.6025716145,743.6229679932709,16341.227539062,19096.544921875,30,242.64794921875,-875.6414062499998,300.4404296875,-20.191145833333334,771.651664180615,-2758.7822265625,427.1923828125,30,203584.0,203584.0,203584.0,203584.0,0.0,203584.0,203584.0,30,1.0,1.0,1.0,1.0,0.0,1.0,1.0,30,1.0,1.0,1.0,1.0,0.0,1.0,1.0,30,1.0,1.0,1.0,1.0,0.0,1.0,1.0,30,0.0,0.0,0.0,0.0,0.0,0.0,0.0,30,100.0,100.0,100.0,100.0,0.0,100.0,100.0,30,1.0,1.0,1.0,1.0,0.0,1.0,1.0,30,100.0,100.0,100.0,100.0,0.0,100.0,100.0,30,5.0,5.0,5.0,5.0,0.0,5.0,5.0,30,5.0,5.0,5.0,5.0,0.0,5.0,5.0,30,101.0,101.0,101.0,101.0,0.0,101.0,101.0,,,,,,,,
phase2,R3_zenos,warm,real,real_2692,2692,open_book,PASS,1,10,0,0,10,123.202,114.9431,136.27439999999999,125.43209999999999,9.900518813005034,114.134,142.236,10,30982.214355468503,28946.7366210937,32315.3013671875,30803.955371093696,1390.4543910486816,28808.223632812,32975.154296875,10,-2268.35205078125,-2967.99189453125,-1805.42412109375,-2315.8,519.097714879788,-2985.224609375,-1742.998046875,10,337504.0,337504.0,337504.0,337504.0,0.0,337504.0,337504.0,10,9.0,8.899999999999999,9.0,8.9,0.31622776601683794,8.0,9.0,10,9.0,8.899999999999999,9.0,8.9,0.31622776601683794,8.0,9.0,10,9.0,8.899999999999999,9.0,8.9,0.31622776601683794,8.0,9.0,10,0.0,0.0,0.0,0.0,0.0,0.0,0.0,10,100.0,100.0,100.0,100.0,0.0,100.0,100.0,10,9.0,8.899999999999999,9.0,8.9,0.31622776601683794,8.0,9.0,10,100.0,100.0,100.0,100.0,0.0,100.0,100.0,,,,,,,,,,,,,,,,,,,,,,,,,,,,,,,,
phase2,R3_zenos,warm,real,real_2692,2692,open_book_minimal,PASS,1,10,0,0,10,137.73250000000002,110.02189999999999,163.11339999999998,140.1412,32.35356560051251,96.008,212.428,10,26148.9765625,23591.0584960937,27082.3543945317,25604.181347656202,1755.9162742721676,22077.000976562,27651.392578125,10,-2453.970703125,-4438.43154296875,1156.2499999999998,-2193.815234375,2225.3866115152455,-4564.087890625,1980.505859375,10,336504.0,290048.0,337504.0,324681.6,19363.777335817285,290048.0,337504.0,10,0.0,0.0,0.0,0.0,0.0,0.0,0.0,10,0.0,0.0,0.0,0.0,0.0,0.0,0.0,10,0.0,0.0,0.0,0.0,0.0,0.0,0.0,10,0.0,0.0,0.0,0.0,0.0,0.0,0.0,10,0.0,0.0,0.0,0.0,0.0,0.0,0.0,10,0.0,0.0,0.0,0.0,0.0,0.0,0.0,10,0.0,0.0,0.0,0.0,0.0,0.0,0.0,,,,,,,,,,,,,,,,,,,,,,,,,,,,,,,,
phase2,R3_zenos,warm,real,real_2692,2692,open_quick_settings,PASS,1,10,0,0,10,9.1995,8.156,11.8043,9.474599999999999,1.4167803248524058,7.832,11.933,10,45896.3857421875,43123.01777343699,48307.703320312496,45607.4880859375,2565.7525054355237,40435.227539062,49021.447265625,10,603.0048828125,552.13134765625,705.341796875,611.9125,62.58417625418335,532.1845703125,723.8515625,10,345536.0,342977.60000000003,347936.0,345536.0,2246.0743037080892,342272.0,348944.0,10,6.0,6.0,6.0,6.0,0.0,6.0,6.0,10,6.0,6.0,6.0,6.0,0.0,6.0,6.0,10,5.0,5.0,5.0,5.0,0.0,5.0,5.0,10,1.0,1.0,1.0,1.0,0.0,1.0,1.0,10,100.0,100.0,100.0,100.0,0.0,100.0,100.0,10,5.0442961165049,5.0442961165049,5.0442961165049,5.0442961165049,0.0,5.0442961165049,5.0442961165049,10,100.0,100.0,100.0,100.0,0.0,100.0,100.0,,,,,,,,,,,,,,,,,,,,,,,,,,,,,,,,
phase2,R3_zenos,warm,real,real_2692,2692,repeated_nav,PASS,1,1,0,0,1,516.548,516.548,516.548,516.548,0.0,516.548,516.548,1,39311.78515625,39311.78515625,39311.78515625,39311.78515625,0.0,39311.78515625,39311.78515625,1,-225.2158203125,-225.2158203125,-225.2158203125,-225.2158203125,0.0,-225.2158203125,-225.2158203125,1,349232.0,349232.0,349232.0,349232.0,0.0,349232.0,349232.0,1,30.0,30.0,30.0,30.0,0.0,30.0,30.0,1,30.0,30.0,30.0,30.0,0.0,30.0,30.0,1,30.0,30.0,30.0,30.0,0.0,30.0,30.0,1,0.0,0.0,0.0,0.0,0.0,0.0,0.0,1,100.0,100.0,100.0,100.0,0.0,100.0,100.0,1,30.0,30.0,30.0,30.0,0.0,30.0,30.0,1,100.0,100.0,100.0,100.0,0.0,100.0,100.0,,,,,,,,,,,,,,,,,,,,,,,,,,,,,,,,
phase2,R3_zenos,warm,real,real_2692,2692,start_to_home,PASS,1,10,0,0,10,6.378,6.043699999999999,8.021999999999998,6.7857,1.1001333303033978,5.654,9.435,10,22750.058105468997,18316.155859375,30779.744335937,24116.592480468702,5366.747036019161,17059.474609375,32012.403320312,10,58.021484375,43.6974609375,79.71669921875,62.03544921875,16.252222473555605,42.2490234375,87.0458984375,10,201040.0,192683.2,201451.2,198660.8,4118.2524017408705,190480.0,202128.0,10,1.0,1.0,1.0,1.0,0.0,1.0,1.0,10,1.0,1.0,1.0,1.0,0.0,1.0,1.0,10,1.0,1.0,1.0,1.0,0.0,1.0,1.0,10,0.0,0.0,0.0,0.0,0.0,0.0,0.0,10,100.0,100.0,100.0,100.0,0.0,100.0,100.0,10,1.0,1.0,1.0,1.0,0.0,1.0,1.0,10,100.0,100.0,100.0,100.0,0.0,100.0,100.0,,,,,,,,,,,,,,,,,,,,,,,,,,,,,,,,
phase2,R4_project_title,paging,paging,real_2692,2692,library_cached_paging,PASS,3,90,0,0,90,8.9775,8.1378,10.9329,9.357233333333333,1.2054088499366586,7.243,14.655,90,19404.184570313,13103.836425781301,23262.315429687504,18685.631727430522,3812.9288703507846,11459.557617188,24158.92578125,90,548.775390625,482.42294921875,607.92587890625,104.12639973958889,2135.8045091143013,-11913.325195312,640.4326171875,90,197824.0,195518.40000000002,198176.0,197388.97777777776,979.7456787382337,194704.0,198176.0,90,1.0,1.0,1.0,1.0,0.0,1.0,1.0,90,1.0,1.0,1.0,1.0,0.0,1.0,1.0,90,1.0,1.0,1.0,1.0,0.0,1.0,1.0,90,0.0,0.0,0.0,0.0,0.0,0.0,0.0,90,100.0,100.0,100.0,100.0,0.0,100.0,100.0,90,1.0,1.0,1.0,1.0,0.0,1.0,1.0,90,100.0,100.0,100.0,100.0,0.0,100.0,100.0,90,14.0,14.0,14.0,14.0,0.0,14.0,14.0,90,14.0,14.0,14.0,14.0,0.0,14.0,14.0,90,37.0,37.0,37.0,37.0,0.0,37.0,37.0,,,,,,,,
phase2,R4_project_title,paging,paging,real_2692,2692,library_sequential_paging,PASS,3,90,0,0,90,9.0715,8.241,10.38,9.284711111111111,1.1401090253843253,7.268,14.5,90,15329.0341796875,11820.883984375,20060.7117187496,15519.745811632,3023.8988222239986,10793.166992188,21719.982421875,90,576.99609375,530.12587890625,648.441015625,221.66637369792224,1819.2954138771363,-10530.907226562,697.9853515625,90,180272.0,175961.59999999998,183728.0,179747.55555555556,3026.318381518558,175200.0,183760.0,90,1.0,1.0,1.0,1.0,0.0,1.0,1.0,90,1.0,1.0,1.0,1.0,0.0,1.0,1.0,90,1.0,1.0,1.0,1.0,0.0,1.0,1.0,90,0.0,0.0,0.0,0.0,0.0,0.0,0.0,90,100.0,100.0,100.0,100.0,0.0,100.0,100.0,90,1.0,1.0,1.0,1.0,0.0,1.0,1.0,90,100.0,100.0,100.0,100.0,0.0,100.0,100.0,90,14.0,14.0,14.0,14.0,0.0,14.0,14.0,90,14.0,14.0,14.0,14.0,0.0,14.0,14.0,90,37.0,37.0,37.0,37.0,0.0,37.0,37.0,,,,,,,,
phase2,R4_project_title,paging,paging,real_2692,2692,paging_probe_step_2_to_3,PASS,3,3,0,0,3,9.042,8.482800000000001,9.4108,8.962666666666665,0.5840550773114924,8.343,9.503,3,17843.395507812,17768.8150390624,18357.078320312798,18026.354817708332,400.3533485680719,17750.169921875,18485.499023438,3,557.79296875,549.44921875,560.3171875,555.3681640625,7.109679968025404,547.36328125,560.9482421875,3,193232.0,187638.4,194832.0,191568.0,4721.301515472191,186240.0,195232.0,3,1.0,1.0,1.0,1.0,0.0,1.0,1.0,3,1.0,1.0,1.0,1.0,0.0,1.0,1.0,3,1.0,1.0,1.0,1.0,0.0,1.0,1.0,3,0.0,0.0,0.0,0.0,0.0,0.0,0.0,3,100.0,100.0,100.0,100.0,0.0,100.0,100.0,3,1.0,1.0,1.0,1.0,0.0,1.0,1.0,3,100.0,100.0,100.0,100.0,0.0,100.0,100.0,3,14.0,14.000000000000002,14.0,14.0,0.0,14.0,14.0,3,14.0,14.000000000000002,14.0,14.0,0.0,14.0,14.0,3,37.0,37.0,37.0,37.0,0.0,37.0,37.0,,,,,,,,
phase2,R4_project_title,real_first_run,startup,real_2692,2692,home_to_library,PASS,1,1,0,0,1,31.902,31.902,31.902,31.902,0.0,31.902,31.902,1,12585.453125,12585.453125,12585.453125,12585.453125,0.0,12585.453125,12585.453125,1,3416.2294921875,3416.2294921875,3416.2294921875,3416.2294921875,0.0,3416.2294921875,3416.2294921875,1,176160.0,176160.0,176160.0,176160.0,0.0,176160.0,176160.0,1,1.0,1.0,1.0,1.0,0.0,1.0,1.0,1,1.0,1.0,1.0,1.0,0.0,1.0,1.0,1,1.0,1.0,1.0,1.0,0.0,1.0,1.0,1,0.0,0.0,0.0,0.0,0.0,0.0,0.0,1,100.0,100.0,100.0,100.0,0.0,100.0,100.0,1,1.0,1.0,1.0,1.0,0.0,1.0,1.0,1,100.0,100.0,100.0,100.0,0.0,100.0,100.0,,,,,,,,,,,,,,,,,,,,,,,,,,,,,,,,
phase2,R4_project_title,real_first_run,startup,real_2692,2692,library_first_render,PASS,1,1,0,0,1,29.858,29.858,29.858,29.858,0.0,29.858,29.858,1,15288.779296875,15288.779296875,15288.779296875,15288.779296875,0.0,15288.779296875,15288.779296875,1,2696.068359375,2696.068359375,2696.068359375,2696.068359375,0.0,2696.068359375,2696.068359375,1,176192.0,176192.0,176192.0,176192.0,0.0,176192.0,176192.0,1,1.0,1.0,1.0,1.0,0.0,1.0,1.0,1,1.0,1.0,1.0,1.0,0.0,1.0,1.0,1,1.0,1.0,1.0,1.0,0.0,1.0,1.0,1,0.0,0.0,0.0,0.0,0.0,0.0,0.0,1,100.0,100.0,100.0,100.0,0.0,100.0,100.0,1,1.0,1.0,1.0,1.0,0.0,1.0,1.0,1,100.0,100.0,100.0,100.0,0.0,100.0,100.0,,,,,,,,,,,,,,,,,,,,,,,,,,,,,,,,
phase2,R4_project_title,real_steady_cold,startup,real_2692,2692,home_to_library,PASS,3,3,0,0,3,29.778,27.128400000000003,31.2556,29.289666666666665,2.613938089039855,26.466,31.625,3,12702.235351562,12626.916601562001,12737.013476561999,12685.343424478668,70.3483778183837,12608.086914062,12745.708007812,3,3304.11328125,3265.11953125,3398.63203125,3327.2486979166665,85.8169901970342,3255.37109375,3422.26171875,3,165216.0,164601.6,172332.8,167925.33333333334,5371.553716880558,164448.0,174112.0,3,1.0,1.0,1.0,1.0,0.0,1.0,1.0,3,1.0,1.0,1.0,1.0,0.0,1.0,1.0,3,1.0,1.0,1.0,1.0,0.0,1.0,1.0,3,0.0,0.0,0.0,0.0,0.0,0.0,0.0,3,100.0,100.0,100.0,100.0,0.0,100.0,100.0,3,1.0,1.0,1.0,1.0,0.0,1.0,1.0,3,100.0,100.0,100.0,100.0,0.0,100.0,100.0,,,,,,,,,,,,,,,,,,,,,,,,,,,,,,,,
phase2,R4_project_title,real_steady_cold,startup,real_2692,2692,library_first_render,PASS,3,3,0,0,3,29.084,28.6624,29.240000000000002,28.973333333333333,0.37350546626968373,28.557,29.279,3,15371.51953125,15268.5281250004,15377.0890624996,15330.927083333334,76.41670061507932,15242.780273438,15378.481445312,3,2627.435546875,2625.899609375,2655.108203125,2638.3258463541665,20.547689428010546,2625.515625,2662.0263671875,3,173680.0,166588.80000000002,174051.2,170880.0,5256.700105579545,164816.0,174144.0,3,1.0,1.0,1.0,1.0,0.0,1.0,1.0,3,1.0,1.0,1.0,1.0,0.0,1.0,1.0,3,1.0,1.0,1.0,1.0,0.0,1.0,1.0,3,0.0,0.0,0.0,0.0,0.0,0.0,0.0,3,100.0,100.0,100.0,100.0,0.0,100.0,100.0,3,1.0,1.0,1.0,1.0,0.0,1.0,1.0,3,100.0,100.0,100.0,100.0,0.0,100.0,100.0,,,,,,,,,,,,,,,,,,,,,,,,,,,,,,,,
phase2,R4_project_title,warm,real,real_2692,2692,change_sort_mode,PASS,1,10,0,0,10,43.36,40.4084,47.8768,43.9871,3.471787450291278,39.791,48.838,10,19733.3125,14698.076757812,24773.0625,19727.1833007813,4390.224502265199,13164.715820312,26237.6015625,10,4430.99853515625,-10517.052343750001,4550.00810546875,58.72587890625,7133.6789766049205,-10563.490234375,4681.6533203125,10,189408.0,189408.0,189408.0,189408.0,0.0,189408.0,189408.0,10,2.0,2.0,2.0,2.0,0.0,2.0,2.0,10,2.0,2.0,2.0,2.0,0.0,2.0,2.0,10,2.0,2.0,2.0,2.0,0.0,2.0,2.0,10,0.0,0.0,0.0,0.0,0.0,0.0,0.0,10,100.0,100.0,100.0,100.0,0.0,100.0,100.0,10,2.0,2.0,2.0,2.0,0.0,2.0,2.0,10,100.0,100.0,100.0,100.0,0.0,100.0,100.0,,,,,,,,,,,,,,,,,,,,,,,,,,,,,,,,
phase2,R4_project_title,warm,real,real_2692,2692,close_book,PASS,1,10,0,0,10,22.838,20.221600000000002,28.3271,23.4655,3.9576007392246013,16.609,30.434,10,17742.102050781497,17147.3469726563,18344.287597656297,17806.4085937502,614.1630562707846,17003.041992188,19102.471679688,10,2369.2744140625,1930.18359375,2636.8623046875,2390.54814453125,451.9503963396484,1671.7412109375,3440.2177734375,10,312080.0,312080.0,312080.0,312080.0,0.0,312080.0,312080.0,10,4.0,4.0,4.0,4.0,0.0,4.0,4.0,10,4.0,4.0,4.0,4.0,0.0,4.0,4.0,10,3.0,3.0,3.0,3.0,0.0,3.0,3.0,10,1.0,1.0,1.0,1.0,0.0,1.0,1.0,10,100.0,100.0,100.0,100.0,0.0,100.0,100.0,10,3.0983009708738,3.0983009708738,3.0983009708738,3.0983009708738,0.0,3.0983009708738,3.0983009708738,10,100.0,100.0,100.0,100.0,0.0,100.0,100.0,,,,,,,,,,,,,,,,,,,,,,,,,,,,,,,,
phase2,R4_project_title,warm,real,real_2692,2692,close_quick_settings,PASS,1,10,0,0,10,8.197,8.0176,8.421999999999999,8.2226,0.2435032283609854,7.951,8.782,10,26546.068359375,25615.3314453125,27500.1430664062,26563.4224609375,808.8438726007294,25390.58984375,27861.852539062,10,34.31982421875,29.63193359375,60.29355468749996,46.42978515625,36.946758932038364,28.75390625,150.1845703125,10,312128.0,312128.0,312128.0,312128.0,0.0,312128.0,312128.0,10,3.0,3.0,3.0,3.0,0.0,3.0,3.0,10,3.0,3.0,3.0,3.0,0.0,3.0,3.0,10,3.0,3.0,3.0,3.0,0.0,3.0,3.0,10,0.0,0.0,0.0,0.0,0.0,0.0,0.0,10,100.0,100.0,100.0,100.0,0.0,100.0,100.0,10,3.0,3.0,3.0,3.0,0.0,3.0,3.0,10,100.0,100.0,100.0,100.0,0.0,100.0,100.0,,,,,,,,,,,,,,,,,,,,,,,,,,,,,,,,
phase2,R4_project_title,warm,real,real_2692,2692,home_to_library,PASS,1,10,0,0,10,27.278,22.862000000000002,29.680899999999998,26.815199999999997,3.5557488912713975,22.484,33.73,10,18752.111816406497,13905.2428710933,23490.5907226562,18711.216503906202,3664.223767098704,13549.107421875,23536.653320312,10,2438.15771484375,-9619.493554687499,2580.58349609375,-48.87451171875,5111.080186158737,-9881.912109375,2611.9912109375,10,183504.0,183504.0,183504.0,183504.0,0.0,183504.0,183504.0,10,1.0,1.0,1.0,1.0,0.0,1.0,1.0,10,1.0,1.0,1.0,1.0,0.0,1.0,1.0,10,1.0,1.0,1.0,1.0,0.0,1.0,1.0,10,0.0,0.0,0.0,0.0,0.0,0.0,0.0,10,100.0,100.0,100.0,100.0,0.0,100.0,100.0,10,1.0,1.0,1.0,1.0,0.0,1.0,1.0,10,100.0,100.0,100.0,100.0,0.0,100.0,100.0,,,,,,,,,,,,,,,,,,,,,,,,,,,,,,,,
phase2,R4_project_title,warm,real,real_2692,2692,library_cached_paging,PASS,1,30,0,0,30,7.902,7.0576,8.2679,7.799133333333333,0.4696694166321034,6.765,8.339,30,19487.984375,14851.210156250001,24249.509960938,19519.994466145934,3557.8759767727047,13703.540039062,25552.952148438,30,430.34765625,356.20126953125,441.52148437500006,406.6938151041667,49.71533917654629,355.38671875,546.4443359375,30,185248.0,185230.40000000002,185264.0,185243.73333333334,17.290486388191336,185184.0,185264.0,30,1.0,1.0,1.0,1.0,0.0,1.0,1.0,30,1.0,1.0,1.0,1.0,0.0,1.0,1.0,30,1.0,1.0,1.0,1.0,0.0,1.0,1.0,30,0.0,0.0,0.0,0.0,0.0,0.0,0.0,30,100.0,100.0,100.0,100.0,0.0,100.0,100.0,30,1.0,1.0,1.0,1.0,0.0,1.0,1.0,30,100.0,100.0,100.0,100.0,0.0,100.0,100.0,30,14.0,14.0,14.0,14.0,0.0,14.0,14.0,30,14.0,14.0,14.0,14.0,0.0,14.0,14.0,30,37.0,37.0,37.0,37.0,0.0,37.0,37.0,,,,,,,,
phase2,R4_project_title,warm,real,real_2692,2692,library_first_render,PASS,1,10,0,0,10,25.716,23.9667,28.5234,26.1005,2.450814343120352,23.253,31.677,10,19731.524902343997,14591.741601562499,24431.0353515625,19437.1902343751,4188.295103881412,11911.423828125,24929.552734375,10,2499.95654296875,945.7212890625001,2660.491015625,1059.26650390625,4755.205794659975,-12466.892578125,2975.427734375,10,184880.0,183520.0,184880.0,184336.0,702.3009801122782,183520.0,184880.0,10,1.0,1.0,1.0,1.0,0.0,1.0,1.0,10,1.0,1.0,1.0,1.0,0.0,1.0,1.0,10,1.0,1.0,1.0,1.0,0.0,1.0,1.0,10,0.0,0.0,0.0,0.0,0.0,0.0,0.0,10,100.0,100.0,100.0,100.0,0.0,100.0,100.0,10,1.0,1.0,1.0,1.0,0.0,1.0,1.0,10,100.0,100.0,100.0,100.0,0.0,100.0,100.0,,,,,,,,,,,,,,,,,,,,,,,,,,,,,,,,
phase2,R4_project_title,warm,real,real_2692,2692,library_folder_back,PASS,1,10,0,0,10,46.7915,43.6302,53.9748,47.616,4.006148746337033,43.596,54.765,10,20893.1142578125,16704.7264648437,25560.091113281196,20886.6455078124,4716.852677914246,12720.063476562,28728.840820312,10,4542.375,-9739.9899414063,4744.5521484375,1101.2184570312,6398.474522403823,-11853.791992188,4754.3203125,10,189392.0,189376.0,189392.0,189388.8,6.7461923416925424,189376.0,189392.0,10,3.0,3.0,3.0,3.0,0.0,3.0,3.0,10,3.0,3.0,3.0,3.0,0.0,3.0,3.0,10,2.0,2.0,2.0,2.0,0.0,2.0,2.0,10,1.0,1.0,1.0,1.0,0.0,1.0,1.0,10,100.0,100.0,100.0,100.0,0.0,100.0,100.0,10,2.0983009708738,2.0983009708738,2.0983009708738,2.0983009708738,0.0,2.0983009708738,2.0983009708738,10,100.0,100.0,100.0,100.0,0.0,100.0,100.0,,,,,,,,,,,,,,,,,,,,,,,,,,,,,,,,
phase2,R4_project_title,warm,real,real_2692,2692,library_folder_enter,PASS,1,10,0,0,10,17.4955,9.332399999999998,19.5926,15.7845,3.946074005331825,8.967,20.147,10,21742.0361328125,17272.7209960933,26699.6000976562,21767.943457031102,4737.219463969316,14540.248046875,29554.098632812,10,1532.0166015625,839.81376953125,2674.5334960937503,1733.8736328125,710.0450909761386,818.828125,2731.744140625,10,189088.0,185412.8,189376.0,188040.0,1694.2086976258595,185312.0,189376.0,10,2.0,2.0,2.0,2.0,0.0,2.0,2.0,10,2.0,2.0,2.0,2.0,0.0,2.0,2.0,10,1.0,1.0,1.0,1.0,0.0,1.0,1.0,10,1.0,1.0,1.0,1.0,0.0,1.0,1.0,10,100.0,100.0,100.0,100.0,0.0,100.0,100.0,10,1.0983009708738,1.0983009708738,1.0983009708738,1.0983009708738,0.0,1.0983009708738,1.0983009708738,10,100.0,100.0,100.0,100.0,0.0,100.0,100.0,,,,,,,,,,,,,,,,,,,,,,,,,,,,,,,,
phase2,R4_project_title,warm,real,real_2692,2692,library_sequential_paging,PASS,1,30,0,0,30,7.725,7.206999999999999,8.4333,7.774233333333333,0.5165278430478634,6.994,9.126,30,16941.9384765625,11925.629882813,21565.482617187,16731.897330729167,3743.5208238741216,10618.194335938,22904.639648438,30,443.04150390625,410.7751953125,480.98789062500003,64.225390625,1514.0029507263735,-6594.6005859375,574.65234375,30,185152.0,185100.8,185152.0,185140.8,28.85206022644388,185056.0,185184.0,30,1.0,1.0,1.0,1.0,0.0,1.0,1.0,30,1.0,1.0,1.0,1.0,0.0,1.0,1.0,30,1.0,1.0,1.0,1.0,0.0,1.0,1.0,30,0.0,0.0,0.0,0.0,0.0,0.0,0.0,30,100.0,100.0,100.0,100.0,0.0,100.0,100.0,30,1.0,1.0,1.0,1.0,0.0,1.0,1.0,30,100.0,100.0,100.0,100.0,0.0,100.0,100.0,30,14.0,14.0,14.0,14.0,0.0,14.0,14.0,30,14.0,14.0,14.0,14.0,0.0,14.0,14.0,30,37.0,37.0,37.0,37.0,0.0,37.0,37.0,,,,,,,,
phase2,R4_project_title,warm,real,real_2692,2692,open_book,PASS,1,10,0,0,10,52.861000000000004,48.483599999999996,61.89979999999999,55.6487,9.873641533002006,42.351,79.565,10,15043.620605468499,14631.107617187,15733.103125000402,15106.447070312299,448.68595668423035,14620.817382812,15827.696289062,10,-2165.56982421875,-3542.3099609375,-1855.7634765625,-2437.585546875,758.5903002959086,-4074.5263671875,-1708.59765625,10,312080.0,312080.0,312080.0,312080.0,0.0,312080.0,312080.0,10,9.0,8.899999999999999,9.0,8.9,0.31622776601683794,8.0,9.0,10,9.0,8.899999999999999,9.0,8.9,0.31622776601683794,8.0,9.0,10,9.0,8.899999999999999,9.0,8.9,0.31622776601683794,8.0,9.0,10,0.0,0.0,0.0,0.0,0.0,0.0,0.0,10,100.0,100.0,100.0,100.0,0.0,100.0,100.0,10,9.0,8.899999999999999,9.0,8.9,0.31622776601683794,8.0,9.0,10,100.0,100.0,100.0,100.0,0.0,100.0,100.0,,,,,,,,,,,,,,,,,,,,,,,,,,,,,,,,
phase2,R4_project_title,warm,real,real_2692,2692,open_book_minimal,PASS,1,10,0,0,10,105.8135,58.1698,119.01659999999998,97.3899,34.360037221717,56.143,171.609,10,14246.005371093499,14069.1573242183,14405.6123046875,14243.8529296874,125.50814933393576,14054.462890625,14440.8828125,10,-2452.0,-2972.189453125,-2128.109375,-2547.834765625,433.70606801141423,-3600.02734375,-2105.6181640625,10,307712.0,272384.0,311172.8,299760.0,15296.353319954691,272384.0,311504.0,10,0.0,0.0,0.0,0.0,0.0,0.0,0.0,10,0.0,0.0,0.0,0.0,0.0,0.0,0.0,10,0.0,0.0,0.0,0.0,0.0,0.0,0.0,10,0.0,0.0,0.0,0.0,0.0,0.0,0.0,10,0.0,0.0,0.0,0.0,0.0,0.0,0.0,10,0.0,0.0,0.0,0.0,0.0,0.0,0.0,10,0.0,0.0,0.0,0.0,0.0,0.0,0.0,,,,,,,,,,,,,,,,,,,,,,,,,,,,,,,,
phase2,R4_project_title,warm,real,real_2692,2692,open_quick_settings,PASS,1,10,0,0,10,8.139,7.9843,8.5657,8.2648,0.3664501785145334,7.87,9.166,10,23358.9150390625,22347.810546875,24305.3265625,23340.9743164063,829.754110910783,22073.1875,24562.9375,10,236.10693359375,224.49892578125,253.01669921875,238.321875,12.821289415401703,219.59375,262.59765625,10,312128.0,312128.0,312128.0,312128.0,0.0,312128.0,312128.0,10,2.0,2.0,2.0,2.0,0.0,2.0,2.0,10,2.0,2.0,2.0,2.0,0.0,2.0,2.0,10,2.0,2.0,2.0,2.0,0.0,2.0,2.0,10,0.0,0.0,0.0,0.0,0.0,0.0,0.0,10,100.0,100.0,100.0,100.0,0.0,100.0,100.0,10,2.0,2.0,2.0,2.0,0.0,2.0,2.0,10,100.0,100.0,100.0,100.0,0.0,100.0,100.0,,,,,,,,,,,,,,,,,,,,,,,,,,,,,,,,
phase2,R4_project_title,warm,real,real_2692,2692,repeated_nav,PASS,1,1,0,0,1,251.674,251.674,251.674,251.674,0.0,251.674,251.674,1,25172.201171875,25172.201171875,25172.201171875,25172.201171875,0.0,25172.201171875,25172.201171875,1,-3375.6533203125,-3375.6533203125,-3375.6533203125,-3375.6533203125,0.0,-3375.6533203125,-3375.6533203125,1,315104.0,315104.0,315104.0,315104.0,0.0,315104.0,315104.0,1,30.0,30.0,30.0,30.0,0.0,30.0,30.0,1,30.0,30.0,30.0,30.0,0.0,30.0,30.0,1,30.0,30.0,30.0,30.0,0.0,30.0,30.0,1,0.0,0.0,0.0,0.0,0.0,0.0,0.0,1,100.0,100.0,100.0,100.0,0.0,100.0,100.0,1,30.0,30.0,30.0,30.0,0.0,30.0,30.0,1,100.0,100.0,100.0,100.0,0.0,100.0,100.0,,,,,,,,,,,,,,,,,,,,,,,,,,,,,,,,
phase2,R4_project_title,warm,real,real_2692,2692,start_to_home,UNSUPPORTED,1,0,0,10,,,,,,,,,,,,,,,,,,,,,,,,,,,,,,,,,,,,,,,,,,,,,,,,,,,,,,,,,,,,,,,,,,,,,,,,,,,,,,,,,,,,,,,,,,,,,,,,,,,,,,,,,,,,,,,,,,,,,,,,
phase2,R5_vos,paging,paging,real_2692,2692,library_cached_paging,PASS,3,90,0,0,90,18.177500000000002,15.9032,31.050500000000003,20.03158888888889,5.148209229168031,13.816,33.318,90,12632.319824218499,10787.294335938,14528.4958007813,12653.563226996645,1380.6301446384819,10522.006835938,16261.268554688,90,726.01025390625,-2606.13505859375,936.23447265625,100.04380425347222,1555.2665500331877,-5418.59375,974.1298828125,90,194768.0,194512.0,194864.0,194707.55555555556,148.04365520073296,194496.0,194864.0,90,3.0,3.0,3.0,3.0,0.0,3.0,3.0,90,3.0,3.0,3.0,3.0,0.0,3.0,3.0,90,1.0,1.0,1.0,1.0,0.0,1.0,1.0,90,2.0,2.0,2.0,2.0,0.0,2.0,2.0,90,100.0,100.0,100.0,100.0,0.0,100.0,100.0,90,1.1917475728155,1.1917475728155,1.1917475728155,1.1917475728155,0.0,1.1917475728155,1.1917475728155,90,100.0,100.0,100.0,100.0,0.0,100.0,100.0,90,10.0,10.0,10.0,10.0,0.0,10.0,10.0,90,10.0,10.0,10.0,10.0,0.0,10.0,10.0,90,51.0,51.0,51.0,51.0,0.0,51.0,51.0,,,,,,,,
phase2,R5_vos,paging,paging,real_2692,2692,library_sequential_paging,PASS,3,90,0,0,90,15.9725,14.4658,26.660400000000003,17.395988888888887,4.319700661951464,11.252,31.51,90,12030.688476563,10561.775195313,16118.271875000402,12699.420822482702,2056.9074138816704,10329.991210938,17839.547851562,90,497.033203125,-1604.65380859375,546.3922851562501,24.12490234375,1490.353137983694,-7303.794921875,629.80078125,90,177984.0,175624.0,180480.0,178206.4,1780.90958201865,174208.0,180480.0,90,3.0,3.0,3.0,3.0,0.0,3.0,3.0,90,3.0,3.0,3.0,3.0,0.0,3.0,3.0,90,1.0,1.0,1.0,1.0,0.0,1.0,1.0,90,2.0,2.0,2.0,2.0,0.0,2.0,2.0,90,100.0,100.0,100.0,100.0,0.0,100.0,100.0,90,1.1917475728155,1.1917475728155,1.1917475728155,1.1917475728155,0.0,1.1917475728155,1.1917475728155,90,100.0,100.0,100.0,100.0,0.0,100.0,100.0,90,10.0,10.0,10.0,10.0,0.0,10.0,10.0,90,10.0,10.0,10.0,10.0,0.0,10.0,10.0,90,51.0,51.0,51.0,51.0,0.0,51.0,51.0,,,,,,,,
phase2,R5_vos,paging,paging,real_2692,2692,paging_probe_step_2_to_3,PASS,3,3,0,0,3,25.487,23.5838,27.1406,25.383,2.224823813249039,23.108,27.554,3,10586.756835938,10503.063085938002,10591.691210938,10553.940429688,62.25773125249592,10482.139648438,10592.924804688,3,-1942.34375,-1949.70703125,-1594.2515625,-1800.3733723958333,253.912601419834,-1951.5478515625,-1507.228515625,3,189936.0,183984.00000000003,190051.19999999998,187504.0,4337.652821515341,182496.0,190080.0,3,3.0,3.0000000000000004,3.0,3.0,0.0,3.0,3.0,3,3.0,3.0000000000000004,3.0,3.0,0.0,3.0,3.0,3,1.0,1.0,1.0,1.0,0.0,1.0,1.0,3,2.0,2.0,2.0,2.0,0.0,2.0,2.0,3,100.0,100.0,100.0,100.0,0.0,100.0,100.0,3,1.1917475728155,1.1917475728155,1.1917475728155,1.1917475728155,0.0,1.1917475728155,1.1917475728155,3,100.0,100.0,100.0,100.0,0.0,100.0,100.0,3,10.0,10.0,10.0,10.0,0.0,10.0,10.0,3,10.0,10.0,10.0,10.0,0.0,10.0,10.0,3,51.0,51.00000000000001,51.0,51.0,0.0,51.0,51.0,,,,,,,,
phase2,R5_vos,real_first_run,startup,real_2692,2692,home_to_library,PASS,1,1,0,0,1,45.449,45.449,45.449,45.449,0.0,45.449,45.449,1,13655.69140625,13655.69140625,13655.69140625,13655.69140625,0.0,13655.69140625,13655.69140625,1,3519.9501953125,3519.9501953125,3519.9501953125,3519.9501953125,0.0,3519.9501953125,3519.9501953125,1,174592.0,174592.0,174592.0,174592.0,0.0,174592.0,174592.0,1,5.0,5.0,5.0,5.0,0.0,5.0,5.0,1,5.0,5.0,5.0,5.0,0.0,5.0,5.0,1,4.0,4.0,4.0,4.0,0.0,4.0,4.0,1,1.0,1.0,1.0,1.0,0.0,1.0,1.0,1,100.0,100.0,100.0,100.0,0.0,100.0,100.0,1,4.0976941747573,4.0976941747573,4.0976941747573,4.0976941747573,0.0,4.0976941747573,4.0976941747573,1,100.0,100.0,100.0,100.0,0.0,100.0,100.0,,,,,,,,,,,,,,,,,,,,,,,,,,,,,,,,
phase2,R5_vos,real_first_run,startup,real_2692,2692,library_first_render,PASS,1,1,0,0,1,48.745,48.745,48.745,48.745,0.0,48.745,48.745,1,16489.022460938,16489.022460938,16489.022460938,16489.022460938,0.0,16489.022460938,16489.022460938,1,2819.2216796875,2819.2216796875,2819.2216796875,2819.2216796875,0.0,2819.2216796875,2819.2216796875,1,175840.0,175840.0,175840.0,175840.0,0.0,175840.0,175840.0,1,3.0,3.0,3.0,3.0,0.0,3.0,3.0,1,3.0,3.0,3.0,3.0,0.0,3.0,3.0,1,2.0,2.0,2.0,2.0,0.0,2.0,2.0,1,1.0,1.0,1.0,1.0,0.0,1.0,1.0,1,100.0,100.0,100.0,100.0,0.0,100.0,100.0,1,2.0976941747573,2.0976941747573,2.0976941747573,2.0976941747573,0.0,2.0976941747573,2.0976941747573,1,100.0,100.0,100.0,100.0,0.0,100.0,100.0,,,,,,,,,,,,,,,,,,,,,,,,,,,,,,,,
phase2,R5_vos,real_steady_cold,startup,real_2692,2692,home_to_library,PASS,3,3,0,0,3,42.593,41.933,43.153,42.55133333333333,0.7633533476269901,41.768,43.293,3,13763.309570312,13753.4744140624,13813.5431640624,13780.142252603999,40.27379914312825,13751.015625,13826.1015625,3,3638.7236328125,3631.2369140625,3692.3705078125004,3657.95703125,41.68131338307167,3629.365234375,3705.7822265625,3,174960.0,174793.6,175420.80000000002,175082.66666666666,406.13954908791305,174752.0,175536.0,3,3.0,3.0000000000000004,3.0,3.0,0.0,3.0,3.0,3,3.0,3.0000000000000004,3.0,3.0,0.0,3.0,3.0,3,2.0,2.0,2.0,2.0,0.0,2.0,2.0,3,1.0,1.0,1.0,1.0,0.0,1.0,1.0,3,100.0,100.0,100.0,100.0,0.0,100.0,100.0,3,2.0976941747573,2.0976941747573,2.0976941747573,2.0976941747573,0.0,2.0976941747573,2.0976941747573,3,100.0,100.0,100.0,100.0,0.0,100.0,100.0,,,,,,,,,,,,,,,,,,,,,,,,,,,,,,,,
phase2,R5_vos,real_steady_cold,startup,real_2692,2692,library_first_render,PASS,3,3,0,0,3,41.118,40.8532,41.2196,41.050000000000004,0.2364508405567633,40.787,41.245,3,16708.509765625,16664.6917968754,16758.787109374603,16711.201171875,58.85574152947326,16653.737304688,16771.356445312,3,2934.6923828125,2892.1994140625,2945.8525390625,2921.6370442708335,35.38795148282329,2881.576171875,2948.642578125,3,175408.0,175305.6,176828.8,175957.33333333334,1064.2505970556622,175280.0,177184.0,3,3.0,3.0000000000000004,3.0,3.0,0.0,3.0,3.0,3,3.0,3.0000000000000004,3.0,3.0,0.0,3.0,3.0,3,2.0,2.0,2.0,2.0,0.0,2.0,2.0,3,1.0,1.0,1.0,1.0,0.0,1.0,1.0,3,100.0,100.0,100.0,100.0,0.0,100.0,100.0,3,2.0976941747573,2.0976941747573,2.0976941747573,2.0976941747573,0.0,2.0976941747573,2.0976941747573,3,100.0,100.0,100.0,100.0,0.0,100.0,100.0,,,,,,,,,,,,,,,,,,,,,,,,,,,,,,,,
phase2,R5_vos,warm,real,real_2692,2692,change_sort_mode,PASS,1,10,0,0,10,63.897999999999996,46.5518,96.2765,69.9679,21.721507060719542,45.83,96.767,10,32872.382324219,29384.734765624602,39453.538671875,33760.901464843795,4507.592134819168,29383.428710938,42232.548828125,10,3027.09033203125,-7041.869238281301,3436.2252929687497,-122.10419921880002,5319.209241545505,-12166.772460938,3537.138671875,10,223248.0,220416.0,223248.0,222398.4,1367.985964840283,220416.0,223248.0,10,7.5,6.8999999999999995,9.2,8.0,1.4907119849998598,6.0,11.0,10,7.5,6.8999999999999995,9.2,8.0,1.4907119849998598,6.0,11.0,10,3.5,2.9000000000000004,5.199999999999999,4.0,1.4907119849998598,2.0,7.0,10,4.0,4.0,4.0,4.0,0.0,4.0,4.0,10,100.0,100.0,100.0,100.0,0.0,100.0,100.0,10,3.8907766990291,3.2907766990291,5.5907766990290995,4.3907766990291,1.4907119849998598,2.3907766990291,7.3907766990291,10,100.0,100.0,100.0,100.0,0.0,100.0,100.0,,,,,,,,,,,,,,,,,,,,,,,,,,,,,,,,
phase2,R5_vos,warm,real,real_2692,2692,close_book,PASS,1,10,0,0,10,44.2485,39.7493,49.9351,43.9091,4.329301854161297,35.549,50.206,10,32656.230957031497,31997.822851562996,33143.577343749996,32589.136523437697,580.2816096786696,31749.229492188,33794.892578125,10,2746.169921875,2163.634765625,2934.5519531249997,2710.101171875,457.8431772505754,2050.34375,3752.3935546875,10,353424.0,353424.0,353424.0,353424.0,0.0,353424.0,353424.0,10,8.0,8.0,8.0,8.0,0.0,8.0,8.0,10,8.0,8.0,8.0,8.0,0.0,8.0,8.0,10,4.0,4.0,4.0,4.0,0.0,4.0,4.0,10,4.0,4.0,4.0,4.0,0.0,4.0,4.0,10,100.0,100.0,100.0,100.0,0.0,100.0,100.0,10,4.3834951456311,4.3834951456311,4.3834951456311,4.3834951456311,0.0,4.3834951456311,4.3834951456311,10,100.0,100.0,100.0,100.0,0.0,100.0,100.0,,,,,,,,,,,,,,,,,,,,,,,,,,,,,,,,
phase2,R5_vos,warm,real,real_2692,2692,close_quick_settings,PASS,1,10,0,0,10,8.698,7.4497,9.304499999999999,8.4506,0.7748607330066193,7.438,9.552,10,38836.605957031,37301.466601563,40364.6473632812,38833.2481445312,1293.6646385575343,36894.381835938,40695.950195312,10,81.53173828125,54.229589843750006,117.76220703124999,79.45185546875,27.73726167722095,41.78515625,127.6279296875,10,353424.0,353424.0,353424.0,353424.0,0.0,353424.0,353424.0,10,3.0,3.0,3.0,3.0,0.0,3.0,3.0,10,3.0,3.0,3.0,3.0,0.0,3.0,3.0,10,3.0,3.0,3.0,3.0,0.0,3.0,3.0,10,0.0,0.0,0.0,0.0,0.0,0.0,0.0,10,100.0,100.0,100.0,100.0,0.0,100.0,100.0,10,3.0,3.0,3.0,3.0,0.0,3.0,3.0,10,100.0,100.0,100.0,100.0,0.0,100.0,100.0,,,,,,,,,,,,,,,,,,,,,,,,,,,,,,,,
phase2,R5_vos,warm,real,real_2692,2692,home_to_library,PASS,1,10,0,0,10,42.727999999999994,41.5865,48.760400000000004,44.183,3.4377741183633486,41.15,52.103,10,16753.432617187,13240.7385742187,22524.247460937997,16940.3162109375,4137.399386368949,10142.825195312,22591.170898438,10,2894.69873046875,-3996.8224609374997,3664.9115234375004,1243.023828125,4140.496583387887,-8936.6728515625,3780.974609375,10,185184.0,185184.0,185184.0,185184.0,0.0,185184.0,185184.0,10,3.0,3.0,3.0,3.0,0.0,3.0,3.0,10,3.0,3.0,3.0,3.0,0.0,3.0,3.0,10,2.0,2.0,2.0,2.0,0.0,2.0,2.0,10,1.0,1.0,1.0,1.0,0.0,1.0,1.0,10,100.0,100.0,100.0,100.0,0.0,100.0,100.0,10,2.0976941747573,2.0976941747573,2.0976941747573,2.0976941747573,0.0,2.0976941747573,2.0976941747573,10,100.0,100.0,100.0,100.0,0.0,100.0,100.0,,,,,,,,,,,,,,,,,,,,,,,,,,,,,,,,
phase2,R5_vos,warm,real,real_2692,2692,library_cached_paging,PASS,1,30,0,0,30,10.1135,8.052,22.803200000000004,12.311566666666666,5.81047043429498,6.756,27.137,30,12387.487792968499,11501.840429688002,13629.050878906299,12491.401171875033,782.9889765109573,11293.545898438,14166.521484375,30,362.82421875,-1647.4573242187498,613.9414062500001,-0.031998697916666666,972.9244376187659,-2740.4794921875,680.5771484375,30,187728.0,185212.8,187776.0,187390.93333333332,877.8449683775302,185184.0,187776.0,30,3.0,3.0,3.0,3.0,0.0,3.0,3.0,30,3.0,3.0,3.0,3.0,0.0,3.0,3.0,30,1.0,1.0,1.0,1.0,0.0,1.0,1.0,30,2.0,2.0,2.0,2.0,0.0,2.0,2.0,30,100.0,100.0,100.0,100.0,0.0,100.0,100.0,30,1.1953883495146,1.1953883495146,1.1953883495146,1.1953883495146,0.0,1.1953883495146,1.1953883495146,30,100.0,100.0,100.0,100.0,0.0,100.0,100.0,30,10.0,10.0,10.0,10.0,0.0,10.0,10.0,30,10.0,10.0,10.0,10.0,0.0,10.0,10.0,30,51.0,51.0,51.0,51.0,0.0,51.0,51.0,,,,,,,,
phase2,R5_vos,warm,real,real_2692,2692,library_first_render,PASS,1,10,0,0,10,42.8115,41.406400000000005,49.4473,45.0894,5.116797071085256,41.203,57.379,10,15271.634277343499,10215.3333007813,22547.9654296875,15966.9499023438,4519.545374670302,10174.791992188,22578.15234375,10,2900.94091796875,-9443.360644531249,3581.97255859375,-287.6873046875,5913.923243509671,-12362.580078125,3659.904296875,10,185184.0,185184.0,185184.0,185184.0,0.0,185184.0,185184.0,10,3.0,3.0,3.0,3.0,0.0,3.0,3.0,10,3.0,3.0,3.0,3.0,0.0,3.0,3.0,10,2.0,2.0,2.0,2.0,0.0,2.0,2.0,10,1.0,1.0,1.0,1.0,0.0,1.0,1.0,10,100.0,100.0,100.0,100.0,0.0,100.0,100.0,10,2.0976941747573,2.0976941747573,2.0976941747573,2.0976941747573,0.0,2.0976941747573,2.0976941747573,10,100.0,100.0,100.0,100.0,0.0,100.0,100.0,,,,,,,,,,,,,,,,,,,,,,,,,,,,,,,,
phase2,R5_vos,warm,real,real_2692,2692,library_folder_back,PASS,1,10,0,0,10,56.5775,50.098600000000005,94.19059999999999,66.7326,19.769985894447842,46.855,96.572,10,28847.477050781497,27146.235742187004,33405.4557617183,29486.1358398436,3144.4421360076212,23732.461914062,34485.892578125,10,3461.24267578125,-4938.993457031251,3823.6950195312497,632.57802734375,4019.049700707253,-5578.83984375,3837.11328125,10,211696.0,204656.0,218672.0,211728.0,5431.376171018825,204368.0,219824.0,10,12.0,9.0,14.1,11.7,2.2135943621178655,9.0,15.0,10,12.0,9.0,14.1,11.7,2.2135943621178655,9.0,15.0,10,6.0,3.0,8.1,5.7,2.2135943621178655,3.0,9.0,10,6.0,6.0,6.0,6.0,0.0,6.0,6.0,10,100.0,100.0,100.0,100.0,0.0,100.0,100.0,10,6.5861650485437,3.5861650485437,8.6861650485437,6.286165048543699,2.2135943621178655,3.5861650485437,9.5861650485437,10,100.0,100.0,100.0,100.0,0.0,100.0,100.0,,,,,,,,,,,,,,,,,,,,,,,,,,,,,,,,
phase2,R5_vos,warm,real,real_2692,2692,library_folder_enter,PASS,1,10,0,0,10,19.959,13.331800000000001,28.628499999999995,21.5537,8.012405923177994,12.682,41.179,10,20838.0751953125,16258.3415039063,25735.988085937,21370.5618164061,4243.8322178682,14891.709960938,28991.692382812,10,1630.48193359375,254.55507812500014,2768.2249023437503,1070.42099609375,2261.0012796866663,-5072.4306640625,2917.7294921875,10,195032.0,188814.4,197163.2,193608.0,4031.8042280514233,188800.0,200720.0,10,6.0,6.0,6.0,6.0,0.0,6.0,6.0,10,6.0,6.0,6.0,6.0,0.0,6.0,6.0,10,1.0,1.0,1.0,1.0,0.0,1.0,1.0,10,5.0,5.0,5.0,5.0,0.0,5.0,5.0,10,100.0,100.0,100.0,100.0,0.0,100.0,100.0,10,1.4884708737864,1.4884708737864,1.4884708737864,1.4884708737864,0.0,1.4884708737864,1.4884708737864,10,100.0,100.0,100.0,100.0,0.0,100.0,100.0,,,,,,,,,,,,,,,,,,,,,,,,,,,,,,,,
phase2,R5_vos,warm,real,real_2692,2692,library_sequential_paging,PASS,1,30,0,0,30,11.493500000000001,9.820699999999999,25.8545,13.8511,5.593798717607155,9.175,27.775,30,12015.522949218499,11070.965917969199,13472.4554687496,12162.9104166668,982.5808418055441,10597.389648438,14567.3515625,30,376.1591796875,-1168.3142578124998,448.4890625,56.607356770833334,941.0235782910519,-3586.1455078125,575.3876953125,30,185184.0,185184.0,185184.0,185184.0,0.0,185184.0,185184.0,30,3.0,3.0,3.0,3.0,0.0,3.0,3.0,30,3.0,3.0,3.0,3.0,0.0,3.0,3.0,30,1.0,1.0,1.0,1.0,0.0,1.0,1.0,30,2.0,2.0,2.0,2.0,0.0,2.0,2.0,30,100.0,100.0,100.0,100.0,0.0,100.0,100.0,30,1.1953883495146,1.1953883495146,1.1953883495146,1.1953883495146,0.0,1.1953883495146,1.1953883495146,30,100.0,100.0,100.0,100.0,0.0,100.0,100.0,30,10.0,10.0,10.0,10.0,0.0,10.0,10.0,30,10.0,10.0,10.0,10.0,0.0,10.0,10.0,30,51.0,51.0,51.0,51.0,0.0,51.0,51.0,,,,,,,,
phase2,R5_vos,warm,real,real_2692,2692,open_book,PASS,1,10,0,0,10,117.975,110.88600000000001,137.50220000000002,120.2758,9.894215120182324,108.357,137.729,10,29357.358398438,28992.823632813,29534.363476562998,29288.821289063002,235.00981968232838,28972.682617188,29584.717773438,10,-2437.30322265625,-3135.9791015625,-2285.4419921874996,-2598.23251953125,391.12658364773995,-3340.5673828125,-2255.9072265625,10,353424.0,353424.0,353424.0,353424.0,0.0,353424.0,353424.0,10,9.0,8.899999999999999,9.0,8.9,0.31622776601683794,8.0,9.0,10,9.0,8.899999999999999,9.0,8.9,0.31622776601683794,8.0,9.0,10,9.0,8.899999999999999,9.0,8.9,0.31622776601683794,8.0,9.0,10,0.0,0.0,0.0,0.0,0.0,0.0,0.0,10,100.0,100.0,100.0,100.0,0.0,100.0,100.0,10,9.0,8.899999999999999,9.0,8.9,0.31622776601683794,8.0,9.0,10,100.0,100.0,100.0,100.0,0.0,100.0,100.0,,,,,,,,,,,,,,,,,,,,,,,,,,,,,,,,
phase2,R5_vos,warm,real,real_2692,2692,open_book_minimal,PASS,1,10,0,0,10,140.15050000000002,127.511,189.77609999999999,153.52429999999998,29.271411263286307,122.804,201.243,10,30804.946289063,29987.260742188,31809.7264648437,30870.856835937797,809.7520342948893,29935.299804688,31871.125976562,10,-2565.08251953125,-4340.47705078125,1299.46357421875,-1573.47763671875,2522.4663764047036,-4595.6455078125,1413.5869140625,10,347472.0,318716.8,352672.0,341448.0,14142.023491864396,314080.0,352672.0,10,0.0,0.0,0.0,0.0,0.0,0.0,0.0,10,0.0,0.0,0.0,0.0,0.0,0.0,0.0,10,0.0,0.0,0.0,0.0,0.0,0.0,0.0,10,0.0,0.0,0.0,0.0,0.0,0.0,0.0,10,0.0,0.0,0.0,0.0,0.0,0.0,0.0,10,0.0,0.0,0.0,0.0,0.0,0.0,0.0,10,0.0,0.0,0.0,0.0,0.0,0.0,0.0,,,,,,,,,,,,,,,,,,,,,,,,,,,,,,,,
phase2,R5_vos,warm,real,real_2692,2692,open_quick_settings,PASS,1,10,0,0,10,8.44,8.0559,9.1976,8.4902,0.47950108330314445,7.686,9.221,10,33933.5278320315,32488.3396484375,35144.455859375,33861.8263671875,1126.788020262979,32027.404296875,35449.759765625,10,315.3212890625,304.0861328125,370.16572265624995,325.7994140625,31.115335628685408,294.2001953125,393.9814453125,10,353424.0,353424.0,353424.0,353424.0,0.0,353424.0,353424.0,10,3.0,3.0,3.0,3.0,0.0,3.0,3.0,10,3.0,3.0,3.0,3.0,0.0,3.0,3.0,10,3.0,3.0,3.0,3.0,0.0,3.0,3.0,10,0.0,0.0,0.0,0.0,0.0,0.0,0.0,10,100.0,100.0,100.0,100.0,0.0,100.0,100.0,10,3.0,3.0,3.0,3.0,0.0,3.0,3.0,10,100.0,100.0,100.0,100.0,0.0,100.0,100.0,,,,,,,,,,,,,,,,,,,,,,,,,,,,,,,,
phase2,R5_vos,warm,real,real_2692,2692,repeated_nav,PASS,1,1,0,0,1,708.333,708.333,708.333,708.333,0.0,708.333,708.333,1,30173.724609375,30173.724609375,30173.724609375,30173.724609375,0.0,30173.724609375,30173.724609375,1,-11439.051757812,-11439.051757812,-11439.051757812,-11439.051757812,0.0,-11439.051757812,-11439.051757812,1,353424.0,353424.0,353424.0,353424.0,0.0,353424.0,353424.0,1,92.0,92.0,92.0,92.0,0.0,92.0,92.0,1,92.0,92.0,92.0,92.0,0.0,92.0,92.0,1,32.0,32.0,32.0,32.0,0.0,32.0,32.0,1,60.0,60.0,60.0,60.0,0.0,60.0,60.0,1,100.0,100.0,100.0,100.0,0.0,100.0,100.0,1,37.861650485437,37.861650485437,37.861650485437,37.861650485437,0.0,37.861650485437,37.861650485437,1,100.0,100.0,100.0,100.0,0.0,100.0,100.0,,,,,,,,,,,,,,,,,,,,,,,,,,,,,,,,
phase2,R5_vos,warm,real,real_2692,2692,start_to_home,UNSUPPORTED,1,0,0,10,,,,,,,,,,,,,,,,,,,,,,,,,,,,,,,,,,,,,,,,,,,,,,,,,,,,,,,,,,,,,,,,,,,,,,,,,,,,,,,,,,,,,,,,,,,,,,,,,,,,,,,,,,,,,,,,,,,,,,,,
phase2,R6_simpleui_bookshelf,paging,paging,real_2692,2692,bookshelf_cached_paging,PASS,3,90,0,0,90,171.52550000000002,162.0997,195.3314,175.12085555555555,12.27687774929099,160.071,214.378,90,36314.53125,23534.0485351558,45157.15888671921,35145.48090277779,8360.226812119667,21899.048828125,46947.3046875,90,1160.92822265625,182.50751953125138,2126.342187500001,-227.20147569443336,6032.174708074114,-24675.4921875,3480.4345703125,90,232640.0,231376.0,232819.2,232296.0,663.3244160279919,231376.0,233040.0,90,0.0,0.0,0.0,0.0,0.0,0.0,0.0,90,8.0,8.0,8.0,8.0,0.0,8.0,8.0,90,0.0,0.0,0.0,0.0,0.0,0.0,0.0,90,8.0,8.0,8.0,8.0,0.0,8.0,8.0,90,64.563106796117,64.563106796117,64.563106796117,64.563106796117,0.0,64.563106796117,64.563106796117,90,1.2102970748107,1.2102970748107,1.2102970748107,1.2102970748107,0.0,1.2102970748107,1.2102970748107,90,64.563106796117,64.563106796117,64.563106796117,64.563106796117,0.0,64.563106796117,64.563106796117,90,8.0,8.0,8.0,8.0,0.0,8.0,8.0,90,8.0,8.0,8.0,8.0,0.0,8.0,8.0,90,64.0,64.0,64.0,64.0,0.0,64.0,64.0,,,,,,,,
phase2,R6_simpleui_bookshelf,paging,paging,real_2692,2692,bookshelf_cached_paging_anim_off,PASS,3,90,0,0,90,16.249499999999998,8.931899999999999,19.6551,14.577333333333334,5.069932136150201,8.228,30.145,90,34813.375976562,24600.527929687498,45725.604296875004,35122.78740234375,7627.9444509353,22534.352539062,48177.310546875,90,845.1005859375,779.803515625,1063.13046875,17.120551215266683,3868.8041143082132,-23075.68359375,1116.107421875,90,237560.0,232640.0,238800.0,236290.66666666666,2676.493563928897,232640.0,238800.0,90,1.0,1.0,1.0,1.0,0.0,1.0,1.0,90,1.0,1.0,1.0,1.0,0.0,1.0,1.0,90,0.0,0.0,0.0,0.0,0.0,0.0,0.0,90,1.0,1.0,1.0,1.0,0.0,1.0,1.0,90,64.563106796117,64.563106796117,64.563106796117,64.563106796117,0.0,64.563106796117,64.563106796117,90,0.64563106796117,0.64563106796117,0.64563106796117,0.64563106796117,0.0,0.64563106796117,0.64563106796117,90,64.563106796117,64.563106796117,64.563106796117,64.563106796117,0.0,64.563106796117,64.563106796117,90,8.0,8.0,8.0,8.0,0.0,8.0,8.0,90,8.0,8.0,8.0,8.0,0.0,8.0,8.0,90,64.0,64.0,64.0,64.0,0.0,64.0,64.0,,,,,,,,
phase2,R6_simpleui_bookshelf,paging,paging,real_2692,2692,bookshelf_sequential_paging,PASS,3,90,0,0,90,173.165,169.5873,199.8038,178.54181111111112,11.199449864994568,167.997,204.321,90,31152.276855468503,21879.5071289063,42385.150976562,31712.14799262151,7660.194493488747,18169.98828125,46075.004882812,90,1779.1728515625,-1706.08349609375,2945.196875000004,301.6836046007111,5523.068142969045,-23251.180664062,3748.4541015625,90,222336.0,210464.0,226689.6,219985.6,6626.003735368974,208128.0,228048.0,90,0.0,0.0,0.0,0.0,0.0,0.0,0.0,90,8.0,8.0,8.0,8.0,0.0,8.0,8.0,90,0.0,0.0,0.0,0.0,0.0,0.0,0.0,90,8.0,8.0,8.0,8.0,0.0,8.0,8.0,90,64.563106796117,64.563106796117,64.563106796117,64.563106796117,0.0,64.563106796117,64.563106796117,90,1.2102970748107,1.2102970748107,1.2102970748107,1.2102970748107,0.0,1.2102970748107,1.2102970748107,90,64.563106796117,64.563106796117,64.563106796117,64.563106796117,0.0,64.563106796117,64.563106796117,90,8.0,8.0,8.0,8.0,0.0,8.0,8.0,90,8.0,8.0,8.0,8.0,0.0,8.0,8.0,90,64.0,64.0,64.0,64.0,0.0,64.0,64.0,,,,,,,,
phase2,R6_simpleui_bookshelf,paging,paging,real_2692,2692,bookshelf_sequential_paging_anim_off,PASS,3,90,0,0,90,31.087,26.2212,41.16720000000001,31.879088888888887,7.347292201120029,9.271,55.452,90,35427.808105469,25021.399999999998,45130.9851562496,35357.690917968735,7290.4219220295745,22473.376953125,47450.803710938,90,1669.01611328125,-816.1427734374996,1902.2633789062504,-73.62050781250556,5791.169615158643,-24980.098632812,2083.484375,90,235392.0,232640.0,238800.0,235561.06666666668,2406.6772132940396,232640.0,238800.0,90,1.0,1.0,1.0,1.0,0.0,1.0,1.0,90,1.0,1.0,1.0,1.0,0.0,1.0,1.0,90,0.0,0.0,0.0,0.0,0.0,0.0,0.0,90,1.0,1.0,1.0,1.0,0.0,1.0,1.0,90,64.563106796117,64.563106796117,64.563106796117,64.563106796117,0.0,64.563106796117,64.563106796117,90,0.64563106796117,0.64563106796117,0.64563106796117,0.64563106796117,0.0,0.64563106796117,0.64563106796117,90,64.563106796117,64.563106796117,64.563106796117,64.563106796117,0.0,64.563106796117,64.563106796117,90,8.0,8.0,8.0,8.0,0.0,8.0,8.0,90,8.0,8.0,8.0,8.0,0.0,8.0,8.0,90,64.0,64.0,64.0,64.0,0.0,64.0,64.0,,,,,,,,
phase2,R6_simpleui_bookshelf,paging,paging,real_2692,2692,close_bookshelf,PASS,3,3,0,0,3,19.886,19.0996,21.4052,20.191333333333333,1.4650605220718138,18.903,21.785,3,30111.868164062,29283.0314453124,33644.2798828124,31238.35774739567,2895.10141188188,29075.822265625,34527.3828125,3,740.3046875,723.7257812500001,749.4976562500001,737.2272135416666,16.326425632464485,719.5810546875,751.7958984375,3,243776.0,234867.2,244364.8,240309.33333333334,6652.024453753408,232640.0,244512.0,3,6.0,6.000000000000001,6.0,6.0,0.0,6.0,6.0,3,6.0,6.000000000000001,6.0,6.0,0.0,6.0,6.0,3,5.0,5.0,5.0,5.0,0.0,5.0,5.0,3,1.0,1.0,1.0,1.0,0.0,1.0,1.0,3,100.0,100.0,100.0,100.0,0.0,100.0,100.0,3,5.0625,5.0625,5.0625,5.0625,0.0,5.0625,5.0625,3,100.0,100.0,100.0,100.0,0.0,100.0,100.0,,,,,,,,,,,,,,,,,,,,,,,,,,,,,,,,
phase2,R6_simpleui_bookshelf,paging,paging,real_2692,2692,library_cached_paging,PASS,3,90,0,0,90,32.1075,10.6143,51.553900000000006,27.654688888888888,15.61987496507556,9.52,58.074,90,17347.595703125,14373.288867187,19349.505859375,17089.14902343739,1957.6534432007604,13929.024414062,20858.4609375,90,573.87744140625,-4693.73916015625,2314.45595703125,92.44857855902778,2417.375193424538,-6840.0341796875,2383.05078125,90,197712.0,196350.4,197744.0,197530.84444444443,464.16318108683953,196128.0,197776.0,90,2.0,2.0,2.0,2.0,0.0,2.0,2.0,90,2.0,2.0,2.0,2.0,0.0,2.0,2.0,90,1.0,1.0,1.0,1.0,0.0,1.0,1.0,90,1.0,1.0,1.0,1.0,0.0,1.0,1.0,90,100.0,100.0,100.0,100.0,0.0,100.0,100.0,90,1.0983009708738,1.0983009708738,1.0983009708738,1.0983009708738,0.0,1.0983009708738,1.0983009708738,90,100.0,100.0,100.0,100.0,0.0,100.0,100.0,90,8.0,8.0,8.0,8.0,0.0,8.0,8.0,90,8.0,8.0,8.0,8.0,0.0,8.0,8.0,90,64.0,64.0,64.0,64.0,0.0,64.0,64.0,,,,,,,,
phase2,R6_simpleui_bookshelf,paging,paging,real_2692,2692,library_sequential_paging,PASS,3,90,0,0,90,18.573999999999998,16.5485,33.5644,20.588255555555556,6.342025272098423,11.076,37.834,90,14984.459472656501,13698.393164062,19411.1986328125,15800.132367621445,2124.546452131221,13621.797851562,20435.688476562,90,410.9365234375,-1670.9447265625,456.689453125,-102.81436631944445,1100.2914930658799,-4738.59375,471.498046875,90,186096.0,184784.0,186256.0,185712.0,663.1325049348159,184784.0,186256.0,90,2.0,2.0,2.0,2.0,0.0,2.0,2.0,90,2.0,2.0,2.0,2.0,0.0,2.0,2.0,90,1.0,1.0,1.0,1.0,0.0,1.0,1.0,90,1.0,1.0,1.0,1.0,0.0,1.0,1.0,90,100.0,100.0,100.0,100.0,0.0,100.0,100.0,90,1.0983009708738,1.0983009708738,1.0983009708738,1.0983009708738,0.0,1.0983009708738,1.0983009708738,90,100.0,100.0,100.0,100.0,0.0,100.0,100.0,90,8.0,8.0,8.0,8.0,0.0,8.0,8.0,90,8.0,8.0,8.0,8.0,0.0,8.0,8.0,90,64.0,64.0,64.0,64.0,0.0,64.0,64.0,,,,,,,,
phase2,R6_simpleui_bookshelf,paging,paging,real_2692,2692,open_bookshelf,PASS,3,3,0,0,3,135.414,134.2164,137.2124,135.66433333333333,1.8850083112106817,133.917,137.662,3,18001.94140625,17921.338281250002,18013.15703125,17973.029947916668,62.611019845644215,17901.1875,18015.9609375,3,-1333.638671875,-1354.954296875,-1022.664453125,-1212.9475911458333,232.4999220741989,-1360.283203125,-944.9208984375,3,210464.0,208595.2,210758.4,209808.0,1466.5115069442859,208128.0,210832.0,3,1.0,1.0,1.0,1.0,0.0,1.0,1.0,3,1.0,1.0,1.0,1.0,0.0,1.0,1.0,3,1.0,1.0,1.0,1.0,0.0,1.0,1.0,3,0.0,0.0,0.0,0.0,0.0,0.0,0.0,3,100.0,100.0,100.0,100.0,0.0,100.0,100.0,3,1.0,1.0,1.0,1.0,0.0,1.0,1.0,3,100.0,100.0,100.0,100.0,0.0,100.0,100.0,,,,,,,,,,,,,,,,,3,64.0,64.0,64.0,64.0,0.0,64.0,64.0,,,,,,,,
phase2,R6_simpleui_bookshelf,paging,paging,real_2692,2692,paging_probe_step_2_to_3,PASS,3,3,0,0,3,14.235,12.743,14.608600000000001,13.769,1.233865065556198,12.37,14.702,3,14630.166015625,14319.562890625,14666.5277343746,14515.898763020667,238.36524333750424,14241.912109375,14675.618164062,3,397.7294921875,389.56699218750003,412.4326171875,400.4547526041667,14.484592187838143,387.5263671875,416.1083984375,3,189152.0,188768.0,189459.2,189120.0,432.88797627099785,188672.0,189536.0,3,2.0,2.0,2.0,2.0,0.0,2.0,2.0,3,2.0,2.0,2.0,2.0,0.0,2.0,2.0,3,1.0,1.0,1.0,1.0,0.0,1.0,1.0,3,1.0,1.0,1.0,1.0,0.0,1.0,1.0,3,100.0,100.0,100.0,100.0,0.0,100.0,100.0,3,1.0983009708738,1.0983009708738,1.0983009708738,1.0983009708738,0.0,1.0983009708738,1.0983009708738,3,100.0,100.0,100.0,100.0,0.0,100.0,100.0,3,8.0,8.0,8.0,8.0,0.0,8.0,8.0,3,8.0,8.0,8.0,8.0,0.0,8.0,8.0,3,64.0,64.0,64.0,64.0,0.0,64.0,64.0,,,,,,,,
phase2,R6_simpleui_bookshelf,real_first_run,startup,real_2692,2692,home_to_library,PASS,1,1,0,0,1,42.253,42.253,42.253,42.253,0.0,42.253,42.253,1,15926.63671875,15926.63671875,15926.63671875,15926.63671875,0.0,15926.63671875,15926.63671875,1,2505.4091796875,2505.4091796875,2505.4091796875,2505.4091796875,0.0,2505.4091796875,2505.4091796875,1,182480.0,182480.0,182480.0,182480.0,0.0,182480.0,182480.0,1,6.0,6.0,6.0,6.0,0.0,6.0,6.0,1,6.0,6.0,6.0,6.0,0.0,6.0,6.0,1,4.0,4.0,4.0,4.0,0.0,4.0,4.0,1,2.0,2.0,2.0,2.0,0.0,2.0,2.0,1,100.0,100.0,100.0,100.0,0.0,100.0,100.0,1,4.1966019417476,4.1966019417476,4.1966019417476,4.1966019417476,0.0,4.1966019417476,4.1966019417476,1,100.0,100.0,100.0,100.0,0.0,100.0,100.0,,,,,,,,,,,,,,,,,,,,,,,,,,,,,,,,
phase2,R6_simpleui_bookshelf,real_first_run,startup,real_2692,2692,library_first_render,PASS,1,1,0,0,1,131.512,131.512,131.512,131.512,0.0,131.512,131.512,1,17496.075195312,17496.075195312,17496.075195312,17496.075195312,0.0,17496.075195312,17496.075195312,1,1555.9580078125,1555.9580078125,1555.9580078125,1555.9580078125,0.0,1555.9580078125,1555.9580078125,1,182480.0,182480.0,182480.0,182480.0,0.0,182480.0,182480.0,1,8.0,8.0,8.0,8.0,0.0,8.0,8.0,1,8.0,8.0,8.0,8.0,0.0,8.0,8.0,1,3.0,3.0,3.0,3.0,0.0,3.0,3.0,1,5.0,5.0,5.0,5.0,0.0,5.0,5.0,1,100.0,100.0,100.0,100.0,0.0,100.0,100.0,1,3.4915048543689,3.4915048543689,3.4915048543689,3.4915048543689,0.0,3.4915048543689,3.4915048543689,1,100.0,100.0,100.0,100.0,0.0,100.0,100.0,,,,,,,,,,,,,,,,,,,,,,,,,,,,,,,,
phase2,R6_simpleui_bookshelf,real_steady_cold,startup,real_2692,2692,home_to_library,PASS,3,3,0,0,3,33.692,32.6072,33.943200000000004,33.34466666666666,0.8875276521513766,32.336,34.006,3,15823.412109375,15793.351953124602,15840.8128906254,15818.137369791666,30.01276104624788,15785.836914062,15845.163085938,3,2520.3740234375,2488.0373046875,2597.4193359375004,2539.0026041666665,70.24153329412148,2479.953125,2616.6806640625,3,184352.0,181139.2,184390.4,183029.33333333334,2332.618557187037,180336.0,184400.0,3,4.0,4.0,4.0,4.0,0.0,4.0,4.0,3,4.0,4.0,4.0,4.0,0.0,4.0,4.0,3,2.0,2.0,2.0,2.0,0.0,2.0,2.0,3,2.0,2.0,2.0,2.0,0.0,2.0,2.0,3,100.0,100.0,100.0,100.0,0.0,100.0,100.0,3,2.1966019417476,2.1966019417476,2.1966019417476,2.1966019417476,0.0,2.1966019417476,2.1966019417476,3,100.0,100.0,100.0,100.0,0.0,100.0,100.0,,,,,,,,,,,,,,,,,,,,,,,,,,,,,,,,
phase2,R6_simpleui_bookshelf,real_steady_cold,startup,real_2692,2692,library_first_render,PASS,3,3,0,0,3,114.34,110.74080000000001,115.1232,113.16666666666667,2.921413071329243,109.841,115.319,3,17253.774414062,17193.212695312403,17268.3830078124,17234.62727864567,49.82184058864158,17178.072265625,17272.03515625,3,1415.5361328125,1389.2017578125,1415.5595703125,1404.5732421875,19.013661041021567,1382.6181640625,1415.5654296875,3,184400.0,184361.6,184796.80000000002,184549.33333333334,301.17990194123735,184352.0,184896.0,3,8.0,8.0,8.0,8.0,0.0,8.0,8.0,3,8.0,8.0,8.0,8.0,0.0,8.0,8.0,3,3.0,3.0000000000000004,3.0,3.0,0.0,3.0,3.0,3,5.0,5.0,5.0,5.0,0.0,5.0,5.0,3,100.0,100.0,100.0,100.0,0.0,100.0,100.0,3,3.4915048543689,3.4915048543689005,3.4915048543689,3.4915048543689,0.0,3.4915048543689,3.4915048543689,3,100.0,100.0,100.0,100.0,0.0,100.0,100.0,,,,,,,,,,,,,,,,,,,,,,,,,,,,,,,,
phase2,R6_simpleui_bookshelf,warm,real,real_2692,2692,bookshelf_cached_paging,PASS,1,30,0,0,30,176.623,165.9071,185.49620000000002,176.7556,8.210516450638591,164.539,191.046,30,143243.87451172,124744.519726567,159965.929199216,142822.52161458333,13404.633612135305,119446.5703125,164445.11523438,30,1561.46630859375,1090.62275390625,1956.2101562500002,1542.2483072916666,299.29084461372264,1010.6630859375,2073.78125,30,421552.0,408448.0,439816.0,422637.3333333333,12408.63562850161,408448.0,444864.0,30,0.0,0.0,0.0,0.0,0.0,0.0,0.0,30,8.0,8.0,8.0,8.0,0.0,8.0,8.0,30,0.0,0.0,0.0,0.0,0.0,0.0,0.0,30,8.0,8.0,8.0,8.0,0.0,8.0,8.0,30,64.563106796117,64.563106796117,64.563106796117,64.563106796117,0.0,64.563106796117,64.563106796117,30,1.2102970748107,1.2102970748107,1.2102970748107,1.2102970748107,0.0,1.2102970748107,1.2102970748107,30,64.563106796117,64.563106796117,64.563106796117,64.563106796117,0.0,64.563106796117,64.563106796117,30,8.0,8.0,8.0,8.0,0.0,8.0,8.0,30,8.0,8.0,8.0,8.0,0.0,8.0,8.0,30,64.0,64.0,64.0,64.0,0.0,64.0,64.0,,,,,,,,
phase2,R6_simpleui_bookshelf,warm,real,real_2692,2692,bookshelf_cached_paging_anim_off,PASS,1,30,0,0,30,18.6795,11.6395,24.1983,17.70456666666667,5.2764951382217875,9.705,24.981,30,135964.375,121670.669140627,150976.678125,136152.06774088534,11234.565932371406,117663.33300781,154847.50390625,30,1423.95361328125,949.8207031249999,1544.4105468750001,1269.6573893229167,282.3270875743507,926.8046875,1609.990234375,30,479232.0,479232.0,479232.0,479232.0,0.0,479232.0,479232.0,30,1.0,1.0,1.0,1.0,0.0,1.0,1.0,30,1.0,1.0,1.0,1.0,0.0,1.0,1.0,30,0.0,0.0,0.0,0.0,0.0,0.0,0.0,30,1.0,1.0,1.0,1.0,0.0,1.0,1.0,30,64.563106796117,64.563106796117,64.563106796117,64.563106796117,0.0,64.563106796117,64.563106796117,30,0.64563106796117,0.64563106796117,0.64563106796117,0.64563106796117,0.0,0.64563106796117,0.64563106796117,30,64.563106796117,64.563106796117,64.563106796117,64.563106796117,0.0,64.563106796117,64.563106796117,30,8.0,8.0,8.0,8.0,0.0,8.0,8.0,30,8.0,8.0,8.0,8.0,0.0,8.0,8.0,30,64.0,64.0,64.0,64.0,0.0,64.0,64.0,,,,,,,,
phase2,R6_simpleui_bookshelf,warm,real,real_2692,2692,bookshelf_first_render,PASS,1,10,0,0,10,28.019,24.8973,88.8142,40.0028,27.40913253238376,22.821,95.278,10,71844.9487304685,68395.92832031299,81907.01962890668,73332.4852539063,5245.5931904664385,68326.631835938,83466.595703125,10,1701.6943359375,-6487.5090820313,1833.78896484375,-652.34238281255,5559.723581410906,-15065.592773438,2002.8193359375,10,393728.0,391624.0,393731.2,393233.6,1015.3089513378018,390976.0,393760.0,10,1.0,1.0,1.0,1.0,0.0,1.0,1.0,10,1.0,1.0,1.0,1.0,0.0,1.0,1.0,10,1.0,1.0,1.0,1.0,0.0,1.0,1.0,10,0.0,0.0,0.0,0.0,0.0,0.0,0.0,10,100.0,100.0,100.0,100.0,0.0,100.0,100.0,10,1.0,1.0,1.0,1.0,0.0,1.0,1.0,10,100.0,100.0,100.0,100.0,0.0,100.0,100.0,,,,,,,,,,,,,,,,,10,64.0,64.0,64.0,64.0,0.0,64.0,64.0,,,,,,,,
phase2,R6_simpleui_bookshelf,warm,real,real_2692,2692,bookshelf_sequential_paging,PASS,1,30,0,0,30,191.111,174.9866,203.76430000000002,192.06666666666666,15.322476054371291,173.662,251.016,30,92869.623046875,81210.84433593751,106772.026269533,93126.24049479152,9680.55339998631,76927.31640625,112489.8828125,30,1887.3359375,1650.51298828125,2230.66064453125,1246.9252278646002,2951.238342304833,-13092.168945312,2615.44921875,30,408368.0,393760.0,408448.0,404094.93333333335,6141.863038330405,393760.0,408448.0,30,0.0,0.0,0.0,0.0,0.0,0.0,0.0,30,8.0,8.0,8.0,8.0,0.0,8.0,8.0,30,0.0,0.0,0.0,0.0,0.0,0.0,0.0,30,8.0,8.0,8.0,8.0,0.0,8.0,8.0,30,64.563106796117,64.563106796117,64.563106796117,64.563106796117,0.0,64.563106796117,64.563106796117,30,1.2102970748107,1.2102970748107,1.2102970748107,1.2102970748107,0.0,1.2102970748107,1.2102970748107,30,64.563106796117,64.563106796117,64.563106796117,64.563106796117,0.0,64.563106796117,64.563106796117,30,8.0,8.0,8.0,8.0,0.0,8.0,8.0,30,8.0,8.0,8.0,8.0,0.0,8.0,8.0,30,64.0,64.0,64.0,64.0,0.0,64.0,64.0,,,,,,,,
phase2,R6_simpleui_bookshelf,warm,real,real_2692,2692,bookshelf_sequential_paging_anim_off,PASS,1,30,0,0,30,40.679,31.959999999999997,60.03590000000001,43.87236666666667,12.868378571825438,21.898,79.131,30,109367.19726562,88706.2020507813,179922.58349609099,130059.69602864549,39151.29156369427,83177.25,185228.37109375,30,1782.42333984375,-348.51708984379525,2018.79248046875,-1782.2075520833669,11956.731888188633,-48022.0,2256.8203125,30,476312.0,458105.60000000003,479216.0,472123.2,8692.411301502176,451216.0,479232.0,30,3.0,1.0,7.0,3.3666666666666667,2.3850588561137096,1.0,9.0,30,3.0,1.0,7.0,3.3666666666666667,2.3850588561137096,1.0,9.0,30,2.0,0.0,6.0,2.3666666666666667,2.3850588561137096,0.0,8.0,30,1.0,1.0,1.0,1.0,0.0,1.0,1.0,30,100.0,64.563106796117,100.0,88.18770226537234,16.990689809918717,64.563106796117,100.0,30,2.6456310679612,0.64563106796117,6.6456310679612,3.0122977346278565,2.38505885611372,0.64563106796117,8.6456310679612,30,100.0,64.563106796117,100.0,88.18770226537234,16.990689809918717,64.563106796117,100.0,30,8.0,8.0,8.0,8.0,0.0,8.0,8.0,30,8.0,8.0,8.0,8.0,0.0,8.0,8.0,30,64.0,64.0,64.0,64.0,0.0,64.0,64.0,,,,,,,,
phase2,R6_simpleui_bookshelf,warm,real,real_2692,2692,change_sort_mode,PASS,1,10,0,0,10,98.383,69.88300000000001,117.08979999999998,95.0375,21.205130685494225,67.966,133.765,10,22886.748535156497,22691.359179688,29127.1130859375,25291.8813476565,3253.9687393489994,22645.698242188,29137.25390625,10,-3146.37109375,-6369.48115234375,6360.448828125,-633.73642578125,6251.826162554814,-6451.6650390625,6386.8212890625,10,225744.0,225744.0,225744.0,225744.0,0.0,225744.0,225744.0,10,9.0,9.0,9.0,9.0,0.0,9.0,9.0,10,9.0,9.0,9.0,9.0,0.0,9.0,9.0,10,3.0,3.0,3.0,3.0,0.0,3.0,3.0,10,6.0,6.0,6.0,6.0,0.0,6.0,6.0,10,100.0,100.0,100.0,100.0,0.0,100.0,100.0,10,3.5898058252427,3.5898058252427,3.5898058252427,3.5898058252427,0.0,3.5898058252427,3.5898058252427,10,100.0,100.0,100.0,100.0,0.0,100.0,100.0,,,,,,,,,,,,,,,,,,,,,,,,,,,,,,,,
phase2,R6_simpleui_bookshelf,warm,real,real_2692,2692,close_book,PASS,1,10,0,0,10,222.9725,214.9654,227.5463,221.8659,5.073905014877593,211.549,227.567,10,60327.5595703125,56189.5829101558,65160.848437500405,60442.7537109375,3657.30849248746,55079.3828125,65829.079101562,10,-146.28076171875,-292.38017578125,151.86621093749986,-78.6826171875,265.56127388936636,-363.9609375,534.97265625,10,371200.0,366416.0,378256.0,372158.4,4377.860745970697,366416.0,378256.0,10,29.0,28.900000000000002,29.0,28.9,0.31622776601683794,28.0,29.0,10,29.0,28.900000000000002,29.0,28.9,0.31622776601683794,28.0,29.0,10,22.0,22.0,22.0,22.0,0.0,22.0,22.0,10,7.0,6.8999999999999995,7.0,6.9,0.31622776601683794,6.0,7.0,10,100.0,100.0,100.0,100.0,0.0,100.0,100.0,10,22.688106796117,22.6782766990296,22.688106796117,22.678276699029603,0.031085496416771247,22.589805825243,22.688106796117,10,100.0,100.0,100.0,100.0,0.0,100.0,100.0,,,,,,,,,,,,,,,,,,,,,,,,,,,,,,,,
phase2,R6_simpleui_bookshelf,warm,real,real_2692,2692,close_bookshelf,PASS,1,10,0,0,10,21.085,18.6378,85.61789999999999,34.0055,29.057395812234947,18.204,93.096,10,73020.9750976565,68538.52421875,77209.63164062539,73008.5223632813,3187.5831863694775,68450.658203125,77595.926757812,10,867.34765625,-10615.6805664063,957.7911132812501,-1441.1840820313,4931.093753534072,-11018.315429688,984.783203125,10,479232.0,479232.0,479232.0,479232.0,0.0,479232.0,479232.0,10,5.0,5.0,5.0,5.0,0.0,5.0,5.0,10,5.0,5.0,5.0,5.0,0.0,5.0,5.0,10,4.0,4.0,4.0,4.0,0.0,4.0,4.0,10,1.0,1.0,1.0,1.0,0.0,1.0,1.0,10,100.0,100.0,100.0,100.0,0.0,100.0,100.0,10,4.0625,4.0625,4.0625,4.0625,0.0,4.0625,4.0625,10,100.0,100.0,100.0,100.0,0.0,100.0,100.0,,,,,,,,,,,,,,,,,,,,,,,,,,,,,,,,
phase2,R6_simpleui_bookshelf,warm,real,real_2692,2692,close_quick_settings,PASS,1,10,0,0,10,10.350999999999999,9.125599999999999,24.788499999999956,23.0525,40.659939712066574,9.059,138.742,10,74502.42578125,69563.1501953125,76634.65419921919,73646.06669921879,2979.2206647077755,69025.732421875,77026.1796875,10,204.81689453125,-719.9209960937497,282.55283203125,-637.68544921875,2708.565625440001,-8344.3896484375,344.806640625,10,479232.0,479232.0,479232.0,479232.0,0.0,479232.0,479232.0,10,3.0,3.0,3.0,3.0,0.0,3.0,3.0,10,3.0,3.0,3.0,3.0,0.0,3.0,3.0,10,3.0,3.0,3.0,3.0,0.0,3.0,3.0,10,0.0,0.0,0.0,0.0,0.0,0.0,0.0,10,100.0,100.0,100.0,100.0,0.0,100.0,100.0,10,3.0,3.0,3.0,3.0,0.0,3.0,3.0,10,100.0,100.0,100.0,100.0,0.0,100.0,100.0,,,,,,,,,,,,,,,,,,,,,,,,,,,,,,,,
phase2,R6_simpleui_bookshelf,warm,real,real_2692,2692,home_to_library,PASS,1,10,0,0,10,27.2605,25.511999999999997,41.126,30.3791,7.78083885009265,25.341,48.848,10,18048.0615234375,15807.405859375001,20357.5398437496,18224.2944335938,1746.0898639075251,15464.505859375,20890.190429688,10,1256.05908203125,-4025.2548828125,2215.45830078125,462.456640625,2734.3683819395824,-5342.2431640625,2226.2890625,10,187672.0,187513.6,187844.8,187684.8,150.48130190233675,187456.0,187888.0,10,4.0,4.0,4.0,4.0,0.0,4.0,4.0,10,4.0,4.0,4.0,4.0,0.0,4.0,4.0,10,2.0,2.0,2.0,2.0,0.0,2.0,2.0,10,2.0,2.0,2.0,2.0,0.0,2.0,2.0,10,100.0,100.0,100.0,100.0,0.0,100.0,100.0,10,2.1966019417476,2.1966019417476,2.1966019417476,2.1966019417476,0.0,2.1966019417476,2.1966019417476,10,100.0,100.0,100.0,100.0,0.0,100.0,100.0,,,,,,,,,,,,,,,,,,,,,,,,,,,,,,,,
phase2,R6_simpleui_bookshelf,warm,real,real_2692,2692,library_cached_paging,PASS,1,30,0,0,30,10.2775,7.631800000000001,41.06229999999999,15.1729,12.244454824743011,6.71,44.269,30,23507.588867188,22698.8225585938,24370.9112304688,23565.987044271133,755.1829536134359,22228.608398438,25167.604492188,30,261.64404296875,-1385.4634765624999,594.8738281250002,76.66705729166667,732.4468580280671,-1921.8203125,805.99609375,30,204016.0,204016.0,204016.0,204016.0,0.0,204016.0,204016.0,30,2.0,2.0,2.0,2.0,0.0,2.0,2.0,30,2.0,2.0,2.0,2.0,0.0,2.0,2.0,30,1.0,1.0,1.0,1.0,0.0,1.0,1.0,30,1.0,1.0,1.0,1.0,0.0,1.0,1.0,30,100.0,100.0,100.0,100.0,0.0,100.0,100.0,30,1.0983009708738,1.0983009708738,1.0983009708738,1.0983009708738,0.0,1.0983009708738,1.0983009708738,30,100.0,100.0,100.0,100.0,0.0,100.0,100.0,30,8.0,8.0,8.0,8.0,0.0,8.0,8.0,30,8.0,8.0,8.0,8.0,0.0,8.0,8.0,30,64.0,64.0,64.0,64.0,0.0,64.0,64.0,,,,,,,,
phase2,R6_simpleui_bookshelf,warm,real,real_2692,2692,library_first_render,PASS,1,10,0,0,10,101.9355,56.5412,119.2011,96.3899,30.9265273743001,37.04,143.394,10,24115.394042968997,21013.463085937998,28527.6156249996,24807.167187500097,3642.7641931312905,20354.944335938,31085.315429688,10,1907.50048828125,-4592.846777343751,6281.69453125,1238.051171875,4767.598642520112,-4844.1181640625,6906.2734375,10,198880.0,193886.4,203252.8,198104.0,4652.105282079884,189264.0,204016.0,10,8.0,8.0,8.0,8.0,0.0,8.0,8.0,10,8.0,8.0,8.0,8.0,0.0,8.0,8.0,10,3.0,3.0,3.0,3.0,0.0,3.0,3.0,10,5.0,5.0,5.0,5.0,0.0,5.0,5.0,10,100.0,100.0,100.0,100.0,0.0,100.0,100.0,10,3.4915048543689,3.4915048543689,3.4915048543689,3.4915048543688996,0.0,3.4915048543689,3.4915048543689,10,100.0,100.0,100.0,100.0,0.0,100.0,100.0,,,,,,,,,,,,,,,,,,,,,,,,,,,,,,,,
phase2,R6_simpleui_bookshelf,warm,real,real_2692,2692,library_folder_back,PASS,1,10,0,0,10,101.4525,68.1163,114.2547,95.31530000000001,19.178103162200376,67.885,114.828,10,22716.140136718503,22642.008398438,30174.2675781254,24822.485449218897,3428.0703085780615,22636.081054688,30261.094726562,10,-2331.3642578125,-8311.115625,5989.33017578125,-1130.842578125,5580.970684874101,-9596.958984375,6016.7880859375,10,225536.0,225376.0,225744.0,225552.0,166.44785636615717,225376.0,225744.0,10,9.0,9.0,9.0,9.0,0.0,9.0,9.0,10,9.0,9.0,9.0,9.0,0.0,9.0,9.0,10,3.0,3.0,3.0,3.0,0.0,3.0,3.0,10,6.0,6.0,6.0,6.0,0.0,6.0,6.0,10,100.0,100.0,100.0,100.0,0.0,100.0,100.0,10,3.5898058252427,3.5898058252427,3.5898058252427,3.5898058252427,0.0,3.5898058252427,3.5898058252427,10,100.0,100.0,100.0,100.0,0.0,100.0,100.0,,,,,,,,,,,,,,,,,,,,,,,,,,,,,,,,
phase2,R6_simpleui_bookshelf,warm,real,real_2692,2692,library_folder_enter,PASS,1,10,0,0,10,35.222,25.1784,66.0609,39.7746,16.940628502049282,24.471,75.438,10,25773.891601563,24488.3983398438,34601.374218749996,28003.9866210939,5365.685334245848,22732.729492188,40136.33203125,10,2300.53369140625,407.18652343750034,3684.5157226562496,1535.92392578125,3584.144571311707,-8281.654296875,4565.8486328125,10,223392.0,221348.80000000002,223792.0,222372.8,3071.5837680982177,213760.0,223936.0,10,9.0,9.0,9.0,9.0,0.0,9.0,9.0,10,9.0,9.0,9.0,9.0,0.0,9.0,9.0,10,3.0,3.0,3.0,3.0,0.0,3.0,3.0,10,6.0,6.0,6.0,6.0,0.0,6.0,6.0,10,100.0,100.0,100.0,100.0,0.0,100.0,100.0,10,3.5898058252427,3.5898058252427,3.5898058252427,3.5898058252427,0.0,3.5898058252427,3.5898058252427,10,100.0,100.0,100.0,100.0,0.0,100.0,100.0,,,,,,,,,,,,,,,,,,,,,,,,,,,,,,,,
phase2,R6_simpleui_bookshelf,warm,real,real_2692,2692,library_sequential_paging,PASS,1,30,0,0,30,14.754999999999999,13.2056,44.0366,19.35506666666667,11.641867029237053,9.137,46.396,30,22440.092773437,21899.103710937,23317.2375000004,22523.33343098943,572.0778765856668,21653.950195312,23787.341796875,30,292.3779296875,-1052.233203125,350.6724609375,43.37903645833333,645.6501910572458,-2010.8046875,459.048828125,30,204016.0,204016.0,204016.0,204016.0,0.0,204016.0,204016.0,30,2.0,2.0,2.0,2.0,0.0,2.0,2.0,30,2.0,2.0,2.0,2.0,0.0,2.0,2.0,30,1.0,1.0,1.0,1.0,0.0,1.0,1.0,30,1.0,1.0,1.0,1.0,0.0,1.0,1.0,30,100.0,100.0,100.0,100.0,0.0,100.0,100.0,30,1.0983009708738,1.0983009708738,1.0983009708738,1.0983009708738,0.0,1.0983009708738,1.0983009708738,30,100.0,100.0,100.0,100.0,0.0,100.0,100.0,30,8.0,8.0,8.0,8.0,0.0,8.0,8.0,30,8.0,8.0,8.0,8.0,0.0,8.0,8.0,30,64.0,64.0,64.0,64.0,0.0,64.0,64.0,,,,,,,,
phase2,R6_simpleui_bookshelf,warm,real,real_2692,2692,open_book,PASS,1,10,0,0,10,116.392,103.14789999999999,207.6547,139.5664,46.92120821642265,99.565,211.396,10,47070.3715820315,42953.4764648433,51221.1200195317,47115.958203125,3693.5421675560146,41615.244140625,52846.603515625,10,1148.8623046875,-7074.86181640625,1592.38828125,-1842.052734375,4245.181863095998,-7094.474609375,1636.7958984375,10,358000.0,355664.0,362721.6,358523.2,3104.42196444577,355664.0,364176.0,10,9.0,8.899999999999999,9.2,9.1,0.7378647873726218,8.0,11.0,10,9.0,8.899999999999999,9.2,9.1,0.7378647873726218,8.0,11.0,10,9.0,8.899999999999999,9.2,9.1,0.7378647873726218,8.0,11.0,10,0.0,0.0,0.0,0.0,0.0,0.0,0.0,10,100.0,100.0,100.0,100.0,0.0,100.0,100.0,10,9.0,8.899999999999999,9.2,9.1,0.7378647873726218,8.0,11.0,10,100.0,100.0,100.0,100.0,0.0,100.0,100.0,,,,,,,,,,,,,,,,,,,,,,,,,,,,,,,,
phase2,R6_simpleui_bookshelf,warm,real,real_2692,2692,open_book_minimal,PASS,1,10,0,0,10,136.887,97.302,167.0995,133.5625,34.421649322128005,86.061,200.125,10,32708.116699218503,28366.2100585938,36818.248046875,32704.7739257812,3607.380843434539,27196.659179688,38090.130859375,10,1111.5283203125,13.54277343750016,1547.1760742187498,453.85478515625,2208.4102695419433,-5782.1689453125,1567.8154296875,10,347728.0,305742.4,351464.0,338843.2,19043.588158631122,301264.0,351680.0,10,0.0,0.0,0.0,0.0,0.0,0.0,0.0,10,0.0,0.0,0.0,0.0,0.0,0.0,0.0,10,0.0,0.0,0.0,0.0,0.0,0.0,0.0,10,0.0,0.0,0.0,0.0,0.0,0.0,0.0,10,0.0,0.0,0.0,0.0,0.0,0.0,0.0,10,0.0,0.0,0.0,0.0,0.0,0.0,0.0,10,0.0,0.0,0.0,0.0,0.0,0.0,0.0,,,,,,,,,,,,,,,,,,,,,,,,,,,,,,,,
phase2,R6_simpleui_bookshelf,warm,real,real_2692,2692,open_bookshelf,PASS,1,10,0,0,10,27.866,26.9348,30.7019,28.3642,1.8812887308674577,25.673,31.97,10,75506.322753906,70499.8723632817,79498.7406249996,75516.49775390621,3913.183269315257,70124.845703125,82074.088867188,10,1806.13427734375,1701.50615234375,1922.3531249999999,1819.450390625,143.50821817608062,1647.6142578125,2152.11328125,10,390736.0,389227.2,390865.60000000003,390211.2,1379.3612692515007,386448.0,390880.0,10,1.0,1.0,1.0,1.0,0.0,1.0,1.0,10,1.0,1.0,1.0,1.0,0.0,1.0,1.0,10,1.0,1.0,1.0,1.0,0.0,1.0,1.0,10,0.0,0.0,0.0,0.0,0.0,0.0,0.0,10,100.0,100.0,100.0,100.0,0.0,100.0,100.0,10,1.0,1.0,1.0,1.0,0.0,1.0,1.0,10,100.0,100.0,100.0,100.0,0.0,100.0,100.0,,,,,,,,,,,,,,,,,10,64.0,64.0,64.0,64.0,0.0,64.0,64.0,,,,,,,,
phase2,R6_simpleui_bookshelf,warm,real,real_2692,2692,open_quick_settings,PASS,1,10,0,0,10,19.163,17.6204,33.47349999999996,31.8228,40.70136832480096,17.048,147.607,10,79214.3637695315,69840.99697265669,82930.073632813,76928.2548828127,5826.187359808683,68846.267578125,83789.823242188,10,867.03173828125,-763.0640624999997,925.3293945312499,-710.702734375,5030.879579276729,-15027.7265625,1038.4033203125,10,479232.0,479232.0,479232.0,479232.0,0.0,479232.0,479232.0,10,5.0,5.0,5.0,5.0,0.0,5.0,5.0,10,5.0,5.0,5.0,5.0,0.0,5.0,5.0,10,3.0,3.0,3.0,3.0,0.0,3.0,3.0,10,2.0,2.0,2.0,2.0,0.0,2.0,2.0,10,100.0,100.0,100.0,100.0,0.0,100.0,100.0,10,3.1966019417476,3.1966019417476,3.1966019417476,3.1966019417476,0.0,3.1966019417476,3.1966019417476,10,100.0,100.0,100.0,100.0,0.0,100.0,100.0,,,,,,,,,,,,,,,,,,,,,,,,,,,,,,,,
phase2,R6_simpleui_bookshelf,warm,real,real_2692,2692,repeated_nav,PASS,1,1,0,0,1,1516.866,1516.866,1516.866,1516.866,0.0,1516.866,1516.866,1,68694.259765625,68694.259765625,68694.259765625,68694.259765625,0.0,68694.259765625,68694.259765625,1,-2408.1650390625,-2408.1650390625,-2408.1650390625,-2408.1650390625,0.0,-2408.1650390625,-2408.1650390625,1,479232.0,479232.0,479232.0,479232.0,0.0,479232.0,479232.0,1,60.0,60.0,60.0,60.0,0.0,60.0,60.0,1,60.0,60.0,60.0,60.0,0.0,60.0,60.0,1,30.0,30.0,30.0,30.0,0.0,30.0,30.0,1,30.0,30.0,30.0,30.0,0.0,30.0,30.0,1,100.0,100.0,100.0,100.0,0.0,100.0,100.0,1,32.949029126214,32.949029126214,32.949029126214,32.949029126214,0.0,32.949029126214,32.949029126214,1,100.0,100.0,100.0,100.0,0.0,100.0,100.0,,,,,,,,,,,,,,,,,,,,,,,,,,,,,,,,
phase2,R6_simpleui_bookshelf,warm,real,real_2692,2692,start_to_home,PASS,1,10,0,0,10,10.2255,8.689,17.1972,12.522400000000001,4.900493199668785,8.536,23.436,10,15645.16015625,14018.75703125,18607.282226563,16193.2758789064,2143.505193923401,13448.357421875,20065.510742188,10,198.48876953125,-4702.271875,394.799609375,-1326.10244140625,2365.1201313718148,-5974.2724609375,401.205078125,10,186936.0,186800.0,187299.19999999998,187006.4,222.5285000473722,186800.0,187328.0,10,4.0,4.0,4.0,4.0,0.0,4.0,4.0,10,4.0,4.0,4.0,4.0,0.0,4.0,4.0,10,3.0,3.0,3.0,3.0,0.0,3.0,3.0,10,1.0,1.0,1.0,1.0,0.0,1.0,1.0,10,100.0,100.0,100.0,100.0,0.0,100.0,100.0,10,3.0625,3.0625,3.0625,3.0625,0.0,3.0625,3.0625,10,100.0,100.0,100.0,100.0,0.0,100.0,100.0,,,,,,,,,,,,,,,,,,,,,,,,,,,,,,,,
phase2,R7_zenos_bookshelf,paging,paging,real_2692,2692,bookshelf_cached_paging,PASS,3,90,0,0,90,166.561,160.6329,170.25770000000003,165.8081777777778,4.247960045987912,159.349,178.062,90,37236.892578125,26209.6660156246,48060.60859375,37126.41039496519,8145.306768511382,23315.671875,50586.208007812,90,973.54052734375,831.9333984375,1074.2724609375,30.91102430556663,4166.828413516449,-23975.086914062,1691.5615234375,90,241056.0,237872.0,242976.0,240838.57777777777,2187.7736925554486,237872.0,243024.0,90,0.0,0.0,0.0,0.0,0.0,0.0,0.0,90,8.0,8.0,8.0,8.0,0.0,8.0,8.0,90,0.0,0.0,0.0,0.0,0.0,0.0,0.0,90,8.0,8.0,8.0,8.0,0.0,8.0,8.0,90,64.563106796117,64.563106796117,64.563106796117,64.563106796117,0.0,64.563106796117,64.563106796117,90,1.2102970748107,1.2102970748107,1.2102970748107,1.2102970748107,0.0,1.2102970748107,1.2102970748107,90,64.563106796117,64.563106796117,64.563106796117,64.563106796117,0.0,64.563106796117,64.563106796117,90,8.0,8.0,8.0,8.0,0.0,8.0,8.0,90,8.0,8.0,8.0,8.0,0.0,8.0,8.0,90,64.0,64.0,64.0,64.0,0.0,64.0,64.0,,,,,,,,
phase2,R7_zenos_bookshelf,paging,paging,real_2692,2692,bookshelf_cached_paging_anim_off,PASS,3,90,0,0,90,15.3735,9.477199999999998,19.3216,14.601933333333333,4.19729483989792,8.804,28.236,90,38323.2763671875,26003.4293945312,48856.2260742192,37901.27099609372,8260.926504810184,23540.700195312,51529.775390625,90,897.90283203125,827.534765625,1053.08369140625,-31.776399739577794,4605.8636322548955,-26782.274414062,1097.751953125,90,257584.0,253720.0,264732.8,258497.24444444446,4076.0216622659063,252688.0,267504.0,90,1.0,1.0,1.0,1.0,0.0,1.0,1.0,90,1.0,1.0,1.0,1.0,0.0,1.0,1.0,90,0.0,0.0,0.0,0.0,0.0,0.0,0.0,90,1.0,1.0,1.0,1.0,0.0,1.0,1.0,90,64.563106796117,64.563106796117,64.563106796117,64.563106796117,0.0,64.563106796117,64.563106796117,90,0.64563106796117,0.64563106796117,0.64563106796117,0.64563106796117,0.0,0.64563106796117,0.64563106796117,90,64.563106796117,64.563106796117,64.563106796117,64.563106796117,0.0,64.563106796117,64.563106796117,90,8.0,8.0,8.0,8.0,0.0,8.0,8.0,90,8.0,8.0,8.0,8.0,0.0,8.0,8.0,90,64.0,64.0,64.0,64.0,0.0,64.0,64.0,,,,,,,,
phase2,R7_zenos_bookshelf,paging,paging,real_2692,2692,bookshelf_sequential_paging,PASS,3,90,0,0,90,178.183,171.82709999999997,190.34710000000004,181.72676666666666,14.01464426390553,166.883,265.498,90,35563.1064453125,23881.396386719196,45603.483886718815,35167.89317491319,8372.670575113341,19528.252929688,50409.747070312,90,1798.3935546875,-1801.2688476562496,2077.308203125001,171.85511067709996,5892.541125551816,-26444.427734375,6255.982421875,90,225520.0,215984.0,231636.80000000002,224911.82222222222,5805.322560844977,214144.0,235760.0,90,0.0,0.0,0.0,0.0,0.0,0.0,0.0,90,8.0,8.0,8.0,8.0,0.0,8.0,8.0,90,0.0,0.0,0.0,0.0,0.0,0.0,0.0,90,8.0,8.0,8.0,8.0,0.0,8.0,8.0,90,64.563106796117,64.563106796117,64.563106796117,64.563106796117,0.0,64.563106796117,64.563106796117,90,1.2102970748107,1.2102970748107,1.2102970748107,1.2102970748107,0.0,1.2102970748107,1.2102970748107,90,64.563106796117,64.563106796117,64.563106796117,64.563106796117,0.0,64.563106796117,64.563106796117,90,8.0,8.0,8.0,8.0,0.0,8.0,8.0,90,8.0,8.0,8.0,8.0,0.0,8.0,8.0,90,64.0,64.0,64.0,64.0,0.0,64.0,64.0,,,,,,,,
phase2,R7_zenos_bookshelf,paging,paging,real_2692,2692,bookshelf_sequential_paging_anim_off,PASS,3,90,0,0,90,22.7755,17.892599999999998,28.3019,22.908022222222225,4.752347786373246,8.869,39.043,90,38728.1489257815,28396.0616210942,48030.7162109375,38564.98390842015,7316.74995173576,24118.00390625,50990.797851562,90,1622.7841796875,860.2230468750001,1914.4610351562505,184.22890624999442,5235.962144088258,-25206.439453125,2307.1728515625,90,249088.0,244830.4,253456.0,249076.8,3363.658104979014,242832.0,258848.0,90,1.0,1.0,1.0,1.0,0.0,1.0,1.0,90,1.0,1.0,1.0,1.0,0.0,1.0,1.0,90,0.0,0.0,0.0,0.0,0.0,0.0,0.0,90,1.0,1.0,1.0,1.0,0.0,1.0,1.0,90,64.563106796117,64.563106796117,64.563106796117,64.563106796117,0.0,64.563106796117,64.563106796117,90,0.64563106796117,0.64563106796117,0.64563106796117,0.64563106796117,0.0,0.64563106796117,0.64563106796117,90,64.563106796117,64.563106796117,64.563106796117,64.563106796117,0.0,64.563106796117,64.563106796117,90,8.0,8.0,8.0,8.0,0.0,8.0,8.0,90,8.0,8.0,8.0,8.0,0.0,8.0,8.0,90,64.0,64.0,64.0,64.0,0.0,64.0,64.0,,,,,,,,
phase2,R7_zenos_bookshelf,paging,paging,real_2692,2692,close_bookshelf,PASS,3,3,0,0,3,11.982,10.438,12.4076,11.516,1.2954643954968426,10.052,12.514,3,25580.989257812,25043.6822265624,26915.3814453128,25913.108072916668,1204.6523661504787,24909.35546875,27248.979492188,3,235.255859375,229.400390625,237.88945312500002,233.91341145833334,5.431546368284635,227.9365234375,238.5478515625,3,262336.0,262092.80000000002,268761.60000000003,264912.0,4727.4788206823305,262032.0,270368.0,3,1.0,1.0,1.0,1.0,0.0,1.0,1.0,3,1.0,1.0,1.0,1.0,0.0,1.0,1.0,3,1.0,1.0,1.0,1.0,0.0,1.0,1.0,3,0.0,0.0,0.0,0.0,0.0,0.0,0.0,3,100.0,100.0,100.0,100.0,0.0,100.0,100.0,3,1.0,1.0,1.0,1.0,0.0,1.0,1.0,3,100.0,100.0,100.0,100.0,0.0,100.0,100.0,,,,,,,,,,,,,,,,,,,,,,,,,,,,,,,,
phase2,R7_zenos_bookshelf,paging,paging,real_2692,2692,library_cached_paging,PASS,3,90,0,0,90,12.789,8.0938,26.81170000000001,13.694511111111112,6.7567676905063605,6.758,30.853,90,17065.79296875,15892.277148438001,19527.018457031198,17340.3774739584,1285.6380693750834,15824.237304688,20629.680664062,90,375.12158203125,-1426.08642578125,620.131640625,-3.5354817708333335,1088.5785677434858,-4738.232421875,673.7060546875,90,211504.0,210896.0,211968.0,211456.0,441.41549638570484,210896.0,211968.0,90,1.0,1.0,1.0,1.0,0.0,1.0,1.0,90,1.0,1.0,1.0,1.0,0.0,1.0,1.0,90,1.0,1.0,1.0,1.0,0.0,1.0,1.0,90,0.0,0.0,0.0,0.0,0.0,0.0,0.0,90,100.0,100.0,100.0,100.0,0.0,100.0,100.0,90,1.0,1.0,1.0,1.0,0.0,1.0,1.0,90,100.0,100.0,100.0,100.0,0.0,100.0,100.0,90,5.0,5.0,5.0,5.0,0.0,5.0,5.0,90,5.0,5.0,5.0,5.0,0.0,5.0,5.0,90,101.0,101.0,101.0,101.0,0.0,101.0,101.0,,,,,,,,
phase2,R7_zenos_bookshelf,paging,paging,real_2692,2692,library_sequential_paging,PASS,3,90,0,0,90,8.499500000000001,7.5275,11.81130000000007,9.97868888888889,5.119064500745864,5.739,29.351,90,26969.763183593997,16085.2323242188,30937.8642578125,24972.59193793412,5766.970557546392,15787.877929688,32049.16015625,90,328.6455078125,191.86904296875034,370.8080078125001,-281.3351236979167,2944.4029998226665,-16150.532226562,443.13671875,90,194656.0,190444.8,197820.8,194320.7111111111,2832.716381034426,188784.0,198592.0,90,1.0,1.0,1.0,1.0,0.0,1.0,1.0,90,1.0,1.0,1.0,1.0,0.0,1.0,1.0,90,1.0,1.0,1.0,1.0,0.0,1.0,1.0,90,0.0,0.0,0.0,0.0,0.0,0.0,0.0,90,100.0,100.0,100.0,100.0,0.0,100.0,100.0,90,1.0,1.0,1.0,1.0,0.0,1.0,1.0,90,100.0,100.0,100.0,100.0,0.0,100.0,100.0,90,5.0,5.0,5.0,5.0,0.0,5.0,5.0,90,5.0,5.0,5.0,5.0,0.0,5.0,5.0,90,101.0,101.0,101.0,101.0,0.0,101.0,101.0,,,,,,,,
phase2,R7_zenos_bookshelf,paging,paging,real_2692,2692,open_bookshelf,PASS,3,3,0,0,3,154.702,151.47400000000002,159.986,155.55866666666665,5.371481018614257,150.667,161.307,3,19257.596679688,19232.724804687998,19279.002929688,19256.152669271334,28.95084986605959,19226.506835938,19284.354492188,3,2371.3056640625,2297.5751953125,2381.3525390625,2344.7708333333335,57.181557171101794,2279.142578125,2383.8642578125,3,211504.0,211017.60000000003,215088.0,212794.66666666666,2778.7229680796418,210896.0,215984.0,3,1.0,1.0,1.0,1.0,0.0,1.0,1.0,3,1.0,1.0,1.0,1.0,0.0,1.0,1.0,3,1.0,1.0,1.0,1.0,0.0,1.0,1.0,3,0.0,0.0,0.0,0.0,0.0,0.0,0.0,3,100.0,100.0,100.0,100.0,0.0,100.0,100.0,3,1.0,1.0,1.0,1.0,0.0,1.0,1.0,3,100.0,100.0,100.0,100.0,0.0,100.0,100.0,,,,,,,,,,,,,,,,,3,64.0,64.0,64.0,64.0,0.0,64.0,64.0,,,,,,,,
phase2,R7_zenos_bookshelf,paging,paging,real_2692,2692,paging_probe_step_2_to_3,PASS,3,3,0,0,3,34.508,24.6872,36.2128,31.126333333333335,7.776063549980373,22.232,36.639,3,15856.807617188,15854.788867188003,15899.301367188,15873.672200521332,31.421018695339345,15854.284179688,15909.924804688,3,-921.8642578125,-967.4150390625001,-657.4728515625,-830.6806640625,209.19105661478497,-978.802734375,-591.375,3,208576.0,208576.00000000003,210406.4,209338.66666666666,1320.9774159058638,208576.0,210864.0,3,1.0,1.0,1.0,1.0,0.0,1.0,1.0,3,1.0,1.0,1.0,1.0,0.0,1.0,1.0,3,1.0,1.0,1.0,1.0,0.0,1.0,1.0,3,0.0,0.0,0.0,0.0,0.0,0.0,0.0,3,100.0,100.0,100.0,100.0,0.0,100.0,100.0,3,1.0,1.0,1.0,1.0,0.0,1.0,1.0,3,100.0,100.0,100.0,100.0,0.0,100.0,100.0,3,5.0,5.0,5.0,5.0,0.0,5.0,5.0,3,5.0,5.0,5.0,5.0,0.0,5.0,5.0,3,101.0,101.00000000000001,101.0,101.0,0.0,101.0,101.0,,,,,,,,
phase2,R7_zenos_bookshelf,real_first_run,startup,real_2692,2692,home_to_library,PASS,1,1,0,0,1,120.837,120.837,120.837,120.837,0.0,120.837,120.837,1,25226.622070312,25226.622070312,25226.622070312,25226.622070312,0.0,25226.622070312,25226.622070312,1,10578.345703125,10578.345703125,10578.345703125,10578.345703125,0.0,10578.345703125,10578.345703125,1,183824.0,183824.0,183824.0,183824.0,0.0,183824.0,183824.0,1,9.0,9.0,9.0,9.0,0.0,9.0,9.0,1,9.0,9.0,9.0,9.0,0.0,9.0,9.0,1,6.0,6.0,6.0,6.0,0.0,6.0,6.0,1,3.0,3.0,3.0,3.0,0.0,3.0,3.0,1,100.0,100.0,100.0,100.0,0.0,100.0,100.0,1,6.1328883495146,6.1328883495146,6.1328883495146,6.1328883495146,0.0,6.1328883495146,6.1328883495146,1,100.0,100.0,100.0,100.0,0.0,100.0,100.0,,,,,,,,,,,,,,,,,,,,,,,,,,,,,,,,
phase2,R7_zenos_bookshelf,real_first_run,startup,real_2692,2692,library_first_render,PASS,1,1,0,0,1,50.791,50.791,50.791,50.791,0.0,50.791,50.791,1,26812.329101562,26812.329101562,26812.329101562,26812.329101562,0.0,26812.329101562,26812.329101562,1,1571.83984375,1571.83984375,1571.83984375,1571.83984375,0.0,1571.83984375,1571.83984375,1,186416.0,186416.0,186416.0,186416.0,0.0,186416.0,186416.0,1,8.0,8.0,8.0,8.0,0.0,8.0,8.0,1,8.0,8.0,8.0,8.0,0.0,8.0,8.0,1,5.0,5.0,5.0,5.0,0.0,5.0,5.0,1,3.0,3.0,3.0,3.0,0.0,3.0,3.0,1,100.0,100.0,100.0,100.0,0.0,100.0,100.0,1,5.1328883495146,5.1328883495146,5.1328883495146,5.1328883495146,0.0,5.1328883495146,5.1328883495146,1,100.0,100.0,100.0,100.0,0.0,100.0,100.0,,,,,,,,,,,,,,,,,,,,,,,,,,,,,,,,
phase2,R7_zenos_bookshelf,real_steady_cold,startup,real_2692,2692,home_to_library,PASS,3,3,0,0,3,110.155,107.95500000000001,110.2582,109.28133333333334,1.6262319432766466,107.405,110.284,3,24841.1640625,24790.2484375,24893.2382812504,24841.646809896,64.37001000752518,24777.51953125,24906.256835938,3,10478.9453125,10425.9546875,10481.382031250401,10457.881184896001,39.15159629629384,10412.70703125,10481.991210938,3,187952.0,183817.6,188553.6,186480.0,3222.8385004526676,182784.0,188704.0,3,9.0,9.0,9.0,9.0,0.0,9.0,9.0,3,9.0,9.0,9.0,9.0,0.0,9.0,9.0,3,6.0,6.000000000000001,6.0,6.0,0.0,6.0,6.0,3,3.0,3.0000000000000004,3.0,3.0,0.0,3.0,3.0,3,100.0,100.0,100.0,100.0,0.0,100.0,100.0,3,6.1328883495146,6.1328883495146,6.1328883495146,6.132888349514599,0.0,6.1328883495146,6.1328883495146,3,100.0,100.0,100.0,100.0,0.0,100.0,100.0,,,,,,,,,,,,,,,,,,,,,,,,,,,,,,,,
phase2,R7_zenos_bookshelf,real_steady_cold,startup,real_2692,2692,library_first_render,PASS,3,3,0,0,3,50.05,49.7092,50.531600000000005,50.108666666666664,0.5165049209187972,49.624,50.652,3,26579.853515625,26438.4949218754,26670.7496093746,26558.827473958332,146.2968156472639,26403.155273438,26693.473632812,3,1659.7294921875,1621.3607421875001,1802.4185546874999,1703.1962890625,119.2579716511129,1611.7685546875,1838.0908203125,3,187952.0,186134.4,188553.6,187445.33333333334,1574.381571707867,185680.0,188704.0,3,8.0,8.0,8.0,8.0,0.0,8.0,8.0,3,8.0,8.0,8.0,8.0,0.0,8.0,8.0,3,5.0,5.0,5.0,5.0,0.0,5.0,5.0,3,3.0,3.0000000000000004,3.0,3.0,0.0,3.0,3.0,3,100.0,100.0,100.0,100.0,0.0,100.0,100.0,3,5.1328883495146,5.132888349514601,5.1328883495146,5.1328883495146,0.0,5.1328883495146,5.1328883495146,3,100.0,100.0,100.0,100.0,0.0,100.0,100.0,,,,,,,,,,,,,,,,,,,,,,,,,,,,,,,,
phase2,R7_zenos_bookshelf,warm,real,real_2692,2692,bookshelf_cached_paging,PASS,1,30,0,0,30,160.56349999999998,158.8669,166.06470000000002,161.43873333333335,2.8421381573996602,158.228,168.561,30,87678.4018554685,78054.2259765625,96437.0235351562,87428.09573567707,7021.87227185423,75445.453125,98671.502929688,30,765.1552734375,700.7427734375001,955.1279296875,802.10234375,115.89124025940406,687.947265625,1156.6025390625,30,377664.0,377664.0,377664.0,377664.0,0.0,377664.0,377664.0,30,0.0,0.0,0.0,0.0,0.0,0.0,0.0,30,8.0,8.0,8.0,8.0,0.0,8.0,8.0,30,0.0,0.0,0.0,0.0,0.0,0.0,0.0,30,8.0,8.0,8.0,8.0,0.0,8.0,8.0,30,64.563106796117,64.563106796117,64.563106796117,64.563106796117,0.0,64.563106796117,64.563106796117,30,1.2102970748107,1.2102970748107,1.2102970748107,1.2102970748107,0.0,1.2102970748107,1.2102970748107,30,64.563106796117,64.563106796117,64.563106796117,64.563106796117,0.0,64.563106796117,64.563106796117,30,8.0,8.0,8.0,8.0,0.0,8.0,8.0,30,8.0,8.0,8.0,8.0,0.0,8.0,8.0,30,64.0,64.0,64.0,64.0,0.0,64.0,64.0,,,,,,,,
phase2,R7_zenos_bookshelf,warm,real,real_2692,2692,bookshelf_cached_paging_anim_off,PASS,1,30,0,0,30,9.46,8.2942,14.016800000000002,10.175266666666666,2.181464834231463,7.923,15.267,30,89169.10546875,73133.9418945312,97037.48984375,85576.98704427083,13822.159925668107,45254.005859375,98963.114257812,30,735.4296875,-7543.080078125049,810.963671875,-1132.15380859375,5216.792675974672,-19561.594726562,999.728515625,30,377664.0,377664.0,377664.0,377664.0,0.0,377664.0,377664.0,30,1.0,1.0,1.0,1.0,0.0,1.0,1.0,30,1.0,1.0,1.0,1.0,0.0,1.0,1.0,30,0.0,0.0,0.0,0.0,0.0,0.0,0.0,30,1.0,1.0,1.0,1.0,0.0,1.0,1.0,30,64.563106796117,64.563106796117,64.563106796117,64.563106796117,0.0,64.563106796117,64.563106796117,30,0.64563106796117,0.64563106796117,0.64563106796117,0.64563106796117,0.0,0.64563106796117,0.64563106796117,30,64.563106796117,64.563106796117,64.563106796117,64.563106796117,0.0,64.563106796117,64.563106796117,30,8.0,8.0,8.0,8.0,0.0,8.0,8.0,30,8.0,8.0,8.0,8.0,0.0,8.0,8.0,30,64.0,64.0,64.0,64.0,0.0,64.0,64.0,,,,,,,,
phase2,R7_zenos_bookshelf,warm,real,real_2692,2692,bookshelf_first_render,PASS,1,10,0,0,10,16.814500000000002,14.658399999999999,54.03889999999999,25.392599999999998,18.11515274999235,14.455,65.198,10,44116.529296875,41294.016992188,71747.3242187504,49201.028906250096,12387.72086200632,41143.674804688,73490.555664062,10,1377.6533203125,-7149.667578125,1657.2784179687499,-2487.4935546875,10653.160845563354,-32349.505859375,1934.275390625,10,377176.0,374489.60000000003,377592.0,376494.4,1712.9625539138651,372272.0,377664.0,10,1.0,1.0,1.0,1.0,0.0,1.0,1.0,10,1.0,1.0,1.0,1.0,0.0,1.0,1.0,10,1.0,1.0,1.0,1.0,0.0,1.0,1.0,10,0.0,0.0,0.0,0.0,0.0,0.0,0.0,10,100.0,100.0,100.0,100.0,0.0,100.0,100.0,10,1.0,1.0,1.0,1.0,0.0,1.0,1.0,10,100.0,100.0,100.0,100.0,0.0,100.0,100.0,,,,,,,,,,,,,,,,,10,64.0,64.0,64.0,64.0,0.0,64.0,64.0,,,,,,,,
phase2,R7_zenos_bookshelf,warm,real,real_2692,2692,bookshelf_sequential_paging,PASS,1,30,0,0,30,164.6805,160.0028,174.01250000000002,166.3113,7.003707949709755,159.06,192.86,30,55597.76953125,47884.2350585933,67521.4799804692,56626.26673177083,7473.632979410077,44806.334960938,71321.107421875,30,1288.16015625,1137.45283203125,1424.9630859375002,831.4476562500167,2546.842919780671,-12634.422851562,1683.4794921875,30,377664.0,377664.0,377664.0,377664.0,0.0,377664.0,377664.0,30,0.0,0.0,0.0,0.0,0.0,0.0,0.0,30,8.0,8.0,8.0,8.0,0.0,8.0,8.0,30,0.0,0.0,0.0,0.0,0.0,0.0,0.0,30,8.0,8.0,8.0,8.0,0.0,8.0,8.0,30,64.563106796117,64.563106796117,64.563106796117,64.563106796117,0.0,64.563106796117,64.563106796117,30,1.2102970748107,1.2102970748107,1.2102970748107,1.2102970748107,0.0,1.2102970748107,1.2102970748107,30,64.563106796117,64.563106796117,64.563106796117,64.563106796117,0.0,64.563106796117,64.563106796117,30,8.0,8.0,8.0,8.0,0.0,8.0,8.0,30,8.0,8.0,8.0,8.0,0.0,8.0,8.0,30,64.0,64.0,64.0,64.0,0.0,64.0,64.0,,,,,,,,
phase2,R7_zenos_bookshelf,warm,real,real_2692,2692,bookshelf_sequential_paging_anim_off,PASS,1,30,0,0,30,9.9465,8.2826,23.1004,13.180066666666667,7.2890767682425555,7.813,34.063,30,64089.744140625,49005.30839843801,77976.26035156251,65051.863509114766,13714.605501901946,45394.392578125,100027.61230469,30,1264.919921875,602.4000000000003,1437.4259765625,-717.1998046875,7495.636873477659,-35265.810546875,1528.0302734375,30,377664.0,377664.0,377664.0,377664.0,0.0,377664.0,377664.0,30,1.0,1.0,1.0,1.0,0.0,1.0,1.0,30,1.0,1.0,1.0,1.0,0.0,1.0,1.0,30,0.0,0.0,0.0,0.0,0.0,0.0,0.0,30,1.0,1.0,1.0,1.0,0.0,1.0,1.0,30,64.563106796117,64.563106796117,64.563106796117,64.563106796117,0.0,64.563106796117,64.563106796117,30,0.64563106796117,0.64563106796117,0.64563106796117,0.64563106796117,0.0,0.64563106796117,0.64563106796117,30,64.563106796117,64.563106796117,64.563106796117,64.563106796117,0.0,64.563106796117,64.563106796117,30,8.0,8.0,8.0,8.0,0.0,8.0,8.0,30,8.0,8.0,8.0,8.0,0.0,8.0,8.0,30,64.0,64.0,64.0,64.0,0.0,64.0,64.0,,,,,,,,
phase2,R7_zenos_bookshelf,warm,real,real_2692,2692,change_sort_mode,PASS,1,10,0,0,10,54.9825,43.050799999999995,69.6694,56.8643,12.875575784751875,41.906,75.442,10,22637.849609375,20512.472460938,28743.7980468746,23730.855761719,4015.6354962735504,20472.612304688,32014.385742188,10,1806.2529296875,-4988.9775390625,4232.40595703125,-7.09375,5247.769355526919,-11476.9140625,4291.421875,10,207488.0,204848.0,207504.0,206697.6,1276.3770950972478,204848.0,207504.0,10,5.0,5.0,5.0,5.0,0.0,5.0,5.0,10,5.0,5.0,5.0,5.0,0.0,5.0,5.0,10,4.0,4.0,4.0,4.0,0.0,4.0,4.0,10,1.0,1.0,1.0,1.0,0.0,1.0,1.0,10,100.0,100.0,100.0,100.0,0.0,100.0,100.0,10,4.0442961165049,4.0442961165049,4.0442961165049,4.0442961165049,0.0,4.0442961165049,4.0442961165049,10,100.0,100.0,100.0,100.0,0.0,100.0,100.0,,,,,,,,,,,,,,,,,,,,,,,,,,,,,,,,
phase2,R7_zenos_bookshelf,warm,real,real_2692,2692,close_book,PASS,1,10,0,0,10,32.522,27.416900000000002,37.9317,33.259,4.813017233387898,27.299,41.493,10,39887.2104492185,37843.1176757813,41006.8465820313,39468.706152343904,1365.4444420345128,37168.350585938,41029.002929688,10,2744.14013671875,2584.8583984375,2938.7671874999996,2753.75859375,157.36563020095645,2577.572265625,3077.736328125,10,335880.0,334739.2,337344.0,335902.4,1142.4903792446862,334480.0,337344.0,10,7.0,7.0,7.0,7.0,0.0,7.0,7.0,10,7.0,7.0,7.0,7.0,0.0,7.0,7.0,10,7.0,7.0,7.0,7.0,0.0,7.0,7.0,10,0.0,0.0,0.0,0.0,0.0,0.0,0.0,10,100.0,100.0,100.0,100.0,0.0,100.0,100.0,10,7.0,7.0,7.0,7.0,0.0,7.0,7.0,10,100.0,100.0,100.0,100.0,0.0,100.0,100.0,,,,,,,,,,,,,,,,,,,,,,,,,,,,,,,,
phase2,R7_zenos_bookshelf,warm,real,real_2692,2692,close_bookshelf,PASS,1,10,0,0,10,8.337,7.3663,12.176599999999997,9.1389,2.413255912662393,7.045,14.819,10,52919.6845703125,48564.6404296875,57871.838671875004,53124.3335937501,3920.6259020512516,47564.337890625,58968.087890625,10,97.06298828125,76.041796875,141.27773437499997,106.90576171875,39.45425199302777,62.8828125,199.5703125,10,382480.0,381816.0,382516.8,382265.6,376.68589921400917,381744.0,382848.0,10,1.0,1.0,1.0,1.0,0.0,1.0,1.0,10,1.0,1.0,1.0,1.0,0.0,1.0,1.0,10,1.0,1.0,1.0,1.0,0.0,1.0,1.0,10,0.0,0.0,0.0,0.0,0.0,0.0,0.0,10,100.0,100.0,100.0,100.0,0.0,100.0,100.0,10,1.0,1.0,1.0,1.0,0.0,1.0,1.0,10,100.0,100.0,100.0,100.0,0.0,100.0,100.0,,,,,,,,,,,,,,,,,,,,,,,,,,,,,,,,
phase2,R7_zenos_bookshelf,warm,real,real_2692,2692,close_quick_settings,PASS,1,10,0,0,10,17.087,16.0084,23.48639999999998,22.8808,19.228018819767502,15.967,77.58,10,45119.447753906,44254.9146484375,46181.304394530795,45183.4451171875,838.3443915541882,44101.744140625,46662.6875,10,39.37451171875,-164.02031249999996,45.13935546875,-158.0326171875,628.4371131695889,-1946.5634765625,45.7431640625,10,385248.0,385177.60000000003,385360.0,385259.2,80.54922580495592,385120.0,385360.0,10,3.0,3.0,3.0,3.0,0.0,3.0,3.0,10,3.0,3.0,3.0,3.0,0.0,3.0,3.0,10,2.0,2.0,2.0,2.0,0.0,2.0,2.0,10,1.0,1.0,1.0,1.0,0.0,1.0,1.0,10,100.0,100.0,100.0,100.0,0.0,100.0,100.0,10,2.0442961165049,2.0442961165049,2.0442961165049,2.0442961165049,0.0,2.0442961165049,2.0442961165049,10,100.0,100.0,100.0,100.0,0.0,100.0,100.0,,,,,,,,,,,,,,,,,,,,,,,,,,,,,,,,
phase2,R7_zenos_bookshelf,warm,real,real_2692,2692,home_to_library,PASS,1,10,0,0,10,44.6725,43.6708,48.628499999999995,46.1494,4.542480042150249,43.372,58.623,10,20322.303710937,17700.6026367192,23814.945703125,20537.3309570312,2598.777769876686,16518.10546875,24023.63671875,10,1408.57421875,445.8344726562501,1746.9153320312498,621.274609375,2812.93878831534,-7360.8173828125,2039.1015625,10,204848.0,204848.0,204848.0,204848.0,0.0,204848.0,204848.0,10,6.0,6.0,6.0,6.0,0.0,6.0,6.0,10,6.0,6.0,6.0,6.0,0.0,6.0,6.0,10,4.0,4.0,4.0,4.0,0.0,4.0,4.0,10,2.0,2.0,2.0,2.0,0.0,2.0,2.0,10,100.0,100.0,100.0,100.0,0.0,100.0,100.0,10,4.0885922330097,4.0885922330097,4.0885922330097,4.0885922330097,0.0,4.0885922330097,4.0885922330097,10,100.0,100.0,100.0,100.0,0.0,100.0,100.0,,,,,,,,,,,,,,,,,,,,,,,,,,,,,,,,
phase2,R7_zenos_bookshelf,warm,real,real_2692,2692,library_cached_paging,PASS,1,30,0,0,30,13.553,8.046999999999999,28.4253,15.119066666666667,7.553397198398983,7.88,30.538,30,17216.853027343997,16264.611328125,17998.6633789062,17120.283170572966,647.1991399885677,16233.326171875,18341.83984375,30,365.9150390625,-1655.56337890625,614.7126953125,-0.7857421875,860.0905743421695,-2104.103515625,690.9296875,30,204848.0,204848.0,204848.0,204848.0,0.0,204848.0,204848.0,30,1.0,1.0,1.0,1.0,0.0,1.0,1.0,30,1.0,1.0,1.0,1.0,0.0,1.0,1.0,30,1.0,1.0,1.0,1.0,0.0,1.0,1.0,30,0.0,0.0,0.0,0.0,0.0,0.0,0.0,30,100.0,100.0,100.0,100.0,0.0,100.0,100.0,30,1.0,1.0,1.0,1.0,0.0,1.0,1.0,30,100.0,100.0,100.0,100.0,0.0,100.0,100.0,30,5.0,5.0,5.0,5.0,0.0,5.0,5.0,30,5.0,5.0,5.0,5.0,0.0,5.0,5.0,30,101.0,101.0,101.0,101.0,0.0,101.0,101.0,,,,,,,,
phase2,R7_zenos_bookshelf,warm,real,real_2692,2692,library_first_render,PASS,1,10,0,0,10,52.7385,48.3892,59.556599999999996,53.8609,5.705412020373482,47.788,63.621,10,18341.428222656003,16515.575,20313.1854492188,18372.2982421876,2002.7199367153312,16487.4921875,22501.924804688,10,1628.306640625,-3835.6766601562504,2275.4390624999987,-65.91962890625,3676.157110875531,-6592.76953125,5940.4921875,10,204848.0,204848.0,204848.0,204848.0,0.0,204848.0,204848.0,10,8.0,8.0,8.0,8.0,0.0,8.0,8.0,10,8.0,8.0,8.0,8.0,0.0,8.0,8.0,10,5.0,5.0,5.0,5.0,0.0,5.0,5.0,10,3.0,3.0,3.0,3.0,0.0,3.0,3.0,10,100.0,100.0,100.0,100.0,0.0,100.0,100.0,10,5.1328883495146,5.1328883495146,5.1328883495146,5.1328883495146,0.0,5.1328883495146,5.1328883495146,10,100.0,100.0,100.0,100.0,0.0,100.0,100.0,,,,,,,,,,,,,,,,,,,,,,,,,,,,,,,,
phase2,R7_zenos_bookshelf,warm,real,real_2692,2692,library_folder_back,PASS,1,10,0,0,10,61.9985,44.29820000000001,65.3139,56.5647,9.599975104713092,44.057,65.394,10,20595.78125,20537.446484375,23731.4954101562,21660.1013671875,1448.2890349773174,20519.544921875,23838.118164062,10,-1453.67529296875,-3584.796875,2156.64462890625,-473.7388671875,2370.4764869800742,-3684.060546875,2215.3564453125,10,204848.0,204848.0,204848.0,204848.0,0.0,204848.0,204848.0,10,6.0,6.0,6.0,6.0,0.0,6.0,6.0,10,6.0,6.0,6.0,6.0,0.0,6.0,6.0,10,3.0,3.0,3.0,3.0,0.0,3.0,3.0,10,3.0,3.0,3.0,3.0,0.0,3.0,3.0,10,100.0,100.0,100.0,100.0,0.0,100.0,100.0,10,3.1328883495146,3.1328883495146,3.1328883495146,3.1328883495146,0.0,3.1328883495146,3.1328883495146,10,100.0,100.0,100.0,100.0,0.0,100.0,100.0,,,,,,,,,,,,,,,,,,,,,,,,,,,,,,,,
phase2,R7_zenos_bookshelf,warm,real,real_2692,2692,library_folder_enter,PASS,1,10,0,0,10,32.085,19.3112,48.287499999999994,34.6661,15.046987933728722,18.566,65.113,10,22065.8681640625,20600.908593750002,23790.0770507813,22233.5786132813,1345.1277131704912,20560.447265625,24103.186523438,10,1239.390625,-3681.66103515625,5008.09541015625,399.5470703125,3561.7141279108373,-5680.697265625,5113.9306640625,10,204848.0,204848.0,204848.0,204848.0,0.0,204848.0,204848.0,10,5.0,5.0,5.0,5.0,0.0,5.0,5.0,10,5.0,5.0,5.0,5.0,0.0,5.0,5.0,10,3.0,3.0,3.0,3.0,0.0,3.0,3.0,10,2.0,2.0,2.0,2.0,0.0,2.0,2.0,10,100.0,100.0,100.0,100.0,0.0,100.0,100.0,10,3.0885922330097,3.0885922330096998,3.0885922330097,3.0885922330097,0.0,3.0885922330097,3.0885922330097,10,100.0,100.0,100.0,100.0,0.0,100.0,100.0,,,,,,,,,,,,,,,,,,,,,,,,,,,,,,,,
phase2,R7_zenos_bookshelf,warm,real,real_2692,2692,library_sequential_paging,PASS,1,30,0,0,30,8.607,7.6563,23.1729,10.728933333333334,6.126578743381217,6.833,28.749,30,17497.086425781497,16303.85546875,19476.482421875,17740.409342447998,1208.0289237380541,16187.162109375,20124.43359375,30,331.29150390625,-617.2708007812499,376.9046875,0.6120768229166667,1034.4772617121375,-3934.353515625,389.9013671875,30,204848.0,204848.0,204848.0,204848.0,0.0,204848.0,204848.0,30,1.0,1.0,1.0,1.0,0.0,1.0,1.0,30,1.0,1.0,1.0,1.0,0.0,1.0,1.0,30,1.0,1.0,1.0,1.0,0.0,1.0,1.0,30,0.0,0.0,0.0,0.0,0.0,0.0,0.0,30,100.0,100.0,100.0,100.0,0.0,100.0,100.0,30,1.0,1.0,1.0,1.0,0.0,1.0,1.0,30,100.0,100.0,100.0,100.0,0.0,100.0,100.0,30,5.0,5.0,5.0,5.0,0.0,5.0,5.0,30,5.0,5.0,5.0,5.0,0.0,5.0,5.0,30,101.0,101.0,101.0,101.0,0.0,101.0,101.0,,,,,,,,
phase2,R7_zenos_bookshelf,warm,real,real_2692,2692,open_book,PASS,1,10,0,0,10,123.9065,116.93209999999999,133.41789999999997,124.61510000000001,8.943532317950345,107.96,139.717,10,31288.503417968997,29862.9600585942,32898.570996093804,31361.747949218803,1180.7440057694816,29823.5859375,33156.272460938,10,-2376.53759765625,-3167.30478515625,-1604.8646484375006,-2274.810546875,979.3888950661902,-3264.7939453125,-138.6943359375,10,334416.0,334416.0,334416.0,334416.0,0.0,334416.0,334416.0,10,9.0,8.899999999999999,9.0,8.9,0.31622776601683794,8.0,9.0,10,9.0,8.899999999999999,9.0,8.9,0.31622776601683794,8.0,9.0,10,9.0,8.899999999999999,9.0,8.9,0.31622776601683794,8.0,9.0,10,0.0,0.0,0.0,0.0,0.0,0.0,0.0,10,100.0,100.0,100.0,100.0,0.0,100.0,100.0,10,9.0,8.899999999999999,9.0,8.9,0.31622776601683794,8.0,9.0,10,100.0,100.0,100.0,100.0,0.0,100.0,100.0,,,,,,,,,,,,,,,,,,,,,,,,,,,,,,,,
phase2,R7_zenos_bookshelf,warm,real,real_2692,2692,open_book_minimal,PASS,1,10,0,0,10,147.576,112.23610000000001,165.03279999999998,141.8481,26.65383220497779,101.905,189.763,10,26114.294433593503,23044.2713867188,28207.792382812502,25983.6544921875,2070.4966185067256,22415.905273438,28500.90234375,10,-2577.3359375,-4493.979394531249,827.5731445312495,-2183.30751953125,2123.799302691786,-4730.2197265625,1957.2392578125,10,330008.0,289376.0,334416.0,321700.8,17958.324178187922,289376.0,334416.0,10,0.0,0.0,0.0,0.0,0.0,0.0,0.0,10,0.0,0.0,0.0,0.0,0.0,0.0,0.0,10,0.0,0.0,0.0,0.0,0.0,0.0,0.0,10,0.0,0.0,0.0,0.0,0.0,0.0,0.0,10,0.0,0.0,0.0,0.0,0.0,0.0,0.0,10,0.0,0.0,0.0,0.0,0.0,0.0,0.0,10,0.0,0.0,0.0,0.0,0.0,0.0,0.0,,,,,,,,,,,,,,,,,,,,,,,,,,,,,,,,
phase2,R7_zenos_bookshelf,warm,real,real_2692,2692,open_bookshelf,PASS,1,10,0,0,10,14.497499999999999,12.7098,18.668499999999998,15.7895,4.0078809100182715,12.285,25.909,10,60235.455566406,52988.274609375,66866.0645507813,60023.9580078125,5866.797440342604,51079.669921875,68427.846679688,10,1783.3369140625,1616.9806640625,2018.803125,1802.77490234375,161.46769342556067,1603.8955078125,2091.7294921875,10,359368.0,351836.8,368200.0,359932.8,7009.078760198566,349360.0,370000.0,10,1.0,1.0,1.0,1.0,0.0,1.0,1.0,10,1.0,1.0,1.0,1.0,0.0,1.0,1.0,10,1.0,1.0,1.0,1.0,0.0,1.0,1.0,10,0.0,0.0,0.0,0.0,0.0,0.0,0.0,10,100.0,100.0,100.0,100.0,0.0,100.0,100.0,10,1.0,1.0,1.0,1.0,0.0,1.0,1.0,10,100.0,100.0,100.0,100.0,0.0,100.0,100.0,,,,,,,,,,,,,,,,,10,64.0,64.0,64.0,64.0,0.0,64.0,64.0,,,,,,,,
phase2,R7_zenos_bookshelf,warm,real,real_2692,2692,open_quick_settings,PASS,1,10,0,0,10,9.145499999999998,7.8664,10.731599999999997,9.3141,1.7551061031554,7.285,13.5,10,67771.272460938,63071.4757812504,69960.2762695308,65611.0502929688,7685.652851446398,44278.915039062,70512.03515625,10,560.8662109375,534.81201171875,653.7568359374999,579.72744140625,59.141074021836836,514.2236328125,714.0849609375,10,384848.0,384848.0,384891.19999999995,384865.6,45.536798306424664,384848.0,384992.0,10,6.0,6.0,6.0,6.0,0.0,6.0,6.0,10,6.0,6.0,6.0,6.0,0.0,6.0,6.0,10,5.0,5.0,5.0,5.0,0.0,5.0,5.0,10,1.0,1.0,1.0,1.0,0.0,1.0,1.0,10,100.0,100.0,100.0,100.0,0.0,100.0,100.0,10,5.0442961165049,5.0442961165049,5.0442961165049,5.0442961165049,0.0,5.0442961165049,5.0442961165049,10,100.0,100.0,100.0,100.0,0.0,100.0,100.0,,,,,,,,,,,,,,,,,,,,,,,,,,,,,,,,
phase2,R7_zenos_bookshelf,warm,real,real_2692,2692,repeated_nav,PASS,1,1,0,0,1,533.3,533.3,533.3,533.3,0.0,533.3,533.3,1,43159.600585938,43159.600585938,43159.600585938,43159.600585938,0.0,43159.600585938,43159.600585938,1,-1457.7998046875,-1457.7998046875,-1457.7998046875,-1457.7998046875,0.0,-1457.7998046875,-1457.7998046875,1,385360.0,385360.0,385360.0,385360.0,0.0,385360.0,385360.0,1,30.0,30.0,30.0,30.0,0.0,30.0,30.0,1,30.0,30.0,30.0,30.0,0.0,30.0,30.0,1,30.0,30.0,30.0,30.0,0.0,30.0,30.0,1,0.0,0.0,0.0,0.0,0.0,0.0,0.0,1,100.0,100.0,100.0,100.0,0.0,100.0,100.0,1,30.0,30.0,30.0,30.0,0.0,30.0,30.0,1,100.0,100.0,100.0,100.0,0.0,100.0,100.0,,,,,,,,,,,,,,,,,,,,,,,,,,,,,,,,
phase2,R7_zenos_bookshelf,warm,real,real_2692,2692,start_to_home,PASS,1,10,0,0,10,9.251000000000001,8.4048,12.501099999999994,11.3048,6.871194927618728,7.836,30.745,10,20280.418457031497,15830.0919921875,29769.1467773442,21946.501269531298,5724.037439986287,15734.29296875,31080.43359375,10,93.3720703125,-775.2564453124999,116.24951171875,-747.43388671875,2667.4893948538547,-8339.0849609375,124.8408203125,10,204848.0,199507.2,204848.0,203068.8,2946.2484167723082,197232.0,204848.0,10,1.0,1.0,1.0,1.0,0.0,1.0,1.0,10,1.0,1.0,1.0,1.0,0.0,1.0,1.0,10,1.0,1.0,1.0,1.0,0.0,1.0,1.0,10,0.0,0.0,0.0,0.0,0.0,0.0,0.0,10,100.0,100.0,100.0,100.0,0.0,100.0,100.0,10,1.0,1.0,1.0,1.0,0.0,1.0,1.0,10,100.0,100.0,100.0,100.0,0.0,100.0,100.0,,,,,,,,,,,,,,,,,,,,,,,,,,,,,,,,
phase2,R8_vos_bookshelf,paging,paging,real_2692,2692,bookshelf_cached_paging,PASS,3,90,0,0,90,175.2495,166.8967,188.81770000000003,177.39984444444445,9.988097668310536,161.302,212.644,90,30075.905761718997,20857.6313476562,37366.8988281254,29611.403732638857,6079.078700013012,17685.33984375,39158.57421875,90,1344.85302734375,794.1689453125,1909.171875,151.56086154514443,4564.562361846348,-21078.775390625,2038.32421875,90,221456.0,190880.0,224928.0,212421.33333333334,15383.534404892682,190880.0,224928.0,90,0.0,0.0,0.0,0.0,0.0,0.0,0.0,90,8.0,8.0,8.0,8.0,0.0,8.0,8.0,90,0.0,0.0,0.0,0.0,0.0,0.0,0.0,90,8.0,8.0,8.0,8.0,0.0,8.0,8.0,90,64.199029126214,64.199029126214,64.199029126214,64.199029126214,0.0,64.199029126214,64.199029126214,90,1.2034720913061,1.2034720913061,1.2034720913060997,1.2034720913061,0.0,1.2034720913061,1.2034720913061,90,64.199029126214,64.199029126214,64.199029126214,64.199029126214,0.0,64.199029126214,64.199029126214,90,8.0,8.0,8.0,8.0,0.0,8.0,8.0,90,8.0,8.0,8.0,8.0,0.0,8.0,8.0,90,64.0,64.0,64.0,64.0,0.0,64.0,64.0,,,,,,,,
phase2,R8_vos_bookshelf,paging,paging,real_2692,2692,bookshelf_cached_paging_anim_off,PASS,3,90,0,0,90,16.304499999999997,9.1305,22.569800000000008,15.781411111111112,5.811583558575246,7.991,37.671,90,30087.240722656003,20783.2475585942,37364.4902343746,29433.751703558955,6028.91056960895,18137.3046875,39927.321289062,90,853.85107421875,779.37587890625,1019.4912109375,158.71040581596665,3399.8862037931217,-19658.380859375,1062.9052734375,90,221456.0,190880.0,229008.0,213740.8,16539.598258235303,190880.0,229024.0,90,1.0,1.0,1.0,1.0,0.0,1.0,1.0,90,1.0,1.0,1.0,1.0,0.0,1.0,1.0,90,0.0,0.0,0.0,0.0,0.0,0.0,0.0,90,1.0,1.0,1.0,1.0,0.0,1.0,1.0,90,64.199029126214,64.199029126214,64.199029126214,64.199029126214,0.0,64.199029126214,64.199029126214,90,0.64199029126214,0.64199029126214,0.64199029126214,0.64199029126214,0.0,0.64199029126214,0.64199029126214,90,64.199029126214,64.199029126214,64.199029126214,64.199029126214,0.0,64.199029126214,64.199029126214,90,8.0,8.0,8.0,8.0,0.0,8.0,8.0,90,8.0,8.0,8.0,8.0,0.0,8.0,8.0,90,64.0,64.0,64.0,64.0,0.0,64.0,64.0,,,,,,,,
phase2,R8_vos_bookshelf,paging,paging,real_2692,2692,bookshelf_sequential_paging,PASS,3,90,0,0,90,176.1465,170.67000000000002,190.4202,177.97768888888888,7.456123470376087,168.027,196.752,90,27077.87109375,19708.6604492187,34195.435449218305,27341.080045572864,5381.123400012655,17906.11328125,39260.799804688,90,1756.751953125,1023.5751953125013,2028.01953125,557.3895073784889,4128.015486309008,-19957.283203125,2327.626953125,90,209784.0,190880.0,218518.40000000002,205432.17777777778,11505.09103780864,187504.0,220160.0,90,0.0,0.0,0.0,0.06666666666666667,0.3909079031741939,0.0,3.0,90,8.0,8.0,8.0,8.066666666666666,0.3909079031741939,8.0,11.0,90,0.0,0.0,0.0,0.05555555555555555,0.3780824210454917,0.0,3.0,90,8.0,8.0,8.0,8.011111111111111,0.10540925533894598,8.0,9.0,90,64.199029126214,64.199029126214,64.199029126214,65.10113268608454,5.386307740040249,64.199029126214,100.0,90,1.2034720913061,1.2034720913061,1.2034720913060997,1.2600929111550756,0.3780591956396743,1.2034720913061,4.2034720913061,90,64.199029126214,64.199029126214,64.199029126214,64.99460625674257,5.306826389963055,64.199029126214,100.0,90,8.0,8.0,8.0,8.0,0.0,8.0,8.0,90,8.0,8.0,8.0,8.0,0.0,8.0,8.0,90,64.0,64.0,64.0,64.0,0.0,64.0,64.0,,,,,,,,
phase2,R8_vos_bookshelf,paging,paging,real_2692,2692,bookshelf_sequential_paging_anim_off,PASS,3,90,0,0,90,31.674999999999997,25.9171,44.52460000000001,35.942699999999995,16.92368177824969,9.57,130.545,90,26721.671875,19973.0921875004,36564.008007812496,27644.468977864624,6048.618673190996,17904.393554688,39933.435546875,90,1699.8349609375,-3446.24189453125,1947.2948242187501,-166.66107855901112,5801.972022546871,-20585.798828125,2233.8408203125,90,221456.0,190880.0,228528.0,213624.53333333333,16432.16764353287,190880.0,228656.0,90,1.0,1.0,1.0,1.0,0.0,1.0,1.0,90,1.0,1.0,1.0,1.0,0.0,1.0,1.0,90,0.0,0.0,0.0,0.0,0.0,0.0,0.0,90,1.0,1.0,1.0,1.0,0.0,1.0,1.0,90,64.199029126214,64.199029126214,64.199029126214,64.199029126214,0.0,64.199029126214,64.199029126214,90,0.64199029126214,0.64199029126214,0.64199029126214,0.64199029126214,0.0,0.64199029126214,0.64199029126214,90,64.199029126214,64.199029126214,64.199029126214,64.199029126214,0.0,64.199029126214,64.199029126214,90,8.0,8.0,8.0,8.0,0.0,8.0,8.0,90,8.0,8.0,8.0,8.0,0.0,8.0,8.0,90,64.0,64.0,64.0,64.0,0.0,64.0,64.0,,,,,,,,
phase2,R8_vos_bookshelf,paging,paging,real_2692,2692,close_bookshelf,PASS,3,3,0,0,3,13.807,11.5574,28.796599999999998,19.115333333333332,11.714249968876937,10.995,32.544,3,33614.771484375,32546.3738281246,36901.226171875,34538.96191406233,2837.0225782619027,32279.274414062,37722.83984375,3,269.1796875,239.69453125,299.00859375,269.3229166666667,37.071496580271344,232.3232421875,306.4658203125,3,221456.0,196995.2,229801.6,214741.33333333334,21312.650640718843,190880.0,231888.0,3,1.0,1.0,1.0,1.0,0.0,1.0,1.0,3,1.0,1.0,1.0,1.0,0.0,1.0,1.0,3,1.0,1.0,1.0,1.0,0.0,1.0,1.0,3,0.0,0.0,0.0,0.0,0.0,0.0,0.0,3,100.0,100.0,100.0,100.0,0.0,100.0,100.0,3,1.0,1.0,1.0,1.0,0.0,1.0,1.0,3,100.0,100.0,100.0,100.0,0.0,100.0,100.0,,,,,,,,,,,,,,,,,,,,,,,,,,,,,,,,
phase2,R8_vos_bookshelf,paging,paging,real_2692,2692,library_cached_paging,PASS,3,90,0,0,90,19.2975,16.2259,34.11940000000001,23.309444444444445,12.918087940846382,14.431,118.385,90,12491.248535155999,10806.654492186999,14608.1423828125,12573.035666232567,1406.643530587819,10671.344726562,16240.00390625,90,622.26318359375,-2487.2710937499996,928.3266601562501,58.00022786458333,1506.5151186505977,-5400.5732421875,1079.6572265625,90,191376.0,175696.0,193121.59999999998,186715.3777777778,7867.273723038273,175696.0,193136.0,90,3.0,3.0,3.0,3.0,0.0,3.0,3.0,90,3.0,3.0,3.0,3.0,0.0,3.0,3.0,90,1.0,1.0,1.0,1.0,0.0,1.0,1.0,90,2.0,2.0,2.0,2.0,0.0,2.0,2.0,90,100.0,100.0,100.0,100.0,0.0,100.0,100.0,90,1.1917475728155,1.1917475728155,1.1917475728155,1.1917475728155,0.0,1.1917475728155,1.1917475728155,90,100.0,100.0,100.0,100.0,0.0,100.0,100.0,90,10.0,10.0,10.0,10.0,0.0,10.0,10.0,90,10.0,10.0,10.0,10.0,0.0,10.0,10.0,90,51.0,51.0,51.0,51.0,0.0,51.0,51.0,,,,,,,,
phase2,R8_vos_bookshelf,paging,paging,real_2692,2692,library_sequential_paging,PASS,3,90,0,0,90,16.7665,14.668,28.573200000000003,20.10051111111111,7.1168819429412205,13.076,46.135,90,12148.006347655999,10664.947851562,15850.0459960942,12710.413585069356,1931.9899273884682,10541.688476562,17909.090820312,90,497.7177734375,-1708.7608398437499,535.97685546875,4.417719184027778,1465.5430032368777,-7337.625,586.6484375,90,175328.0,163249.6,177617.6,172117.15555555557,6232.4203243303555,162736.0,177632.0,90,3.0,3.0,3.0,3.0,0.0,3.0,3.0,90,3.0,3.0,3.0,3.0,0.0,3.0,3.0,90,1.0,1.0,1.0,1.0,0.0,1.0,1.0,90,2.0,2.0,2.0,2.0,0.0,2.0,2.0,90,100.0,100.0,100.0,100.0,0.0,100.0,100.0,90,1.1917475728155,1.1917475728155,1.1917475728155,1.1917475728155,0.0,1.1917475728155,1.1917475728155,90,100.0,100.0,100.0,100.0,0.0,100.0,100.0,90,10.0,10.0,10.0,10.0,0.0,10.0,10.0,90,10.0,10.0,10.0,10.0,0.0,10.0,10.0,90,51.0,51.0,51.0,51.0,0.0,51.0,51.0,,,,,,,,
phase2,R8_vos_bookshelf,paging,paging,real_2692,2692,open_bookshelf,PASS,3,3,0,0,3,165.123,160.043,220.6294,186.13400000000001,42.01152714434457,158.773,234.506,3,15868.926757812,14934.8314453128,15957.9212890624,15516.801432291666,708.4252834575688,14701.307617188,15980.169921875,3,1158.078125,-563.953125,3543.1062500000003,1434.3268229166667,2578.0366142825633,-994.4609375,4139.36328125,3,198496.0,186131.2,202003.19999999998,194805.33333333334,10422.19580190918,183040.0,202880.0,3,1.0,1.0,1.0,1.0,0.0,1.0,1.0,3,1.0,1.0,1.0,1.0,0.0,1.0,1.0,3,1.0,1.0,1.0,1.0,0.0,1.0,1.0,3,0.0,0.0,0.0,0.0,0.0,0.0,0.0,3,100.0,100.0,100.0,100.0,0.0,100.0,100.0,3,1.0,1.0,1.0,1.0,0.0,1.0,1.0,3,100.0,100.0,100.0,100.0,0.0,100.0,100.0,,,,,,,,,,,,,,,,,3,64.0,64.0,64.0,64.0,0.0,64.0,64.0,,,,,,,,
phase2,R8_vos_bookshelf,paging,paging,real_2692,2692,paging_probe_step_2_to_3,PASS,3,3,0,0,3,26.46,24.480800000000002,28.1016,26.319333333333333,2.2662765350533314,23.986,28.512,3,10655.868164062,10623.330664062001,11493.877539062,10991.481445312,616.8574303193648,10615.196289062,11703.379882812,3,-1591.640625,-1857.40390625,89.25546875000009,-1002.001953125,1319.4779311973011,-1923.8447265625,509.4794921875,3,180272.0,170774.4,186966.4,179104.0,10170.42614643064,168400.0,188640.0,3,3.0,3.0000000000000004,3.0,3.0,0.0,3.0,3.0,3,3.0,3.0000000000000004,3.0,3.0,0.0,3.0,3.0,3,1.0,1.0,1.0,1.0,0.0,1.0,1.0,3,2.0,2.0,2.0,2.0,0.0,2.0,2.0,3,100.0,100.0,100.0,100.0,0.0,100.0,100.0,3,1.1917475728155,1.1917475728155,1.1917475728155,1.1917475728155,0.0,1.1917475728155,1.1917475728155,3,100.0,100.0,100.0,100.0,0.0,100.0,100.0,3,10.0,10.0,10.0,10.0,0.0,10.0,10.0,3,10.0,10.0,10.0,10.0,0.0,10.0,10.0,3,51.0,51.00000000000001,51.0,51.0,0.0,51.0,51.0,,,,,,,,
phase2,R8_vos_bookshelf,real_first_run,startup,real_2692,2692,home_to_library,PASS,1,1,0,0,1,47.85,47.85,47.85,47.85,0.0,47.85,47.85,1,14041.295898438,14041.295898438,14041.295898438,14041.295898438,0.0,14041.295898438,14041.295898438,1,3681.302734375,3681.302734375,3681.302734375,3681.302734375,0.0,3681.302734375,3681.302734375,1,175248.0,175248.0,175248.0,175248.0,0.0,175248.0,175248.0,1,5.0,5.0,5.0,5.0,0.0,5.0,5.0,1,5.0,5.0,5.0,5.0,0.0,5.0,5.0,1,4.0,4.0,4.0,4.0,0.0,4.0,4.0,1,1.0,1.0,1.0,1.0,0.0,1.0,1.0,1,100.0,100.0,100.0,100.0,0.0,100.0,100.0,1,4.0976941747573,4.0976941747573,4.0976941747573,4.0976941747573,0.0,4.0976941747573,4.0976941747573,1,100.0,100.0,100.0,100.0,0.0,100.0,100.0,,,,,,,,,,,,,,,,,,,,,,,,,,,,,,,,
phase2,R8_vos_bookshelf,real_first_run,startup,real_2692,2692,library_first_render,PASS,1,1,0,0,1,43.269,43.269,43.269,43.269,0.0,43.269,43.269,1,16873.092773438,16873.092773438,16873.092773438,16873.092773438,0.0,16873.092773438,16873.092773438,1,2821.2421875,2821.2421875,2821.2421875,2821.2421875,0.0,2821.2421875,2821.2421875,1,177056.0,177056.0,177056.0,177056.0,0.0,177056.0,177056.0,1,3.0,3.0,3.0,3.0,0.0,3.0,3.0,1,3.0,3.0,3.0,3.0,0.0,3.0,3.0,1,2.0,2.0,2.0,2.0,0.0,2.0,2.0,1,1.0,1.0,1.0,1.0,0.0,1.0,1.0,1,100.0,100.0,100.0,100.0,0.0,100.0,100.0,1,2.0976941747573,2.0976941747573,2.0976941747573,2.0976941747573,0.0,2.0976941747573,2.0976941747573,1,100.0,100.0,100.0,100.0,0.0,100.0,100.0,,,,,,,,,,,,,,,,,,,,,,,,,,,,,,,,
phase2,R8_vos_bookshelf,real_steady_cold,startup,real_2692,2692,home_to_library,PASS,3,3,0,0,3,42.862,40.5364,44.24119999999999,42.467666666666666,2.340547870335776,39.955,44.586,3,13930.790039062,13867.646289062,13969.552539061999,13920.631184895334,64.29616604889625,13851.860351562,13979.243164062,3,3616.56640625,3590.32890625,3655.00703125,3621.6510416666665,40.662956339521806,3583.76953125,3664.6171875,3,175616.0,174553.6,177152.0,175813.33333333334,1632.967033755836,174288.0,177536.0,3,3.0,3.0000000000000004,3.0,3.0,0.0,3.0,3.0,3,3.0,3.0000000000000004,3.0,3.0,0.0,3.0,3.0,3,2.0,2.0,2.0,2.0,0.0,2.0,2.0,3,1.0,1.0,1.0,1.0,0.0,1.0,1.0,3,100.0,100.0,100.0,100.0,0.0,100.0,100.0,3,2.0976941747573,2.0976941747573,2.0976941747573,2.0976941747573,0.0,2.0976941747573,2.0976941747573,3,100.0,100.0,100.0,100.0,0.0,100.0,100.0,,,,,,,,,,,,,,,,,,,,,,,,,,,,,,,,
phase2,R8_vos_bookshelf,real_steady_cold,startup,real_2692,2692,library_first_render,PASS,3,3,0,0,3,41.055,41.023,42.119800000000005,41.48533333333334,0.7802565817302253,41.015,42.386,3,16852.157226562,16811.697851562003,16996.388476562002,16895.395507812,121.35330807798248,16801.583007812,17032.446289062,3,2940.87109375,2917.70234375,3023.65546875,2965.7109375,69.62718506813768,2911.91015625,3044.3515625,3,175712.0,175212.8,178720.0,176757.33333333334,2371.5828750716964,175088.0,179472.0,3,3.0,3.0000000000000004,3.0,3.0,0.0,3.0,3.0,3,3.0,3.0000000000000004,3.0,3.0,0.0,3.0,3.0,3,2.0,2.0,2.0,2.0,0.0,2.0,2.0,3,1.0,1.0,1.0,1.0,0.0,1.0,1.0,3,100.0,100.0,100.0,100.0,0.0,100.0,100.0,3,2.0976941747573,2.0976941747573,2.0976941747573,2.0976941747573,0.0,2.0976941747573,2.0976941747573,3,100.0,100.0,100.0,100.0,0.0,100.0,100.0,,,,,,,,,,,,,,,,,,,,,,,,,,,,,,,,
phase2,R8_vos_bookshelf,warm,real,real_2692,2692,bookshelf_cached_paging,PASS,1,30,0,0,30,162.71249999999998,158.5616,181.32510000000002,166.13166666666666,9.027557241420654,157.479,187.967,30,45440.8266601565,33134.5137695317,58544.11396484371,46435.83658854174,10831.417502890066,30106.948242188,68899.827148438,30,1037.091796875,405.9774414062512,1239.31318359375,-294.46748046875,4935.521927380907,-21977.400390625,1476.5126953125,30,355168.0,355168.0,355168.0,355168.0,0.0,355168.0,355168.0,30,0.0,0.0,0.0,0.0,0.0,0.0,0.0,30,8.0,8.0,8.0,8.0,0.0,8.0,8.0,30,0.0,0.0,0.0,0.0,0.0,0.0,0.0,30,8.0,8.0,8.0,8.0,0.0,8.0,8.0,30,64.199029126214,64.199029126214,64.199029126214,64.199029126214,0.0,64.199029126214,64.199029126214,30,1.2034720913061,1.2034720913061,1.2034720913061,1.2034720913061,0.0,1.2034720913061,1.2034720913061,30,64.199029126214,64.199029126214,64.199029126214,64.199029126214,0.0,64.199029126214,64.199029126214,30,8.0,8.0,8.0,8.0,0.0,8.0,8.0,30,8.0,8.0,8.0,8.0,0.0,8.0,8.0,30,64.0,64.0,64.0,64.0,0.0,64.0,64.0,,,,,,,,
phase2,R8_vos_bookshelf,warm,real,real_2692,2692,bookshelf_cached_paging_anim_off,PASS,1,30,0,0,30,10.3065,8.0183,15.243500000000003,11.157433333333334,3.2168270475770044,7.896,18.493,30,40755.740234375,31561.163769531202,51669.89277343752,41884.117643229096,9347.582354911081,29497.739257812,64215.302734375,30,720.17236328125,647.9908203125,812.6158203125001,-462.5810546874834,4677.333652788721,-20858.704101562,977.37109375,30,355168.0,355168.0,355168.0,355168.0,0.0,355168.0,355168.0,30,1.0,1.0,1.0,1.0,0.0,1.0,1.0,30,1.0,1.0,1.0,1.0,0.0,1.0,1.0,30,0.0,0.0,0.0,0.0,0.0,0.0,0.0,30,1.0,1.0,1.0,1.0,0.0,1.0,1.0,30,64.199029126214,64.199029126214,64.199029126214,64.199029126214,0.0,64.199029126214,64.199029126214,30,0.64199029126214,0.64199029126214,0.64199029126214,0.64199029126214,0.0,0.64199029126214,0.64199029126214,30,64.199029126214,64.199029126214,64.199029126214,64.199029126214,0.0,64.199029126214,64.199029126214,30,8.0,8.0,8.0,8.0,0.0,8.0,8.0,30,8.0,8.0,8.0,8.0,0.0,8.0,8.0,30,64.0,64.0,64.0,64.0,0.0,64.0,64.0,,,,,,,,
phase2,R8_vos_bookshelf,warm,real,real_2692,2692,bookshelf_first_render,PASS,1,10,0,0,10,17.6425,15.130400000000002,41.9236,23.0491,12.37217739257457,15.044,50.785,10,30901.863769531003,28458.021289062995,44297.9776367187,33139.0794921875,6296.620302309751,27944.377929688,45394.352539062,10,1207.9365234375,-4896.849023437499,1348.65185546875,-1077.37333984375,5946.929033687937,-17452.599609375,1522.978515625,10,355168.0,355168.0,355168.0,355168.0,0.0,355168.0,355168.0,10,1.0,1.0,1.0,1.0,0.0,1.0,1.0,10,1.0,1.0,1.0,1.0,0.0,1.0,1.0,10,1.0,1.0,1.0,1.0,0.0,1.0,1.0,10,0.0,0.0,0.0,0.0,0.0,0.0,0.0,10,100.0,100.0,100.0,100.0,0.0,100.0,100.0,10,1.0,1.0,1.0,1.0,0.0,1.0,1.0,10,100.0,100.0,100.0,100.0,0.0,100.0,100.0,,,,,,,,,,,,,,,,,10,64.0,64.0,64.0,64.0,0.0,64.0,64.0,,,,,,,,
phase2,R8_vos_bookshelf,warm,real,real_2692,2692,bookshelf_sequential_paging,PASS,1,30,0,0,30,160.6385,159.264,166.3406,164.30123333333333,15.56548793099288,158.346,245.314,30,44185.180175781,34767.6983398437,59640.5049804688,45915.76038411457,9659.822916218465,32269.993164062,63485.727539062,30,1277.9638671875,1153.23359375,1511.9603515625,1010.6622395833333,1211.502738683547,-4284.568359375,1826.455078125,30,355168.0,355168.0,355168.0,355168.0,0.0,355168.0,355168.0,30,0.0,0.0,0.0,0.3333333333333333,1.8257418583505538,0.0,10.0,30,8.0,8.0,8.0,8.333333333333334,1.8257418583505538,8.0,18.0,30,0.0,0.0,0.0,0.3333333333333333,1.8257418583505538,0.0,10.0,30,8.0,8.0,8.0,8.0,0.0,8.0,8.0,30,64.199029126214,64.199029126214,64.199029126214,65.39239482200686,6.5363331093860095,64.199029126214,100.0,30,1.2034720913061,1.2034720913061,1.2034720913061,1.5368054246394298,1.8257418583505356,1.2034720913061,11.203472091306,30,64.199029126214,64.199029126214,64.199029126214,65.39239482200686,6.5363331093860095,64.199029126214,100.0,30,8.0,8.0,8.0,8.0,0.0,8.0,8.0,30,8.0,8.0,8.0,8.0,0.0,8.0,8.0,30,64.0,64.0,64.0,64.0,0.0,64.0,64.0,,,,,,,,
phase2,R8_vos_bookshelf,warm,real,real_2692,2692,bookshelf_sequential_paging_anim_off,PASS,1,30,0,0,30,22.438000000000002,17.6336,29.945,23.040333333333333,6.436565577758189,9.317,45.032,30,48261.792480469,33432.8833007808,59743.757226562,47395.33287760417,10046.653188874743,29996.274414062,62667.315429688,30,1192.935546875,1024.1325195312502,1421.514453125,45.31901041668328,4755.014218152414,-22702.512695312,1476.0,30,355168.0,355168.0,355168.0,355168.0,0.0,355168.0,355168.0,30,1.0,1.0,1.0,1.0,0.0,1.0,1.0,30,1.0,1.0,1.0,1.0,0.0,1.0,1.0,30,0.0,0.0,0.0,0.0,0.0,0.0,0.0,30,1.0,1.0,1.0,1.0,0.0,1.0,1.0,30,64.199029126214,64.199029126214,64.199029126214,64.199029126214,0.0,64.199029126214,64.199029126214,30,0.64199029126214,0.64199029126214,0.64199029126214,0.64199029126214,0.0,0.64199029126214,0.64199029126214,30,64.199029126214,64.199029126214,64.199029126214,64.199029126214,0.0,64.199029126214,64.199029126214,30,8.0,8.0,8.0,8.0,0.0,8.0,8.0,30,8.0,8.0,8.0,8.0,0.0,8.0,8.0,30,64.0,64.0,64.0,64.0,0.0,64.0,64.0,,,,,,,,
phase2,R8_vos_bookshelf,warm,real,real_2692,2692,change_sort_mode,PASS,1,10,0,0,10,67.1475,48.9645,115.94949999999999,77.5637,29.41416021824258,44.523,125.089,10,28912.784667968997,23622.201562500002,34846.0273437504,29145.9300781251,4781.9382133056215,22955.37890625,36652.575195312,10,3294.52587890625,-11729.8340820317,3558.5460937499997,-458.77148437505,6281.071035392382,-12027.880859375,4128.2373046875,10,226816.0,226816.0,230160.0,228153.6,1726.8341746290137,226816.0,230160.0,10,8.5,6.0,10.1,8.2,1.6865480854231356,6.0,11.0,10,8.5,6.0,10.1,8.2,1.6865480854231356,6.0,11.0,10,4.5,2.0,6.1,4.2,1.6865480854231356,2.0,7.0,10,4.0,4.0,4.0,4.0,0.0,4.0,4.0,10,100.0,100.0,100.0,100.0,0.0,100.0,100.0,10,4.8907766990291,2.3907766990291,6.4907766990291,4.5907766990291,1.6865480854231356,2.3907766990291,7.3907766990291,10,100.0,100.0,100.0,100.0,0.0,100.0,100.0,,,,,,,,,,,,,,,,,,,,,,,,,,,,,,,,
phase2,R8_vos_bookshelf,warm,real,real_2692,2692,close_book,PASS,1,10,0,0,10,42.846999999999994,37.1119,71.8802,48.978,15.234715648442176,31.504,73.349,10,28073.714355468997,25497.866406250003,28524.0568359375,27438.537988281303,1371.0009608567698,24992.224609375,28703.1796875,10,2558.8798828125,-1114.2802734375,2781.1880859375,1422.35166015625,1892.9671009405006,-1821.0,2847.6474609375,10,354560.0,354560.0,354560.0,354560.0,0.0,354560.0,354560.0,10,8.0,8.0,8.0,8.0,0.0,8.0,8.0,10,8.0,8.0,8.0,8.0,0.0,8.0,8.0,10,4.0,4.0,4.0,4.0,0.0,4.0,4.0,10,4.0,4.0,4.0,4.0,0.0,4.0,4.0,10,100.0,100.0,100.0,100.0,0.0,100.0,100.0,10,4.3834951456311,4.3834951456311,4.3834951456311,4.3834951456311,0.0,4.3834951456311,4.3834951456311,10,100.0,100.0,100.0,100.0,0.0,100.0,100.0,,,,,,,,,,,,,,,,,,,,,,,,,,,,,,,,
phase2,R8_vos_bookshelf,warm,real,real_2692,2692,close_bookshelf,PASS,1,10,0,0,10,7.3415,6.8858,7.7313,7.357899999999999,0.43688733609987407,6.605,8.058,10,55749.075683594,51054.336132813,60086.964257812,55610.8900390625,3808.6093864122236,50007.393554688,61120.157226562,10,71.8720703125,47.61572265625,111.97626953125,77.61591796875,30.031924784269993,32.01953125,121.3603515625,10,355168.0,355168.0,355168.0,355168.0,0.0,355168.0,355168.0,10,1.0,1.0,1.0,1.0,0.0,1.0,1.0,10,1.0,1.0,1.0,1.0,0.0,1.0,1.0,10,1.0,1.0,1.0,1.0,0.0,1.0,1.0,10,0.0,0.0,0.0,0.0,0.0,0.0,0.0,10,100.0,100.0,100.0,100.0,0.0,100.0,100.0,10,1.0,1.0,1.0,1.0,0.0,1.0,1.0,10,100.0,100.0,100.0,100.0,0.0,100.0,100.0,,,,,,,,,,,,,,,,,,,,,,,,,,,,,,,,
phase2,R8_vos_bookshelf,warm,real,real_2692,2692,close_quick_settings,PASS,1,10,0,0,10,8.214500000000001,7.72,9.079699999999999,8.269400000000001,0.5374675597445654,7.369,9.194,10,37787.3745117185,35894.3247070308,39198.334667968804,37660.3849609374,1363.2105017424528,35556.22265625,39549.428710938,10,60.5146484375,43.19013671875,158.56767578125,79.4423828125,45.92572482072445,39.9619140625,165.8125,10,355168.0,355168.0,355168.0,355168.0,0.0,355168.0,355168.0,10,3.0,3.0,3.0,3.0,0.0,3.0,3.0,10,3.0,3.0,3.0,3.0,0.0,3.0,3.0,10,3.0,3.0,3.0,3.0,0.0,3.0,3.0,10,0.0,0.0,0.0,0.0,0.0,0.0,0.0,10,100.0,100.0,100.0,100.0,0.0,100.0,100.0,10,3.0,3.0,3.0,3.0,0.0,3.0,3.0,10,100.0,100.0,100.0,100.0,0.0,100.0,100.0,,,,,,,,,,,,,,,,,,,,,,,,,,,,,,,,
phase2,R8_vos_bookshelf,warm,real,real_2692,2692,home_to_library,PASS,1,10,0,0,10,43.822500000000005,41.631800000000005,47.918099999999995,44.3194,2.5344299907035857,41.531,49.557,10,16787.769042968997,13391.9074218754,22566.759667968698,17253.275585937597,3694.3961658681064,13238.364257812,22620.125976562,10,2889.3154296875,-9179.66318359375,3608.9004882812496,614.4236328125,5219.56379976468,-9386.55859375,3680.330078125,10,190256.0,190256.0,190256.0,190256.0,0.0,190256.0,190256.0,10,3.0,3.0,3.0,3.0,0.0,3.0,3.0,10,3.0,3.0,3.0,3.0,0.0,3.0,3.0,10,2.0,2.0,2.0,2.0,0.0,2.0,2.0,10,1.0,1.0,1.0,1.0,0.0,1.0,1.0,10,100.0,100.0,100.0,100.0,0.0,100.0,100.0,10,2.0976941747573,2.0976941747573,2.0976941747573,2.0976941747573,0.0,2.0976941747573,2.0976941747573,10,100.0,100.0,100.0,100.0,0.0,100.0,100.0,,,,,,,,,,,,,,,,,,,,,,,,,,,,,,,,
phase2,R8_vos_bookshelf,warm,real,real_2692,2692,library_cached_paging,PASS,1,30,0,0,30,14.8525,12.679,26.7932,16.982233333333333,5.559671949410097,11.459,30.58,30,12165.602050781501,10839.994140625,13458.7454101562,12109.255826822935,914.7827335620952,10811.44140625,13528.73828125,30,517.166015625,-2592.6032226562497,784.23447265625,-17.308821614583334,1264.4576774819243,-2692.99609375,821.5771484375,30,192624.0,190672.0,192624.0,192360.53333333333,673.6496446062753,190672.0,192624.0,30,3.0,3.0,3.0,3.0,0.0,3.0,3.0,30,3.0,3.0,3.0,3.0,0.0,3.0,3.0,30,1.0,1.0,1.0,1.0,0.0,1.0,1.0,30,2.0,2.0,2.0,2.0,0.0,2.0,2.0,30,100.0,100.0,100.0,100.0,0.0,100.0,100.0,30,1.1953883495146,1.1953883495146,1.1953883495146,1.1953883495146,0.0,1.1953883495146,1.1953883495146,30,100.0,100.0,100.0,100.0,0.0,100.0,100.0,30,10.0,10.0,10.0,10.0,0.0,10.0,10.0,30,10.0,10.0,10.0,10.0,0.0,10.0,10.0,30,51.0,51.0,51.0,51.0,0.0,51.0,51.0,,,,,,,,
phase2,R8_vos_bookshelf,warm,real,real_2692,2692,library_first_render,PASS,1,10,0,0,10,44.312,42.3003,53.6692,46.7791,5.632500736302167,41.25,57.487,10,15397.658691405999,10401.747851563,20188.5609375,15817.8489257812,4124.628099431995,10314.233398438,22688.033203125,10,2911.42724609375,-9227.621875,3597.992578125,-2.36630859375,5324.1603610182765,-9600.8740234375,3606.802734375,10,190256.0,190256.0,190456.0,190347.2,138.2660880733635,190256.0,190672.0,10,3.0,3.0,3.0,3.0,0.0,3.0,3.0,10,3.0,3.0,3.0,3.0,0.0,3.0,3.0,10,2.0,2.0,2.0,2.0,0.0,2.0,2.0,10,1.0,1.0,1.0,1.0,0.0,1.0,1.0,10,100.0,100.0,100.0,100.0,0.0,100.0,100.0,10,2.0976941747573,2.0976941747573,2.0976941747573,2.0976941747573,0.0,2.0976941747573,2.0976941747573,10,100.0,100.0,100.0,100.0,0.0,100.0,100.0,,,,,,,,,,,,,,,,,,,,,,,,,,,,,,,,
phase2,R8_vos_bookshelf,warm,real,real_2692,2692,library_folder_back,PASS,1,10,0,0,10,72.6405,53.8073,91.09509999999999,73.1981,17.977438869934232,50.489,101.122,10,27792.02734375,24271.92890625,34306.8583007817,29155.0734375,4789.904865326685,23122.962890625,38448.755859375,10,1334.47509765625,-6351.5150390625,4023.86025390625,-98.11298828125,4672.536721251682,-6379.3974609375,4185.7451171875,10,212752.0,206441.59999999998,220580.8,213270.4,6249.575331350301,205232.0,223072.0,10,13.0,10.8,15.0,12.8,1.8135294011647258,9.0,15.0,10,13.0,10.8,15.0,12.8,1.8135294011647258,9.0,15.0,10,7.0,4.8,9.0,6.8,1.8135294011647258,3.0,9.0,10,6.0,6.0,6.0,6.0,0.0,6.0,6.0,10,100.0,100.0,100.0,100.0,0.0,100.0,100.0,10,7.5861650485437,5.386165048543701,9.5861650485437,7.3861650485437,1.8135294011647258,3.5861650485437,9.5861650485437,10,100.0,100.0,100.0,100.0,0.0,100.0,100.0,,,,,,,,,,,,,,,,,,,,,,,,,,,,,,,,
phase2,R8_vos_bookshelf,warm,real,real_2692,2692,library_folder_enter,PASS,1,10,0,0,10,27.072,20.5076,32.48179999999999,28.253800000000002,8.894295522661952,19.046,51.569,10,19857.95703125,16757.0375,23872.6884765625,20080.4989257813,3125.9610014746613,15718.7890625,25356.818359375,10,1883.33154296875,495.4102539062501,3137.0401367187496,1421.95166015625,2299.2430525413074,-4735.7421875,3194.8203125,10,193288.0,192688.0,195696.0,193651.2,1263.218886636657,192688.0,196128.0,10,6.0,6.0,6.0,6.0,0.0,6.0,6.0,10,6.0,6.0,6.0,6.0,0.0,6.0,6.0,10,1.0,1.0,1.0,1.0,0.0,1.0,1.0,10,5.0,5.0,5.0,5.0,0.0,5.0,5.0,10,100.0,100.0,100.0,100.0,0.0,100.0,100.0,10,1.4884708737864,1.4884708737864,1.4884708737864,1.4884708737864,0.0,1.4884708737864,1.4884708737864,10,100.0,100.0,100.0,100.0,0.0,100.0,100.0,,,,,,,,,,,,,,,,,,,,,,,,,,,,,,,,
phase2,R8_vos_bookshelf,warm,real,real_2692,2692,library_sequential_paging,PASS,1,30,0,0,30,16.2875,15.2665,28.0025,18.2576,4.968698459979927,14.686,31.253,30,11719.18359375,10642.403125,12979.803808593799,11831.903808593768,910.6206230325519,10505.219726562,14058.969726562,30,503.60302734375,-1992.57880859375,549.18408203125,43.038997395833334,1102.225474029704,-3460.6416015625,575.412109375,30,190672.0,190672.0,190672.0,190672.0,0.0,190672.0,190672.0,30,3.0,3.0,3.0,3.0,0.0,3.0,3.0,30,3.0,3.0,3.0,3.0,0.0,3.0,3.0,30,1.0,1.0,1.0,1.0,0.0,1.0,1.0,30,2.0,2.0,2.0,2.0,0.0,2.0,2.0,30,100.0,100.0,100.0,100.0,0.0,100.0,100.0,30,1.1953883495146,1.1953883495146,1.1953883495146,1.1953883495146,0.0,1.1953883495146,1.1953883495146,30,100.0,100.0,100.0,100.0,0.0,100.0,100.0,30,10.0,10.0,10.0,10.0,0.0,10.0,10.0,30,10.0,10.0,10.0,10.0,0.0,10.0,10.0,30,51.0,51.0,51.0,51.0,0.0,51.0,51.0,,,,,,,,
phase2,R8_vos_bookshelf,warm,real,real_2692,2692,open_book,PASS,1,10,0,0,10,69.988,66.852,96.1049,76.0112,13.774102324450928,56.502,99.128,10,26593.1572265625,24515.958398437004,27361.404003906202,26327.1464843749,1185.473277709168,23957.188476562,27527.145507812,10,513.35986328125,-719.47255859375,1136.13447265625,290.0466796875,899.0993875342891,-1044.376953125,1244.6240234375,10,354272.0,354272.0,354300.8,354300.8,91.07359661284933,354272.0,354560.0,10,9.0,8.899999999999999,9.0,8.9,0.31622776601683794,8.0,9.0,10,9.0,8.899999999999999,9.0,8.9,0.31622776601683794,8.0,9.0,10,9.0,8.899999999999999,9.0,8.9,0.31622776601683794,8.0,9.0,10,0.0,0.0,0.0,0.0,0.0,0.0,0.0,10,100.0,100.0,100.0,100.0,0.0,100.0,100.0,10,9.0,8.899999999999999,9.0,8.9,0.31622776601683794,8.0,9.0,10,100.0,100.0,100.0,100.0,0.0,100.0,100.0,,,,,,,,,,,,,,,,,,,,,,,,,,,,,,,,
phase2,R8_vos_bookshelf,warm,real,real_2692,2692,open_book_minimal,PASS,1,10,0,0,10,136.66649999999998,93.6298,165.5477,135.4326,33.71592588476055,80.515,191.357,10,25566.198242187,24728.180664062,26565.7421875,25628.8562499997,942.8522868749171,24721.184570312,26665.849609375,10,-2407.8466796875,-4766.193652343751,1284.7307617187498,-1861.29599609375,2507.48997639727,-4780.619140625,1314.2294921875,10,351368.0,310880.0,353584.0,342224.0,17116.14993053182,310880.0,353728.0,10,0.0,0.0,0.0,0.0,0.0,0.0,0.0,10,0.0,0.0,0.0,0.0,0.0,0.0,0.0,10,0.0,0.0,0.0,0.0,0.0,0.0,0.0,10,0.0,0.0,0.0,0.0,0.0,0.0,0.0,10,0.0,0.0,0.0,0.0,0.0,0.0,0.0,10,0.0,0.0,0.0,0.0,0.0,0.0,0.0,10,0.0,0.0,0.0,0.0,0.0,0.0,0.0,,,,,,,,,,,,,,,,,,,,,,,,,,,,,,,,
phase2,R8_vos_bookshelf,warm,real,real_2692,2692,open_bookshelf,PASS,1,10,0,0,10,17.734,15.5233,20.4151,17.8403,2.0927551775908553,15.256,21.037,10,35727.643066406,30567.967187499602,40605.1850585933,35650.5061523435,4199.129009790908,29278.483398438,41788.443359375,10,1328.42236328125,1298.2526367187502,1478.2482421875,1354.19189453125,72.38822322851519,1285.1103515625,1489.3857421875,10,355168.0,354811.19999999995,355168.0,355062.4,188.29008352952513,354624.0,355168.0,10,1.0,1.0,1.0,1.0,0.0,1.0,1.0,10,1.0,1.0,1.0,1.0,0.0,1.0,1.0,10,1.0,1.0,1.0,1.0,0.0,1.0,1.0,10,0.0,0.0,0.0,0.0,0.0,0.0,0.0,10,100.0,100.0,100.0,100.0,0.0,100.0,100.0,10,1.0,1.0,1.0,1.0,0.0,1.0,1.0,10,100.0,100.0,100.0,100.0,0.0,100.0,100.0,,,,,,,,,,,,,,,,,10,64.0,64.0,64.0,64.0,0.0,64.0,64.0,,,,,,,,
phase2,R8_vos_bookshelf,warm,real,real_2692,2692,open_quick_settings,PASS,1,10,0,0,10,8.3965,7.686,8.7625,8.2911,0.48311131682506087,7.524,8.866,10,32821.45703125,31583.7356445312,34125.8931640625,32839.104394531096,1070.1823702579254,31279.997070312,34441.84765625,10,328.376953125,307.109375,344.07177734375,326.40712890625,14.983646141820913,306.5380859375,346.58984375,10,355168.0,355168.0,355168.0,355168.0,0.0,355168.0,355168.0,10,3.0,3.0,3.0,3.0,0.0,3.0,3.0,10,3.0,3.0,3.0,3.0,0.0,3.0,3.0,10,3.0,3.0,3.0,3.0,0.0,3.0,3.0,10,0.0,0.0,0.0,0.0,0.0,0.0,0.0,10,100.0,100.0,100.0,100.0,0.0,100.0,100.0,10,3.0,3.0,3.0,3.0,0.0,3.0,3.0,10,100.0,100.0,100.0,100.0,0.0,100.0,100.0,,,,,,,,,,,,,,,,,,,,,,,,,,,,,,,,
phase2,R8_vos_bookshelf,warm,real,real_2692,2692,repeated_nav,PASS,1,1,0,0,1,590.515,590.515,590.515,590.515,0.0,590.515,590.515,1,32446.669921875,32446.669921875,32446.669921875,32446.669921875,0.0,32446.669921875,32446.669921875,1,-8171.244140625,-8171.244140625,-8171.244140625,-8171.244140625,0.0,-8171.244140625,-8171.244140625,1,355168.0,355168.0,355168.0,355168.0,0.0,355168.0,355168.0,1,90.0,90.0,90.0,90.0,0.0,90.0,90.0,1,90.0,90.0,90.0,90.0,0.0,90.0,90.0,1,30.0,30.0,30.0,30.0,0.0,30.0,30.0,1,60.0,60.0,60.0,60.0,0.0,60.0,60.0,1,100.0,100.0,100.0,100.0,0.0,100.0,100.0,1,35.861650485437,35.861650485437,35.861650485437,35.861650485437,0.0,35.861650485437,35.861650485437,1,100.0,100.0,100.0,100.0,0.0,100.0,100.0,,,,,,,,,,,,,,,,,,,,,,,,,,,,,,,,
phase2,R8_vos_bookshelf,warm,real,real_2692,2692,start_to_home,UNSUPPORTED,1,0,0,10,,,,,,,,,,,,,,,,,,,,,,,,,,,,,,,,,,,,,,,,,,,,,,,,,,,,,,,,,,,,,,,,,,,,,,,,,,,,,,,,,,,,,,,,,,,,,,,,,,,,,,,,,,,,,,,,,,,,,,,,
phase2,R9_simpleui_vos,paging,paging,real_2692,2692,library_cached_paging,PASS,3,90,0,0,90,28.994500000000002,8.36,48.12970000000001,25.75681111111111,15.472226095723217,4.783,54.851,90,17873.125976563,15033.324804688002,19974.689843750002,17661.071701388988,1923.2898403824606,14408.252929688,21810.77734375,90,552.1826171875,-4303.53330078125,2255.1043945312504,-9.802723524305556,2385.9783405720736,-7223.3837890625,2340.220703125,90,197952.0,196366.4,199152.0,197702.4,1224.9928850974302,195824.0,199152.0,90,4.0,4.0,4.0,4.0,0.0,4.0,4.0,90,4.0,4.0,4.0,4.0,0.0,4.0,4.0,90,1.0,1.0,1.0,1.0,0.0,1.0,1.0,90,3.0,3.0,3.0,3.0,0.0,3.0,3.0,90,100.0,100.0,100.0,100.0,0.0,100.0,100.0,90,1.2876213592233,1.2876213592233001,1.2876213592233,1.2876213592233,0.0,1.2876213592233,1.2876213592233,90,100.0,100.0,100.0,100.0,0.0,100.0,100.0,90,8.0,8.0,8.0,8.0,0.0,8.0,8.0,90,8.0,8.0,8.0,8.0,0.0,8.0,8.0,90,64.0,64.0,64.0,64.0,0.0,64.0,64.0,,,,,,,,
phase2,R9_simpleui_vos,paging,paging,real_2692,2692,library_sequential_paging,PASS,3,90,0,0,90,16.493000000000002,12.2388,31.473600000000005,17.89078888888889,6.512715183952918,8.82,35.865,90,15860.196289062,14609.936132812001,20155.397070312,16684.014040798713,2099.9177097919637,14170.249023438,21051.409179688,90,387.10009765625,-1671.66337890625,448.48730468750006,-76.40757378472222,1067.2400891462305,-4623.21484375,502.9306640625,90,185920.0,183308.80000000002,186816.0,185364.8,1476.4552995893216,182928.0,186816.0,90,4.0,4.0,4.0,4.0,0.0,4.0,4.0,90,4.0,4.0,4.0,4.0,0.0,4.0,4.0,90,1.0,1.0,1.0,1.0,0.0,1.0,1.0,90,3.0,3.0,3.0,3.0,0.0,3.0,3.0,90,100.0,100.0,100.0,100.0,0.0,100.0,100.0,90,1.2876213592233,1.2876213592233001,1.2876213592233,1.2876213592233,0.0,1.2876213592233,1.2876213592233,90,100.0,100.0,100.0,100.0,0.0,100.0,100.0,90,8.0,8.0,8.0,8.0,0.0,8.0,8.0,90,8.0,8.0,8.0,8.0,0.0,8.0,8.0,90,64.0,64.0,64.0,64.0,0.0,64.0,64.0,,,,,,,,
phase2,R9_simpleui_vos,paging,paging,real_2692,2692,paging_probe_step_2_to_3,PASS,3,3,0,0,3,23.763,14.828600000000002,32.727000000000004,23.775333333333336,11.186505099151091,12.595,34.968,3,14756.145507812,14389.6126953128,15226.0595703128,14799.221028646001,524.1085942936442,14297.979492188,15343.538085938,3,-570.01171875,-1509.2078125,231.76484375000007,-627.2698567708334,1089.2372078302371,-1744.0068359375,432.208984375,3,187264.0,186956.8,189568.0,188096.0,1783.9820626900932,186880.0,190144.0,3,4.0,4.0,4.0,4.0,0.0,4.0,4.0,3,4.0,4.0,4.0,4.0,0.0,4.0,4.0,3,1.0,1.0,1.0,1.0,0.0,1.0,1.0,3,3.0,3.0000000000000004,3.0,3.0,0.0,3.0,3.0,3,100.0,100.0,100.0,100.0,0.0,100.0,100.0,3,1.2876213592233,1.2876213592233,1.2876213592233,1.2876213592233,0.0,1.2876213592233,1.2876213592233,3,100.0,100.0,100.0,100.0,0.0,100.0,100.0,3,8.0,8.0,8.0,8.0,0.0,8.0,8.0,3,8.0,8.0,8.0,8.0,0.0,8.0,8.0,3,64.0,64.0,64.0,64.0,0.0,64.0,64.0,,,,,,,,
phase2,R9_simpleui_vos,real_first_run,startup,real_2692,2692,home_to_library,PASS,1,1,0,0,1,43.764,43.764,43.764,43.764,0.0,43.764,43.764,1,16230.130859375,16230.130859375,16230.130859375,16230.130859375,0.0,16230.130859375,16230.130859375,1,2458.9326171875,2458.9326171875,2458.9326171875,2458.9326171875,0.0,2458.9326171875,2458.9326171875,1,176384.0,176384.0,176384.0,176384.0,0.0,176384.0,176384.0,1,8.0,8.0,8.0,8.0,0.0,8.0,8.0,1,8.0,8.0,8.0,8.0,0.0,8.0,8.0,1,4.0,4.0,4.0,4.0,0.0,4.0,4.0,1,4.0,4.0,4.0,4.0,0.0,4.0,4.0,1,100.0,100.0,100.0,100.0,0.0,100.0,100.0,1,4.3834951456311,4.3834951456311,4.3834951456311,4.3834951456311,0.0,4.3834951456311,4.3834951456311,1,100.0,100.0,100.0,100.0,0.0,100.0,100.0,,,,,,,,,,,,,,,,,,,,,,,,,,,,,,,,
phase2,R9_simpleui_vos,real_first_run,startup,real_2692,2692,library_first_render,PASS,1,1,0,0,1,110.916,110.916,110.916,110.916,0.0,110.916,110.916,1,15887.58203125,15887.58203125,15887.58203125,15887.58203125,0.0,15887.58203125,15887.58203125,1,-355.400390625,-355.400390625,-355.400390625,-355.400390625,0.0,-355.400390625,-355.400390625,1,185376.0,185376.0,185376.0,185376.0,0.0,185376.0,185376.0,1,11.0,11.0,11.0,11.0,0.0,11.0,11.0,1,11.0,11.0,11.0,11.0,0.0,11.0,11.0,1,3.0,3.0,3.0,3.0,0.0,3.0,3.0,1,8.0,8.0,8.0,8.0,0.0,8.0,8.0,1,100.0,100.0,100.0,100.0,0.0,100.0,100.0,1,3.7742718446602,3.7742718446602,3.7742718446602,3.7742718446602,0.0,3.7742718446602,3.7742718446602,1,100.0,100.0,100.0,100.0,0.0,100.0,100.0,,,,,,,,,,,,,,,,,,,,,,,,,,,,,,,,
phase2,R9_simpleui_vos,real_steady_cold,startup,real_2692,2692,home_to_library,PASS,3,3,0,0,3,34.758,32.7836,35.6644,34.312999999999995,1.8412818904230823,32.29,35.891,3,16273.322265625,16213.0355468754,16290.4121093746,16255.323567708334,50.81031832435003,16197.963867188,16294.684570312,3,2498.115234375,2456.841015625,2502.070703125,2482.5657552083335,31.312152766715492,2446.5224609375,2503.0595703125,3,175552.0,174553.6,185792.0,179402.66666666666,7775.429334341181,174304.0,188352.0,3,6.0,6.000000000000001,6.0,6.0,0.0,6.0,6.0,3,6.0,6.000000000000001,6.0,6.0,0.0,6.0,6.0,3,2.0,2.0,2.0,2.0,0.0,2.0,2.0,3,4.0,4.0,4.0,4.0,0.0,4.0,4.0,3,100.0,100.0,100.0,100.0,0.0,100.0,100.0,3,2.3834951456311,2.3834951456311,2.3834951456311,2.3834951456311,0.0,2.3834951456311,2.3834951456311,3,100.0,100.0,100.0,100.0,0.0,100.0,100.0,,,,,,,,,,,,,,,,,,,,,,,,,,,,,,,,
phase2,R9_simpleui_vos,real_steady_cold,startup,real_2692,2692,library_first_render,PASS,3,3,0,0,3,95.99,94.7852,97.4996,96.117,1.7000614694769132,94.484,97.877,3,15782.927734375,15726.8769531246,15909.6175781246,15812.360677083,117.02268144363089,15712.864257812,15941.290039062,3,-496.724609375,-500.67929687500003,-391.07929687499995,-454.353515625,77.70927994247835,-501.66796875,-364.66796875,3,184720.0,181532.80000000002,187625.6,184602.66666666666,3809.355501043888,180736.0,188352.0,3,11.0,11.0,11.0,11.0,0.0,11.0,11.0,3,11.0,11.0,11.0,11.0,0.0,11.0,11.0,3,3.0,3.0000000000000004,3.0,3.0,0.0,3.0,3.0,3,8.0,8.0,8.0,8.0,0.0,8.0,8.0,3,100.0,100.0,100.0,100.0,0.0,100.0,100.0,3,3.7742718446602,3.7742718446602,3.7742718446602,3.7742718446602,0.0,3.7742718446602,3.7742718446602,3,100.0,100.0,100.0,100.0,0.0,100.0,100.0,,,,,,,,,,,,,,,,,,,,,,,,,,,,,,,,
phase2,R9_simpleui_vos,warm,real,real_2692,2692,change_sort_mode,PASS,1,10,0,0,10,89.598,53.918400000000005,107.25009999999999,83.4085,24.36242000956026,53.211,123.595,10,23922.023925781497,23863.124218750003,28891.377929687005,25887.7271484376,2579.9548128800666,23800.416015625,29025.903320312,10,-40.49169921875,-5077.73515625,5000.89814453125,-21.44873046875,4724.399237857707,-5175.1865234375,5097.548828125,10,222160.0,222160.0,222160.0,222160.0,0.0,222160.0,222160.0,10,15.0,15.0,15.0,15.0,0.0,15.0,15.0,10,15.0,15.0,15.0,15.0,0.0,15.0,15.0,10,3.0,3.0,3.0,3.0,0.0,3.0,3.0,10,12.0,12.0,12.0,12.0,0.0,12.0,12.0,10,100.0,100.0,100.0,100.0,0.0,100.0,100.0,10,4.1723300970874,4.1723300970874,4.1723300970874,4.1723300970874,0.0,4.1723300970874,4.1723300970874,10,100.0,100.0,100.0,100.0,0.0,100.0,100.0,,,,,,,,,,,,,,,,,,,,,,,,,,,,,,,,
phase2,R9_simpleui_vos,warm,real,real_2692,2692,close_book,PASS,1,10,0,0,10,221.6565,212.5274,232.8209,221.85430000000002,10.889235439439975,202.109,241.496,10,62431.2333984375,57646.821679688,67580.48876953131,62395.136230469005,4092.485073707005,56582.311523438,68303.639648438,10,12.02783203125,-242.56630859375,662.701171875,70.66455078125,421.94705833891265,-639.4619140625,880.23046875,10,349888.0,340011.2,365520.0,352750.4,11897.184309276245,339680.0,365520.0,10,32.0,31.5,32.0,31.5,1.5811388300841898,27.0,32.0,10,32.0,31.5,32.0,31.5,1.5811388300841898,27.0,32.0,10,22.0,21.6,22.0,21.6,1.2649110640673518,18.0,22.0,10,10.0,9.9,10.0,9.9,0.31622776601683794,9.0,10.0,10,100.0,100.0,100.0,100.0,0.0,100.0,100.0,10,22.962378640777,22.5527912621362,22.962378640777,22.552791262136203,1.2952290173627288,18.866504854369,22.962378640777,10,100.0,100.0,100.0,100.0,0.0,100.0,100.0,,,,,,,,,,,,,,,,,,,,,,,,,,,,,,,,
phase2,R9_simpleui_vos,warm,real,real_2692,2692,close_quick_settings,PASS,1,10,0,0,10,8.560500000000001,8.305,9.1664,8.643600000000001,0.3856063623264881,8.215,9.476,10,73289.681152344,71178.20917968701,74742.4500976563,73118.46015625,1447.770993888823,70856.399414062,75064.541992188,10,52.45849609375,28.17021484375,130.70761718749998,72.11337890625,47.56909688782088,26.86328125,169.103515625,10,365968.0,365968.0,365968.0,365968.0,0.0,365968.0,365968.0,10,3.0,3.0,3.0,3.0,0.0,3.0,3.0,10,3.0,3.0,3.0,3.0,0.0,3.0,3.0,10,3.0,3.0,3.0,3.0,0.0,3.0,3.0,10,0.0,0.0,0.0,0.0,0.0,0.0,0.0,10,100.0,100.0,100.0,100.0,0.0,100.0,100.0,10,3.0,3.0,3.0,3.0,0.0,3.0,3.0,10,100.0,100.0,100.0,100.0,0.0,100.0,100.0,,,,,,,,,,,,,,,,,,,,,,,,,,,,,,,,
phase2,R9_simpleui_vos,warm,real,real_2692,2692,home_to_library,PASS,1,10,0,0,10,30.762500000000003,27.9661,34.5537,32.288,6.267988442164769,25.942,49.014,10,18102.924804688,16722.1309570308,19280.4261718754,18028.5577148438,1624.7436739836257,14686.3828125,20834.766601562,10,1418.5400390625,-3273.5904296875,2397.84404296875,717.28232421875,2473.122802059919,-4542.89453125,2437.845703125,10,180616.0,180528.0,181243.2,180793.6,325.3071027676941,180528.0,181344.0,10,6.0,6.0,6.0,6.0,0.0,6.0,6.0,10,6.0,6.0,6.0,6.0,0.0,6.0,6.0,10,2.0,2.0,2.0,2.0,0.0,2.0,2.0,10,4.0,4.0,4.0,4.0,0.0,4.0,4.0,10,100.0,100.0,100.0,100.0,0.0,100.0,100.0,10,2.3834951456311,2.3834951456311,2.3834951456311,2.3834951456311,0.0,2.3834951456311,2.3834951456311,10,100.0,100.0,100.0,100.0,0.0,100.0,100.0,,,,,,,,,,,,,,,,,,,,,,,,,,,,,,,,
phase2,R9_simpleui_vos,warm,real,real_2692,2692,library_cached_paging,PASS,1,30,0,0,30,16.4155,10.9119,46.8872,21.11,12.879309999723025,9.11,50.782,30,23235.888183593503,22089.563671875,25197.673437500398,23424.2240234375,1201.4939547721744,21748.142578125,26421.713867188,30,457.18505859375,-2026.6492187499998,762.28173828125,-23.33310546875,1290.0179563417566,-4129.6728515625,831.5078125,30,205632.0,202640.0,205840.0,205074.13333333333,1241.9498499879362,202640.0,205936.0,30,4.0,4.0,4.0,4.0,0.0,4.0,4.0,30,4.0,4.0,4.0,4.0,0.0,4.0,4.0,30,1.0,1.0,1.0,1.0,0.0,1.0,1.0,30,3.0,3.0,3.0,3.0,0.0,3.0,3.0,30,100.0,100.0,100.0,100.0,0.0,100.0,100.0,30,1.2930825242718,1.2930825242718,1.2930825242718,1.2930825242718,0.0,1.2930825242718,1.2930825242718,30,100.0,100.0,100.0,100.0,0.0,100.0,100.0,30,8.0,8.0,8.0,8.0,0.0,8.0,8.0,30,8.0,8.0,8.0,8.0,0.0,8.0,8.0,30,64.0,64.0,64.0,64.0,0.0,64.0,64.0,,,,,,,,
phase2,R9_simpleui_vos,warm,real,real_2692,2692,library_first_render,PASS,1,10,0,0,10,94.36449999999999,85.31909999999999,114.07979999999999,100.4022,19.5411068195569,84.447,147.009,10,24506.1796875,18469.8874023433,28002.0359374996,23568.6388671875,4180.034463191044,18234.232421875,31003.639648438,10,1004.3349609375,-6968.982324218749,6375.2271484375,157.4697265625,6534.5850578352365,-9771.9541015625,6415.2138671875,10,192000.0,187888.0,200963.19999999998,193787.2,5303.195112382723,187888.0,201856.0,10,11.0,11.0,11.0,11.0,0.0,11.0,11.0,10,11.0,11.0,11.0,11.0,0.0,11.0,11.0,10,3.0,3.0,3.0,3.0,0.0,3.0,3.0,10,8.0,8.0,8.0,8.0,0.0,8.0,8.0,10,100.0,100.0,100.0,100.0,0.0,100.0,100.0,10,3.7815533980583,3.7815533980583,3.7815533980583,3.7815533980583,0.0,3.7815533980583,3.7815533980583,10,100.0,100.0,100.0,100.0,0.0,100.0,100.0,,,,,,,,,,,,,,,,,,,,,,,,,,,,,,,,
phase2,R9_simpleui_vos,warm,real,real_2692,2692,library_folder_back,PASS,1,10,0,0,10,89.3415,54.1165,104.3404,82.9476,21.04744800682496,50.107,104.839,10,23842.870117187,23759.643359375,30848.6512695313,25709.2953125,3127.113235421781,23730.751953125,30942.350585938,10,-2131.40234375,-9425.7470703125,4486.33994140625,-2122.77314453125,5436.782408181428,-9474.6494140625,4587.107421875,10,222016.0,221712.0,222131.19999999998,221940.8,189.77226117404805,221712.0,222160.0,10,13.0,13.0,13.0,13.0,0.0,13.0,13.0,10,13.0,13.0,13.0,13.0,0.0,13.0,13.0,10,3.0,3.0,3.0,3.0,0.0,3.0,3.0,10,10.0,10.0,10.0,10.0,0.0,10.0,10.0,10,100.0,100.0,100.0,100.0,0.0,100.0,100.0,10,3.9769417475728,3.9769417475728,3.9769417475728,3.9769417475728006,0.0,3.9769417475728,3.9769417475728,10,100.0,100.0,100.0,100.0,0.0,100.0,100.0,,,,,,,,,,,,,,,,,,,,,,,,,,,,,,,,
phase2,R9_simpleui_vos,warm,real,real_2692,2692,library_folder_enter,PASS,1,10,0,0,10,36.799,31.6314,76.0361,49.984,22.839284489668238,25.488,87.251,10,28974.722167968503,23954.5765625,38839.121484375,29899.514550781198,5914.390474007014,23698.537109375,39137.056640625,10,2396.0556640625,-1222.658203125,3630.6304687499996,1289.6923828125,3234.1695692591757,-6765.4716796875,4939.5732421875,10,221208.0,218553.6,221582.4,219948.8,2595.0248468089003,213168.0,221712.0,10,13.0,13.0,13.0,13.0,0.0,13.0,13.0,10,13.0,13.0,13.0,13.0,0.0,13.0,13.0,10,3.0,3.0,3.0,3.0,0.0,3.0,3.0,10,10.0,10.0,10.0,10.0,0.0,10.0,10.0,10,100.0,100.0,100.0,100.0,0.0,100.0,100.0,10,3.9769417475728,3.9769417475728,3.9769417475728,3.9769417475728006,0.0,3.9769417475728,3.9769417475728,10,100.0,100.0,100.0,100.0,0.0,100.0,100.0,,,,,,,,,,,,,,,,,,,,,,,,,,,,,,,,
phase2,R9_simpleui_vos,warm,real,real_2692,2692,library_sequential_paging,PASS,1,30,0,0,30,20.296999999999997,16.033099999999997,52.136700000000005,29.2112,16.562417411427138,12.924,69.772,30,24072.500976562,21688.5426757817,28036.2687500004,24522.63352864577,2379.2588726206454,21496.33203125,30336.194335938,30,435.1416015625,-2597.72333984375,1486.02763671875,-80.20686848958333,2205.315714906911,-8735.6572265625,2435.5966796875,30,202640.0,202640.0,202640.0,202640.0,0.0,202640.0,202640.0,30,4.0,4.0,4.0,4.0,0.0,4.0,4.0,30,4.0,4.0,4.0,4.0,0.0,4.0,4.0,30,1.0,1.0,1.0,1.0,0.0,1.0,1.0,30,3.0,3.0,3.0,3.0,0.0,3.0,3.0,30,100.0,100.0,100.0,100.0,0.0,100.0,100.0,30,1.2930825242718,1.2930825242718,1.2930825242718,1.2930825242718,0.0,1.2930825242718,1.2930825242718,30,100.0,100.0,100.0,100.0,0.0,100.0,100.0,30,8.0,8.0,8.0,8.0,0.0,8.0,8.0,30,8.0,8.0,8.0,8.0,0.0,8.0,8.0,30,64.0,64.0,64.0,64.0,0.0,64.0,64.0,,,,,,,,
phase2,R9_simpleui_vos,warm,real,real_2692,2692,open_book,PASS,1,10,0,0,10,121.0805,110.55109999999999,136.6044,125.80609999999999,18.39981469985198,110.336,172.383,10,48088.296875,43555.1781249996,52364.5234375,48073.8318359375,3725.518498493004,42560.198242188,53684.78125,10,1240.32470703125,-265.38759765624985,1512.3374023437498,478.71865234375,2486.224876541988,-6530.0458984375,1699.1796875,10,338592.0,338592.0,338592.0,338592.0,0.0,338592.0,338592.0,10,9.0,8.899999999999999,9.0,8.9,0.31622776601683794,8.0,9.0,10,9.0,8.899999999999999,9.0,8.9,0.31622776601683794,8.0,9.0,10,9.0,8.899999999999999,9.0,8.9,0.31622776601683794,8.0,9.0,10,0.0,0.0,0.0,0.0,0.0,0.0,0.0,10,100.0,100.0,100.0,100.0,0.0,100.0,100.0,10,9.0,8.899999999999999,9.0,8.9,0.31622776601683794,8.0,9.0,10,100.0,100.0,100.0,100.0,0.0,100.0,100.0,,,,,,,,,,,,,,,,,,,,,,,,,,,,,,,,
phase2,R9_simpleui_vos,warm,real,real_2692,2692,open_book_minimal,PASS,1,10,0,0,10,147.9645,104.0334,178.2762,140.667,34.708434380004974,82.068,200.733,10,34015.110351562,29336.688671874603,38285.5565429688,33850.6091796874,3757.162107783038,28043.854492188,39291.112304688,10,1075.9453125,-106.11630859374975,1314.73388671875,308.40166015625,2554.124954098799,-6931.4833984375,1503.0,10,338592.0,305014.4,338592.0,330838.4,14529.36107182816,301904.0,338592.0,10,0.0,0.0,0.0,0.0,0.0,0.0,0.0,10,0.0,0.0,0.0,0.0,0.0,0.0,0.0,10,0.0,0.0,0.0,0.0,0.0,0.0,0.0,10,0.0,0.0,0.0,0.0,0.0,0.0,0.0,10,0.0,0.0,0.0,0.0,0.0,0.0,0.0,10,0.0,0.0,0.0,0.0,0.0,0.0,0.0,10,0.0,0.0,0.0,0.0,0.0,0.0,0.0,,,,,,,,,,,,,,,,,,,,,,,,,,,,,,,,
phase2,R9_simpleui_vos,warm,real,real_2692,2692,open_quick_settings,PASS,1,10,0,0,10,12.393,10.489999999999998,30.04279999999996,25.6639,39.98604156577643,10.256,139.229,10,77394.013671875,73227.3309570313,80892.4427734375,77001.5797851564,3671.14880975851,69587.331054688,81721.193359375,10,916.77587890625,-448.93857421874964,1102.9312499999999,-333.36689453125,4155.487306869653,-12155.443359375,1196.671875,10,365520.0,365520.0,365564.8,365564.8,141.6700391755434,365520.0,365968.0,10,8.0,8.0,8.0,8.0,0.0,8.0,8.0,10,8.0,8.0,8.0,8.0,0.0,8.0,8.0,10,4.0,4.0,4.0,4.0,0.0,4.0,4.0,10,4.0,4.0,4.0,4.0,0.0,4.0,4.0,10,100.0,100.0,100.0,100.0,0.0,100.0,100.0,10,4.3834951456311,4.3834951456311,4.3834951456311,4.3834951456311,0.0,4.3834951456311,4.3834951456311,10,100.0,100.0,100.0,100.0,0.0,100.0,100.0,,,,,,,,,,,,,,,,,,,,,,,,,,,,,,,,
phase2,R9_simpleui_vos,warm,real,real_2692,2692,repeated_nav,PASS,1,1,0,0,1,970.915,970.915,970.915,970.915,0.0,970.915,970.915,1,79247.48046875,79247.48046875,79247.48046875,79247.48046875,0.0,79247.48046875,79247.48046875,1,2996.876953125,2996.876953125,2996.876953125,2996.876953125,0.0,2996.876953125,2996.876953125,1,365968.0,365968.0,365968.0,365968.0,0.0,365968.0,365968.0,1,120.0,120.0,120.0,120.0,0.0,120.0,120.0,1,120.0,120.0,120.0,120.0,0.0,120.0,120.0,1,30.0,30.0,30.0,30.0,0.0,30.0,30.0,1,90.0,90.0,90.0,90.0,0.0,90.0,90.0,1,100.0,100.0,100.0,100.0,0.0,100.0,100.0,1,38.628640776699,38.628640776699,38.628640776699,38.628640776699,0.0,38.628640776699,38.628640776699,1,100.0,100.0,100.0,100.0,0.0,100.0,100.0,,,,,,,,,,,,,,,,,,,,,,,,,,,,,,,,
phase2,R9_simpleui_vos,warm,real,real_2692,2692,start_to_home,PASS,1,10,0,0,10,9.8085,8.736799999999999,18.98,12.3308,4.998139382699215,8.726,22.544,10,16196.216308593499,14214.5453125,18249.8680664063,16147.13984375,1765.654015346708,14072.921875,18733.045898438,10,-803.6728515625,-3898.76455078125,417.70859375,-1583.28603515625,2317.4434262265368,-5914.9833984375,435.916015625,10,180512.0,180512.0,180528.0,180516.8,7.728734264634367,180512.0,180528.0,10,4.0,4.0,4.0,4.0,0.0,4.0,4.0,10,4.0,4.0,4.0,4.0,0.0,4.0,4.0,10,3.0,3.0,3.0,3.0,0.0,3.0,3.0,10,1.0,1.0,1.0,1.0,0.0,1.0,1.0,10,100.0,100.0,100.0,100.0,0.0,100.0,100.0,10,3.061286407767,3.061286407767,3.061286407767,3.061286407767,0.0,3.061286407767,3.061286407767,10,100.0,100.0,100.0,100.0,0.0,100.0,100.0,,,,,,,,,,,,,,,,,,,,,,,,,,,,,,,,
phase2,R0_stock,paging,paging,real_2692,2692,process:spawn_to_ui_ready_ms,PASS,3,3,0,0,3,527.557416,522.0058504000001,643.0276167999999,573.3568473333333,85.40719728401906,520.617959,671.895167,,,,,,,,,,,,,,,,,,,,,,,,,,,,,,,,,,,,,,,,,,,,,,,,,,,,,,,,,,,,,,,,,,,,,,,,,,,,,,,,,,,,,,,,,,,,,,,,,,,,,,,,,,,,,,,,
phase2,R0_stock,paging,paging,real_2692,2692,process:spawn_to_library_ready_ms,PASS,3,3,0,0,3,544.504166,540.5573004,661.6213332,591.6584583333333,85.98163054605622,539.570584,690.900625,,,,,,,,,,,,,,,,,,,,,,,,,,,,,,,,,,,,,,,,,,,,,,,,,,,,,,,,,,,,,,,,,,,,,,,,,,,,,,,,,,,,,,,,,,,,,,,,,,,,,,,,,,,,,,,,
phase2,R0_stock,paging,paging,real_2692,2692,process:complete_marker_ms,PASS,3,3,0,0,3,1833.041584,1561.0767496,1978.5345504000002,1780.3449723333333,264.87226179903655,1493.085541,2014.907792,,,,,,,,,,,,,,,,,,,,,,,,,,,,,,,,,,,,,,,,,,,,,,,,,,,,,,,,,,,,,,,,,,,,,,,,,,,,,,,,,,,,,,,,,,,,,,,,,,,,,,,,,,,,,,,,
phase2,R0_stock,paging,paging,real_2692,2692,process:spawn_to_process_exit_ms,PASS,3,3,0,0,3,1881.3155,1607.8210328,2042.9755336,1834.7178193333332,274.9491570514401,1539.447416,2083.390542,,,,,,,,,,,,,,,,,,,,,,,,,,,,,,,,,,,,,,,,,,,,,,,,,,,,,,,,,,,,,,,,,,,,,,,,,,,,,,,,,,,,,,,,,,,,,,,,,,,,,,,,,,,,,,,,
phase2,R0_stock,real_first_run,startup,real_2692,2692,process:spawn_to_ui_ready_ms,PASS,1,1,0,0,1,666.025167,666.025167,666.025167,666.025167,0.0,666.025167,666.025167,,,,,,,,,,,,,,,,,,,,,,,,,,,,,,,,,,,,,,,,,,,,,,,,,,,,,,,,,,,,,,,,,,,,,,,,,,,,,,,,,,,,,,,,,,,,,,,,,,,,,,,,,,,,,,,,
phase2,R0_stock,real_first_run,startup,real_2692,2692,process:spawn_to_library_ready_ms,PASS,1,1,0,0,1,745.72375,745.72375,745.72375,745.72375,0.0,745.72375,745.72375,,,,,,,,,,,,,,,,,,,,,,,,,,,,,,,,,,,,,,,,,,,,,,,,,,,,,,,,,,,,,,,,,,,,,,,,,,,,,,,,,,,,,,,,,,,,,,,,,,,,,,,,,,,,,,,,
phase2,R0_stock,real_first_run,startup,real_2692,2692,process:complete_marker_ms,PASS,1,1,0,0,1,755.774,755.774,755.774,755.774,0.0,755.774,755.774,,,,,,,,,,,,,,,,,,,,,,,,,,,,,,,,,,,,,,,,,,,,,,,,,,,,,,,,,,,,,,,,,,,,,,,,,,,,,,,,,,,,,,,,,,,,,,,,,,,,,,,,,,,,,,,,
phase2,R0_stock,real_first_run,startup,real_2692,2692,process:spawn_to_process_exit_ms,PASS,1,1,0,0,1,867.297042,867.297042,867.297042,867.297042,0.0,867.297042,867.297042,,,,,,,,,,,,,,,,,,,,,,,,,,,,,,,,,,,,,,,,,,,,,,,,,,,,,,,,,,,,,,,,,,,,,,,,,,,,,,,,,,,,,,,,,,,,,,,,,,,,,,,,,,,,,,,,
phase2,R0_stock,real_steady_cold,startup,real_2692,2692,process:spawn_to_ui_ready_ms,PASS,3,3,0,0,3,476.070125,441.2121914,483.41812500000003,464.60765266666664,28.184702697071284,432.497708,485.255125,,,,,,,,,,,,,,,,,,,,,,,,,,,,,,,,,,,,,,,,,,,,,,,,,,,,,,,,,,,,,,,,,,,,,,,,,,,,,,,,,,,,,,,,,,,,,,,,,,,,,,,,,,,,,,,,
phase2,R0_stock,real_steady_cold,startup,real_2692,2692,process:spawn_to_library_ready_ms,PASS,3,3,0,0,3,547.534166,512.5462660000001,554.3968996,535.8153466666666,28.05651751188655,503.799291,556.112583,,,,,,,,,,,,,,,,,,,,,,,,,,,,,,,,,,,,,,,,,,,,,,,,,,,,,,,,,,,,,,,,,,,,,,,,,,,,,,,,,,,,,,,,,,,,,,,,,,,,,,,,,,,,,,,,
phase2,R0_stock,real_steady_cold,startup,real_2692,2692,process:complete_marker_ms,PASS,3,3,0,0,3,555.4225,519.9569,561.5283664,543.1892776666667,28.05907647315386,511.0905,563.054833,,,,,,,,,,,,,,,,,,,,,,,,,,,,,,,,,,,,,,,,,,,,,,,,,,,,,,,,,,,,,,,,,,,,,,,,,,,,,,,,,,,,,,,,,,,,,,,,,,,,,,,,,,,,,,,,
phase2,R0_stock,real_steady_cold,startup,real_2692,2692,process:spawn_to_process_exit_ms,PASS,3,3,0,0,3,594.747833,559.6836666,607.665933,585.5203053333333,31.035392102779916,550.917625,610.895458,,,,,,,,,,,,,,,,,,,,,,,,,,,,,,,,,,,,,,,,,,,,,,,,,,,,,,,,,,,,,,,,,,,,,,,,,,,,,,,,,,,,,,,,,,,,,,,,,,,,,,,,,,,,,,,,
phase2,R0_stock,warm,real,real_2692,2692,process:spawn_to_ui_ready_ms,PASS,1,1,0,0,1,459.8925,459.8925,459.8925,459.8925,0.0,459.8925,459.8925,,,,,,,,,,,,,,,,,,,,,,,,,,,,,,,,,,,,,,,,,,,,,,,,,,,,,,,,,,,,,,,,,,,,,,,,,,,,,,,,,,,,,,,,,,,,,,,,,,,,,,,,,,,,,,,,
phase2,R0_stock,warm,real,real_2692,2692,process:spawn_to_library_ready_ms,PASS,1,1,0,0,1,1716.916584,1716.916584,1716.916584,1716.916584,0.0,1716.916584,1716.916584,,,,,,,,,,,,,,,,,,,,,,,,,,,,,,,,,,,,,,,,,,,,,,,,,,,,,,,,,,,,,,,,,,,,,,,,,,,,,,,,,,,,,,,,,,,,,,,,,,,,,,,,,,,,,,,,
phase2,R0_stock,warm,real,real_2692,2692,process:complete_marker_ms,PASS,1,1,0,0,1,16231.944042,16231.944042,16231.944042,16231.944042,0.0,16231.944042,16231.944042,,,,,,,,,,,,,,,,,,,,,,,,,,,,,,,,,,,,,,,,,,,,,,,,,,,,,,,,,,,,,,,,,,,,,,,,,,,,,,,,,,,,,,,,,,,,,,,,,,,,,,,,,,,,,,,,
phase2,R0_stock,warm,real,real_2692,2692,process:spawn_to_process_exit_ms,PASS,1,1,0,0,1,17391.797709,17391.797709,17391.797709,17391.797709,0.0,17391.797709,17391.797709,,,,,,,,,,,,,,,,,,,,,,,,,,,,,,,,,,,,,,,,,,,,,,,,,,,,,,,,,,,,,,,,,,,,,,,,,,,,,,,,,,,,,,,,,,,,,,,,,,,,,,,,,,,,,,,,
phase2,R10_simpleui_vos_bookshelf,paging,paging,real_2692,2692,process:spawn_to_ui_ready_ms,PASS,3,3,0,0,3,662.254667,655.8503334000001,713.3042998,680.856875,39.35693617714528,654.24925,726.066708,,,,,,,,,,,,,,,,,,,,,,,,,,,,,,,,,,,,,,,,,,,,,,,,,,,,,,,,,,,,,,,,,,,,,,,,,,,,,,,,,,,,,,,,,,,,,,,,,,,,,,,,,,,,,,,,
phase2,R10_simpleui_vos_bookshelf,paging,paging,real_2692,2692,process:spawn_to_library_ready_ms,PASS,3,3,0,0,3,714.421417,710.3841497999999,766.6046834,734.48225,39.198151851383734,709.374833,779.6505,,,,,,,,,,,,,,,,,,,,,,,,,,,,,,,,,,,,,,,,,,,,,,,,,,,,,,,,,,,,,,,,,,,,,,,,,,,,,,,,,,,,,,,,,,,,,,,,,,,,,,,,,,,,,,,,
phase2,R10_simpleui_vos_bookshelf,paging,paging,real_2692,2692,process:complete_marker_ms,PASS,3,3,0,0,3,15192.610375,15118.746208600001,15230.241107799999,15177.513111,70.90027414705484,15100.280167,15239.648791,,,,,,,,,,,,,,,,,,,,,,,,,,,,,,,,,,,,,,,,,,,,,,,,,,,,,,,,,,,,,,,,,,,,,,,,,,,,,,,,,,,,,,,,,,,,,,,,,,,,,,,,,,,,,,,,
phase2,R10_simpleui_vos_bookshelf,paging,paging,real_2692,2692,process:spawn_to_process_exit_ms,PASS,3,3,0,0,3,15237.038791,15179.322058200001,15290.278991,15235.173569,69.36689344065248,15164.892875,15303.589041,,,,,,,,,,,,,,,,,,,,,,,,,,,,,,,,,,,,,,,,,,,,,,,,,,,,,,,,,,,,,,,,,,,,,,,,,,,,,,,,,,,,,,,,,,,,,,,,,,,,,,,,,,,,,,,,
phase2,R10_simpleui_vos_bookshelf,real_first_run,startup,real_2692,2692,process:spawn_to_ui_ready_ms,PASS,1,1,0,0,1,890.336875,890.336875,890.336875,890.336875,0.0,890.336875,890.336875,,,,,,,,,,,,,,,,,,,,,,,,,,,,,,,,,,,,,,,,,,,,,,,,,,,,,,,,,,,,,,,,,,,,,,,,,,,,,,,,,,,,,,,,,,,,,,,,,,,,,,,,,,,,,,,,
phase2,R10_simpleui_vos_bookshelf,real_first_run,startup,real_2692,2692,process:spawn_to_library_ready_ms,PASS,1,1,0,0,1,1052.047833,1052.047833,1052.047833,1052.047833,0.0,1052.047833,1052.047833,,,,,,,,,,,,,,,,,,,,,,,,,,,,,,,,,,,,,,,,,,,,,,,,,,,,,,,,,,,,,,,,,,,,,,,,,,,,,,,,,,,,,,,,,,,,,,,,,,,,,,,,,,,,,,,,
phase2,R10_simpleui_vos_bookshelf,real_first_run,startup,real_2692,2692,process:complete_marker_ms,PASS,1,1,0,0,1,1062.52475,1062.52475,1062.52475,1062.52475,0.0,1062.52475,1062.52475,,,,,,,,,,,,,,,,,,,,,,,,,,,,,,,,,,,,,,,,,,,,,,,,,,,,,,,,,,,,,,,,,,,,,,,,,,,,,,,,,,,,,,,,,,,,,,,,,,,,,,,,,,,,,,,,
phase2,R10_simpleui_vos_bookshelf,real_first_run,startup,real_2692,2692,process:spawn_to_process_exit_ms,PASS,1,1,0,0,1,1114.958667,1114.958667,1114.958667,1114.958667,0.0,1114.958667,1114.958667,,,,,,,,,,,,,,,,,,,,,,,,,,,,,,,,,,,,,,,,,,,,,,,,,,,,,,,,,,,,,,,,,,,,,,,,,,,,,,,,,,,,,,,,,,,,,,,,,,,,,,,,,,,,,,,,
phase2,R10_simpleui_vos_bookshelf,real_steady_cold,startup,real_2692,2692,process:spawn_to_ui_ready_ms,PASS,3,3,0,0,3,610.212792,609.053992,618.6732256,613.2551393333333,6.564015880306899,608.764292,620.788334,,,,,,,,,,,,,,,,,,,,,,,,,,,,,,,,,,,,,,,,,,,,,,,,,,,,,,,,,,,,,,,,,,,,,,,,,,,,,,,,,,,,,,,,,,,,,,,,,,,,,,,,,,,,,,,,
phase2,R10_simpleui_vos_bookshelf,real_steady_cold,startup,real_2692,2692,process:spawn_to_library_ready_ms,PASS,3,3,0,0,3,754.156125,745.827625,762.2432586,754.0555556666667,10.260140672307877,743.7455,764.265042,,,,,,,,,,,,,,,,,,,,,,,,,,,,,,,,,,,,,,,,,,,,,,,,,,,,,,,,,,,,,,,,,,,,,,,,,,,,,,,,,,,,,,,,,,,,,,,,,,,,,,,,,,,,,,,,
phase2,R10_simpleui_vos_bookshelf,real_steady_cold,startup,real_2692,2692,process:complete_marker_ms,PASS,3,3,0,0,3,763.593833,753.0849002,770.8062338,762.2202780000001,11.139527715448297,750.457667,772.609334,,,,,,,,,,,,,,,,,,,,,,,,,,,,,,,,,,,,,,,,,,,,,,,,,,,,,,,,,,,,,,,,,,,,,,,,,,,,,,,,,,,,,,,,,,,,,,,,,,,,,,,,,,,,,,,,
phase2,R10_simpleui_vos_bookshelf,real_steady_cold,startup,real_2692,2692,process:spawn_to_process_exit_ms,PASS,3,3,0,0,3,812.669125,801.8439586,818.963225,810.7811806666667,10.823744207276269,799.137667,820.53675,,,,,,,,,,,,,,,,,,,,,,,,,,,,,,,,,,,,,,,,,,,,,,,,,,,,,,,,,,,,,,,,,,,,,,,,,,,,,,,,,,,,,,,,,,,,,,,,,,,,,,,,,,,,,,,,
phase2,R10_simpleui_vos_bookshelf,warm,real,real_2692,2692,process:spawn_to_ui_ready_ms,PASS,1,1,0,0,1,606.152042,606.152042,606.152042,606.152042,0.0,606.152042,606.152042,,,,,,,,,,,,,,,,,,,,,,,,,,,,,,,,,,,,,,,,,,,,,,,,,,,,,,,,,,,,,,,,,,,,,,,,,,,,,,,,,,,,,,,,,,,,,,,,,,,,,,,,,,,,,,,,
phase2,R10_simpleui_vos_bookshelf,warm,real,real_2692,2692,process:spawn_to_library_ready_ms,PASS,1,1,0,0,1,2941.467917,2941.467917,2941.467917,2941.467917,0.0,2941.467917,2941.467917,,,,,,,,,,,,,,,,,,,,,,,,,,,,,,,,,,,,,,,,,,,,,,,,,,,,,,,,,,,,,,,,,,,,,,,,,,,,,,,,,,,,,,,,,,,,,,,,,,,,,,,,,,,,,,,,
phase2,R10_simpleui_vos_bookshelf,warm,real,real_2692,2692,process:complete_marker_ms,PASS,1,1,0,0,1,38460.617959,38460.617959,38460.617959,38460.617959,0.0,38460.617959,38460.617959,,,,,,,,,,,,,,,,,,,,,,,,,,,,,,,,,,,,,,,,,,,,,,,,,,,,,,,,,,,,,,,,,,,,,,,,,,,,,,,,,,,,,,,,,,,,,,,,,,,,,,,,,,,,,,,,
phase2,R10_simpleui_vos_bookshelf,warm,real,real_2692,2692,process:spawn_to_process_exit_ms,PASS,1,1,0,0,1,38548.89275,38548.89275,38548.89275,38548.89275,0.0,38548.89275,38548.89275,,,,,,,,,,,,,,,,,,,,,,,,,,,,,,,,,,,,,,,,,,,,,,,,,,,,,,,,,,,,,,,,,,,,,,,,,,,,,,,,,,,,,,,,,,,,,,,,,,,,,,,,,,,,,,,,
phase2,R11_project_title_vos,paging,paging,real_2692,2692,process:spawn_to_ui_ready_ms,PASS,3,3,0,0,3,397.170792,387.38935840000005,398.2217912,393.533111,7.467335866056299,384.944,398.484541,,,,,,,,,,,,,,,,,,,,,,,,,,,,,,,,,,,,,,,,,,,,,,,,,,,,,,,,,,,,,,,,,,,,,,,,,,,,,,,,,,,,,,,,,,,,,,,,,,,,,,,,,,,,,,,,
phase2,R11_project_title_vos,paging,paging,real_2692,2692,process:spawn_to_library_ready_ms,PASS,3,3,0,0,3,410.337959,401.09375900000003,413.68725820000003,407.8817503333333,8.153304239302328,398.782709,414.524583,,,,,,,,,,,,,,,,,,,,,,,,,,,,,,,,,,,,,,,,,,,,,,,,,,,,,,,,,,,,,,,,,,,,,,,,,,,,,,,,,,,,,,,,,,,,,,,,,,,,,,,,,,,,,,,,
phase2,R11_project_title_vos,paging,paging,real_2692,2692,process:complete_marker_ms,PASS,3,3,0,0,3,1131.810084,1118.1602168,1136.8653832,1128.229014,12.095089553621193,1114.74775,1138.129208,,,,,,,,,,,,,,,,,,,,,,,,,,,,,,,,,,,,,,,,,,,,,,,,,,,,,,,,,,,,,,,,,,,,,,,,,,,,,,,,,,,,,,,,,,,,,,,,,,,,,,,,,,,,,,,,
phase2,R11_project_title_vos,paging,paging,real_2692,2692,process:spawn_to_process_exit_ms,PASS,3,3,0,0,3,1172.248959,1158.0712918000002,1177.3530918,1168.4683196666667,12.48797578041311,1154.526875,1178.629125,,,,,,,,,,,,,,,,,,,,,,,,,,,,,,,,,,,,,,,,,,,,,,,,,,,,,,,,,,,,,,,,,,,,,,,,,,,,,,,,,,,,,,,,,,,,,,,,,,,,,,,,,,,,,,,,
phase2,R11_project_title_vos,real_first_run,startup,real_2692,2692,process:spawn_to_ui_ready_ms,PASS,1,1,0,0,1,2019.678542,2019.678542,2019.678542,2019.678542,0.0,2019.678542,2019.678542,,,,,,,,,,,,,,,,,,,,,,,,,,,,,,,,,,,,,,,,,,,,,,,,,,,,,,,,,,,,,,,,,,,,,,,,,,,,,,,,,,,,,,,,,,,,,,,,,,,,,,,,,,,,,,,,
phase2,R11_project_title_vos,real_first_run,startup,real_2692,2692,process:spawn_to_library_ready_ms,PASS,1,1,0,0,1,2108.275167,2108.275167,2108.275167,2108.275167,0.0,2108.275167,2108.275167,,,,,,,,,,,,,,,,,,,,,,,,,,,,,,,,,,,,,,,,,,,,,,,,,,,,,,,,,,,,,,,,,,,,,,,,,,,,,,,,,,,,,,,,,,,,,,,,,,,,,,,,,,,,,,,,
phase2,R11_project_title_vos,real_first_run,startup,real_2692,2692,process:complete_marker_ms,PASS,1,1,0,0,1,2119.262125,2119.262125,2119.262125,2119.262125,0.0,2119.262125,2119.262125,,,,,,,,,,,,,,,,,,,,,,,,,,,,,,,,,,,,,,,,,,,,,,,,,,,,,,,,,,,,,,,,,,,,,,,,,,,,,,,,,,,,,,,,,,,,,,,,,,,,,,,,,,,,,,,,
phase2,R11_project_title_vos,real_first_run,startup,real_2692,2692,process:spawn_to_process_exit_ms,PASS,1,1,0,0,1,2182.259708,2182.259708,2182.259708,2182.259708,0.0,2182.259708,2182.259708,,,,,,,,,,,,,,,,,,,,,,,,,,,,,,,,,,,,,,,,,,,,,,,,,,,,,,,,,,,,,,,,,,,,,,,,,,,,,,,,,,,,,,,,,,,,,,,,,,,,,,,,,,,,,,,,
phase2,R11_project_title_vos,real_steady_cold,startup,real_2692,2692,process:spawn_to_ui_ready_ms,PASS,3,3,0,0,3,674.804583,672.1046502,719.025083,692.1048193333332,32.930914393470154,671.429667,730.080208,,,,,,,,,,,,,,,,,,,,,,,,,,,,,,,,,,,,,,,,,,,,,,,,,,,,,,,,,,,,,,,,,,,,,,,,,,,,,,,,,,,,,,,,,,,,,,,,,,,,,,,,,,,,,,,,
phase2,R11_project_title_vos,real_steady_cold,startup,real_2692,2692,process:spawn_to_library_ready_ms,PASS,3,3,0,0,3,761.894417,756.9538170000001,809.3386834,779.6042779999999,36.15483978933821,755.718667,821.19975,,,,,,,,,,,,,,,,,,,,,,,,,,,,,,,,,,,,,,,,,,,,,,,,,,,,,,,,,,,,,,,,,,,,,,,,,,,,,,,,,,,,,,,,,,,,,,,,,,,,,,,,,,,,,,,,
phase2,R11_project_title_vos,real_steady_cold,startup,real_2692,2692,process:complete_marker_ms,PASS,3,3,0,0,3,772.064792,765.1432584,818.3914248,788.4835833333333,36.190438708123885,763.412875,829.973083,,,,,,,,,,,,,,,,,,,,,,,,,,,,,,,,,,,,,,,,,,,,,,,,,,,,,,,,,,,,,,,,,,,,,,,,,,,,,,,,,,,,,,,,,,,,,,,,,,,,,,,,,,,,,,,,
phase2,R11_project_title_vos,real_steady_cold,startup,real_2692,2692,process:spawn_to_process_exit_ms,PASS,3,3,0,0,3,814.045958,809.9222252000002,859.9938252,831.4726806666667,34.74376742292324,808.891292,871.480792,,,,,,,,,,,,,,,,,,,,,,,,,,,,,,,,,,,,,,,,,,,,,,,,,,,,,,,,,,,,,,,,,,,,,,,,,,,,,,,,,,,,,,,,,,,,,,,,,,,,,,,,,,,,,,,,
phase2,R11_project_title_vos,warm,real,real_2692,2692,process:spawn_to_ui_ready_ms,PASS,1,1,0,0,1,728.874,728.874,728.874,728.874,0.0,728.874,728.874,,,,,,,,,,,,,,,,,,,,,,,,,,,,,,,,,,,,,,,,,,,,,,,,,,,,,,,,,,,,,,,,,,,,,,,,,,,,,,,,,,,,,,,,,,,,,,,,,,,,,,,,,,,,,,,,
phase2,R11_project_title_vos,warm,real,real_2692,2692,process:spawn_to_library_ready_ms,PASS,1,1,0,0,1,2260.863292,2260.863292,2260.863292,2260.863292,0.0,2260.863292,2260.863292,,,,,,,,,,,,,,,,,,,,,,,,,,,,,,,,,,,,,,,,,,,,,,,,,,,,,,,,,,,,,,,,,,,,,,,,,,,,,,,,,,,,,,,,,,,,,,,,,,,,,,,,,,,,,,,,
phase2,R11_project_title_vos,warm,real,real_2692,2692,process:complete_marker_ms,PASS,1,1,0,0,1,10167.754,10167.754,10167.754,10167.754,0.0,10167.754,10167.754,,,,,,,,,,,,,,,,,,,,,,,,,,,,,,,,,,,,,,,,,,,,,,,,,,,,,,,,,,,,,,,,,,,,,,,,,,,,,,,,,,,,,,,,,,,,,,,,,,,,,,,,,,,,,,,,
phase2,R11_project_title_vos,warm,real,real_2692,2692,process:spawn_to_process_exit_ms,PASS,1,1,0,0,1,10218.878917,10218.878917,10218.878917,10218.878917,0.0,10218.878917,10218.878917,,,,,,,,,,,,,,,,,,,,,,,,,,,,,,,,,,,,,,,,,,,,,,,,,,,,,,,,,,,,,,,,,,,,,,,,,,,,,,,,,,,,,,,,,,,,,,,,,,,,,,,,,,,,,,,,
phase2,R1_bookshelf,paging,paging,real_2692,2692,process:spawn_to_ui_ready_ms,PASS,3,3,0,0,3,624.017166,562.0619332,695.6532004000001,628.0508333333333,83.56758580877379,546.573125,713.562209,,,,,,,,,,,,,,,,,,,,,,,,,,,,,,,,,,,,,,,,,,,,,,,,,,,,,,,,,,,,,,,,,,,,,,,,,,,,,,,,,,,,,,,,,,,,,,,,,,,,,,,,,,,,,,,,
phase2,R1_bookshelf,paging,paging,real_2692,2692,process:spawn_to_library_ready_ms,PASS,3,3,0,0,3,642.132375,580.8739414,715.578875,647.210736,84.30537742579185,565.559333,733.9405,,,,,,,,,,,,,,,,,,,,,,,,,,,,,,,,,,,,,,,,,,,,,,,,,,,,,,,,,,,,,,,,,,,,,,,,,,,,,,,,,,,,,,,,,,,,,,,,,,,,,,,,,,,,,,,,
phase2,R1_bookshelf,paging,paging,real_2692,2692,process:complete_marker_ms,PASS,3,3,0,0,3,14403.530458,13812.3182916,14428.2530588,14167.493139,435.8655989496812,13664.51525,14434.433709,,,,,,,,,,,,,,,,,,,,,,,,,,,,,,,,,,,,,,,,,,,,,,,,,,,,,,,,,,,,,,,,,,,,,,,,,,,,,,,,,,,,,,,,,,,,,,,,,,,,,,,,,,,,,,,,
phase2,R1_bookshelf,paging,paging,real_2692,2692,process:spawn_to_process_exit_ms,PASS,3,3,0,0,3,14451.072083,13858.3878166,14474.271183800001,14213.786597333334,436.3452498421445,13710.21675,14480.070959,,,,,,,,,,,,,,,,,,,,,,,,,,,,,,,,,,,,,,,,,,,,,,,,,,,,,,,,,,,,,,,,,,,,,,,,,,,,,,,,,,,,,,,,,,,,,,,,,,,,,,,,,,,,,,,,
phase2,R1_bookshelf,real_first_run,startup,real_2692,2692,process:spawn_to_ui_ready_ms,PASS,1,1,0,0,1,654.281375,654.281375,654.281375,654.281375,0.0,654.281375,654.281375,,,,,,,,,,,,,,,,,,,,,,,,,,,,,,,,,,,,,,,,,,,,,,,,,,,,,,,,,,,,,,,,,,,,,,,,,,,,,,,,,,,,,,,,,,,,,,,,,,,,,,,,,,,,,,,,
phase2,R1_bookshelf,real_first_run,startup,real_2692,2692,process:spawn_to_library_ready_ms,PASS,1,1,0,0,1,740.58675,740.58675,740.58675,740.58675,0.0,740.58675,740.58675,,,,,,,,,,,,,,,,,,,,,,,,,,,,,,,,,,,,,,,,,,,,,,,,,,,,,,,,,,,,,,,,,,,,,,,,,,,,,,,,,,,,,,,,,,,,,,,,,,,,,,,,,,,,,,,,
phase2,R1_bookshelf,real_first_run,startup,real_2692,2692,process:complete_marker_ms,PASS,1,1,0,0,1,755.388625,755.388625,755.388625,755.388625,0.0,755.388625,755.388625,,,,,,,,,,,,,,,,,,,,,,,,,,,,,,,,,,,,,,,,,,,,,,,,,,,,,,,,,,,,,,,,,,,,,,,,,,,,,,,,,,,,,,,,,,,,,,,,,,,,,,,,,,,,,,,,
phase2,R1_bookshelf,real_first_run,startup,real_2692,2692,process:spawn_to_process_exit_ms,PASS,1,1,0,0,1,858.501875,858.501875,858.501875,858.501875,0.0,858.501875,858.501875,,,,,,,,,,,,,,,,,,,,,,,,,,,,,,,,,,,,,,,,,,,,,,,,,,,,,,,,,,,,,,,,,,,,,,,,,,,,,,,,,,,,,,,,,,,,,,,,,,,,,,,,,,,,,,,,
phase2,R1_bookshelf,real_steady_cold,startup,real_2692,2692,process:spawn_to_ui_ready_ms,PASS,3,3,0,0,3,500.096875,450.14697500000005,532.2696078,492.689722,51.72595069166661,437.6595,540.312791,,,,,,,,,,,,,,,,,,,,,,,,,,,,,,,,,,,,,,,,,,,,,,,,,,,,,,,,,,,,,,,,,,,,,,,,,,,,,,,,,,,,,,,,,,,,,,,,,,,,,,,,,,,,,,,,
phase2,R1_bookshelf,real_steady_cold,startup,real_2692,2692,process:spawn_to_library_ready_ms,PASS,3,3,0,0,3,568.849625,516.695725,598.8045913999999,559.6000693333333,51.93945603699364,503.65725,606.293333,,,,,,,,,,,,,,,,,,,,,,,,,,,,,,,,,,,,,,,,,,,,,,,,,,,,,,,,,,,,,,,,,,,,,,,,,,,,,,,,,,,,,,,,,,,,,,,,,,,,,,,,,,,,,,,,
phase2,R1_bookshelf,real_steady_cold,startup,real_2692,2692,process:complete_marker_ms,PASS,3,3,0,0,3,576.335333,524.956233,605.411933,567.0426246666666,50.92473062556598,512.111458,612.681083,,,,,,,,,,,,,,,,,,,,,,,,,,,,,,,,,,,,,,,,,,,,,,,,,,,,,,,,,,,,,,,,,,,,,,,,,,,,,,,,,,,,,,,,,,,,,,,,,,,,,,,,,,,,,,,,
phase2,R1_bookshelf,real_steady_cold,startup,real_2692,2692,process:spawn_to_process_exit_ms,PASS,3,3,0,0,3,619.89075,570.0049836000001,650.7012500000001,611.9427223333333,50.902695191171304,557.533542,658.403875,,,,,,,,,,,,,,,,,,,,,,,,,,,,,,,,,,,,,,,,,,,,,,,,,,,,,,,,,,,,,,,,,,,,,,,,,,,,,,,,,,,,,,,,,,,,,,,,,,,,,,,,,,,,,,,,
phase2,R1_bookshelf,warm,real,real_2692,2692,process:spawn_to_ui_ready_ms,PASS,1,1,0,0,1,525.363125,525.363125,525.363125,525.363125,0.0,525.363125,525.363125,,,,,,,,,,,,,,,,,,,,,,,,,,,,,,,,,,,,,,,,,,,,,,,,,,,,,,,,,,,,,,,,,,,,,,,,,,,,,,,,,,,,,,,,,,,,,,,,,,,,,,,,,,,,,,,,
phase2,R1_bookshelf,warm,real,real_2692,2692,process:spawn_to_library_ready_ms,PASS,1,1,0,0,1,1789.442875,1789.442875,1789.442875,1789.442875,0.0,1789.442875,1789.442875,,,,,,,,,,,,,,,,,,,,,,,,,,,,,,,,,,,,,,,,,,,,,,,,,,,,,,,,,,,,,,,,,,,,,,,,,,,,,,,,,,,,,,,,,,,,,,,,,,,,,,,,,,,,,,,,
phase2,R1_bookshelf,warm,real,real_2692,2692,process:complete_marker_ms,PASS,1,1,0,0,1,25323.510417,25323.510417,25323.510417,25323.510417,0.0,25323.510417,25323.510417,,,,,,,,,,,,,,,,,,,,,,,,,,,,,,,,,,,,,,,,,,,,,,,,,,,,,,,,,,,,,,,,,,,,,,,,,,,,,,,,,,,,,,,,,,,,,,,,,,,,,,,,,,,,,,,,
phase2,R1_bookshelf,warm,real,real_2692,2692,process:spawn_to_process_exit_ms,PASS,1,1,0,0,1,25406.687,25406.687,25406.687,25406.687,0.0,25406.687,25406.687,,,,,,,,,,,,,,,,,,,,,,,,,,,,,,,,,,,,,,,,,,,,,,,,,,,,,,,,,,,,,,,,,,,,,,,,,,,,,,,,,,,,,,,,,,,,,,,,,,,,,,,,,,,,,,,,
phase2,R2_simpleui,paging,paging,real_2692,2692,process:spawn_to_ui_ready_ms,PASS,3,3,0,0,3,679.125375,634.5783414,799.102975,710.5547776666667,106.36931752048814,623.441583,829.097375,,,,,,,,,,,,,,,,,,,,,,,,,,,,,,,,,,,,,,,,,,,,,,,,,,,,,,,,,,,,,,,,,,,,,,,,,,,,,,,,,,,,,,,,,,,,,,,,,,,,,,,,,,,,,,,,
phase2,R2_simpleui,paging,paging,real_2692,2692,process:spawn_to_library_ready_ms,PASS,3,3,0,0,3,733.711,690.0145,853.7435327999999,765.5176803333334,105.97315553392194,679.090375,883.751666,,,,,,,,,,,,,,,,,,,,,,,,,,,,,,,,,,,,,,,,,,,,,,,,,,,,,,,,,,,,,,,,,,,,,,,,,,,,,,,,,,,,,,,,,,,,,,,,,,,,,,,,,,,,,,,,
phase2,R2_simpleui,paging,paging,real_2692,2692,process:complete_marker_ms,PASS,3,3,0,0,3,2411.238375,2345.8217078000002,2536.2479078,2436.0687356666663,120.9434067085435,2329.467541,2567.500291,,,,,,,,,,,,,,,,,,,,,,,,,,,,,,,,,,,,,,,,,,,,,,,,,,,,,,,,,,,,,,,,,,,,,,,,,,,,,,,,,,,,,,,,,,,,,,,,,,,,,,,,,,,,,,,,
phase2,R2_simpleui,paging,paging,real_2692,2692,process:spawn_to_process_exit_ms,PASS,3,3,0,0,3,2455.764208,2392.3378744,2581.6288415999998,2481.7801663333335,120.43311167484397,2376.481291,2613.095,,,,,,,,,,,,,,,,,,,,,,,,,,,,,,,,,,,,,,,,,,,,,,,,,,,,,,,,,,,,,,,,,,,,,,,,,,,,,,,,,,,,,,,,,,,,,,,,,,,,,,,,,,,,,,,,
phase2,R2_simpleui,real_first_run,startup,real_2692,2692,process:spawn_to_ui_ready_ms,PASS,1,1,0,0,1,787.647417,787.647417,787.647417,787.647417,0.0,787.647417,787.647417,,,,,,,,,,,,,,,,,,,,,,,,,,,,,,,,,,,,,,,,,,,,,,,,,,,,,,,,,,,,,,,,,,,,,,,,,,,,,,,,,,,,,,,,,,,,,,,,,,,,,,,,,,,,,,,,
phase2,R2_simpleui,real_first_run,startup,real_2692,2692,process:spawn_to_library_ready_ms,PASS,1,1,0,0,1,977.834625,977.834625,977.834625,977.834625,0.0,977.834625,977.834625,,,,,,,,,,,,,,,,,,,,,,,,,,,,,,,,,,,,,,,,,,,,,,,,,,,,,,,,,,,,,,,,,,,,,,,,,,,,,,,,,,,,,,,,,,,,,,,,,,,,,,,,,,,,,,,,
phase2,R2_simpleui,real_first_run,startup,real_2692,2692,process:complete_marker_ms,PASS,1,1,0,0,1,988.486417,988.486417,988.486417,988.486417,0.0,988.486417,988.486417,,,,,,,,,,,,,,,,,,,,,,,,,,,,,,,,,,,,,,,,,,,,,,,,,,,,,,,,,,,,,,,,,,,,,,,,,,,,,,,,,,,,,,,,,,,,,,,,,,,,,,,,,,,,,,,,
phase2,R2_simpleui,real_first_run,startup,real_2692,2692,process:spawn_to_process_exit_ms,PASS,1,1,0,0,1,1036.88725,1036.88725,1036.88725,1036.88725,0.0,1036.88725,1036.88725,,,,,,,,,,,,,,,,,,,,,,,,,,,,,,,,,,,,,,,,,,,,,,,,,,,,,,,,,,,,,,,,,,,,,,,,,,,,,,,,,,,,,,,,,,,,,,,,,,,,,,,,,,,,,,,,
phase2,R2_simpleui,real_steady_cold,startup,real_2692,2692,process:spawn_to_ui_ready_ms,PASS,3,3,0,0,3,589.914667,568.173867,597.6532669999999,584.080417,19.10485962229244,562.738667,599.587917,,,,,,,,,,,,,,,,,,,,,,,,,,,,,,,,,,,,,,,,,,,,,,,,,,,,,,,,,,,,,,,,,,,,,,,,,,,,,,,,,,,,,,,,,,,,,,,,,,,,,,,,,,,,,,,,
phase2,R2_simpleui,real_steady_cold,startup,real_2692,2692,process:spawn_to_library_ready_ms,PASS,3,3,0,0,3,746.375084,727.2573168,758.166884,743.3225976666666,19.498510322671038,722.477875,761.114834,,,,,,,,,,,,,,,,,,,,,,,,,,,,,,,,,,,,,,,,,,,,,,,,,,,,,,,,,,,,,,,,,,,,,,,,,,,,,,,,,,,,,,,,,,,,,,,,,,,,,,,,,,,,,,,,
phase2,R2_simpleui,real_steady_cold,startup,real_2692,2692,process:complete_marker_ms,PASS,3,3,0,0,3,757.456709,737.7989418,768.501409,753.8679310000001,19.439105651436904,732.8845,771.262584,,,,,,,,,,,,,,,,,,,,,,,,,,,,,,,,,,,,,,,,,,,,,,,,,,,,,,,,,,,,,,,,,,,,,,,,,,,,,,,,,,,,,,,,,,,,,,,,,,,,,,,,,,,,,,,,
phase2,R2_simpleui,real_steady_cold,startup,real_2692,2692,process:spawn_to_process_exit_ms,PASS,3,3,0,0,3,798.5025,780.7235336,812.2792336,796.8349029999999,19.775117450054875,776.278792,815.723417,,,,,,,,,,,,,,,,,,,,,,,,,,,,,,,,,,,,,,,,,,,,,,,,,,,,,,,,,,,,,,,,,,,,,,,,,,,,,,,,,,,,,,,,,,,,,,,,,,,,,,,,,,,,,,,,
phase2,R2_simpleui,warm,real,real_2692,2692,process:spawn_to_ui_ready_ms,PASS,1,1,0,0,1,683.917125,683.917125,683.917125,683.917125,0.0,683.917125,683.917125,,,,,,,,,,,,,,,,,,,,,,,,,,,,,,,,,,,,,,,,,,,,,,,,,,,,,,,,,,,,,,,,,,,,,,,,,,,,,,,,,,,,,,,,,,,,,,,,,,,,,,,,,,,,,,,,
phase2,R2_simpleui,warm,real,real_2692,2692,process:spawn_to_library_ready_ms,PASS,1,1,0,0,1,3276.72075,3276.72075,3276.72075,3276.72075,0.0,3276.72075,3276.72075,,,,,,,,,,,,,,,,,,,,,,,,,,,,,,,,,,,,,,,,,,,,,,,,,,,,,,,,,,,,,,,,,,,,,,,,,,,,,,,,,,,,,,,,,,,,,,,,,,,,,,,,,,,,,,,,
phase2,R2_simpleui,warm,real,real_2692,2692,process:complete_marker_ms,PASS,1,1,0,0,1,23759.612084,23759.612084,23759.612084,23759.612084,0.0,23759.612084,23759.612084,,,,,,,,,,,,,,,,,,,,,,,,,,,,,,,,,,,,,,,,,,,,,,,,,,,,,,,,,,,,,,,,,,,,,,,,,,,,,,,,,,,,,,,,,,,,,,,,,,,,,,,,,,,,,,,,
phase2,R2_simpleui,warm,real,real_2692,2692,process:spawn_to_process_exit_ms,PASS,1,1,0,0,1,23996.12125,23996.12125,23996.12125,23996.12125,0.0,23996.12125,23996.12125,,,,,,,,,,,,,,,,,,,,,,,,,,,,,,,,,,,,,,,,,,,,,,,,,,,,,,,,,,,,,,,,,,,,,,,,,,,,,,,,,,,,,,,,,,,,,,,,,,,,,,,,,,,,,,,,
phase2,R3_zenos,paging,paging,real_2692,2692,process:spawn_to_ui_ready_ms,PASS,3,3,0,0,3,675.326209,629.7215082,824.4217745999999,718.4474026666667,127.2889083370733,618.320333,861.695666,,,,,,,,,,,,,,,,,,,,,,,,,,,,,,,,,,,,,,,,,,,,,,,,,,,,,,,,,,,,,,,,,,,,,,,,,,,,,,,,,,,,,,,,,,,,,,,,,,,,,,,,,,,,,,,,
phase2,R3_zenos,paging,paging,real_2692,2692,process:spawn_to_library_ready_ms,PASS,3,3,0,0,3,777.871459,730.7759917999999,922.5436246,818.5284166666667,124.91960281172656,719.002125,958.711666,,,,,,,,,,,,,,,,,,,,,,,,,,,,,,,,,,,,,,,,,,,,,,,,,,,,,,,,,,,,,,,,,,,,,,,,,,,,,,,,,,,,,,,,,,,,,,,,,,,,,,,,,,,,,,,,
phase2,R3_zenos,paging,paging,real_2692,2692,process:complete_marker_ms,PASS,3,3,0,0,3,1737.488542,1679.7734748,1878.9195084,1772.3701666666668,128.07965654695167,1665.344708,1914.27725,,,,,,,,,,,,,,,,,,,,,,,,,,,,,,,,,,,,,,,,,,,,,,,,,,,,,,,,,,,,,,,,,,,,,,,,,,,,,,,,,,,,,,,,,,,,,,,,,,,,,,,,,,,,,,,,
phase2,R3_zenos,paging,paging,real_2692,2692,process:spawn_to_process_exit_ms,PASS,3,3,0,0,3,1780.446667,1721.6633662000002,1924.2454998,1815.8698053333335,130.27725005004746,1706.967541,1960.195208,,,,,,,,,,,,,,,,,,,,,,,,,,,,,,,,,,,,,,,,,,,,,,,,,,,,,,,,,,,,,,,,,,,,,,,,,,,,,,,,,,,,,,,,,,,,,,,,,,,,,,,,,,,,,,,,
phase2,R3_zenos,real_first_run,startup,real_2692,2692,process:spawn_to_ui_ready_ms,PASS,1,1,0,0,1,844.030917,844.030917,844.030917,844.030917,0.0,844.030917,844.030917,,,,,,,,,,,,,,,,,,,,,,,,,,,,,,,,,,,,,,,,,,,,,,,,,,,,,,,,,,,,,,,,,,,,,,,,,,,,,,,,,,,,,,,,,,,,,,,,,,,,,,,,,,,,,,,,
phase2,R3_zenos,real_first_run,startup,real_2692,2692,process:spawn_to_library_ready_ms,PASS,1,1,0,0,1,1030.284042,1030.284042,1030.284042,1030.284042,0.0,1030.284042,1030.284042,,,,,,,,,,,,,,,,,,,,,,,,,,,,,,,,,,,,,,,,,,,,,,,,,,,,,,,,,,,,,,,,,,,,,,,,,,,,,,,,,,,,,,,,,,,,,,,,,,,,,,,,,,,,,,,,
phase2,R3_zenos,real_first_run,startup,real_2692,2692,process:complete_marker_ms,PASS,1,1,0,0,1,1044.152125,1044.152125,1044.152125,1044.152125,0.0,1044.152125,1044.152125,,,,,,,,,,,,,,,,,,,,,,,,,,,,,,,,,,,,,,,,,,,,,,,,,,,,,,,,,,,,,,,,,,,,,,,,,,,,,,,,,,,,,,,,,,,,,,,,,,,,,,,,,,,,,,,,
phase2,R3_zenos,real_first_run,startup,real_2692,2692,process:spawn_to_process_exit_ms,PASS,1,1,0,0,1,1086.249959,1086.249959,1086.249959,1086.249959,0.0,1086.249959,1086.249959,,,,,,,,,,,,,,,,,,,,,,,,,,,,,,,,,,,,,,,,,,,,,,,,,,,,,,,,,,,,,,,,,,,,,,,,,,,,,,,,,,,,,,,,,,,,,,,,,,,,,,,,,,,,,,,,
phase2,R3_zenos,real_steady_cold,startup,real_2692,2692,process:spawn_to_ui_ready_ms,PASS,3,3,0,0,3,587.518833,533.1641338000001,607.6744002,573.2691946666667,48.176271425433846,519.575459,612.713292,,,,,,,,,,,,,,,,,,,,,,,,,,,,,,,,,,,,,,,,,,,,,,,,,,,,,,,,,,,,,,,,,,,,,,,,,,,,,,,,,,,,,,,,,,,,,,,,,,,,,,,,,,,,,,,,
phase2,R3_zenos,real_steady_cold,startup,real_2692,2692,process:spawn_to_library_ready_ms,PASS,3,3,0,0,3,753.568875,701.5960750000002,771.638475,739.4425416666667,45.45378886664272,688.602875,776.155875,,,,,,,,,,,,,,,,,,,,,,,,,,,,,,,,,,,,,,,,,,,,,,,,,,,,,,,,,,,,,,,,,,,,,,,,,,,,,,,,,,,,,,,,,,,,,,,,,,,,,,,,,,,,,,,,
phase2,R3_zenos,real_steady_cold,startup,real_2692,2692,process:complete_marker_ms,PASS,3,3,0,0,3,768.366125,716.3288249999999,786.6725914,754.311611,45.61858623492692,703.3195,791.249208,,,,,,,,,,,,,,,,,,,,,,,,,,,,,,,,,,,,,,,,,,,,,,,,,,,,,,,,,,,,,,,,,,,,,,,,,,,,,,,,,,,,,,,,,,,,,,,,,,,,,,,,,,,,,,,,
phase2,R3_zenos,real_steady_cold,startup,real_2692,2692,process:spawn_to_process_exit_ms,PASS,3,3,0,0,3,815.949083,761.5014838,829.444283,798.8855833333333,44.962036778308864,747.889584,832.818083,,,,,,,,,,,,,,,,,,,,,,,,,,,,,,,,,,,,,,,,,,,,,,,,,,,,,,,,,,,,,,,,,,,,,,,,,,,,,,,,,,,,,,,,,,,,,,,,,,,,,,,,,,,,,,,,
phase2,R3_zenos,warm,real,real_2692,2692,process:spawn_to_ui_ready_ms,PASS,1,1,0,0,1,597.770459,597.770459,597.770459,597.770459,0.0,597.770459,597.770459,,,,,,,,,,,,,,,,,,,,,,,,,,,,,,,,,,,,,,,,,,,,,,,,,,,,,,,,,,,,,,,,,,,,,,,,,,,,,,,,,,,,,,,,,,,,,,,,,,,,,,,,,,,,,,,,
phase2,R3_zenos,warm,real,real_2692,2692,process:spawn_to_library_ready_ms,PASS,1,1,0,0,1,2318.970375,2318.970375,2318.970375,2318.970375,0.0,2318.970375,2318.970375,,,,,,,,,,,,,,,,,,,,,,,,,,,,,,,,,,,,,,,,,,,,,,,,,,,,,,,,,,,,,,,,,,,,,,,,,,,,,,,,,,,,,,,,,,,,,,,,,,,,,,,,,,,,,,,,
phase2,R3_zenos,warm,real,real_2692,2692,process:complete_marker_ms,PASS,1,1,0,0,1,13471.534209,13471.534209,13471.534209,13471.534209,0.0,13471.534209,13471.534209,,,,,,,,,,,,,,,,,,,,,,,,,,,,,,,,,,,,,,,,,,,,,,,,,,,,,,,,,,,,,,,,,,,,,,,,,,,,,,,,,,,,,,,,,,,,,,,,,,,,,,,,,,,,,,,,
phase2,R3_zenos,warm,real,real_2692,2692,process:spawn_to_process_exit_ms,PASS,1,1,0,0,1,13530.676209,13530.676209,13530.676209,13530.676209,0.0,13530.676209,13530.676209,,,,,,,,,,,,,,,,,,,,,,,,,,,,,,,,,,,,,,,,,,,,,,,,,,,,,,,,,,,,,,,,,,,,,,,,,,,,,,,,,,,,,,,,,,,,,,,,,,,,,,,,,,,,,,,,
phase2,R4_project_title,paging,paging,real_2692,2692,process:spawn_to_ui_ready_ms,PASS,3,3,0,0,3,539.471833,508.7922666,539.8007994000001,526.8257496666666,22.260724942061028,501.122375,539.883041,,,,,,,,,,,,,,,,,,,,,,,,,,,,,,,,,,,,,,,,,,,,,,,,,,,,,,,,,,,,,,,,,,,,,,,,,,,,,,,,,,,,,,,,,,,,,,,,,,,,,,,,,,,,,,,,
phase2,R4_project_title,paging,paging,real_2692,2692,process:spawn_to_library_ready_ms,PASS,3,3,0,0,3,552.900041,520.9607746,553.3257745999999,539.7694023333333,23.205329018601432,512.975958,553.432208,,,,,,,,,,,,,,,,,,,,,,,,,,,,,,,,,,,,,,,,,,,,,,,,,,,,,,,,,,,,,,,,,,,,,,,,,,,,,,,,,,,,,,,,,,,,,,,,,,,,,,,,,,,,,,,,
phase2,R4_project_title,paging,paging,real_2692,2692,process:complete_marker_ms,PASS,3,3,0,0,3,1310.976708,1280.373108,1313.688608,1299.3551663333333,23.127011595052863,1272.722208,1314.366583,,,,,,,,,,,,,,,,,,,,,,,,,,,,,,,,,,,,,,,,,,,,,,,,,,,,,,,,,,,,,,,,,,,,,,,,,,,,,,,,,,,,,,,,,,,,,,,,,,,,,,,,,,,,,,,,
phase2,R4_project_title,paging,paging,real_2692,2692,process:spawn_to_process_exit_ms,PASS,3,3,0,0,3,1355.980083,1321.2829166000001,1357.5742502,1342.1871666666666,25.6351383385134,1312.608625,1357.972792,,,,,,,,,,,,,,,,,,,,,,,,,,,,,,,,,,,,,,,,,,,,,,,,,,,,,,,,,,,,,,,,,,,,,,,,,,,,,,,,,,,,,,,,,,,,,,,,,,,,,,,,,,,,,,,,
phase2,R4_project_title,real_first_run,startup,real_2692,2692,process:spawn_to_ui_ready_ms,PASS,1,1,0,0,1,494.603166,494.603166,494.603166,494.603166,0.0,494.603166,494.603166,,,,,,,,,,,,,,,,,,,,,,,,,,,,,,,,,,,,,,,,,,,,,,,,,,,,,,,,,,,,,,,,,,,,,,,,,,,,,,,,,,,,,,,,,,,,,,,,,,,,,,,,,,,,,,,,
phase2,R4_project_title,real_first_run,startup,real_2692,2692,process:spawn_to_library_ready_ms,PASS,1,1,0,0,1,562.689166,562.689166,562.689166,562.689166,0.0,562.689166,562.689166,,,,,,,,,,,,,,,,,,,,,,,,,,,,,,,,,,,,,,,,,,,,,,,,,,,,,,,,,,,,,,,,,,,,,,,,,,,,,,,,,,,,,,,,,,,,,,,,,,,,,,,,,,,,,,,,
phase2,R4_project_title,real_first_run,startup,real_2692,2692,process:complete_marker_ms,PASS,1,1,0,0,1,570.756333,570.756333,570.756333,570.756333,0.0,570.756333,570.756333,,,,,,,,,,,,,,,,,,,,,,,,,,,,,,,,,,,,,,,,,,,,,,,,,,,,,,,,,,,,,,,,,,,,,,,,,,,,,,,,,,,,,,,,,,,,,,,,,,,,,,,,,,,,,,,,
phase2,R4_project_title,real_first_run,startup,real_2692,2692,process:spawn_to_process_exit_ms,PASS,1,1,0,0,1,611.738375,611.738375,611.738375,611.738375,0.0,611.738375,611.738375,,,,,,,,,,,,,,,,,,,,,,,,,,,,,,,,,,,,,,,,,,,,,,,,,,,,,,,,,,,,,,,,,,,,,,,,,,,,,,,,,,,,,,,,,,,,,,,,,,,,,,,,,,,,,,,,
phase2,R4_project_title,real_steady_cold,startup,real_2692,2692,process:spawn_to_ui_ready_ms,PASS,3,3,0,0,3,436.439166,431.9685668,446.42080039999996,438.7354306666666,9.248963040571212,430.850917,448.916209,,,,,,,,,,,,,,,,,,,,,,,,,,,,,,,,,,,,,,,,,,,,,,,,,,,,,,,,,,,,,,,,,,,,,,,,,,,,,,,,,,,,,,,,,,,,,,,,,,,,,,,,,,,,,,,,
phase2,R4_project_title,real_steady_cold,startup,real_2692,2692,process:spawn_to_library_ready_ms,PASS,3,3,0,0,3,504.176625,495.41422500000004,512.1323586000001,503.840514,10.452887135330752,493.223625,514.121292,,,,,,,,,,,,,,,,,,,,,,,,,,,,,,,,,,,,,,,,,,,,,,,,,,,,,,,,,,,,,,,,,,,,,,,,,,,,,,,,,,,,,,,,,,,,,,,,,,,,,,,,,,,,,,,,
phase2,R4_project_title,real_steady_cold,startup,real_2692,2692,process:complete_marker_ms,PASS,3,3,0,0,3,512.407583,503.36708380000005,519.6590166,511.662139,10.202902331670895,501.106959,521.471875,,,,,,,,,,,,,,,,,,,,,,,,,,,,,,,,,,,,,,,,,,,,,,,,,,,,,,,,,,,,,,,,,,,,,,,,,,,,,,,,,,,,,,,,,,,,,,,,,,,,,,,,,,,,,,,,
phase2,R4_project_title,real_steady_cold,startup,real_2692,2692,process:spawn_to_process_exit_ms,PASS,3,3,0,0,3,550.670791,545.9875582,558.4948254,551.9794583333334,7.898772263571378,544.81675,560.450834,,,,,,,,,,,,,,,,,,,,,,,,,,,,,,,,,,,,,,,,,,,,,,,,,,,,,,,,,,,,,,,,,,,,,,,,,,,,,,,,,,,,,,,,,,,,,,,,,,,,,,,,,,,,,,,,
phase2,R4_project_title,warm,real,real_2692,2692,process:spawn_to_ui_ready_ms,PASS,1,1,0,0,1,433.531459,433.531459,433.531459,433.531459,0.0,433.531459,433.531459,,,,,,,,,,,,,,,,,,,,,,,,,,,,,,,,,,,,,,,,,,,,,,,,,,,,,,,,,,,,,,,,,,,,,,,,,,,,,,,,,,,,,,,,,,,,,,,,,,,,,,,,,,,,,,,,
phase2,R4_project_title,warm,real,real_2692,2692,process:spawn_to_library_ready_ms,PASS,1,1,0,0,1,1416.00075,1416.00075,1416.00075,1416.00075,0.0,1416.00075,1416.00075,,,,,,,,,,,,,,,,,,,,,,,,,,,,,,,,,,,,,,,,,,,,,,,,,,,,,,,,,,,,,,,,,,,,,,,,,,,,,,,,,,,,,,,,,,,,,,,,,,,,,,,,,,,,,,,,
phase2,R4_project_title,warm,real,real_2692,2692,process:complete_marker_ms,PASS,1,1,0,0,1,8356.098334,8356.098334,8356.098334,8356.098334,0.0,8356.098334,8356.098334,,,,,,,,,,,,,,,,,,,,,,,,,,,,,,,,,,,,,,,,,,,,,,,,,,,,,,,,,,,,,,,,,,,,,,,,,,,,,,,,,,,,,,,,,,,,,,,,,,,,,,,,,,,,,,,,
phase2,R4_project_title,warm,real,real_2692,2692,process:spawn_to_process_exit_ms,PASS,1,1,0,0,1,8403.610959,8403.610959,8403.610959,8403.610959,0.0,8403.610959,8403.610959,,,,,,,,,,,,,,,,,,,,,,,,,,,,,,,,,,,,,,,,,,,,,,,,,,,,,,,,,,,,,,,,,,,,,,,,,,,,,,,,,,,,,,,,,,,,,,,,,,,,,,,,,,,,,,,,
phase2,R5_vos,paging,paging,real_2692,2692,process:spawn_to_ui_ready_ms,PASS,3,3,0,0,3,545.563917,544.0887834,648.9596834,588.0308473333333,75.1574150037759,543.72,674.808625,,,,,,,,,,,,,,,,,,,,,,,,,,,,,,,,,,,,,,,,,,,,,,,,,,,,,,,,,,,,,,,,,,,,,,,,,,,,,,,,,,,,,,,,,,,,,,,,,,,,,,,,,,,,,,,,
phase2,R5_vos,paging,paging,real_2692,2692,process:spawn_to_library_ready_ms,PASS,3,3,0,0,3,566.045375,564.3464086,672.0115413999999,609.4900416666666,77.09486804888243,563.921667,698.503083,,,,,,,,,,,,,,,,,,,,,,,,,,,,,,,,,,,,,,,,,,,,,,,,,,,,,,,,,,,,,,,,,,,,,,,,,,,,,,,,,,,,,,,,,,,,,,,,,,,,,,,,,,,,,,,,
phase2,R5_vos,paging,paging,real_2692,2692,process:complete_marker_ms,PASS,3,3,0,0,3,1954.840208,1949.5242416,2093.0479080000005,2010.211763666667,101.71532816179216,1948.19525,2127.599833,,,,,,,,,,,,,,,,,,,,,,,,,,,,,,,,,,,,,,,,,,,,,,,,,,,,,,,,,,,,,,,,,,,,,,,,,,,,,,,,,,,,,,,,,,,,,,,,,,,,,,,,,,,,,,,,
phase2,R5_vos,paging,paging,real_2692,2692,process:spawn_to_process_exit_ms,PASS,3,3,0,0,3,2009.350625,2007.8486586000004,2154.8156914,2069.33525,105.52651988937849,2007.473167,2191.181958,,,,,,,,,,,,,,,,,,,,,,,,,,,,,,,,,,,,,,,,,,,,,,,,,,,,,,,,,,,,,,,,,,,,,,,,,,,,,,,,,,,,,,,,,,,,,,,,,,,,,,,,,,,,,,,,
phase2,R5_vos,real_first_run,startup,real_2692,2692,process:spawn_to_ui_ready_ms,PASS,1,1,0,0,1,676.539375,676.539375,676.539375,676.539375,0.0,676.539375,676.539375,,,,,,,,,,,,,,,,,,,,,,,,,,,,,,,,,,,,,,,,,,,,,,,,,,,,,,,,,,,,,,,,,,,,,,,,,,,,,,,,,,,,,,,,,,,,,,,,,,,,,,,,,,,,,,,,
phase2,R5_vos,real_first_run,startup,real_2692,2692,process:spawn_to_library_ready_ms,PASS,1,1,0,0,1,781.156125,781.156125,781.156125,781.156125,0.0,781.156125,781.156125,,,,,,,,,,,,,,,,,,,,,,,,,,,,,,,,,,,,,,,,,,,,,,,,,,,,,,,,,,,,,,,,,,,,,,,,,,,,,,,,,,,,,,,,,,,,,,,,,,,,,,,,,,,,,,,,
phase2,R5_vos,real_first_run,startup,real_2692,2692,process:complete_marker_ms,PASS,1,1,0,0,1,791.045375,791.045375,791.045375,791.045375,0.0,791.045375,791.045375,,,,,,,,,,,,,,,,,,,,,,,,,,,,,,,,,,,,,,,,,,,,,,,,,,,,,,,,,,,,,,,,,,,,,,,,,,,,,,,,,,,,,,,,,,,,,,,,,,,,,,,,,,,,,,,,
phase2,R5_vos,real_first_run,startup,real_2692,2692,process:spawn_to_process_exit_ms,PASS,1,1,0,0,1,895.317042,895.317042,895.317042,895.317042,0.0,895.317042,895.317042,,,,,,,,,,,,,,,,,,,,,,,,,,,,,,,,,,,,,,,,,,,,,,,,,,,,,,,,,,,,,,,,,,,,,,,,,,,,,,,,,,,,,,,,,,,,,,,,,,,,,,,,,,,,,,,,
phase2,R5_vos,real_steady_cold,startup,real_2692,2692,process:spawn_to_ui_ready_ms,PASS,3,3,0,0,3,471.384958,465.5296916,476.49115800000004,471.07284699999997,6.856246556769465,464.065875,477.767708,,,,,,,,,,,,,,,,,,,,,,,,,,,,,,,,,,,,,,,,,,,,,,,,,,,,,,,,,,,,,,,,,,,,,,,,,,,,,,,,,,,,,,,,,,,,,,,,,,,,,,,,,,,,,,,,
phase2,R5_vos,real_steady_cold,startup,real_2692,2692,process:spawn_to_library_ready_ms,PASS,3,3,0,0,3,561.866792,556.716092,569.224192,562.7862503333333,7.858010954526496,555.428417,571.063542,,,,,,,,,,,,,,,,,,,,,,,,,,,,,,,,,,,,,,,,,,,,,,,,,,,,,,,,,,,,,,,,,,,,,,,,,,,,,,,,,,,,,,,,,,,,,,,,,,,,,,,,,,,,,,,,
phase2,R5_vos,real_steady_cold,startup,real_2692,2692,process:complete_marker_ms,PASS,3,3,0,0,3,569.682708,564.8820416000001,576.7796416,570.639486,7.482022728244188,563.681875,578.553875,,,,,,,,,,,,,,,,,,,,,,,,,,,,,,,,,,,,,,,,,,,,,,,,,,,,,,,,,,,,,,,,,,,,,,,,,,,,,,,,,,,,,,,,,,,,,,,,,,,,,,,,,,,,,,,,
phase2,R5_vos,real_steady_cold,startup,real_2692,2692,process:spawn_to_process_exit_ms,PASS,3,3,0,0,3,610.596625,606.3909914,616.787725,611.4239026666667,6.5373355368259025,605.339583,618.3355,,,,,,,,,,,,,,,,,,,,,,,,,,,,,,,,,,,,,,,,,,,,,,,,,,,,,,,,,,,,,,,,,,,,,,,,,,,,,,,,,,,,,,,,,,,,,,,,,,,,,,,,,,,,,,,,
phase2,R5_vos,warm,real,real_2692,2692,process:spawn_to_ui_ready_ms,PASS,1,1,0,0,1,475.623916,475.623916,475.623916,475.623916,0.0,475.623916,475.623916,,,,,,,,,,,,,,,,,,,,,,,,,,,,,,,,,,,,,,,,,,,,,,,,,,,,,,,,,,,,,,,,,,,,,,,,,,,,,,,,,,,,,,,,,,,,,,,,,,,,,,,,,,,,,,,,
phase2,R5_vos,warm,real,real_2692,2692,process:spawn_to_library_ready_ms,PASS,1,1,0,0,1,2133.525458,2133.525458,2133.525458,2133.525458,0.0,2133.525458,2133.525458,,,,,,,,,,,,,,,,,,,,,,,,,,,,,,,,,,,,,,,,,,,,,,,,,,,,,,,,,,,,,,,,,,,,,,,,,,,,,,,,,,,,,,,,,,,,,,,,,,,,,,,,,,,,,,,,
phase2,R5_vos,warm,real,real_2692,2692,process:complete_marker_ms,PASS,1,1,0,0,1,14233.680166,14233.680166,14233.680166,14233.680166,0.0,14233.680166,14233.680166,,,,,,,,,,,,,,,,,,,,,,,,,,,,,,,,,,,,,,,,,,,,,,,,,,,,,,,,,,,,,,,,,,,,,,,,,,,,,,,,,,,,,,,,,,,,,,,,,,,,,,,,,,,,,,,,
phase2,R5_vos,warm,real,real_2692,2692,process:spawn_to_process_exit_ms,PASS,1,1,0,0,1,14418.17125,14418.17125,14418.17125,14418.17125,0.0,14418.17125,14418.17125,,,,,,,,,,,,,,,,,,,,,,,,,,,,,,,,,,,,,,,,,,,,,,,,,,,,,,,,,,,,,,,,,,,,,,,,,,,,,,,,,,,,,,,,,,,,,,,,,,,,,,,,,,,,,,,,
phase2,R6_simpleui_bookshelf,paging,paging,real_2692,2692,process:spawn_to_ui_ready_ms,PASS,3,3,0,0,3,799.3805,754.6593,837.8127,796.7600833333332,52.020397786789665,743.479,847.42075,,,,,,,,,,,,,,,,,,,,,,,,,,,,,,,,,,,,,,,,,,,,,,,,,,,,,,,,,,,,,,,,,,,,,,,,,,,,,,,,,,,,,,,,,,,,,,,,,,,,,,,,,,,,,,,,
phase2,R6_simpleui_bookshelf,paging,paging,real_2692,2692,process:spawn_to_library_ready_ms,PASS,3,3,0,0,3,858.671208,811.7813080000001,892.5990744000001,853.2703606666668,50.7271967610797,800.058833,901.081041,,,,,,,,,,,,,,,,,,,,,,,,,,,,,,,,,,,,,,,,,,,,,,,,,,,,,,,,,,,,,,,,,,,,,,,,,,,,,,,,,,,,,,,,,,,,,,,,,,,,,,,,,,,,,,,,
phase2,R6_simpleui_bookshelf,paging,paging,real_2692,2692,process:complete_marker_ms,PASS,3,3,0,0,3,15393.244708,15375.104974400001,15475.726608,15420.053944,67.03743301130503,15370.570041,15496.347083,,,,,,,,,,,,,,,,,,,,,,,,,,,,,,,,,,,,,,,,,,,,,,,,,,,,,,,,,,,,,,,,,,,,,,,,,,,,,,,,,,,,,,,,,,,,,,,,,,,,,,,,,,,,,,,,
phase2,R6_simpleui_bookshelf,paging,paging,real_2692,2692,process:spawn_to_process_exit_ms,PASS,3,3,0,0,3,15446.774958,15436.344724400002,15537.1265244,15480.075513333335,69.27670689720999,15433.737166,15559.714416,,,,,,,,,,,,,,,,,,,,,,,,,,,,,,,,,,,,,,,,,,,,,,,,,,,,,,,,,,,,,,,,,,,,,,,,,,,,,,,,,,,,,,,,,,,,,,,,,,,,,,,,,,,,,,,,
phase2,R6_simpleui_bookshelf,real_first_run,startup,real_2692,2692,process:spawn_to_ui_ready_ms,PASS,1,1,0,0,1,836.881709,836.881709,836.881709,836.881709,0.0,836.881709,836.881709,,,,,,,,,,,,,,,,,,,,,,,,,,,,,,,,,,,,,,,,,,,,,,,,,,,,,,,,,,,,,,,,,,,,,,,,,,,,,,,,,,,,,,,,,,,,,,,,,,,,,,,,,,,,,,,,
phase2,R6_simpleui_bookshelf,real_first_run,startup,real_2692,2692,process:spawn_to_library_ready_ms,PASS,1,1,0,0,1,1022.167209,1022.167209,1022.167209,1022.167209,0.0,1022.167209,1022.167209,,,,,,,,,,,,,,,,,,,,,,,,,,,,,,,,,,,,,,,,,,,,,,,,,,,,,,,,,,,,,,,,,,,,,,,,,,,,,,,,,,,,,,,,,,,,,,,,,,,,,,,,,,,,,,,,
phase2,R6_simpleui_bookshelf,real_first_run,startup,real_2692,2692,process:complete_marker_ms,PASS,1,1,0,0,1,1033.651375,1033.651375,1033.651375,1033.651375,0.0,1033.651375,1033.651375,,,,,,,,,,,,,,,,,,,,,,,,,,,,,,,,,,,,,,,,,,,,,,,,,,,,,,,,,,,,,,,,,,,,,,,,,,,,,,,,,,,,,,,,,,,,,,,,,,,,,,,,,,,,,,,,
phase2,R6_simpleui_bookshelf,real_first_run,startup,real_2692,2692,process:spawn_to_process_exit_ms,PASS,1,1,0,0,1,1076.162042,1076.162042,1076.162042,1076.162042,0.0,1076.162042,1076.162042,,,,,,,,,,,,,,,,,,,,,,,,,,,,,,,,,,,,,,,,,,,,,,,,,,,,,,,,,,,,,,,,,,,,,,,,,,,,,,,,,,,,,,,,,,,,,,,,,,,,,,,,,,,,,,,,
phase2,R6_simpleui_bookshelf,real_steady_cold,startup,real_2692,2692,process:spawn_to_ui_ready_ms,PASS,3,3,0,0,3,608.537542,581.6904084,635.5508411999999,608.6067776666667,33.662823899946744,574.978625,642.304166,,,,,,,,,,,,,,,,,,,,,,,,,,,,,,,,,,,,,,,,,,,,,,,,,,,,,,,,,,,,,,,,,,,,,,,,,,,,,,,,,,,,,,,,,,,,,,,,,,,,,,,,,,,,,,,,
phase2,R6_simpleui_bookshelf,real_steady_cold,startup,real_2692,2692,process:spawn_to_library_ready_ms,PASS,3,3,0,0,3,766.831083,735.4348166,794.9012166,765.4451943333333,37.1858741701375,727.58575,801.91875,,,,,,,,,,,,,,,,,,,,,,,,,,,,,,,,,,,,,,,,,,,,,,,,,,,,,,,,,,,,,,,,,,,,,,,,,,,,,,,,,,,,,,,,,,,,,,,,,,,,,,,,,,,,,,,,
phase2,R6_simpleui_bookshelf,real_steady_cold,startup,real_2692,2692,process:complete_marker_ms,PASS,3,3,0,0,3,777.627958,745.8263588,806.223958,776.2922916666666,37.766217945632356,737.875959,813.372958,,,,,,,,,,,,,,,,,,,,,,,,,,,,,,,,,,,,,,,,,,,,,,,,,,,,,,,,,,,,,,,,,,,,,,,,,,,,,,,,,,,,,,,,,,,,,,,,,,,,,,,,,,,,,,,,
phase2,R6_simpleui_bookshelf,real_steady_cold,startup,real_2692,2692,process:spawn_to_process_exit_ms,PASS,3,3,0,0,3,818.319333,787.2907666000001,849.2194994,818.265833,38.70548573105964,779.533625,856.944541,,,,,,,,,,,,,,,,,,,,,,,,,,,,,,,,,,,,,,,,,,,,,,,,,,,,,,,,,,,,,,,,,,,,,,,,,,,,,,,,,,,,,,,,,,,,,,,,,,,,,,,,,,,,,,,,
phase2,R6_simpleui_bookshelf,warm,real,real_2692,2692,process:spawn_to_ui_ready_ms,PASS,1,1,0,0,1,673.81225,673.81225,673.81225,673.81225,0.0,673.81225,673.81225,,,,,,,,,,,,,,,,,,,,,,,,,,,,,,,,,,,,,,,,,,,,,,,,,,,,,,,,,,,,,,,,,,,,,,,,,,,,,,,,,,,,,,,,,,,,,,,,,,,,,,,,,,,,,,,,
phase2,R6_simpleui_bookshelf,warm,real,real_2692,2692,process:spawn_to_library_ready_ms,PASS,1,1,0,0,1,2898.020542,2898.020542,2898.020542,2898.020542,0.0,2898.020542,2898.020542,,,,,,,,,,,,,,,,,,,,,,,,,,,,,,,,,,,,,,,,,,,,,,,,,,,,,,,,,,,,,,,,,,,,,,,,,,,,,,,,,,,,,,,,,,,,,,,,,,,,,,,,,,,,,,,,
phase2,R6_simpleui_bookshelf,warm,real,real_2692,2692,process:complete_marker_ms,PASS,1,1,0,0,1,38709.499417,38709.499417,38709.499417,38709.499417,0.0,38709.499417,38709.499417,,,,,,,,,,,,,,,,,,,,,,,,,,,,,,,,,,,,,,,,,,,,,,,,,,,,,,,,,,,,,,,,,,,,,,,,,,,,,,,,,,,,,,,,,,,,,,,,,,,,,,,,,,,,,,,,
phase2,R6_simpleui_bookshelf,warm,real,real_2692,2692,process:spawn_to_process_exit_ms,PASS,1,1,0,0,1,38791.028542,38791.028542,38791.028542,38791.028542,0.0,38791.028542,38791.028542,,,,,,,,,,,,,,,,,,,,,,,,,,,,,,,,,,,,,,,,,,,,,,,,,,,,,,,,,,,,,,,,,,,,,,,,,,,,,,,,,,,,,,,,,,,,,,,,,,,,,,,,,,,,,,,,
phase2,R7_zenos_bookshelf,paging,paging,real_2692,2692,process:spawn_to_ui_ready_ms,PASS,3,3,0,0,3,686.6345,651.263,725.6904664000001,688.1696943333333,46.53616223346688,642.420125,735.454458,,,,,,,,,,,,,,,,,,,,,,,,,,,,,,,,,,,,,,,,,,,,,,,,,,,,,,,,,,,,,,,,,,,,,,,,,,,,,,,,,,,,,,,,,,,,,,,,,,,,,,,,,,,,,,,,
phase2,R7_zenos_bookshelf,paging,paging,real_2692,2692,process:spawn_to_library_ready_ms,PASS,3,3,0,0,3,776.246417,754.1755833999999,823.2144834000001,786.620264,44.07466046842805,748.657875,834.9565,,,,,,,,,,,,,,,,,,,,,,,,,,,,,,,,,,,,,,,,,,,,,,,,,,,,,,,,,,,,,,,,,,,,,,,,,,,,,,,,,,,,,,,,,,,,,,,,,,,,,,,,,,,,,,,,
phase2,R7_zenos_bookshelf,paging,paging,real_2692,2692,process:complete_marker_ms,PASS,3,3,0,0,3,13982.168792,13939.040224800001,14140.527791199998,14030.181472000002,132.61677769648944,13928.258083,14180.117541,,,,,,,,,,,,,,,,,,,,,,,,,,,,,,,,,,,,,,,,,,,,,,,,,,,,,,,,,,,,,,,,,,,,,,,,,,,,,,,,,,,,,,,,,,,,,,,,,,,,,,,,,,,,,,,,
phase2,R7_zenos_bookshelf,paging,paging,real_2692,2692,process:spawn_to_process_exit_ms,PASS,3,3,0,0,3,14035.579458,13989.6304252,14194.1702916,14082.513541666667,134.1436215949778,13978.143167,14233.818,,,,,,,,,,,,,,,,,,,,,,,,,,,,,,,,,,,,,,,,,,,,,,,,,,,,,,,,,,,,,,,,,,,,,,,,,,,,,,,,,,,,,,,,,,,,,,,,,,,,,,,,,,,,,,,,
phase2,R7_zenos_bookshelf,real_first_run,startup,real_2692,2692,process:spawn_to_ui_ready_ms,PASS,1,1,0,0,1,837.584833,837.584833,837.584833,837.584833,0.0,837.584833,837.584833,,,,,,,,,,,,,,,,,,,,,,,,,,,,,,,,,,,,,,,,,,,,,,,,,,,,,,,,,,,,,,,,,,,,,,,,,,,,,,,,,,,,,,,,,,,,,,,,,,,,,,,,,,,,,,,,
phase2,R7_zenos_bookshelf,real_first_run,startup,real_2692,2692,process:spawn_to_library_ready_ms,PASS,1,1,0,0,1,1030.813792,1030.813792,1030.813792,1030.813792,0.0,1030.813792,1030.813792,,,,,,,,,,,,,,,,,,,,,,,,,,,,,,,,,,,,,,,,,,,,,,,,,,,,,,,,,,,,,,,,,,,,,,,,,,,,,,,,,,,,,,,,,,,,,,,,,,,,,,,,,,,,,,,,
phase2,R7_zenos_bookshelf,real_first_run,startup,real_2692,2692,process:complete_marker_ms,PASS,1,1,0,0,1,1045.510792,1045.510792,1045.510792,1045.510792,0.0,1045.510792,1045.510792,,,,,,,,,,,,,,,,,,,,,,,,,,,,,,,,,,,,,,,,,,,,,,,,,,,,,,,,,,,,,,,,,,,,,,,,,,,,,,,,,,,,,,,,,,,,,,,,,,,,,,,,,,,,,,,,
phase2,R7_zenos_bookshelf,real_first_run,startup,real_2692,2692,process:spawn_to_process_exit_ms,PASS,1,1,0,0,1,1110.843292,1110.843292,1110.843292,1110.843292,0.0,1110.843292,1110.843292,,,,,,,,,,,,,,,,,,,,,,,,,,,,,,,,,,,,,,,,,,,,,,,,,,,,,,,,,,,,,,,,,,,,,,,,,,,,,,,,,,,,,,,,,,,,,,,,,,,,,,,,,,,,,,,,
phase2,R7_zenos_bookshelf,real_steady_cold,startup,real_2692,2692,process:spawn_to_ui_ready_ms,PASS,3,3,0,0,3,617.391542,612.7791412,640.4389084,625.0727776666666,18.52305756709254,611.626041,646.20075,,,,,,,,,,,,,,,,,,,,,,,,,,,,,,,,,,,,,,,,,,,,,,,,,,,,,,,,,,,,,,,,,,,,,,,,,,,,,,,,,,,,,,,,,,,,,,,,,,,,,,,,,,,,,,,,
phase2,R7_zenos_bookshelf,real_steady_cold,startup,real_2692,2692,process:spawn_to_library_ready_ms,PASS,3,3,0,0,3,788.345875,781.9437750000001,810.5363422,794.9243613333333,18.7565170483238,780.34325,816.083959,,,,,,,,,,,,,,,,,,,,,,,,,,,,,,,,,,,,,,,,,,,,,,,,,,,,,,,,,,,,,,,,,,,,,,,,,,,,,,,,,,,,,,,,,,,,,,,,,,,,,,,,,,,,,,,,
phase2,R7_zenos_bookshelf,real_steady_cold,startup,real_2692,2692,process:complete_marker_ms,PASS,3,3,0,0,3,802.99175,796.04115,825.8125172,809.6043196666666,19.46840764087576,794.3035,831.517709,,,,,,,,,,,,,,,,,,,,,,,,,,,,,,,,,,,,,,,,,,,,,,,,,,,,,,,,,,,,,,,,,,,,,,,,,,,,,,,,,,,,,,,,,,,,,,,,,,,,,,,,,,,,,,,,
phase2,R7_zenos_bookshelf,real_steady_cold,startup,real_2692,2692,process:spawn_to_process_exit_ms,PASS,3,3,0,0,3,845.073667,842.5477998000001,867.4238670000001,853.3338056666666,17.11427709066866,841.916333,873.011417,,,,,,,,,,,,,,,,,,,,,,,,,,,,,,,,,,,,,,,,,,,,,,,,,,,,,,,,,,,,,,,,,,,,,,,,,,,,,,,,,,,,,,,,,,,,,,,,,,,,,,,,,,,,,,,,
phase2,R7_zenos_bookshelf,warm,real,real_2692,2692,process:spawn_to_ui_ready_ms,PASS,1,1,0,0,1,603.66525,603.66525,603.66525,603.66525,0.0,603.66525,603.66525,,,,,,,,,,,,,,,,,,,,,,,,,,,,,,,,,,,,,,,,,,,,,,,,,,,,,,,,,,,,,,,,,,,,,,,,,,,,,,,,,,,,,,,,,,,,,,,,,,,,,,,,,,,,,,,,
phase2,R7_zenos_bookshelf,warm,real,real_2692,2692,process:spawn_to_library_ready_ms,PASS,1,1,0,0,1,2705.800958,2705.800958,2705.800958,2705.800958,0.0,2705.800958,2705.800958,,,,,,,,,,,,,,,,,,,,,,,,,,,,,,,,,,,,,,,,,,,,,,,,,,,,,,,,,,,,,,,,,,,,,,,,,,,,,,,,,,,,,,,,,,,,,,,,,,,,,,,,,,,,,,,,
phase2,R7_zenos_bookshelf,warm,real,real_2692,2692,process:complete_marker_ms,PASS,1,1,0,0,1,26406.062458,26406.062458,26406.062458,26406.062458,0.0,26406.062458,26406.062458,,,,,,,,,,,,,,,,,,,,,,,,,,,,,,,,,,,,,,,,,,,,,,,,,,,,,,,,,,,,,,,,,,,,,,,,,,,,,,,,,,,,,,,,,,,,,,,,,,,,,,,,,,,,,,,,
phase2,R7_zenos_bookshelf,warm,real,real_2692,2692,process:spawn_to_process_exit_ms,PASS,1,1,0,0,1,26478.795,26478.795,26478.795,26478.795,0.0,26478.795,26478.795,,,,,,,,,,,,,,,,,,,,,,,,,,,,,,,,,,,,,,,,,,,,,,,,,,,,,,,,,,,,,,,,,,,,,,,,,,,,,,,,,,,,,,,,,,,,,,,,,,,,,,,,,,,,,,,,
phase2,R8_vos_bookshelf,paging,paging,real_2692,2692,process:spawn_to_ui_ready_ms,PASS,3,3,0,0,3,1090.718417,808.209317,1534.280517,1157.8238336666666,457.5006021195548,737.582042,1645.171042,,,,,,,,,,,,,,,,,,,,,,,,,,,,,,,,,,,,,,,,,,,,,,,,,,,,,,,,,,,,,,,,,,,,,,,,,,,,,,,,,,,,,,,,,,,,,,,,,,,,,,,,,,,,,,,,
phase2,R8_vos_bookshelf,paging,paging,real_2692,2692,process:spawn_to_library_ready_ms,PASS,3,3,0,0,3,1111.863709,829.3222089999999,1565.4038754,1183.1131533333335,464.1705756223582,758.686834,1678.788917,,,,,,,,,,,,,,,,,,,,,,,,,,,,,,,,,,,,,,,,,,,,,,,,,,,,,,,,,,,,,,,,,,,,,,,,,,,,,,,,,,,,,,,,,,,,,,,,,,,,,,,,,,,,,,,,
phase2,R8_vos_bookshelf,paging,paging,real_2692,2692,process:complete_marker_ms,PASS,3,3,0,0,3,15824.380084,15219.356450400002,16465.149784,15839.274278333332,778.7276674992759,15068.100542,16625.342209,,,,,,,,,,,,,,,,,,,,,,,,,,,,,,,,,,,,,,,,,,,,,,,,,,,,,,,,,,,,,,,,,,,,,,,,,,,,,,,,,,,,,,,,,,,,,,,,,,,,,,,,,,,,,,,,
phase2,R8_vos_bookshelf,paging,paging,real_2692,2692,process:spawn_to_process_exit_ms,PASS,3,3,0,0,3,16689.580625,15428.851058600001,17872.6984922,16657.242416999998,1527.661373601779,15113.668667,18168.477959,,,,,,,,,,,,,,,,,,,,,,,,,,,,,,,,,,,,,,,,,,,,,,,,,,,,,,,,,,,,,,,,,,,,,,,,,,,,,,,,,,,,,,,,,,,,,,,,,,,,,,,,,,,,,,,,
phase2,R8_vos_bookshelf,real_first_run,startup,real_2692,2692,process:spawn_to_ui_ready_ms,PASS,1,1,0,0,1,747.95025,747.95025,747.95025,747.95025,0.0,747.95025,747.95025,,,,,,,,,,,,,,,,,,,,,,,,,,,,,,,,,,,,,,,,,,,,,,,,,,,,,,,,,,,,,,,,,,,,,,,,,,,,,,,,,,,,,,,,,,,,,,,,,,,,,,,,,,,,,,,,
phase2,R8_vos_bookshelf,real_first_run,startup,real_2692,2692,process:spawn_to_library_ready_ms,PASS,1,1,0,0,1,849.116166,849.116166,849.116166,849.116166,0.0,849.116166,849.116166,,,,,,,,,,,,,,,,,,,,,,,,,,,,,,,,,,,,,,,,,,,,,,,,,,,,,,,,,,,,,,,,,,,,,,,,,,,,,,,,,,,,,,,,,,,,,,,,,,,,,,,,,,,,,,,,
phase2,R8_vos_bookshelf,real_first_run,startup,real_2692,2692,process:complete_marker_ms,PASS,1,1,0,0,1,860.628208,860.628208,860.628208,860.628208,0.0,860.628208,860.628208,,,,,,,,,,,,,,,,,,,,,,,,,,,,,,,,,,,,,,,,,,,,,,,,,,,,,,,,,,,,,,,,,,,,,,,,,,,,,,,,,,,,,,,,,,,,,,,,,,,,,,,,,,,,,,,,
phase2,R8_vos_bookshelf,real_first_run,startup,real_2692,2692,process:spawn_to_process_exit_ms,PASS,1,1,0,0,1,931.81675,931.81675,931.81675,931.81675,0.0,931.81675,931.81675,,,,,,,,,,,,,,,,,,,,,,,,,,,,,,,,,,,,,,,,,,,,,,,,,,,,,,,,,,,,,,,,,,,,,,,,,,,,,,,,,,,,,,,,,,,,,,,,,,,,,,,,,,,,,,,,
phase2,R8_vos_bookshelf,real_steady_cold,startup,real_2692,2692,process:spawn_to_ui_ready_ms,PASS,3,3,0,0,3,537.556458,528.4649916000001,541.254558,535.309222,8.226983575601247,526.192125,542.179083,,,,,,,,,,,,,,,,,,,,,,,,,,,,,,,,,,,,,,,,,,,,,,,,,,,,,,,,,,,,,,,,,,,,,,,,,,,,,,,,,,,,,,,,,,,,,,,,,,,,,,,,,,,,,,,,
phase2,R8_vos_bookshelf,real_steady_cold,startup,real_2692,2692,process:spawn_to_library_ready_ms,PASS,3,3,0,0,3,624.732667,619.1985006000001,633.6437334,626.1397086666667,9.110131333299849,617.814959,635.8715,,,,,,,,,,,,,,,,,,,,,,,,,,,,,,,,,,,,,,,,,,,,,,,,,,,,,,,,,,,,,,,,,,,,,,,,,,,,,,,,,,,,,,,,,,,,,,,,,,,,,,,,,,,,,,,,
phase2,R8_vos_bookshelf,real_steady_cold,startup,real_2692,2692,process:complete_marker_ms,PASS,3,3,0,0,3,632.245958,628.1429916,640.849358,634.1211386666668,8.105819860256066,627.11725,643.000208,,,,,,,,,,,,,,,,,,,,,,,,,,,,,,,,,,,,,,,,,,,,,,,,,,,,,,,,,,,,,,,,,,,,,,,,,,,,,,,,,,,,,,,,,,,,,,,,,,,,,,,,,,,,,,,,
phase2,R8_vos_bookshelf,real_steady_cold,startup,real_2692,2692,process:spawn_to_process_exit_ms,PASS,3,3,0,0,3,673.090333,668.9032338000001,683.320833,675.6084166666666,9.271120266896057,667.856459,685.878458,,,,,,,,,,,,,,,,,,,,,,,,,,,,,,,,,,,,,,,,,,,,,,,,,,,,,,,,,,,,,,,,,,,,,,,,,,,,,,,,,,,,,,,,,,,,,,,,,,,,,,,,,,,,,,,,
phase2,R8_vos_bookshelf,warm,real,real_2692,2692,process:spawn_to_ui_ready_ms,PASS,1,1,0,0,1,518.404167,518.404167,518.404167,518.404167,0.0,518.404167,518.404167,,,,,,,,,,,,,,,,,,,,,,,,,,,,,,,,,,,,,,,,,,,,,,,,,,,,,,,,,,,,,,,,,,,,,,,,,,,,,,,,,,,,,,,,,,,,,,,,,,,,,,,,,,,,,,,,
phase2,R8_vos_bookshelf,warm,real,real_2692,2692,process:spawn_to_library_ready_ms,PASS,1,1,0,0,1,2190.522458,2190.522458,2190.522458,2190.522458,0.0,2190.522458,2190.522458,,,,,,,,,,,,,,,,,,,,,,,,,,,,,,,,,,,,,,,,,,,,,,,,,,,,,,,,,,,,,,,,,,,,,,,,,,,,,,,,,,,,,,,,,,,,,,,,,,,,,,,,,,,,,,,,
phase2,R8_vos_bookshelf,warm,real,real_2692,2692,process:complete_marker_ms,PASS,1,1,0,0,1,26408.033292,26408.033292,26408.033292,26408.033292,0.0,26408.033292,26408.033292,,,,,,,,,,,,,,,,,,,,,,,,,,,,,,,,,,,,,,,,,,,,,,,,,,,,,,,,,,,,,,,,,,,,,,,,,,,,,,,,,,,,,,,,,,,,,,,,,,,,,,,,,,,,,,,,
phase2,R8_vos_bookshelf,warm,real,real_2692,2692,process:spawn_to_process_exit_ms,PASS,1,1,0,0,1,26608.69875,26608.69875,26608.69875,26608.69875,0.0,26608.69875,26608.69875,,,,,,,,,,,,,,,,,,,,,,,,,,,,,,,,,,,,,,,,,,,,,,,,,,,,,,,,,,,,,,,,,,,,,,,,,,,,,,,,,,,,,,,,,,,,,,,,,,,,,,,,,,,,,,,,
phase2,R9_simpleui_vos,paging,paging,real_2692,2692,process:spawn_to_ui_ready_ms,PASS,3,3,0,0,3,719.23325,698.2030172,784.6530164000001,737.728889,56.35550034419881,692.945459,801.007958,,,,,,,,,,,,,,,,,,,,,,,,,,,,,,,,,,,,,,,,,,,,,,,,,,,,,,,,,,,,,,,,,,,,,,,,,,,,,,,,,,,,,,,,,,,,,,,,,,,,,,,,,,,,,,,,
phase2,R9_simpleui_vos,paging,paging,real_2692,2692,process:spawn_to_library_ready_ms,PASS,3,3,0,0,3,774.037666,752.0990332,837.7803996,791.4560413333334,55.63491541800864,746.614375,853.716083,,,,,,,,,,,,,,,,,,,,,,,,,,,,,,,,,,,,,,,,,,,,,,,,,,,,,,,,,,,,,,,,,,,,,,,,,,,,,,,,,,,,,,,,,,,,,,,,,,,,,,,,,,,,,,,,
phase2,R9_simpleui_vos,paging,paging,real_2692,2692,process:complete_marker_ms,PASS,3,3,0,0,3,2520.064416,2375.3655832,2529.2651504,2463.606875,107.90075797097401,2339.190875,2531.565334,,,,,,,,,,,,,,,,,,,,,,,,,,,,,,,,,,,,,,,,,,,,,,,,,,,,,,,,,,,,,,,,,,,,,,,,,,,,,,,,,,,,,,,,,,,,,,,,,,,,,,,,,,,,,,,,
phase2,R9_simpleui_vos,paging,paging,real_2692,2692,process:spawn_to_process_exit_ms,PASS,3,3,0,0,3,2565.3355,2422.3534664000003,2572.8909672,2508.907764,106.019954593011,2386.607958,2574.779834,,,,,,,,,,,,,,,,,,,,,,,,,,,,,,,,,,,,,,,,,,,,,,,,,,,,,,,,,,,,,,,,,,,,,,,,,,,,,,,,,,,,,,,,,,,,,,,,,,,,,,,,,,,,,,,,
phase2,R9_simpleui_vos,real_first_run,startup,real_2692,2692,process:spawn_to_ui_ready_ms,PASS,1,1,0,0,1,826.501167,826.501167,826.501167,826.501167,0.0,826.501167,826.501167,,,,,,,,,,,,,,,,,,,,,,,,,,,,,,,,,,,,,,,,,,,,,,,,,,,,,,,,,,,,,,,,,,,,,,,,,,,,,,,,,,,,,,,,,,,,,,,,,,,,,,,,,,,,,,,,
phase2,R9_simpleui_vos,real_first_run,startup,real_2692,2692,process:spawn_to_library_ready_ms,PASS,1,1,0,0,1,991.627667,991.627667,991.627667,991.627667,0.0,991.627667,991.627667,,,,,,,,,,,,,,,,,,,,,,,,,,,,,,,,,,,,,,,,,,,,,,,,,,,,,,,,,,,,,,,,,,,,,,,,,,,,,,,,,,,,,,,,,,,,,,,,,,,,,,,,,,,,,,,,
phase2,R9_simpleui_vos,real_first_run,startup,real_2692,2692,process:complete_marker_ms,PASS,1,1,0,0,1,1000.095375,1000.095375,1000.095375,1000.095375,0.0,1000.095375,1000.095375,,,,,,,,,,,,,,,,,,,,,,,,,,,,,,,,,,,,,,,,,,,,,,,,,,,,,,,,,,,,,,,,,,,,,,,,,,,,,,,,,,,,,,,,,,,,,,,,,,,,,,,,,,,,,,,,
phase2,R9_simpleui_vos,real_first_run,startup,real_2692,2692,process:spawn_to_process_exit_ms,PASS,1,1,0,0,1,1048.9215,1048.9215,1048.9215,1048.9215,0.0,1048.9215,1048.9215,,,,,,,,,,,,,,,,,,,,,,,,,,,,,,,,,,,,,,,,,,,,,,,,,,,,,,,,,,,,,,,,,,,,,,,,,,,,,,,,,,,,,,,,,,,,,,,,,,,,,,,,,,,,,,,,
phase2,R9_simpleui_vos,real_steady_cold,startup,real_2692,2692,process:spawn_to_ui_ready_ms,PASS,3,3,0,0,3,603.788917,558.381517,606.0063498,585.7930973333333,33.59871061130633,547.029667,606.560708,,,,,,,,,,,,,,,,,,,,,,,,,,,,,,,,,,,,,,,,,,,,,,,,,,,,,,,,,,,,,,,,,,,,,,,,,,,,,,,,,,,,,,,,,,,,,,,,,,,,,,,,,,,,,,,,
phase2,R9_simpleui_vos,real_steady_cold,startup,real_2692,2692,process:spawn_to_library_ready_ms,PASS,3,3,0,0,3,742.011833,699.5003002000001,747.7612002,726.6942640000001,32.951195417332364,688.872417,749.198542,,,,,,,,,,,,,,,,,,,,,,,,,,,,,,,,,,,,,,,,,,,,,,,,,,,,,,,,,,,,,,,,,,,,,,,,,,,,,,,,,,,,,,,,,,,,,,,,,,,,,,,,,,,,,,,,
phase2,R9_simpleui_vos,real_steady_cold,startup,real_2692,2692,process:complete_marker_ms,PASS,3,3,0,0,3,751.025833,709.5003666,756.6420666,736.0636526666667,32.18697943946892,699.119,758.046125,,,,,,,,,,,,,,,,,,,,,,,,,,,,,,,,,,,,,,,,,,,,,,,,,,,,,,,,,,,,,,,,,,,,,,,,,,,,,,,,,,,,,,,,,,,,,,,,,,,,,,,,,,,,,,,,
phase2,R9_simpleui_vos,real_steady_cold,startup,real_2692,2692,process:spawn_to_process_exit_ms,PASS,3,3,0,0,3,792.225208,753.299208,803.908308,780.8739996666667,33.123071109012606,743.567708,806.829083,,,,,,,,,,,,,,,,,,,,,,,,,,,,,,,,,,,,,,,,,,,,,,,,,,,,,,,,,,,,,,,,,,,,,,,,,,,,,,,,,,,,,,,,,,,,,,,,,,,,,,,,,,,,,,,,
phase2,R9_simpleui_vos,warm,real,real_2692,2692,process:spawn_to_ui_ready_ms,PASS,1,1,0,0,1,540.088542,540.088542,540.088542,540.088542,0.0,540.088542,540.088542,,,,,,,,,,,,,,,,,,,,,,,,,,,,,,,,,,,,,,,,,,,,,,,,,,,,,,,,,,,,,,,,,,,,,,,,,,,,,,,,,,,,,,,,,,,,,,,,,,,,,,,,,,,,,,,,
phase2,R9_simpleui_vos,warm,real,real_2692,2692,process:spawn_to_library_ready_ms,PASS,1,1,0,0,1,2808.352917,2808.352917,2808.352917,2808.352917,0.0,2808.352917,2808.352917,,,,,,,,,,,,,,,,,,,,,,,,,,,,,,,,,,,,,,,,,,,,,,,,,,,,,,,,,,,,,,,,,,,,,,,,,,,,,,,,,,,,,,,,,,,,,,,,,,,,,,,,,,,,,,,,
phase2,R9_simpleui_vos,warm,real,real_2692,2692,process:complete_marker_ms,PASS,1,1,0,0,1,22935.632834,22935.632834,22935.632834,22935.632834,0.0,22935.632834,22935.632834,,,,,,,,,,,,,,,,,,,,,,,,,,,,,,,,,,,,,,,,,,,,,,,,,,,,,,,,,,,,,,,,,,,,,,,,,,,,,,,,,,,,,,,,,,,,,,,,,,,,,,,,,,,,,,,,
phase2,R9_simpleui_vos,warm,real,real_2692,2692,process:spawn_to_process_exit_ms,PASS,1,1,0,0,1,23231.00725,23231.00725,23231.00725,23231.00725,0.0,23231.00725,23231.00725,,,,,,,,,,,,,,,,,,,,,,,,,,,,,,,,,,,,,,,,,,,,,,,,,,,,,,,,,,,,,,,,,,,,,,,,,,,,,,,,,,,,,,,,,,,,,,,,,,,,,,,,,,,,,,,,
phase2,R0_stock,paging,paging,real_2692,2692,memory:post_init_idle,PASS,3,3,0,0,,,,,,,,,3,11610.931640625,11260.8480468754,11717.6167968754,11509.515625000335,298.6854603200609,11173.327148438,11744.288085938,,,,,,,,,3,168880.0,168611.2,169379.2,168976.0,487.14679512442655,168544.0,169504.0,,,,,,,,,,,,,,,,,,,,,,,,,,,,,,,,,,,,,,,,,,,,,,,,,,,,,,,,,,,,,,,,,,,,,,,,,,,,,,,,,3,8922.7958984375,8922.1677734375,8995.7771484375,8952.943033854166,52.89779227156275,8922.0107421875,9014.0224609375
phase2,R0_stock,paging,paging,real_2692,2692,memory:post_stress_idle,PASS,3,3,0,0,,,,,,,,,3,13816.673828125,11255.630859375402,15319.494140625,13375.747721354333,2568.4582533093662,10615.370117188,15695.19921875,,,,,,,,,3,195136.0,194892.80000000002,197836.8,196160.0,2042.5552624102977,194832.0,198512.0,,,,,,,,,,,,,,,,,,,,,,,,,,,,,,,,,,,,,,,,,,,,,,,,,,,,,,,,,,,,,,,,,,,,,,,,,,,,,,,,,3,9584.7373046875,9575.5654296875,10398.4716796879,9919.971679687667,590.5996362803542,9573.2724609375,10601.905273438
phase2,R0_stock,real_first_run,startup,real_2692,2692,memory:post_init_idle,PASS,1,1,0,0,,,,,,,,,1,11287.49609375,11287.49609375,11287.49609375,11287.49609375,0.0,11287.49609375,11287.49609375,,,,,,,,,1,165024.0,165024.0,165024.0,165024.0,0.0,165024.0,165024.0,,,,,,,,,,,,,,,,,,,,,,,,,,,,,,,,,,,,,,,,,,,,,,,,,,,,,,,,,,,,,,,,,,,,,,,,,,,,,,,,,1,8939.7646484375,8939.7646484375,8939.7646484375,8939.7646484375,0.0,8939.7646484375,8939.7646484375
phase2,R0_stock,real_first_run,startup,real_2692,2692,memory:post_library_render_idle,PASS,1,1,0,0,,,,,,,,,1,14753.087890625,14753.087890625,14753.087890625,14753.087890625,0.0,14753.087890625,14753.087890625,,,,,,,,,1,174016.0,174016.0,174016.0,174016.0,0.0,174016.0,174016.0,,,,,,,,,,,,,,,,,,,,,,,,,,,,,,,,,,,,,,,,,,,,,,,,,,,,,,,,,,,,,,,,,,,,,,,,,,,,,,,,,1,10242.737304688,10242.737304688,10242.737304688,10242.737304688,0.0,10242.737304688,10242.737304688
phase2,R0_stock,real_steady_cold,startup,real_2692,2692,memory:post_init_idle,PASS,3,3,0,0,,,,,,,,,3,14646.275390625,11622.030859374601,15256.6839843746,13640.510416666331,2432.9207506527337,10865.969726562,15409.286132812,,,,,,,,,3,161152.0,160729.6,165452.8,162768.0,3266.9398525225406,160624.0,166528.0,,,,,,,,,,,,,,,,,,,,,,,,,,,,,,,,,,,,,,,,,,,,,,,,,,,,,,,,,,,,,,,,,,,,,,,,,,,,,,,,,3,9241.1318359375,9206.469335937501,9247.9787109375,9229.5419921875,27.817283373335737,9197.8037109375,9249.6904296875
phase2,R0_stock,real_steady_cold,startup,real_2692,2692,memory:post_library_render_idle,PASS,3,3,0,0,,,,,,,,,3,15188.28515625,15138.4734374996,15232.7968750004,15186.076822916666,58.98316164414506,15126.020507812,15243.924804688,,,,,,,,,3,170640.0,163216.0,175363.2,169514.66666666666,7654.2958744311245,161360.0,176544.0,,,,,,,,,,,,,,,,,,,,,,,,,,,,,,,,,,,,,,,,,,,,,,,,,,,,,,,,,,,,,,,,,,,,,,,,,,,,,,,,,3,9266.0107421875,9246.895117187501,9287.7482421875,9267.103190104166,25.550724914578876,9242.1162109375,9293.1826171875
phase2,R0_stock,warm,real,real_2692,2692,memory:post_init_idle,PASS,1,1,0,0,,,,,,,,,1,15866.401367188,15866.401367188,15866.401367188,15866.401367188,0.0,15866.401367188,15866.401367188,,,,,,,,,1,165344.0,165344.0,165344.0,165344.0,0.0,165344.0,165344.0,,,,,,,,,,,,,,,,,,,,,,,,,,,,,,,,,,,,,,,,,,,,,,,,,,,,,,,,,,,,,,,,,,,,,,,,,,,,,,,,,1,9285.0224609375,9285.0224609375,9285.0224609375,9285.0224609375,0.0,9285.0224609375,9285.0224609375
phase2,R0_stock,warm,real,real_2692,2692,memory:post_library_render_idle,PASS,1,1,0,0,,,,,,,,,1,12545.805664062,12545.805664062,12545.805664062,12545.805664062,0.0,12545.805664062,12545.805664062,,,,,,,,,1,183472.0,183472.0,183472.0,183472.0,0.0,183472.0,183472.0,,,,,,,,,,,,,,,,,,,,,,,,,,,,,,,,,,,,,,,,,,,,,,,,,,,,,,,,,,,,,,,,,,,,,,,,,,,,,,,,,1,9238.3701171875,9238.3701171875,9238.3701171875,9238.3701171875,0.0,9238.3701171875,9238.3701171875
phase2,R0_stock,warm,real,real_2692,2692,memory:post_stress_idle,PASS,1,1,0,0,,,,,,,,,1,29819.05078125,29819.05078125,29819.05078125,29819.05078125,0.0,29819.05078125,29819.05078125,,,,,,,,,1,347584.0,347584.0,347584.0,347584.0,0.0,347584.0,347584.0,,,,,,,,,,,,,,,,,,,,,,,,,,,,,,,,,,,,,,,,,,,,,,,,,,,,,,,,,,,,,,,,,,,,,,,,,,,,,,,,,1,27272.034179688,27272.034179688,27272.034179688,27272.034179688,0.0,27272.034179688,27272.034179688
phase2,R10_simpleui_vos_bookshelf,paging,paging,real_2692,2692,memory:post_init_idle,PASS,3,3,0,0,,,,,,,,,3,15699.1875,15498.5023437504,18104.16875,16617.644205729335,1812.4070928378096,15448.331054688,18705.4140625,,,,,,,,,3,178048.0,174592.0,178508.8,176800.0,2675.97309403514,173728.0,178624.0,,,,,,,,,,,,,,,,,,,,,,,,,,,,,,,,,,,,,,,,,,,,,,,,,,,,,,,,,,,,,,,,,,,,,,,,,,,,,,,,,3,13994.024414062,13948.824414062,13996.436914062,13976.196289062,33.52475108851481,13937.524414062,13997.040039062
phase2,R10_simpleui_vos_bookshelf,paging,paging,real_2692,2692,memory:post_stress_idle,PASS,3,3,0,0,,,,,,,,,3,29503.502929688,28452.709960937602,29604.624804688,29107.80664062533,797.3424779174152,28190.01171875,29629.905273438,,,,,,,,,3,246592.0,224806.4,248256.0,238208.0,16355.944729669392,219360.0,248672.0,,,,,,,,,,,,,,,,,,,,,,,,,,,,,,,,,,,,,,,,,,,,,,,,,,,,,,,,,,,,,,,,,,,,,,,,,,,,,,,,,3,18890.586914062,18875.308789062,18929.208789062002,18900.313476562,34.72466227049306,18871.489257812,18938.864257812
phase2,R10_simpleui_vos_bookshelf,real_first_run,startup,real_2692,2692,memory:post_init_idle,PASS,1,1,0,0,,,,,,,,,1,18220.905273438,18220.905273438,18220.905273438,18220.905273438,0.0,18220.905273438,18220.905273438,,,,,,,,,1,172272.0,172272.0,172272.0,172272.0,0.0,172272.0,172272.0,,,,,,,,,,,,,,,,,,,,,,,,,,,,,,,,,,,,,,,,,,,,,,,,,,,,,,,,,,,,,,,,,,,,,,,,,,,,,,,,,1,14018.852539062,14018.852539062,14018.852539062,14018.852539062,0.0,14018.852539062,14018.852539062
phase2,R10_simpleui_vos_bookshelf,real_first_run,startup,real_2692,2692,memory:post_library_render_idle,PASS,1,1,0,0,,,,,,,,,1,16036.680664062,16036.680664062,16036.680664062,16036.680664062,0.0,16036.680664062,16036.680664062,,,,,,,,,1,184192.0,184192.0,184192.0,184192.0,0.0,184192.0,184192.0,,,,,,,,,,,,,,,,,,,,,,,,,,,,,,,,,,,,,,,,,,,,,,,,,,,,,,,,,,,,,,,,,,,,,,,,,,,,,,,,,1,14690.739257812,14690.739257812,14690.739257812,14690.739257812,0.0,14690.739257812,14690.739257812
phase2,R10_simpleui_vos_bookshelf,real_steady_cold,startup,real_2692,2692,memory:post_init_idle,PASS,3,3,0,0,,,,,,,,,3,22825.205078125,17008.897265625,23008.751171874603,20478.22102864567,4265.333022199447,15554.8203125,23054.637695312,,,,,,,,,3,172320.0,171692.80000000002,173804.80000000002,172677.33333333334,1355.7895608586657,171536.0,174176.0,,,,,,,,,,,,,,,,,,,,,,,,,,,,,,,,,,,,,,,,,,,,,,,,,,,,,,,,,,,,,,,,,,,,,,,,,,,,,,,,,3,13932.837890625,13916.606640625,14208.444140625,14040.910807291666,205.00977169411124,13912.548828125,14277.345703125
phase2,R10_simpleui_vos_bookshelf,real_steady_cold,startup,real_2692,2692,memory:post_library_render_idle,PASS,3,3,0,0,,,,,,,,,3,15751.168945312,15714.368164062402,15839.770507812802,15772.752604166666,80.57456787726984,15705.16796875,15861.920898438,,,,,,,,,3,183216.0,182524.80000000002,184444.8,183440.0,1215.578874446245,182352.0,184752.0,,,,,,,,,,,,,,,,,,,,,,,,,,,,,,,,,,,,,,,,,,,,,,,,,,,,,,,,,,,,,,,,,,,,,,,,,,,,,,,,,3,14598.154296875,14577.288671875001,14851.913671875001,14695.193359375,191.10975613126035,14572.072265625,14915.353515625
phase2,R10_simpleui_vos_bookshelf,warm,real,real_2692,2692,memory:post_init_idle,PASS,1,1,0,0,,,,,,,,,1,23290.830078125,23290.830078125,23290.830078125,23290.830078125,0.0,23290.830078125,23290.830078125,,,,,,,,,1,172640.0,172640.0,172640.0,172640.0,0.0,172640.0,172640.0,,,,,,,,,,,,,,,,,,,,,,,,,,,,,,,,,,,,,,,,,,,,,,,,,,,,,,,,,,,,,,,,,,,,,,,,,,,,,,,,,1,13916.935546875,13916.935546875,13916.935546875,13916.935546875,0.0,13916.935546875,13916.935546875
phase2,R10_simpleui_vos_bookshelf,warm,real,real_2692,2692,memory:post_library_render_idle,PASS,1,1,0,0,,,,,,,,,1,24702.217773438,24702.217773438,24702.217773438,24702.217773438,0.0,24702.217773438,24702.217773438,,,,,,,,,1,202400.0,202400.0,202400.0,202400.0,0.0,202400.0,202400.0,,,,,,,,,,,,,,,,,,,,,,,,,,,,,,,,,,,,,,,,,,,,,,,,,,,,,,,,,,,,,,,,,,,,,,,,,,,,,,,,,1,21989.333007812,21989.333007812,21989.333007812,21989.333007812,0.0,21989.333007812,21989.333007812
phase2,R10_simpleui_vos_bookshelf,warm,real,real_2692,2692,memory:post_stress_idle,PASS,1,1,0,0,,,,,,,,,1,73601.220703125,73601.220703125,73601.220703125,73601.220703125,0.0,73601.220703125,73601.220703125,,,,,,,,,1,362208.0,362208.0,362208.0,362208.0,0.0,362208.0,362208.0,,,,,,,,,,,,,,,,,,,,,,,,,,,,,,,,,,,,,,,,,,,,,,,,,,,,,,,,,,,,,,,,,,,,,,,,,,,,,,,,,1,73525.224609375,73525.224609375,73525.224609375,73525.224609375,0.0,73525.224609375,73525.224609375
phase2,R11_project_title_vos,paging,paging,real_2692,2692,memory:post_init_idle,PASS,3,3,0,0,,,,,,,,,3,14291.846679688,14289.4662109376,14431.5724609376,14349.073893229333,101.70825677615387,14288.87109375,14466.50390625,,,,,,,,,3,168160.0,167737.6,169644.80000000002,168602.66666666666,1252.1299187118457,167632.0,170016.0,,,,,,,,,,,,,,,,,,,,,,,,,,,,,,,,,,,,,,,,,,,,,,,,,,,,,,,,,,,,,,,,,,,,,,,,,,,,,,,,,3,10278.254882812,10274.961132811999,10305.029882812,10288.038736978668,20.614764762286935,10274.137695312,10311.723632812
phase2,R11_project_title_vos,paging,paging,real_2692,2692,memory:post_stress_idle,PASS,3,3,0,0,,,,,,,,,3,22910.944335938,22723.2638671876,23618.706054687602,23127.644856771,590.2787388952853,22676.34375,23795.646484375,,,,,,,,,3,202752.0,200486.4,206656.0,203434.66666666666,3901.0590015191174,199920.0,207632.0,,,,,,,,,,,,,,,,,,,,,,,,,,,,,,,,,,,,,,,,,,,,,,,,,,,,,,,,,,,,,,,,,,,,,,,,,,,,,,,,,3,11026.106445312,11014.325195312,11031.243945312,11023.338216145334,10.842574496504028,11011.379882812,11032.528320312
phase2,R11_project_title_vos,real_first_run,startup,real_2692,2692,memory:post_init_idle,PASS,1,1,0,0,,,,,,,,,1,14376.783203125,14376.783203125,14376.783203125,14376.783203125,0.0,14376.783203125,14376.783203125,,,,,,,,,1,166224.0,166224.0,166224.0,166224.0,0.0,166224.0,166224.0,,,,,,,,,,,,,,,,,,,,,,,,,,,,,,,,,,,,,,,,,,,,,,,,,,,,,,,,,,,,,,,,,,,,,,,,,,,,,,,,,1,10352.368164062,10352.368164062,10352.368164062,10352.368164062,0.0,10352.368164062,10352.368164062
phase2,R11_project_title_vos,real_first_run,startup,real_2692,2692,memory:post_library_render_idle,PASS,1,1,0,0,,,,,,,,,1,17058.889648438,17058.889648438,17058.889648438,17058.889648438,0.0,17058.889648438,17058.889648438,,,,,,,,,1,175824.0,175824.0,175824.0,175824.0,0.0,175824.0,175824.0,,,,,,,,,,,,,,,,,,,,,,,,,,,,,,,,,,,,,,,,,,,,,,,,,,,,,,,,,,,,,,,,,,,,,,,,,,,,,,,,,1,10368.086914062,10368.086914062,10368.086914062,10368.086914062,0.0,10368.086914062,10368.086914062
phase2,R11_project_title_vos,real_steady_cold,startup,real_2692,2692,memory:post_init_idle,PASS,3,3,0,0,,,,,,,,,3,11757.21484375,11266.98515625,12313.38828125,11784.69140625,654.4346994211317,11144.427734375,12452.431640625,,,,,,,,,3,167264.0,165484.8,167904.0,166789.33333333334,1566.8839565626208,165040.0,168064.0,,,,,,,,,,,,,,,,,,,,,,,,,,,,,,,,,,,,,,,,,,,,,,,,,,,,,,,,,,,,,,,,,,,,,,,,,,,,,,,,,3,10329.379882812,10272.236132812,10385.923632812,10329.129882812,71.05501735080118,10257.950195312,10400.059570312
phase2,R11_project_title_vos,real_steady_cold,startup,real_2692,2692,memory:post_library_render_idle,PASS,3,3,0,0,,,,,,,,,3,17082.9375,17030.85625,17150.489843750398,17089.383789062664,74.97911601838496,17017.8359375,17167.377929688,,,,,,,,,3,175344.0,173500.8,175984.0,174842.66666666666,1611.5847273206996,173040.0,176144.0,,,,,,,,,,,,,,,,,,,,,,,,,,,,,,,,,,,,,,,,,,,,,,,,,,,,,,,,,,,,,,,,,,,,,,,,,,,,,,,,,3,10270.172851562,10263.185351562,10355.941601562,10302.998372395334,64.56752268877415,10261.438476562,10377.383789062
phase2,R11_project_title_vos,warm,real,real_2692,2692,memory:post_init_idle,PASS,1,1,0,0,,,,,,,,,1,12166.517578125,12166.517578125,12166.517578125,12166.517578125,0.0,12166.517578125,12166.517578125,,,,,,,,,1,165136.0,165136.0,165136.0,165136.0,0.0,165136.0,165136.0,,,,,,,,,,,,,,,,,,,,,,,,,,,,,,,,,,,,,,,,,,,,,,,,,,,,,,,,,,,,,,,,,,,,,,,,,,,,,,,,,1,10362.254882812,10362.254882812,10362.254882812,10362.254882812,0.0,10362.254882812,10362.254882812
phase2,R11_project_title_vos,warm,real,real_2692,2692,memory:post_library_render_idle,PASS,1,1,0,0,,,,,,,,,1,19747.8671875,19747.8671875,19747.8671875,19747.8671875,0.0,19747.8671875,19747.8671875,,,,,,,,,1,183616.0,183616.0,183616.0,183616.0,0.0,183616.0,183616.0,,,,,,,,,,,,,,,,,,,,,,,,,,,,,,,,,,,,,,,,,,,,,,,,,,,,,,,,,,,,,,,,,,,,,,,,,,,,,,,,,1,10387.961914062,10387.961914062,10387.961914062,10387.961914062,0.0,10387.961914062,10387.961914062
phase2,R11_project_title_vos,warm,real,real_2692,2692,memory:post_stress_idle,PASS,1,1,0,0,,,,,,,,,1,33668.4453125,33668.4453125,33668.4453125,33668.4453125,0.0,33668.4453125,33668.4453125,,,,,,,,,1,318960.0,318960.0,318960.0,318960.0,0.0,318960.0,318960.0,,,,,,,,,,,,,,,,,,,,,,,,,,,,,,,,,,,,,,,,,,,,,,,,,,,,,,,,,,,,,,,,,,,,,,,,,,,,,,,,,1,14981.693359375,14981.693359375,14981.693359375,14981.693359375,0.0,14981.693359375,14981.693359375
phase2,R1_bookshelf,paging,paging,real_2692,2692,memory:post_init_idle,PASS,3,3,0,0,,,,,,,,,3,13458.228515625,13203.1964843746,13496.569140625,13367.940429687333,199.33408404905265,13139.438476562,13506.154296875,,,,,,,,,3,168032.0,166880.0,168544.0,167765.33333333334,1065.332498956703,166592.0,168672.0,,,,,,,,,,,,,,,,,,,,,,,,,,,,,,,,,,,,,,,,,,,,,,,,,,,,,,,,,,,,,,,,,,,,,,,,,,,,,,,,,3,9503.8447265625,9432.1041015625,9583.8697265625,9507.296549479166,94.90060978470127,9414.1689453125,9603.8759765625
phase2,R1_bookshelf,paging,paging,real_2692,2692,memory:post_stress_idle,PASS,3,3,0,0,,,,,,,,,3,22615.713867188,20211.601367188,23524.0685546872,21992.481445312664,2139.491276371808,19610.573242188,23751.157226562,,,,,,,,,3,236384.0,232544.0,236524.8,234842.66666666666,2823.4598161357517,231584.0,236560.0,,,,,,,,,,,,,,,,,,,,,,,,,,,,,,,,,,,,,,,,,,,,,,,,,,,,,,,,,,,,,,,,,,,,,,,,,,,,,,,,,3,14061.443359375,14044.837109375001,14351.796484375,14175.504557291666,215.78633012769563,14040.685546875,14424.384765625
phase2,R1_bookshelf,real_first_run,startup,real_2692,2692,memory:post_init_idle,PASS,1,1,0,0,,,,,,,,,1,10927.1953125,10927.1953125,10927.1953125,10927.1953125,0.0,10927.1953125,10927.1953125,,,,,,,,,1,167616.0,167616.0,167616.0,167616.0,0.0,167616.0,167616.0,,,,,,,,,,,,,,,,,,,,,,,,,,,,,,,,,,,,,,,,,,,,,,,,,,,,,,,,,,,,,,,,,,,,,,,,,,,,,,,,,1,9443.9853515625,9443.9853515625,9443.9853515625,9443.9853515625,0.0,9443.9853515625,9443.9853515625
phase2,R1_bookshelf,real_first_run,startup,real_2692,2692,memory:post_library_render_idle,PASS,1,1,0,0,,,,,,,,,1,15324.0859375,15324.0859375,15324.0859375,15324.0859375,0.0,15324.0859375,15324.0859375,,,,,,,,,1,176352.0,176352.0,176352.0,176352.0,0.0,176352.0,176352.0,,,,,,,,,,,,,,,,,,,,,,,,,,,,,,,,,,,,,,,,,,,,,,,,,,,,,,,,,,,,,,,,,,,,,,,,,,,,,,,,,1,10645.219726562,10645.219726562,10645.219726562,10645.219726562,0.0,10645.219726562,10645.219726562
phase2,R1_bookshelf,real_steady_cold,startup,real_2692,2692,memory:post_init_idle,PASS,3,3,0,0,,,,,,,,,3,11401.897460938,10430.162304687601,15244.1646484372,12597.952473958334,3182.058464709002,10187.228515625,16204.731445312,,,,,,,,,3,164176.0,163843.2,164816.0,164304.0,618.0226533064949,163760.0,164976.0,,,,,,,,,,,,,,,,,,,,,,,,,,,,,,,,,,,,,,,,,,,,,,,,,,,,,,,,,,,,,,,,,,,,,,,,,,,,,,,,,3,9341.1767578125,9200.889257812501,9345.6767578125,9284.5986328125,102.90602105767123,9165.8173828125,9346.8017578125
phase2,R1_bookshelf,real_steady_cold,startup,real_2692,2692,memory:post_library_render_idle,PASS,3,3,0,0,,,,,,,,,3,15240.360351562,15106.796289062802,15315.3970703124,15215.973958333334,132.07494113395055,15073.405273438,15334.15625,,,,,,,,,3,173984.0,173267.2,174227.19999999998,173786.66666666666,623.8632328750696,173088.0,174288.0,,,,,,,,,,,,,,,,,,,,,,,,,,,,,,,,,,,,,,,,,,,,,,,,,,,,,,,,,,,,,,,,,,,,,,,,,,,,,,,,,3,9385.8173828125,9215.4548828125,9418.3798828125,9328.400716145834,136.22730452941127,9172.8642578125,9426.5205078125
phase2,R1_bookshelf,warm,real,real_2692,2692,memory:post_init_idle,PASS,1,1,0,0,,,,,,,,,1,13275.182617188,13275.182617188,13275.182617188,13275.182617188,0.0,13275.182617188,13275.182617188,,,,,,,,,1,166464.0,166464.0,166464.0,166464.0,0.0,166464.0,166464.0,,,,,,,,,,,,,,,,,,,,,,,,,,,,,,,,,,,,,,,,,,,,,,,,,,,,,,,,,,,,,,,,,,,,,,,,,,,,,,,,,1,9299.9775390625,9299.9775390625,9299.9775390625,9299.9775390625,0.0,9299.9775390625,9299.9775390625
phase2,R1_bookshelf,warm,real,real_2692,2692,memory:post_library_render_idle,PASS,1,1,0,0,,,,,,,,,1,12707.543945312,12707.543945312,12707.543945312,12707.543945312,0.0,12707.543945312,12707.543945312,,,,,,,,,1,185792.0,185792.0,185792.0,185792.0,0.0,185792.0,185792.0,,,,,,,,,,,,,,,,,,,,,,,,,,,,,,,,,,,,,,,,,,,,,,,,,,,,,,,,,,,,,,,,,,,,,,,,,,,,,,,,,1,9362.1923828125,9362.1923828125,9362.1923828125,9362.1923828125,0.0,9362.1923828125,9362.1923828125
phase2,R1_bookshelf,warm,real,real_2692,2692,memory:post_stress_idle,PASS,1,1,0,0,,,,,,,,,1,20218.78515625,20218.78515625,20218.78515625,20218.78515625,0.0,20218.78515625,20218.78515625,,,,,,,,,1,317008.0,317008.0,317008.0,317008.0,0.0,317008.0,317008.0,,,,,,,,,,,,,,,,,,,,,,,,,,,,,,,,,,,,,,,,,,,,,,,,,,,,,,,,,,,,,,,,,,,,,,,,,,,,,,,,,1,18040.291015625,18040.291015625,18040.291015625,18040.291015625,0.0,18040.291015625,18040.291015625
phase2,R2_simpleui,paging,paging,real_2692,2692,memory:post_init_idle,PASS,3,3,0,0,,,,,,,,,3,16861.826171875,15390.450390624601,17470.484765624602,16502.360677083,1336.7750152124042,15022.606445312,17622.649414062,,,,,,,,,3,178368.0,177075.2,179520.0,178309.33333333334,1528.8444437984308,176752.0,179808.0,,,,,,,,,,,,,,,,,,,,,,,,,,,,,,,,,,,,,,,,,,,,,,,,,,,,,,,,,,,,,,,,,,,,,,,,,,,,,,,,,3,13199.053710938,13138.406835938,13202.122460938,13175.062825521332,44.91641990202223,13123.245117188,13202.889648438
phase2,R2_simpleui,paging,paging,real_2692,2692,memory:post_stress_idle,PASS,3,3,0,0,,,,,,,,,3,18437.379882812,17824.208789062403,18708.7845703128,18294.977213541668,566.4476309325737,17670.916015625,18776.635742188,,,,,,,,,3,200912.0,200067.2,201360.0,200746.66666666666,820.5884067748784,199856.0,201472.0,,,,,,,,,,,,,,,,,,,,,,,,,,,,,,,,,,,,,,,,,,,,,,,,,,,,,,,,,,,,,,,,,,,,,,,,,,,,,,,,,3,14500.139648438,14429.014648438,15899.292773438001,15053.484700521332,1036.370619949608,14411.233398438,16249.081054688
phase2,R2_simpleui,real_first_run,startup,real_2692,2692,memory:post_init_idle,PASS,1,1,0,0,,,,,,,,,1,17613.874023438,17613.874023438,17613.874023438,17613.874023438,0.0,17613.874023438,17613.874023438,,,,,,,,,1,173936.0,173936.0,173936.0,173936.0,0.0,173936.0,173936.0,,,,,,,,,,,,,,,,,,,,,,,,,,,,,,,,,,,,,,,,,,,,,,,,,,,,,,,,,,,,,,,,,,,,,,,,,,,,,,,,,1,13195.174804688,13195.174804688,13195.174804688,13195.174804688,0.0,13195.174804688,13195.174804688
phase2,R2_simpleui,real_first_run,startup,real_2692,2692,memory:post_library_render_idle,PASS,1,1,0,0,,,,,,,,,1,17187.7265625,17187.7265625,17187.7265625,17187.7265625,0.0,17187.7265625,17187.7265625,,,,,,,,,1,181760.0,181760.0,181760.0,181760.0,0.0,181760.0,181760.0,,,,,,,,,,,,,,,,,,,,,,,,,,,,,,,,,,,,,,,,,,,,,,,,,,,,,,,,,,,,,,,,,,,,,,,,,,,,,,,,,1,13949.506835938,13949.506835938,13949.506835938,13949.506835938,0.0,13949.506835938,13949.506835938
phase2,R2_simpleui,real_steady_cold,startup,real_2692,2692,memory:post_init_idle,PASS,3,3,0,0,,,,,,,,,3,21821.877929688,15719.5552734376,22332.5115234376,19492.00748697933,4599.317171706562,14193.974609375,22460.169921875,,,,,,,,,3,174912.0,172224.0,177024.0,174672.0,3007.1913806740004,171552.0,177552.0,,,,,,,,,,,,,,,,,,,,,,,,,,,,,,,,,,,,,,,,,,,,,,,,,,,,,,,,,,,,,,,,,,,,,,,,,,,,,,,,,3,13190.4921875,13189.148437500002,13228.942187499999,13205.953125,28.246269587424614,13188.8125,13238.5546875
phase2,R2_simpleui,real_steady_cold,startup,real_2692,2692,memory:post_library_render_idle,PASS,3,3,0,0,,,,,,,,,3,17181.391601562,17109.9525390628,17210.8501953124,17163.899739583332,64.85497730750474,17092.092773438,17218.21484375,,,,,,,,,3,182560.0,179731.2,185427.2,182576.0,3560.0269661900033,179024.0,186144.0,,,,,,,,,,,,,,,,,,,,,,,,,,,,,,,,,,,,,,,,,,,,,,,,,,,,,,,,,,,,,,,,,,,,,,,,,,,,,,,,,3,13995.50390625,13958.322656250002,14009.98828125,13986.046875,33.31345479144428,13949.02734375,14013.609375
phase2,R2_simpleui,warm,real,real_2692,2692,memory:post_init_idle,PASS,1,1,0,0,,,,,,,,,1,22839.689453125,22839.689453125,22839.689453125,22839.689453125,0.0,22839.689453125,22839.689453125,,,,,,,,,1,172480.0,172480.0,172480.0,172480.0,0.0,172480.0,172480.0,,,,,,,,,,,,,,,,,,,,,,,,,,,,,,,,,,,,,,,,,,,,,,,,,,,,,,,,,,,,,,,,,,,,,,,,,,,,,,,,,1,13160.98828125,13160.98828125,13160.98828125,13160.98828125,0.0,13160.98828125,13160.98828125
phase2,R2_simpleui,warm,real,real_2692,2692,memory:post_library_render_idle,PASS,1,1,0,0,,,,,,,,,1,19466.186523438,19466.186523438,19466.186523438,19466.186523438,0.0,19466.186523438,19466.186523438,,,,,,,,,1,198528.0,198528.0,198528.0,198528.0,0.0,198528.0,198528.0,,,,,,,,,,,,,,,,,,,,,,,,,,,,,,,,,,,,,,,,,,,,,,,,,,,,,,,,,,,,,,,,,,,,,,,,,,,,,,,,,1,19241.9609375,19241.9609375,19241.9609375,19241.9609375,0.0,19241.9609375,19241.9609375
phase2,R2_simpleui,warm,real,real_2692,2692,memory:post_stress_idle,PASS,1,1,0,0,,,,,,,,,1,62663.389648438,62663.389648438,62663.389648438,62663.389648438,0.0,62663.389648438,62663.389648438,,,,,,,,,1,352592.0,352592.0,352592.0,352592.0,0.0,352592.0,352592.0,,,,,,,,,,,,,,,,,,,,,,,,,,,,,,,,,,,,,,,,,,,,,,,,,,,,,,,,,,,,,,,,,,,,,,,,,,,,,,,,,1,62620.440429688,62620.440429688,62620.440429688,62620.440429688,0.0,62620.440429688,62620.440429688
phase2,R3_zenos,paging,paging,real_2692,2692,memory:post_init_idle,PASS,3,3,0,0,,,,,,,,,3,15626.159179688,15589.6771484376,21732.262304688,18155.16796875033,4419.923486137993,15580.556640625,23258.788085938,,,,,,,,,3,175216.0,174243.2,175382.4,174880.0,769.1657818702025,174000.0,175424.0,,,,,,,,,,,,,,,,,,,,,,,,,,,,,,,,,,,,,,,,,,,,,,,,,,,,,,,,,,,,,,,,,,,,,,,,,,,,,,,,,3,14272.891601562,14207.991601562,14294.307226562,14254.773111978668,56.18289078536566,14191.766601562,14299.661132812
phase2,R3_zenos,paging,paging,real_2692,2692,memory:post_stress_idle,PASS,3,3,0,0,,,,,,,,,3,16492.56640625,15897.901562499601,17079.88359375,16489.504882812333,738.7435274188426,15749.235351562,17226.712890625,,,,,,,,,3,208656.0,208348.80000000002,209948.8,209066.66666666666,1061.360133664975,208272.0,210272.0,,,,,,,,,,,,,,,,,,,,,,,,,,,,,,,,,,,,,,,,,,,,,,,,,,,,,,,,,,,,,,,,,,,,,,,,,,,,,,,,,3,15745.180664062,15736.893164062001,15763.890039062,15749.523111978668,17.28705733425065,15734.821289062,15768.567382812
phase2,R3_zenos,real_first_run,startup,real_2692,2692,memory:post_init_idle,PASS,1,1,0,0,,,,,,,,,1,15605.112304688,15605.112304688,15605.112304688,15605.112304688,0.0,15605.112304688,15605.112304688,,,,,,,,,1,171648.0,171648.0,171648.0,171648.0,0.0,171648.0,171648.0,,,,,,,,,,,,,,,,,,,,,,,,,,,,,,,,,,,,,,,,,,,,,,,,,,,,,,,,,,,,,,,,,,,,,,,,,,,,,,,,,1,14188.797851562,14188.797851562,14188.797851562,14188.797851562,0.0,14188.797851562,14188.797851562
phase2,R3_zenos,real_first_run,startup,real_2692,2692,memory:post_library_render_idle,PASS,1,1,0,0,,,,,,,,,1,26458.125976562,26458.125976562,26458.125976562,26458.125976562,0.0,26458.125976562,26458.125976562,,,,,,,,,1,189824.0,189824.0,189824.0,189824.0,0.0,189824.0,189824.0,,,,,,,,,,,,,,,,,,,,,,,,,,,,,,,,,,,,,,,,,,,,,,,,,,,,,,,,,,,,,,,,,,,,,,,,,,,,,,,,,1,15779.399414062,15779.399414062,15779.399414062,15779.399414062,0.0,15779.399414062,15779.399414062
phase2,R3_zenos,real_steady_cold,startup,real_2692,2692,memory:post_init_idle,PASS,3,3,0,0,,,,,,,,,3,21658.168945312,21551.1486328128,22126.9111328128,21808.88639322933,382.79231818797837,21524.393554688,22244.096679688,,,,,,,,,3,172000.0,171654.4,183456.0,176629.33333333334,8395.142722630351,171568.0,186320.0,,,,,,,,,,,,,,,,,,,,,,,,,,,,,,,,,,,,,,,,,,,,,,,,,,,,,,,,,,,,,,,,,,,,,,,,,,,,,,,,,3,14276.861328125,14229.061328125,14294.542578125,14264.311848958334,42.34426338288107,14217.111328125,14298.962890625
phase2,R3_zenos,real_steady_cold,startup,real_2692,2692,memory:post_library_render_idle,PASS,3,3,0,0,,,,,,,,,3,26256.838867188,26193.600585937602,26274.460742188,26237.83203125033,53.15066919768002,26177.791015625,26278.866210938,,,,,,,,,3,187408.0,183478.40000000002,190428.8,187029.33333333334,4356.36056052909,182496.0,191184.0,,,,,,,,,,,,,,,,,,,,,,,,,,,,,,,,,,,,,,,,,,,,,,,,,,,,,,,,,,,,,,,,,,,,,,,,,,,,,,,,,3,15704.642578125,15679.926953125001,15768.342578124999,15720.886067708334,57.02218789482587,15673.748046875,15784.267578125
phase2,R3_zenos,warm,real,real_2692,2692,memory:post_init_idle,PASS,1,1,0,0,,,,,,,,,1,21851.673828125,21851.673828125,21851.673828125,21851.673828125,0.0,21851.673828125,21851.673828125,,,,,,,,,1,177680.0,177680.0,177680.0,177680.0,0.0,177680.0,177680.0,,,,,,,,,,,,,,,,,,,,,,,,,,,,,,,,,,,,,,,,,,,,,,,,,,,,,,,,,,,,,,,,,,,,,,,,,,,,,,,,,1,14268.541015625,14268.541015625,14268.541015625,14268.541015625,0.0,14268.541015625,14268.541015625
phase2,R3_zenos,warm,real,real_2692,2692,memory:post_library_render_idle,PASS,1,1,0,0,,,,,,,,,1,17438.244140625,17438.244140625,17438.244140625,17438.244140625,0.0,17438.244140625,17438.244140625,,,,,,,,,1,203584.0,203584.0,203584.0,203584.0,0.0,203584.0,203584.0,,,,,,,,,,,,,,,,,,,,,,,,,,,,,,,,,,,,,,,,,,,,,,,,,,,,,,,,,,,,,,,,,,,,,,,,,,,,,,,,,1,16917.333007812,16917.333007812,16917.333007812,16917.333007812,0.0,16917.333007812,16917.333007812
phase2,R3_zenos,warm,real,real_2692,2692,memory:post_stress_idle,PASS,1,1,0,0,,,,,,,,,1,39346.734375,39346.734375,39346.734375,39346.734375,0.0,39346.734375,39346.734375,,,,,,,,,1,349232.0,349232.0,349232.0,349232.0,0.0,349232.0,349232.0,,,,,,,,,,,,,,,,,,,,,,,,,,,,,,,,,,,,,,,,,,,,,,,,,,,,,,,,,,,,,,,,,,,,,,,,,,,,,,,,,1,38051.055664062,38051.055664062,38051.055664062,38051.055664062,0.0,38051.055664062,38051.055664062
phase2,R4_project_title,paging,paging,real_2692,2692,memory:post_init_idle,PASS,3,3,0,0,,,,,,,,,3,11298.7578125,11278.071875,11499.490625,11373.77734375,152.87848598844408,11272.900390625,11549.673828125,,,,,,,,,3,167392.0,166790.4,168147.2,167456.0,849.8093903929281,166640.0,168336.0,,,,,,,,,,,,,,,,,,,,,,,,,,,,,,,,,,,,,,,,,,,,,,,,,,,,,,,,,,,,,,,,,,,,,,,,,,,,,,,,,3,9191.3017578125,9101.5611328125,9202.4767578125,9158.566080729166,69.15077083192033,9079.1259765625,9205.2705078125
phase2,R4_project_title,paging,paging,real_2692,2692,memory:post_stress_idle,PASS,3,3,0,0,,,,,,,,,3,23170.50390625,22836.8500000004,23808.717187499602,23297.403645833332,617.2787541518356,22753.436523438,23968.270507812,,,,,,,,,3,197840.0,197596.80000000002,198108.80000000002,197850.66666666666,320.1333055671236,197536.0,198176.0,,,,,,,,,,,,,,,,,,,,,,,,,,,,,,,,,,,,,,,,,,,,,,,,,,,,,,,,,,,,,,,,,,,,,,,,,,,,,,,,,3,9819.9150390625,9815.293164062501,9837.3244140625,9825.2431640625,14.522109965719352,9814.1376953125,9841.6767578125
phase2,R4_project_title,real_first_run,startup,real_2692,2692,memory:post_init_idle,PASS,1,1,0,0,,,,,,,,,1,11482.909179688,11482.909179688,11482.909179688,11482.909179688,0.0,11482.909179688,11482.909179688,,,,,,,,,1,167680.0,167680.0,167680.0,167680.0,0.0,167680.0,167680.0,,,,,,,,,,,,,,,,,,,,,,,,,,,,,,,,,,,,,,,,,,,,,,,,,,,,,,,,,,,,,,,,,,,,,,,,,,,,,,,,,1,9167.9853515625,9167.9853515625,9167.9853515625,9167.9853515625,0.0,9167.9853515625,9167.9853515625
phase2,R4_project_title,real_first_run,startup,real_2692,2692,memory:post_library_render_idle,PASS,1,1,0,0,,,,,,,,,1,15295.822265625,15295.822265625,15295.822265625,15295.822265625,0.0,15295.822265625,15295.822265625,,,,,,,,,1,176192.0,176192.0,176192.0,176192.0,0.0,176192.0,176192.0,,,,,,,,,,,,,,,,,,,,,,,,,,,,,,,,,,,,,,,,,,,,,,,,,,,,,,,,,,,,,,,,,,,,,,,,,,,,,,,,,1,9138.9775390625,9138.9775390625,9138.9775390625,9138.9775390625,0.0,9138.9775390625,9138.9775390625
phase2,R4_project_title,real_steady_cold,startup,real_2692,2692,memory:post_init_idle,PASS,3,3,0,0,,,,,,,,,3,14918.54296875,10970.12265625,15531.2749999996,13528.672851562333,3094.415930398791,9983.017578125,15684.458007812,,,,,,,,,3,165200.0,164598.4,165545.6,165093.33333333334,599.1638618385903,164448.0,165632.0,,,,,,,,,,,,,,,,,,,,,,,,,,,,,,,,,,,,,,,,,,,,,,,,,,,,,,,,,,,,,,,,,,,,,,,,,,,,,,,,,3,9351.4775390625,9328.0619140625,9387.8025390625,9356.8564453125,37.62735109809326,9322.2080078125,9396.8837890625
phase2,R4_project_title,real_steady_cold,startup,real_2692,2692,memory:post_library_render_idle,PASS,3,3,0,0,,,,,,,,,3,15378.5625,15275.5710937504,15384.132031249601,15337.970052083334,76.41670061507932,15249.823242188,15385.524414062,,,,,,,,,3,173680.0,166588.80000000002,174051.2,170880.0,5256.700105579545,164816.0,174144.0,,,,,,,,,,,,,,,,,,,,,,,,,,,,,,,,,,,,,,,,,,,,,,,,,,,,,,,,,,,,,,,,,,,,,,,,,,,,,,,,,3,9412.1181640625,9387.0087890625,9443.7462890625,9414.834309895834,35.53886850365184,9380.7314453125,9451.6533203125
phase2,R4_project_title,warm,real,real_2692,2692,memory:post_init_idle,PASS,1,1,0,0,,,,,,,,,1,10108.19921875,10108.19921875,10108.19921875,10108.19921875,0.0,10108.19921875,10108.19921875,,,,,,,,,1,166304.0,166304.0,166304.0,166304.0,0.0,166304.0,166304.0,,,,,,,,,,,,,,,,,,,,,,,,,,,,,,,,,,,,,,,,,,,,,,,,,,,,,,,,,,,,,,,,,,,,,,,,,,,,,,,,,1,9645.8525390625,9645.8525390625,9645.8525390625,9645.8525390625,0.0,9645.8525390625,9645.8525390625
phase2,R4_project_title,warm,real,real_2692,2692,memory:post_library_render_idle,PASS,1,1,0,0,,,,,,,,,1,24917.009765625,24917.009765625,24917.009765625,24917.009765625,0.0,24917.009765625,24917.009765625,,,,,,,,,1,184880.0,184880.0,184880.0,184880.0,0.0,184880.0,184880.0,,,,,,,,,,,,,,,,,,,,,,,,,,,,,,,,,,,,,,,,,,,,,,,,,,,,,,,,,,,,,,,,,,,,,,,,,,,,,,,,,1,9775.0048828125,9775.0048828125,9775.0048828125,9775.0048828125,0.0,9775.0048828125,9775.0048828125
phase2,R4_project_title,warm,real,real_2692,2692,memory:post_stress_idle,PASS,1,1,0,0,,,,,,,,,1,25211.919921875,25211.919921875,25211.919921875,25211.919921875,0.0,25211.919921875,25211.919921875,,,,,,,,,1,315104.0,315104.0,315104.0,315104.0,0.0,315104.0,315104.0,,,,,,,,,,,,,,,,,,,,,,,,,,,,,,,,,,,,,,,,,,,,,,,,,,,,,,,,,,,,,,,,,,,,,,,,,,,,,,,,,1,14848.162109375,14848.162109375,14848.162109375,14848.162109375,0.0,14848.162109375,14848.162109375
phase2,R5_vos,paging,paging,real_2692,2692,memory:post_init_idle,PASS,3,3,0,0,,,,,,,,,3,14047.413085938,13462.474804687601,14344.6341796876,13927.530924479333,561.0393847449272,13316.240234375,14418.939453125,,,,,,,,,3,169232.0,167337.6,170166.4,168832.0,1801.6170514290766,166864.0,170400.0,,,,,,,,,,,,,,,,,,,,,,,,,,,,,,,,,,,,,,,,,,,,,,,,,,,,,,,,,,,,,,,,,,,,,,,,,,,,,,,,,3,10220.030273438,10151.011523438001,10249.124023438,10203.394856771332,62.9899479349909,10133.756835938,10256.397460938
phase2,R5_vos,paging,paging,real_2692,2692,memory:post_stress_idle,PASS,3,3,0,0,,,,,,,,,3,15422.41796875,14719.17578125,15583.3874999996,15196.471028645667,574.4840663347958,14543.365234375,15623.629882812,,,,,,,,,3,194832.0,194588.8,194857.6,194741.33333333334,185.44361227427956,194528.0,194864.0,,,,,,,,,,,,,,,,,,,,,,,,,,,,,,,,,,,,,,,,,,,,,,,,,,,,,,,,,,,,,,,,,,,,,,,,,,,,,,,,,3,10812.538085938,10763.303710938002,10827.197460938,10798.131835938,41.837147836425395,10750.995117188,10830.862304688
phase2,R5_vos,real_first_run,startup,real_2692,2692,memory:post_init_idle,PASS,1,1,0,0,,,,,,,,,1,13826.5234375,13826.5234375,13826.5234375,13826.5234375,0.0,13826.5234375,13826.5234375,,,,,,,,,1,166512.0,166512.0,166512.0,166512.0,0.0,166512.0,166512.0,,,,,,,,,,,,,,,,,,,,,,,,,,,,,,,,,,,,,,,,,,,,,,,,,,,,,,,,,,,,,,,,,,,,,,,,,,,,,,,,,1,10134.502929688,10134.502929688,10134.502929688,10134.502929688,0.0,10134.502929688,10134.502929688
phase2,R5_vos,real_first_run,startup,real_2692,2692,memory:post_library_render_idle,PASS,1,1,0,0,,,,,,,,,1,16497.659179688,16497.659179688,16497.659179688,16497.659179688,0.0,16497.659179688,16497.659179688,,,,,,,,,1,175840.0,175840.0,175840.0,175840.0,0.0,175840.0,175840.0,,,,,,,,,,,,,,,,,,,,,,,,,,,,,,,,,,,,,,,,,,,,,,,,,,,,,,,,,,,,,,,,,,,,,,,,,,,,,,,,,1,11385.897460938,11385.897460938,11385.897460938,11385.897460938,0.0,11385.897460938,11385.897460938
phase2,R5_vos,real_steady_cold,startup,real_2692,2692,memory:post_init_idle,PASS,3,3,0,0,,,,,,,,,3,11897.995117188,11577.5599609376,13651.8287109376,12495.244466146001,1395.789969272219,11497.451171875,14090.287109375,,,,,,,,,3,167552.0,166412.8,169318.4,167813.33333333334,1830.0484510890233,166128.0,169760.0,,,,,,,,,,,,,,,,,,,,,,,,,,,,,,,,,,,,,,,,,,,,,,,,,,,,,,,,,,,,,,,,,,,,,,,,,,,,,,,,,3,10119.081054688,10112.659179688,10129.981054688,10120.946940104666,10.94610176081595,10111.053710938,10132.706054688
phase2,R5_vos,real_steady_cold,startup,real_2692,2692,memory:post_library_render_idle,PASS,3,3,0,0,,,,,,,,,3,16717.498046875,16678.2738281254,16767.9785156246,16722.188151041668,56.21236708953607,16668.467773438,16780.598632812,,,,,,,,,3,175408.0,175305.6,176828.8,175957.33333333334,1064.2505970556622,175280.0,177184.0,,,,,,,,,,,,,,,,,,,,,,,,,,,,,,,,,,,,,,,,,,,,,,,,,,,,,,,,,,,,,,,,,,,,,,,,,,,,,,,,,3,10127.909179688,10124.634179688,10155.584179688,10138.075846354666,21.25327027532077,10123.815429688,10162.502929688
phase2,R5_vos,warm,real,real_2692,2692,memory:post_init_idle,PASS,1,1,0,0,,,,,,,,,1,11663.608398438,11663.608398438,11663.608398438,11663.608398438,0.0,11663.608398438,11663.608398438,,,,,,,,,1,166592.0,166592.0,166592.0,166592.0,0.0,166592.0,166592.0,,,,,,,,,,,,,,,,,,,,,,,,,,,,,,,,,,,,,,,,,,,,,,,,,,,,,,,,,,,,,,,,,,,,,,,,,,,,,,,,,1,10163.592773438,10163.592773438,10163.592773438,10163.592773438,0.0,10163.592773438,10163.592773438
phase2,R5_vos,warm,real,real_2692,2692,memory:post_library_render_idle,PASS,1,1,0,0,,,,,,,,,1,16721.169921875,16721.169921875,16721.169921875,16721.169921875,0.0,16721.169921875,16721.169921875,,,,,,,,,1,185184.0,185184.0,185184.0,185184.0,0.0,185184.0,185184.0,,,,,,,,,,,,,,,,,,,,,,,,,,,,,,,,,,,,,,,,,,,,,,,,,,,,,,,,,,,,,,,,,,,,,,,,,,,,,,,,,1,10171.784179688,10171.784179688,10171.784179688,10171.784179688,0.0,10171.784179688,10171.784179688
phase2,R5_vos,warm,real,real_2692,2692,memory:post_stress_idle,PASS,1,1,0,0,,,,,,,,,1,30269.404296875,30269.404296875,30269.404296875,30269.404296875,0.0,30269.404296875,30269.404296875,,,,,,,,,1,353424.0,353424.0,353424.0,353424.0,0.0,353424.0,353424.0,,,,,,,,,,,,,,,,,,,,,,,,,,,,,,,,,,,,,,,,,,,,,,,,,,,,,,,,,,,,,,,,,,,,,,,,,,,,,,,,,1,29683.784179688,29683.784179688,29683.784179688,29683.784179688,0.0,29683.784179688,29683.784179688
phase2,R6_simpleui_bookshelf,paging,paging,real_2692,2692,memory:post_init_idle,PASS,3,3,0,0,,,,,,,,,3,18078.247070312,18037.822070312002,18085.354882812797,18064.364908854,32.04842481740221,18027.715820312,18087.131835938,,,,,,,,,3,177616.0,177334.40000000002,178537.59999999998,177882.66666666666,786.6621468796711,177264.0,178768.0,,,,,,,,,,,,,,,,,,,,,,,,,,,,,,,,,,,,,,,,,,,,,,,,,,,,,,,,,,,,,,,,,,,,,,,,,,,,,,,,,3,13343.239257812,13331.236132812,13388.689257811999,13357.175455728668,37.88221562878336,13328.235351562,13400.051757812
phase2,R6_simpleui_bookshelf,paging,paging,real_2692,2692,memory:post_stress_idle,PASS,3,3,0,0,,,,,,,,,3,30123.016601562,29294.986132812403,33661.5751953124,31252.403320312336,2899.089809540764,29087.978515625,34546.21484375,,,,,,,,,3,243776.0,234867.2,244364.8,240309.33333333334,6652.024453753408,232640.0,244512.0,,,,,,,,,,,,,,,,,,,,,,,,,,,,,,,,,,,,,,,,,,,,,,,,,,,,,,,,,,,,,,,,,,,,,,,,,,,,,,,,,3,18232.125976562,18227.160351562,18234.113476562,18230.885091145334,4.476603971048452,18225.918945312,18234.610351562
phase2,R6_simpleui_bookshelf,real_first_run,startup,real_2692,2692,memory:post_init_idle,PASS,1,1,0,0,,,,,,,,,1,18169.219726562,18169.219726562,18169.219726562,18169.219726562,0.0,18169.219726562,18169.219726562,,,,,,,,,1,174704.0,174704.0,174704.0,174704.0,0.0,174704.0,174704.0,,,,,,,,,,,,,,,,,,,,,,,,,,,,,,,,,,,,,,,,,,,,,,,,,,,,,,,,,,,,,,,,,,,,,,,,,,,,,,,,,1,13416.981445312,13416.981445312,13416.981445312,13416.981445312,0.0,13416.981445312,13416.981445312
phase2,R6_simpleui_bookshelf,real_first_run,startup,real_2692,2692,memory:post_library_render_idle,PASS,1,1,0,0,,,,,,,,,1,17512.825195312,17512.825195312,17512.825195312,17512.825195312,0.0,17512.825195312,17512.825195312,,,,,,,,,1,182480.0,182480.0,182480.0,182480.0,0.0,182480.0,182480.0,,,,,,,,,,,,,,,,,,,,,,,,,,,,,,,,,,,,,,,,,,,,,,,,,,,,,,,,,,,,,,,,,,,,,,,,,,,,,,,,,1,14211.918945312,14211.918945312,14211.918945312,14211.918945312,0.0,14211.918945312,14211.918945312
phase2,R6_simpleui_bookshelf,real_steady_cold,startup,real_2692,2692,memory:post_init_idle,PASS,3,3,0,0,,,,,,,,,3,22255.092773438,16386.695898438003,22641.2349609372,19970.819986979335,4381.139934298778,14919.596679688,22737.770507812,,,,,,,,,3,175744.0,175206.40000000002,179097.6,176917.33333333334,2635.7460676881096,175072.0,179936.0,,,,,,,,,,,,,,,,,,,,,,,,,,,,,,,,,,,,,,,,,,,,,,,,,,,,,,,,,,,,,,,,,,,,,,,,,,,,,,,,,3,13264.224609375,13233.399609375,13326.621484375,13277.379557291666,59.36703589851295,13225.693359375,13342.220703125
phase2,R6_simpleui_bookshelf,real_steady_cold,startup,real_2692,2692,memory:post_library_render_idle,PASS,3,3,0,0,,,,,,,,,3,17271.688476562,17209.4986328124,17282.1126953124,17250.11946614567,49.077540356301995,17193.951171875,17284.71875,,,,,,,,,3,184400.0,184361.6,184796.80000000002,184549.33333333334,301.17990194123735,184352.0,184896.0,,,,,,,,,,,,,,,,,,,,,,,,,,,,,,,,,,,,,,,,,,,,,,,,,,,,,,,,,,,,,,,,,,,,,,,,,,,,,,,,,3,14109.251953125,14098.617578125002,14736.820703125,14366.307942708334,456.79443962222604,14095.958984375,14893.712890625
phase2,R6_simpleui_bookshelf,warm,real,real_2692,2692,memory:post_init_idle,PASS,1,1,0,0,,,,,,,,,1,23040.913085938,23040.913085938,23040.913085938,23040.913085938,0.0,23040.913085938,23040.913085938,,,,,,,,,1,176832.0,176832.0,176832.0,176832.0,0.0,176832.0,176832.0,,,,,,,,,,,,,,,,,,,,,,,,,,,,,,,,,,,,,,,,,,,,,,,,,,,,,,,,,,,,,,,,,,,,,,,,,,,,,,,,,1,13252.431640625,13252.431640625,13252.431640625,13252.431640625,0.0,13252.431640625,13252.431640625
phase2,R6_simpleui_bookshelf,warm,real,real_2692,2692,memory:post_library_render_idle,PASS,1,1,0,0,,,,,,,,,1,31103.541992188,31103.541992188,31103.541992188,31103.541992188,0.0,31103.541992188,31103.541992188,,,,,,,,,1,204016.0,204016.0,204016.0,204016.0,0.0,204016.0,204016.0,,,,,,,,,,,,,,,,,,,,,,,,,,,,,,,,,,,,,,,,,,,,,,,,,,,,,,,,,,,,,,,,,,,,,,,,,,,,,,,,,1,21145.161132812,21145.161132812,21145.161132812,21145.161132812,0.0,21145.161132812,21145.161132812
phase2,R6_simpleui_bookshelf,warm,real,real_2692,2692,memory:post_stress_idle,PASS,1,1,0,0,,,,,,,,,1,68775.263671875,68775.263671875,68775.263671875,68775.263671875,0.0,68775.263671875,68775.263671875,,,,,,,,,1,479232.0,479232.0,479232.0,479232.0,0.0,479232.0,479232.0,,,,,,,,,,,,,,,,,,,,,,,,,,,,,,,,,,,,,,,,,,,,,,,,,,,,,,,,,,,,,,,,,,,,,,,,,,,,,,,,,1,68729.126953125,68729.126953125,68729.126953125,68729.126953125,0.0,68729.126953125,68729.126953125
phase2,R7_zenos_bookshelf,paging,paging,real_2692,2692,memory:post_init_idle,PASS,3,3,0,0,,,,,,,,,3,16125.348632812,16104.578320312801,16634.5759765624,16328.872395833334,375.2226454103865,16099.385742188,16761.8828125,,,,,,,,,3,176320.0,176243.2,176896.0,176528.0,445.9955156725233,176224.0,177040.0,,,,,,,,,,,,,,,,,,,,,,,,,,,,,,,,,,,,,,,,,,,,,,,,,,,,,,,,,,,,,,,,,,,,,,,,,,,,,,,,,3,14482.979492188,14447.901367188002,14531.476367188001,14488.570638021332,52.45832265177591,14439.131835938,14543.600585938
phase2,R7_zenos_bookshelf,paging,paging,real_2692,2692,memory:post_stress_idle,PASS,3,3,0,0,,,,,,,,,3,25591.520507812,25051.494726562403,26923.1939453128,25921.373697916668,1204.1854043413416,24916.48828125,27256.112304688,,,,,,,,,3,262336.0,262092.80000000002,268761.60000000003,264912.0,4727.4788206823305,262032.0,270368.0,,,,,,,,,,,,,,,,,,,,,,,,,,,,,,,,,,,,,,,,,,,,,,,,,,,,,,,,,,,,,,,,,,,,,,,,,,,,,,,,,3,19714.426757812,19683.773632812,19754.858007812,19718.500976562,44.56762306330342,19676.110351562,19764.965820312
phase2,R7_zenos_bookshelf,real_first_run,startup,real_2692,2692,memory:post_init_idle,PASS,1,1,0,0,,,,,,,,,1,16994.465820312,16994.465820312,16994.465820312,16994.465820312,0.0,16994.465820312,16994.465820312,,,,,,,,,1,171664.0,171664.0,171664.0,171664.0,0.0,171664.0,171664.0,,,,,,,,,,,,,,,,,,,,,,,,,,,,,,,,,,,,,,,,,,,,,,,,,,,,,,,,,,,,,,,,,,,,,,,,,,,,,,,,,1,14454.791992188,14454.791992188,14454.791992188,14454.791992188,0.0,14454.791992188,14454.791992188
phase2,R7_zenos_bookshelf,real_first_run,startup,real_2692,2692,memory:post_library_render_idle,PASS,1,1,0,0,,,,,,,,,1,26824.965820312,26824.965820312,26824.965820312,26824.965820312,0.0,26824.965820312,26824.965820312,,,,,,,,,1,186416.0,186416.0,186416.0,186416.0,0.0,186416.0,186416.0,,,,,,,,,,,,,,,,,,,,,,,,,,,,,,,,,,,,,,,,,,,,,,,,,,,,,,,,,,,,,,,,,,,,,,,,,,,,,,,,,1,15971.143554688,15971.143554688,15971.143554688,15971.143554688,0.0,15971.143554688,15971.143554688
phase2,R7_zenos_bookshelf,real_steady_cold,startup,real_2692,2692,memory:post_init_idle,PASS,3,3,0,0,,,,,,,,,3,22078.861328125,16806.336328125002,22706.088671874604,20143.32063802067,4050.4633137107207,15488.205078125,22862.895507812,,,,,,,,,3,175168.0,174041.6,176051.2,175066.66666666666,1259.0620847811015,173760.0,176272.0,,,,,,,,,,,,,,,,,,,,,,,,,,,,,,,,,,,,,,,,,,,,,,,,,,,,,,,,,,,,,,,,,,,,,,,,,,,,,,,,,3,14362.078125,14360.325,14409.98125,14381.307291666666,35.22075469780208,14359.88671875,14421.95703125
phase2,R7_zenos_bookshelf,real_steady_cold,startup,real_2692,2692,memory:post_library_render_idle,PASS,3,3,0,0,,,,,,,,,3,26595.076171875,26452.270703125403,26683.9035156246,26572.585286458332,146.0749118680687,26416.569335938,26706.110351562,,,,,,,,,3,187952.0,186172.8,188553.6,187461.33333333334,1547.4848410673796,185728.0,188704.0,,,,,,,,,,,,,,,,,,,,,,,,,,,,,,,,,,,,,,,,,,,,,,,,,,,,,,,,,,,,,,,,,,,,,,,,,,,,,,,,,3,15884.45703125,15831.275781250002,16240.58203125,16010.68359375,278.19398361051924,15817.98046875,16329.61328125
phase2,R7_zenos_bookshelf,warm,real,real_2692,2692,memory:post_init_idle,PASS,1,1,0,0,,,,,,,,,1,22661.465820312,22661.465820312,22661.465820312,22661.465820312,0.0,22661.465820312,22661.465820312,,,,,,,,,1,176368.0,176368.0,176368.0,176368.0,0.0,176368.0,176368.0,,,,,,,,,,,,,,,,,,,,,,,,,,,,,,,,,,,,,,,,,,,,,,,,,,,,,,,,,,,,,,,,,,,,,,,,,,,,,,,,,1,14452.7265625,14452.7265625,14452.7265625,14452.7265625,0.0,14452.7265625,14452.7265625
phase2,R7_zenos_bookshelf,warm,real,real_2692,2692,memory:post_library_render_idle,PASS,1,1,0,0,,,,,,,,,1,22524.420898438,22524.420898438,22524.420898438,22524.420898438,0.0,22524.420898438,22524.420898438,,,,,,,,,1,204848.0,204848.0,204848.0,204848.0,0.0,204848.0,204848.0,,,,,,,,,,,,,,,,,,,,,,,,,,,,,,,,,,,,,,,,,,,,,,,,,,,,,,,,,,,,,,,,,,,,,,,,,,,,,,,,,1,16511.158203125,16511.158203125,16511.158203125,16511.158203125,0.0,16511.158203125,16511.158203125
phase2,R7_zenos_bookshelf,warm,real,real_2692,2692,memory:post_stress_idle,PASS,1,1,0,0,,,,,,,,,1,43196.256835938,43196.256835938,43196.256835938,43196.256835938,0.0,43196.256835938,43196.256835938,,,,,,,,,1,385360.0,385360.0,385360.0,385360.0,0.0,385360.0,385360.0,,,,,,,,,,,,,,,,,,,,,,,,,,,,,,,,,,,,,,,,,,,,,,,,,,,,,,,,,,,,,,,,,,,,,,,,,,,,,,,,,1,41713.1875,41713.1875,41713.1875,41713.1875,0.0,41713.1875,41713.1875
phase2,R8_vos_bookshelf,paging,paging,real_2692,2692,memory:post_init_idle,PASS,3,3,0,0,,,,,,,,,3,15491.01171875,14038.23515625,15656.5296875004,14954.653971354333,1112.9953401467674,13675.041015625,15697.909179688,,,,,,,,,3,166592.0,158668.80000000002,167360.0,163610.66666666666,6014.389855449456,156688.0,167552.0,,,,,,,,,,,,,,,,,,,,,,,,,,,,,,,,,,,,,,,,,,,,,,,,,,,,,,,,,,,,,,,,,,,,,,,,,,,,,,,,,3,10401.172851562,10325.013476561999,10486.591601561999,10405.030924478668,101.04158556328629,10305.973632812,10507.946289062
phase2,R8_vos_bookshelf,paging,paging,real_2692,2692,memory:post_stress_idle,PASS,3,3,0,0,,,,,,,,,3,33622.509765625,32554.112109374604,36908.480078125,34546.49837239567,2836.682832671824,32287.012695312,37729.97265625,,,,,,,,,3,221456.0,196995.2,229801.6,214741.33333333334,21312.650640718843,190880.0,231888.0,,,,,,,,,,,,,,,,,,,,,,,,,,,,,,,,,,,,,,,,,,,,,,,,,,,,,,,,,,,,,,,,,,,,,,,,,,,,,,,,,3,15026.446289062,15008.474414062002,15034.640039062,15022.372070312,16.729821191939195,15003.981445312,15036.688476562
phase2,R8_vos_bookshelf,real_first_run,startup,real_2692,2692,memory:post_init_idle,PASS,1,1,0,0,,,,,,,,,1,15424.931640625,15424.931640625,15424.931640625,15424.931640625,0.0,15424.931640625,15424.931640625,,,,,,,,,1,166672.0,166672.0,166672.0,166672.0,0.0,166672.0,166672.0,,,,,,,,,,,,,,,,,,,,,,,,,,,,,,,,,,,,,,,,,,,,,,,,,,,,,,,,,,,,,,,,,,,,,,,,,,,,,,,,,1,10358.848632812,10358.848632812,10358.848632812,10358.848632812,0.0,10358.848632812,10358.848632812
phase2,R8_vos_bookshelf,real_first_run,startup,real_2692,2692,memory:post_library_render_idle,PASS,1,1,0,0,,,,,,,,,1,16881.729492188,16881.729492188,16881.729492188,16881.729492188,0.0,16881.729492188,16881.729492188,,,,,,,,,1,177056.0,177056.0,177056.0,177056.0,0.0,177056.0,177056.0,,,,,,,,,,,,,,,,,,,,,,,,,,,,,,,,,,,,,,,,,,,,,,,,,,,,,,,,,,,,,,,,,,,,,,,,,,,,,,,,,1,11644.106445312,11644.106445312,11644.106445312,11644.106445312,0.0,11644.106445312,11644.106445312
phase2,R8_vos_bookshelf,real_steady_cold,startup,real_2692,2692,memory:post_init_idle,PASS,3,3,0,0,,,,,,,,,3,12257.27734375,11515.0609375004,13892.9171875004,12629.537109375335,1520.7251592094462,11329.506835938,14301.827148438,,,,,,,,,3,166784.0,165926.40000000002,168985.6,167344.0,1972.547591314339,165712.0,169536.0,,,,,,,,,,,,,,,,,,,,,,,,,,,,,,,,,,,,,,,,,,,,,,,,,,,,,,,,,,,,,,,,,,,,,,,,,,,,,,,,,3,10312.469726562,10274.772851562,10312.882226561998,10296.934570312,27.35543918676112,10265.348632812,10312.985351562
phase2,R8_vos_bookshelf,real_steady_cold,startup,real_2692,2692,memory:post_library_render_idle,PASS,3,3,0,0,,,,,,,,,3,16860.793945312,16821.709570312003,17005.025195312002,16904.605143228666,120.69121694479495,16811.938476562,17041.083007812,,,,,,,,,3,175712.0,175212.8,178720.0,176757.33333333334,2371.5828750716964,175088.0,179472.0,,,,,,,,,,,,,,,,,,,,,,,,,,,,,,,,,,,,,,,,,,,,,,,,,,,,,,,,,,,,,,,,,,,,,,,,,,,,,,,,,3,10306.922851562,10234.100976562,10339.788476561998,10290.274414062,67.60990751447757,10215.895507812,10348.004882812
phase2,R8_vos_bookshelf,warm,real,real_2692,2692,memory:post_init_idle,PASS,1,1,0,0,,,,,,,,,1,12090.924804688,12090.924804688,12090.924804688,12090.924804688,0.0,12090.924804688,12090.924804688,,,,,,,,,1,169248.0,169248.0,169248.0,169248.0,0.0,169248.0,169248.0,,,,,,,,,,,,,,,,,,,,,,,,,,,,,,,,,,,,,,,,,,,,,,,,,,,,,,,,,,,,,,,,,,,,,,,,,,,,,,,,,1,10271.180664062,10271.180664062,10271.180664062,10271.180664062,0.0,10271.180664062,10271.180664062
phase2,R8_vos_bookshelf,warm,real,real_2692,2692,memory:post_library_render_idle,PASS,1,1,0,0,,,,,,,,,1,19756.314453125,19756.314453125,19756.314453125,19756.314453125,0.0,19756.314453125,19756.314453125,,,,,,,,,1,190672.0,190672.0,190672.0,190672.0,0.0,190672.0,190672.0,,,,,,,,,,,,,,,,,,,,,,,,,,,,,,,,,,,,,,,,,,,,,,,,,,,,,,,,,,,,,,,,,,,,,,,,,,,,,,,,,1,10335.590820312,10335.590820312,10335.590820312,10335.590820312,0.0,10335.590820312,10335.590820312
phase2,R8_vos_bookshelf,warm,real,real_2692,2692,memory:post_stress_idle,PASS,1,1,0,0,,,,,,,,,1,32551.775390625,32551.775390625,32551.775390625,32551.775390625,0.0,32551.775390625,32551.775390625,,,,,,,,,1,355168.0,355168.0,355168.0,355168.0,0.0,355168.0,355168.0,,,,,,,,,,,,,,,,,,,,,,,,,,,,,,,,,,,,,,,,,,,,,,,,,,,,,,,,,,,,,,,,,,,,,,,,,,,,,,,,,1,27180.025390625,27180.025390625,27180.025390625,27180.025390625,0.0,27180.025390625,27180.025390625
phase2,R9_simpleui_vos,paging,paging,real_2692,2692,memory:post_init_idle,PASS,3,3,0,0,,,,,,,,,3,16355.318359375,16231.101953124602,21887.8128906254,18608.767578125,4038.3030704281987,16200.047851562,23270.936523438,,,,,,,,,3,177280.0,174361.6,177676.80000000002,176229.33333333334,2262.986816871308,173632.0,177776.0,,,,,,,,,,,,,,,,,,,,,,,,,,,,,,,,,,,,,,,,,,,,,,,,,,,,,,,,,,,,,,,,,,,,,,,,,,,,,,,,,3,13821.655273438,13782.608398438,13833.114648438,13810.160481771332,33.0988773243911,13772.846679688,13835.979492188
phase2,R9_simpleui_vos,paging,paging,real_2692,2692,memory:post_stress_idle,PASS,3,3,0,0,,,,,,,,,3,17887.174804688,16104.559179688002,17899.156054688,17149.410481771334,1290.837095224518,15658.905273438,17902.151367188,,,,,,,,,3,198032.0,196803.2,198928.0,197893.33333333334,1333.4186639361747,196496.0,199152.0,,,,,,,,,,,,,,,,,,,,,,,,,,,,,,,,,,,,,,,,,,,,,,,,,,,,,,,,,,,,,,,,,,,,,,,,,,,,,,,,,3,15097.362304688,15090.421679688001,15531.368554688,15275.306315104666,315.75131296190415,15088.686523438,15639.870117188
phase2,R9_simpleui_vos,real_first_run,startup,real_2692,2692,memory:post_init_idle,PASS,1,1,0,0,,,,,,,,,1,17058.232421875,17058.232421875,17058.232421875,17058.232421875,0.0,17058.232421875,17058.232421875,,,,,,,,,1,174112.0,174112.0,174112.0,174112.0,0.0,174112.0,174112.0,,,,,,,,,,,,,,,,,,,,,,,,,,,,,,,,,,,,,,,,,,,,,,,,,,,,,,,,,,,,,,,,,,,,,,,,,,,,,,,,,1,13766.952148438,13766.952148438,13766.952148438,13766.952148438,0.0,13766.952148438,13766.952148438
phase2,R9_simpleui_vos,real_first_run,startup,real_2692,2692,memory:post_library_render_idle,PASS,1,1,0,0,,,,,,,,,1,15903.4765625,15903.4765625,15903.4765625,15903.4765625,0.0,15903.4765625,15903.4765625,,,,,,,,,1,185376.0,185376.0,185376.0,185376.0,0.0,185376.0,185376.0,,,,,,,,,,,,,,,,,,,,,,,,,,,,,,,,,,,,,,,,,,,,,,,,,,,,,,,,,,,,,,,,,,,,,,,,,,,,,,,,,1,14567.073242188,14567.073242188,14567.073242188,14567.073242188,0.0,14567.073242188,14567.073242188
phase2,R9_simpleui_vos,real_steady_cold,startup,real_2692,2692,memory:post_init_idle,PASS,3,3,0,0,,,,,,,,,3,22110.875,15945.5351562496,22560.272656249603,19729.23242187467,4620.158666452836,14404.200195312,22672.622070312,,,,,,,,,3,174768.0,174396.80000000002,179465.59999999998,176570.66666666666,3531.774247220982,174304.0,180640.0,,,,,,,,,,,,,,,,,,,,,,,,,,,,,,,,,,,,,,,,,,,,,,,,,,,,,,,,,,,,,,,,,,,,,,,,,,,,,,,,,3,13772.55078125,13754.67265625,13786.81953125,13771.046875,20.133966379550046,13750.203125,13790.38671875
phase2,R9_simpleui_vos,real_steady_cold,startup,real_2692,2692,memory:post_library_render_idle,PASS,3,3,0,0,,,,,,,,,3,15798.462890625,15742.6152343746,15925.3558593746,15828.065104166331,117.05469947775796,15728.653320312,15957.079101562,,,,,,,,,3,184720.0,181532.80000000002,187625.6,184602.66666666666,3809.355501043888,180736.0,188352.0,,,,,,,,,,,,,,,,,,,,,,,,,,,,,,,,,,,,,,,,,,,,,,,,,,,,,,,,,,,,,,,,,,,,,,,,,,,,,,,,,3,14550.11328125,14507.044531250001,14551.50078125,14532.74609375,31.59476711548973,14496.27734375,14551.84765625
phase2,R9_simpleui_vos,warm,real,real_2692,2692,memory:post_init_idle,PASS,1,1,0,0,,,,,,,,,1,22656.852539062,22656.852539062,22656.852539062,22656.852539062,0.0,22656.852539062,22656.852539062,,,,,,,,,1,174256.0,174256.0,174256.0,174256.0,0.0,174256.0,174256.0,,,,,,,,,,,,,,,,,,,,,,,,,,,,,,,,,,,,,,,,,,,,,,,,,,,,,,,,,,,,,,,,,,,,,,,,,,,,,,,,,1,13809.859375,13809.859375,13809.859375,13809.859375,0.0,13809.859375,13809.859375
phase2,R9_simpleui_vos,warm,real,real_2692,2692,memory:post_library_render_idle,PASS,1,1,0,0,,,,,,,,,1,24469.038085938,24469.038085938,24469.038085938,24469.038085938,0.0,24469.038085938,24469.038085938,,,,,,,,,1,201856.0,201856.0,201856.0,201856.0,0.0,201856.0,201856.0,,,,,,,,,,,,,,,,,,,,,,,,,,,,,,,,,,,,,,,,,,,,,,,,,,,,,,,,,,,,,,,,,,,,,,,,,,,,,,,,,1,21810.05078125,21810.05078125,21810.05078125,21810.05078125,0.0,21810.05078125,21810.05078125
phase2,R9_simpleui_vos,warm,real,real_2692,2692,memory:post_stress_idle,PASS,1,1,0,0,,,,,,,,,1,79361.65625,79361.65625,79361.65625,79361.65625,0.0,79361.65625,79361.65625,,,,,,,,,1,365968.0,365968.0,365968.0,365968.0,0.0,365968.0,365968.0,,,,,,,,,,,,,,,,,,,,,,,,,,,,,,,,,,,,,,,,,,,,,,,,,,,,,,,,,,,,,,,,,,,,,,,,,,,,,,,,,1,68998.491210938,68998.491210938,68998.491210938,68998.491210938,0.0,68998.491210938,68998.491210938
