Phase,Stack,Mode,Profile,Dataset,BookCount,Scenario,Status,ProcessRuns,PassSamples,FailedSamples,UnsupportedSamples,wall_time_ms_count,wall_time_ms_median,wall_time_ms_p10,wall_time_ms_p90,wall_time_ms_mean,wall_time_ms_stdev,wall_time_ms_min,wall_time_ms_max,natural_lua_heap_kb_count,natural_lua_heap_kb_median,natural_lua_heap_kb_p10,natural_lua_heap_kb_p90,natural_lua_heap_kb_mean,natural_lua_heap_kb_stdev,natural_lua_heap_kb_min,natural_lua_heap_kb_max,lua_heap_delta_kb_count,lua_heap_delta_kb_median,lua_heap_delta_kb_p10,lua_heap_delta_kb_p90,lua_heap_delta_kb_mean,lua_heap_delta_kb_stdev,lua_heap_delta_kb_min,lua_heap_delta_kb_max,rss_kb_count,rss_kb_median,rss_kb_p10,rss_kb_p90,rss_kb_mean,rss_kb_stdev,rss_kb_min,rss_kb_max,set_dirty_calls_count,set_dirty_calls_median,set_dirty_calls_p10,set_dirty_calls_p90,set_dirty_calls_mean,set_dirty_calls_stdev,set_dirty_calls_min,set_dirty_calls_max,refresh_count_count,refresh_count_median,refresh_count_p10,refresh_count_p90,refresh_count_mean,refresh_count_stdev,refresh_count_min,refresh_count_max,full_refreshes_count,full_refreshes_median,full_refreshes_p10,full_refreshes_p90,full_refreshes_mean,full_refreshes_stdev,full_refreshes_min,full_refreshes_max,partial_refreshes_count,partial_refreshes_median,partial_refreshes_p10,partial_refreshes_p90,partial_refreshes_mean,partial_refreshes_stdev,partial_refreshes_min,partial_refreshes_max,unique_dirty_pct_count,unique_dirty_pct_median,unique_dirty_pct_p10,unique_dirty_pct_p90,unique_dirty_pct_mean,unique_dirty_pct_stdev,unique_dirty_pct_min,unique_dirty_pct_max,cumulative_dirty_screen_equivalents_count,cumulative_dirty_screen_equivalents_median,cumulative_dirty_screen_equivalents_p10,cumulative_dirty_screen_equivalents_p90,cumulative_dirty_screen_equivalents_mean,cumulative_dirty_screen_equivalents_stdev,cumulative_dirty_screen_equivalents_min,cumulative_dirty_screen_equivalents_max,largest_single_dirty_pct_count,largest_single_dirty_pct_median,largest_single_dirty_pct_p10,largest_single_dirty_pct_p90,largest_single_dirty_pct_mean,largest_single_dirty_pct_stdev,largest_single_dirty_pct_min,largest_single_dirty_pct_max,visible_count_before_count,visible_count_before_median,visible_count_before_p10,visible_count_before_p90,visible_count_before_mean,visible_count_before_stdev,visible_count_before_min,visible_count_before_max,visible_count_after_count,visible_count_after_median,visible_count_after_p10,visible_count_after_p90,visible_count_after_mean,visible_count_after_stdev,visible_count_after_min,visible_count_after_max,total_pages_count,total_pages_median,total_pages_p10,total_pages_p90,total_pages_mean,total_pages_stdev,total_pages_min,total_pages_max,forced_gc_live_heap_kb_count,forced_gc_live_heap_kb_median,forced_gc_live_heap_kb_p10,forced_gc_live_heap_kb_p90,forced_gc_live_heap_kb_mean,forced_gc_live_heap_kb_stdev,forced_gc_live_heap_kb_min,forced_gc_live_heap_kb_max
phase1,A_stock,first_run_cold,startup,hierarchical,2000,home_to_library,PASS,3,3,0,0,3,9.822,8.948400000000001,9.9892,9.527666666666667,0.6986589535197649,8.73,10.031,3,8699.9609375,8696.43828125,8771.69140625,8728.380859375,53.08381265257176,8695.5576171875,8789.6240234375,3,444.6328125,405.64296875,501.3515625,452.0198567708333,60.15898951514171,395.8955078125,515.53125,3,166640.0,163286.40000000002,171286.4,167178.66666666666,5021.71497930073,162448.0,172448.0,3,3.0,3.0000000000000004,3.0,3.0,0.0,3.0,3.0,3,3.0,3.0000000000000004,3.0,3.0,0.0,3.0,3.0,3,3.0,3.0000000000000004,3.0,3.0,0.0,3.0,3.0,3,0.0,0.0,0.0,0.0,0.0,0.0,0.0,3,100.0,100.0,100.0,100.0,0.0,100.0,100.0,3,3.0,3.0000000000000004,3.0,3.0,0.0,3.0,3.0,3,100.0,100.0,100.0,100.0,0.0,100.0,100.0,,,,,,,,,,,,,,,,,,,,,,,,,,,,,,,,
phase1,A_stock,first_run_cold,startup,hierarchical,2000,library_first_render,PASS,3,3,0,0,3,8.324,7.9376,8.5608,8.261666666666667,0.39322300712615094,7.841,8.62,3,9019.9189453125,9004.7744140625,9090.9267578125,9043.1953125,57.49477466392133,9000.98828125,9108.6787109375,3,310.15625,295.734375,314.4015625,305.916015625,12.231246762672429,292.12890625,315.462890625,3,171792.0,171075.2,172342.4,171722.66666666666,794.2728330575919,170896.0,172480.0,3,1.0,1.0,1.0,1.0,0.0,1.0,1.0,3,1.0,1.0,1.0,1.0,0.0,1.0,1.0,3,1.0,1.0,1.0,1.0,0.0,1.0,1.0,3,0.0,0.0,0.0,0.0,0.0,0.0,0.0,3,100.0,100.0,100.0,100.0,0.0,100.0,100.0,3,1.0,1.0,1.0,1.0,0.0,1.0,1.0,3,100.0,100.0,100.0,100.0,0.0,100.0,100.0,,,,,,,,,,,,,,,,,,,,,,,,,,,,,,,,
phase1,A_stock,paging,paging,flat,2000,library_cached_paging,PASS,3,90,0,0,90,18.927,15.622500000000002,30.9219,20.749122222222223,5.703046640603063,13.13,37.527,90,13418.4248046875,11404.822851563,15329.6849609375,13414.109559461922,1516.6657403485008,11252.444335938,17256.469726562,90,850.41259765625,-3452.0623046875,1200.1099609375,-26.683441840277776,1983.4906004790116,-5816.755859375,1426.400390625,90,196544.0,195200.0,198784.0,196667.2,1699.1219093759423,192880.0,198832.0,90,1.0,1.0,1.0,1.0,0.0,1.0,1.0,90,1.0,1.0,1.0,1.0,0.0,1.0,1.0,90,1.0,1.0,1.0,1.0,0.0,1.0,1.0,90,0.0,0.0,0.0,0.0,0.0,0.0,0.0,90,100.0,100.0,100.0,100.0,0.0,100.0,100.0,90,1.0,1.0,1.0,1.0,0.0,1.0,1.0,90,100.0,100.0,100.0,100.0,0.0,100.0,100.0,90,10.0,10.0,10.0,10.0,0.0,10.0,10.0,90,10.0,10.0,10.0,10.0,0.0,10.0,10.0,90,201.0,201.0,201.0,201.0,0.0,201.0,201.0,,,,,,,,
phase1,A_stock,paging,paging,flat,2000,library_sequential_paging,PASS,3,90,0,0,90,15.7475,13.1431,25.862000000000002,16.9104,4.4497817918978475,12.349,30.775,90,12839.382324219001,11167.862304687998,17877.4529296875,13786.083962673712,2465.598085733264,11070.694335938,19542.926757812,90,551.09619140625,-1673.8082031249999,597.80224609375,18.247721354166668,1723.5057024375767,-8463.681640625,623.984375,90,180768.0,178246.40000000002,183504.0,181151.46666666667,1911.585230739666,177680.0,183504.0,90,1.0,1.0,1.0,1.0,0.0,1.0,1.0,90,1.0,1.0,1.0,1.0,0.0,1.0,1.0,90,1.0,1.0,1.0,1.0,0.0,1.0,1.0,90,0.0,0.0,0.0,0.0,0.0,0.0,0.0,90,100.0,100.0,100.0,100.0,0.0,100.0,100.0,90,1.0,1.0,1.0,1.0,0.0,1.0,1.0,90,100.0,100.0,100.0,100.0,0.0,100.0,100.0,90,10.0,10.0,10.0,10.0,0.0,10.0,10.0,90,10.0,10.0,10.0,10.0,0.0,10.0,10.0,90,201.0,201.0,201.0,201.0,0.0,201.0,201.0,,,,,,,,
phase1,A_stock,paging,paging,flat,2000,paging_probe_step_2_to_3,PASS,3,3,0,0,3,24.784,23.9744,25.069599999999998,24.56566666666667,0.710135433092402,23.772,25.141,3,11199.717773438,11187.611523438001,11203.195898438,11196.122721354666,10.225725660868335,11184.584960938,11204.065429688,3,-1581.8935546875,-2072.8623046875,-1581.3271484375,-1786.2278645833333,354.53073595978395,-2195.6044921875,-1581.185546875,3,194048.0,193113.6,195481.59999999998,194256.0,1490.9218624730138,192880.0,195840.0,3,1.0,1.0,1.0,1.0,0.0,1.0,1.0,3,1.0,1.0,1.0,1.0,0.0,1.0,1.0,3,1.0,1.0,1.0,1.0,0.0,1.0,1.0,3,0.0,0.0,0.0,0.0,0.0,0.0,0.0,3,100.0,100.0,100.0,100.0,0.0,100.0,100.0,3,1.0,1.0,1.0,1.0,0.0,1.0,1.0,3,100.0,100.0,100.0,100.0,0.0,100.0,100.0,3,10.0,10.0,10.0,10.0,0.0,10.0,10.0,3,10.0,10.0,10.0,10.0,0.0,10.0,10.0,3,201.0,201.0,201.0,201.0,0.0,201.0,201.0,,,,,,,,
phase1,A_stock,paging,paging,hierarchical,2000,library_cached_paging,PASS,3,90,0,0,90,18.9595,15.7859,27.547600000000003,20.32882222222222,4.300260377739301,13.646,32.096,90,11062.376953125,9129.5626953125,13587.9187500004,11230.831792534773,1626.3398168855906,8962.7685546875,15068.243164062,90,929.41357421875,-3404.98291015625,1281.1198242187502,53.801540798611114,1993.6523030357212,-5998.517578125,1451.4306640625,90,194544.0,193152.0,194992.0,194116.0888888889,923.5774076735764,190768.0,195056.0,90,1.0,1.0,1.0,1.0,0.0,1.0,1.0,90,1.0,1.0,1.0,1.0,0.0,1.0,1.0,90,1.0,1.0,1.0,1.0,0.0,1.0,1.0,90,0.0,0.0,0.0,0.0,0.0,0.0,0.0,90,100.0,100.0,100.0,100.0,0.0,100.0,100.0,90,1.0,1.0,1.0,1.0,0.0,1.0,1.0,90,100.0,100.0,100.0,100.0,0.0,100.0,100.0,90,10.0,10.0,10.0,10.0,0.0,10.0,10.0,90,10.0,10.0,10.0,10.0,0.0,10.0,10.0,90,17.0,17.0,17.0,17.0,0.0,17.0,17.0,,,,,,,,
phase1,A_stock,paging,paging,hierarchical,2000,library_sequential_paging,PASS,3,48,0,0,48,14.4915,12.7386,16.1601,15.14875,2.9783283795058955,12.225,26.713,48,13895.291015625,9505.41982421875,17537.7509765625,13786.83496093749,2886.1746536847922,8889.7568359375,18404.135742188,48,556.79052734375,371.54404296875,601.91494140625,-63.4864501953125,2412.4062707078665,-9492.6015625,629.9013671875,48,176592.0,174694.4,179830.4,177097.0,2151.7646790582266,174640.0,181136.0,48,1.0,1.0,1.0,1.0,0.0,1.0,1.0,48,1.0,1.0,1.0,1.0,0.0,1.0,1.0,48,1.0,1.0,1.0,1.0,0.0,1.0,1.0,48,0.0,0.0,0.0,0.0,0.0,0.0,0.0,48,100.0,100.0,100.0,100.0,0.0,100.0,100.0,48,1.0,1.0,1.0,1.0,0.0,1.0,1.0,48,100.0,100.0,100.0,100.0,0.0,100.0,100.0,48,10.0,10.0,10.0,10.0,0.0,10.0,10.0,48,10.0,10.0,10.0,9.75,0.9784921095801633,6.0,10.0,48,17.0,17.0,17.0,17.0,0.0,17.0,17.0,,,,,,,,
phase1,A_stock,paging,paging,hierarchical,2000,paging_probe_step_2_to_3,PASS,3,3,0,0,3,23.573,21.331400000000002,24.272199999999998,22.930333333333333,1.9204190514919735,20.771,24.447,3,8917.0146484375,8888.1802734375,8954.7115234375,8920.707356770834,41.7048245890362,8880.9716796875,8964.1357421875,3,-1528.998046875,-1529.9613281250001,-1431.427734375,-1488.7451171875,70.76546299183688,-1530.2021484375,-1407.03515625,3,190240.0,183776.0,190572.80000000002,187685.33333333334,4789.597617058591,182160.0,190656.0,3,1.0,1.0,1.0,1.0,0.0,1.0,1.0,3,1.0,1.0,1.0,1.0,0.0,1.0,1.0,3,1.0,1.0,1.0,1.0,0.0,1.0,1.0,3,0.0,0.0,0.0,0.0,0.0,0.0,0.0,3,100.0,100.0,100.0,100.0,0.0,100.0,100.0,3,1.0,1.0,1.0,1.0,0.0,1.0,1.0,3,100.0,100.0,100.0,100.0,0.0,100.0,100.0,3,10.0,10.0,10.0,10.0,0.0,10.0,10.0,3,10.0,10.0,10.0,10.0,0.0,10.0,10.0,3,17.0,17.0,17.0,17.0,0.0,17.0,17.0,,,,,,,,
phase1,A_stock,steady_state_cold,startup,hierarchical,2000,home_to_library,PASS,3,3,0,0,3,8.467,7.979000000000001,8.831000000000001,8.415333333333335,0.5343765838183159,7.857,8.922,3,8592.3271484375,8581.1240234375,8648.1349609375,8610.912434895834,44.86811602964178,8578.3232421875,8662.0869140625,3,358.78515625,337.73515625000005,373.34921875,356.0826822916667,22.381492681465016,332.47265625,376.990234375,3,162864.0,158243.2,165616.0,162085.33333333334,4657.081203214449,157088.0,166304.0,3,1.0,1.0,1.0,1.0,0.0,1.0,1.0,3,1.0,1.0,1.0,1.0,0.0,1.0,1.0,3,1.0,1.0,1.0,1.0,0.0,1.0,1.0,3,0.0,0.0,0.0,0.0,0.0,0.0,0.0,3,100.0,100.0,100.0,100.0,0.0,100.0,100.0,3,1.0,1.0,1.0,1.0,0.0,1.0,1.0,3,100.0,100.0,100.0,100.0,0.0,100.0,100.0,,,,,,,,,,,,,,,,,,,,,,,,,,,,,,,,
phase1,A_stock,steady_state_cold,startup,hierarchical,2000,library_first_render,PASS,3,3,0,0,3,8.312,7.8928,8.6448,8.276,0.4710329075552999,7.788,8.728,3,8945.572265625,8878.277734375,9010.605859375,8944.630208333334,82.70910198773736,8861.4541015625,9026.8642578125,3,345.2724609375,289.7529296875,355.0701171875,326.2216796875,44.031083365910874,275.873046875,357.51953125,3,171440.0,166934.4,171491.2,169584.0,3270.2684905065516,165808.0,171504.0,3,1.0,1.0,1.0,1.0,0.0,1.0,1.0,3,1.0,1.0,1.0,1.0,0.0,1.0,1.0,3,1.0,1.0,1.0,1.0,0.0,1.0,1.0,3,0.0,0.0,0.0,0.0,0.0,0.0,0.0,3,100.0,100.0,100.0,100.0,0.0,100.0,100.0,3,1.0,1.0,1.0,1.0,0.0,1.0,1.0,3,100.0,100.0,100.0,100.0,0.0,100.0,100.0,,,,,,,,,,,,,,,,,,,,,,,,,,,,,,,,
phase1,A_stock,warm,synthetic,flat,2000,change_sort_mode,PASS,1,10,0,0,10,97.7155,91.9337,149.68099999999998,113.99080000000001,26.628866061725823,87.602,152.012,10,31622.549804688,22583.290039063,40664.1023437496,29850.8743164066,7147.581891364987,22578.948242188,40713.881835938,10,8975.31298828125,-18088.1701171875,9147.78408203125,11.93740234375,12083.926492027467,-18133.59375,9242.546875,10,283264.0,283264.0,283264.0,283264.0,0.0,283264.0,283264.0,10,2.0,2.0,2.0,2.0,0.0,2.0,2.0,10,2.0,2.0,2.0,2.0,0.0,2.0,2.0,10,2.0,2.0,2.0,2.0,0.0,2.0,2.0,10,0.0,0.0,0.0,0.0,0.0,0.0,0.0,10,100.0,100.0,100.0,100.0,0.0,100.0,100.0,10,2.0,2.0,2.0,2.0,0.0,2.0,2.0,10,100.0,100.0,100.0,100.0,0.0,100.0,100.0,,,,,,,,,,,,,,,,,,,,,,,,,,,,,,,,
phase1,A_stock,warm,synthetic,flat,2000,close_book,PASS,1,10,0,0,10,74.7875,64.78389999999999,85.0001,73.1841,10.990767827287288,47.179,87.278,10,21520.782226563,20783.042773438,22246.440820312997,21857.743164063,1668.6107583664418,20720.858398438,26478.975585938,10,-738.9990234375,-975.0577148437501,-15.127050781252137,-261.38330078125,2053.0509785106206,-2141.7275390625,5443.4599609375,10,295616.0,295614.4,295616.0,295614.4,5.059644256269407,295600.0,295616.0,10,4.0,4.0,4.0,4.0,0.0,4.0,4.0,10,4.0,4.0,4.0,4.0,0.0,4.0,4.0,10,3.0,3.0,3.0,3.0,0.0,3.0,3.0,10,1.0,1.0,1.0,1.0,0.0,1.0,1.0,10,100.0,100.0,100.0,100.0,0.0,100.0,100.0,10,3.0983009708738,3.0983009708738,3.0983009708738,3.0983009708738,0.0,3.0983009708738,3.0983009708738,10,100.0,100.0,100.0,100.0,0.0,100.0,100.0,,,,,,,,,,,,,,,,,,,,,,,,,,,,,,,,
phase1,A_stock,warm,synthetic,flat,2000,close_quick_settings,PASS,1,10,0,0,10,8.27,7.9482,8.5688,8.1967,0.3652071101900035,7.329,8.639,10,26478.756347656003,25579.966210938,27396.0056640625,26482.120800781304,764.8130714439427,25341.733398438,27616.732421875,10,28.494140625,23.775,37.85937499999999,31.93916015625,11.013214401164069,23.296875,61.396484375,10,295616.0,295616.0,295616.0,295616.0,0.0,295616.0,295616.0,10,3.0,3.0,3.0,3.0,0.0,3.0,3.0,10,3.0,3.0,3.0,3.0,0.0,3.0,3.0,10,3.0,3.0,3.0,3.0,0.0,3.0,3.0,10,0.0,0.0,0.0,0.0,0.0,0.0,0.0,10,100.0,100.0,100.0,100.0,0.0,100.0,100.0,10,3.0,3.0,3.0,3.0,0.0,3.0,3.0,10,100.0,100.0,100.0,100.0,0.0,100.0,100.0,,,,,,,,,,,,,,,,,,,,,,,,,,,,,,,,
phase1,A_stock,warm,synthetic,flat,2000,home_to_library,PASS,1,10,0,0,10,101.89099999999999,69.04180000000001,175.4187,110.42760000000001,44.395199030225484,57.25,203.199,10,54394.545898437,44416.436328125004,65696.54296874959,55390.0845703125,9098.51335656213,43040.673828125,71113.620117188,10,5710.91064453125,-8107.58369140625,6638.929296875,2759.596484375,6766.205274924307,-12105.611328125,6735.8779296875,10,232424.0,223582.4,249176.0,235360.0,11893.957532200027,222704.0,253280.0,10,6.5,3.7,18.0,8.3,5.716448003592596,1.0,18.0,10,6.5,3.7,18.0,8.3,5.716448003592596,1.0,18.0,10,6.5,3.7,18.0,8.3,5.716448003592596,1.0,18.0,10,0.0,0.0,0.0,0.0,0.0,0.0,0.0,10,100.0,100.0,100.0,100.0,0.0,100.0,100.0,10,6.5,3.7,18.0,8.3,5.716448003592596,1.0,18.0,10,100.0,100.0,100.0,100.0,0.0,100.0,100.0,,,,,,,,,,,,,,,,,,,,,,,,,,,,,,,,
phase1,A_stock,warm,synthetic,flat,2000,library_cached_paging,PASS,1,30,0,0,30,21.633,15.7171,71.1382,31.039566666666666,21.041195776435778,12.989,73.127,30,28422.008300781003,26483.514257813,30668.9385742187,28496.79957682307,1649.040549283477,26243.764648438,32211.504882812,30,1098.33203125,-3726.6358398437496,1219.573828125,-115.16477864583334,2250.0178639092856,-5694.806640625,1368.5009765625,30,283264.0,283264.0,283264.0,283264.0,0.0,283264.0,283264.0,30,1.0,1.0,1.0,1.0,0.0,1.0,1.0,30,1.0,1.0,1.0,1.0,0.0,1.0,1.0,30,1.0,1.0,1.0,1.0,0.0,1.0,1.0,30,0.0,0.0,0.0,0.0,0.0,0.0,0.0,30,100.0,100.0,100.0,100.0,0.0,100.0,100.0,30,1.0,1.0,1.0,1.0,0.0,1.0,1.0,30,100.0,100.0,100.0,100.0,0.0,100.0,100.0,30,10.0,10.0,10.0,10.0,0.0,10.0,10.0,30,10.0,10.0,10.0,10.0,0.0,10.0,10.0,30,201.0,201.0,201.0,201.0,0.0,201.0,201.0,,,,,,,,
phase1,A_stock,warm,synthetic,flat,2000,library_first_render,PASS,1,10,0,0,10,54.674,44.82249999999999,109.34519999999999,67.646,34.66696645703707,43.432,151.269,10,44272.760742188,35011.520312500405,59024.4627929688,45457.744726562705,10711.540024299196,29909.942382812,63968.995117188,10,5394.23193359375,-35360.684277343695,5708.9138671875,-3703.1094726561996,19662.741119611674,-47044.008789062,6106.79296875,10,283200.0,276688.0,283216.0,281251.2,3148.914903052584,276688.0,283216.0,10,2.0,1.0,7.399999999999999,3.2,3.2591750830880843,1.0,11.0,10,2.0,1.0,7.399999999999999,3.2,3.2591750830880843,1.0,11.0,10,2.0,1.0,7.399999999999999,3.2,3.2591750830880843,1.0,11.0,10,0.0,0.0,0.0,0.0,0.0,0.0,0.0,10,100.0,100.0,100.0,100.0,0.0,100.0,100.0,10,2.0,1.0,7.399999999999999,3.2,3.2591750830880843,1.0,11.0,10,100.0,100.0,100.0,100.0,0.0,100.0,100.0,,,,,,,,,,,,,,,,,,,,,,,,,,,,,,,,
phase1,A_stock,warm,synthetic,flat,2000,library_folder_back,PASS,1,10,0,0,10,115.537,82.6837,122.06049999999999,104.8848,18.446247819603375,81.079,125.296,10,22720.379882813,22631.043554687996,33346.207617187,26937.432226562698,5503.45185319738,22625.186523438,33407.516601562,10,-80.97509765625,-10798.533691406701,10548.6570312496,947.0788085936999,9327.837854832876,-10805.384765625,10578.467773438,10,283264.0,283264.0,283264.0,283264.0,0.0,283264.0,283264.0,10,3.0,3.0,3.0,3.0,0.0,3.0,3.0,10,3.0,3.0,3.0,3.0,0.0,3.0,3.0,10,2.0,2.0,2.0,2.0,0.0,2.0,2.0,10,1.0,1.0,1.0,1.0,0.0,1.0,1.0,10,100.0,100.0,100.0,100.0,0.0,100.0,100.0,10,2.0983009708738,2.0983009708738,2.0983009708738,2.0983009708738,0.0,2.0983009708738,2.0983009708738,10,100.0,100.0,100.0,100.0,0.0,100.0,100.0,,,,,,,,,,,,,,,,,,,,,,,,,,,,,,,,
phase1,A_stock,warm,synthetic,flat,2000,library_folder_enter,PASS,1,10,0,0,10,5.3580000000000005,4.727,8.765,6.448099999999999,1.9270977285948823,4.7,8.936,10,24738.857421875,24678.234863280803,35399.780566406196,28977.2165039061,5510.766887848263,24669.16015625,35412.993164062,10,109.3837890625,100.29560546875001,137.32841796875,117.00556640625,18.623836950674704,98.9658203125,155.673828125,10,283264.0,283264.0,283264.0,283264.0,0.0,283264.0,283264.0,10,2.0,2.0,2.0,2.0,0.0,2.0,2.0,10,2.0,2.0,2.0,2.0,0.0,2.0,2.0,10,1.0,1.0,1.0,1.0,0.0,1.0,1.0,10,1.0,1.0,1.0,1.0,0.0,1.0,1.0,10,100.0,100.0,100.0,100.0,0.0,100.0,100.0,10,1.0983009708738,1.0983009708738,1.0983009708738,1.0983009708738,0.0,1.0983009708738,1.0983009708738,10,100.0,100.0,100.0,100.0,0.0,100.0,100.0,,,,,,,,,,,,,,,,,,,,,,,,,,,,,,,,
phase1,A_stock,warm,synthetic,flat,2000,library_sequential_paging,PASS,1,30,0,0,30,21.143,18.456300000000002,66.3802,29.439666666666668,18.542256724486954,14.052,67.274,30,27366.642578125,26262.954882813,28443.101367187002,27405.937337239666,839.4262402052289,26175.127929688,28851.07421875,30,541.6728515625,-2222.57822265625,597.713671875,-15.085546875,1161.5396282534527,-2616.4072265625,618.158203125,30,283264.0,283248.0,283264.0,283259.2,9.535414932295001,283232.0,283264.0,30,1.0,1.0,1.0,1.0,0.0,1.0,1.0,30,1.0,1.0,1.0,1.0,0.0,1.0,1.0,30,1.0,1.0,1.0,1.0,0.0,1.0,1.0,30,0.0,0.0,0.0,0.0,0.0,0.0,0.0,30,100.0,100.0,100.0,100.0,0.0,100.0,100.0,30,1.0,1.0,1.0,1.0,0.0,1.0,1.0,30,100.0,100.0,100.0,100.0,0.0,100.0,100.0,30,10.0,10.0,10.0,10.0,0.0,10.0,10.0,30,10.0,10.0,10.0,10.0,0.0,10.0,10.0,30,201.0,201.0,201.0,201.0,0.0,201.0,201.0,,,,,,,,
phase1,A_stock,warm,synthetic,flat,2000,open_book,PASS,1,10,0,0,10,55.9935,53.843199999999996,60.233000000000004,56.809000000000005,2.82260502215792,53.683,61.241,10,22215.852539063,21717.941015625398,22687.2084960937,22197.913867187403,388.2385946435853,21702.758789062,22688.188476562,10,1015.00390625,952.50048828125,1250.340234375,1060.91953125,123.45182958958435,931.771484375,1256.654296875,10,295392.0,295344.0,295600.0,295424.0,94.80740711803294,295344.0,295600.0,10,9.0,9.0,9.0,9.0,0.0,9.0,9.0,10,9.0,9.0,9.0,9.0,0.0,9.0,9.0,10,9.0,9.0,9.0,9.0,0.0,9.0,9.0,10,0.0,0.0,0.0,0.0,0.0,0.0,0.0,10,100.0,100.0,100.0,100.0,0.0,100.0,100.0,10,9.0,9.0,9.0,9.0,0.0,9.0,9.0,10,100.0,100.0,100.0,100.0,0.0,100.0,100.0,,,,,,,,,,,,,,,,,,,,,,,,,,,,,,,,
phase1,A_stock,warm,synthetic,flat,2000,open_book_minimal,PASS,1,10,0,0,10,104.8675,102.5503,109.1013,105.4934,2.989384262129357,102.157,111.084,10,24584.004882813,23884.650976562996,25156.583007813,24520.468164062997,545.3457311340196,23882.432617188,25377.698242188,10,-5204.16357421875,-5777.796582031249,-5178.8830078125,-5477.812109375,489.06353940078304,-6726.810546875,-5165.1650390625,10,295008.0,293502.4,295072.0,294452.8,1010.4393763770953,291904.0,295072.0,10,0.0,0.0,0.0,0.0,0.0,0.0,0.0,10,0.0,0.0,0.0,0.0,0.0,0.0,0.0,10,0.0,0.0,0.0,0.0,0.0,0.0,0.0,10,0.0,0.0,0.0,0.0,0.0,0.0,0.0,10,0.0,0.0,0.0,0.0,0.0,0.0,0.0,10,0.0,0.0,0.0,0.0,0.0,0.0,0.0,10,0.0,0.0,0.0,0.0,0.0,0.0,0.0,,,,,,,,,,,,,,,,,,,,,,,,,,,,,,,,
phase1,A_stock,warm,synthetic,flat,2000,open_quick_settings,PASS,1,10,0,0,10,8.287500000000001,7.421099999999999,12.58519999999999,11.4936,10.073189279799456,7.296,40.091,10,23357.296875,22368.2473632813,24276.863476562998,23335.3257812501,804.2003571765385,22083.299804688,24510.838867188,10,227.87451171875,134.13408203125002,239.7623046875,146.39296875,264.5787805017153,-606.18359375,242.052734375,10,295616.0,295616.0,295616.0,295616.0,0.0,295616.0,295616.0,10,2.0,2.0,2.0,2.0,0.0,2.0,2.0,10,2.0,2.0,2.0,2.0,0.0,2.0,2.0,10,2.0,2.0,2.0,2.0,0.0,2.0,2.0,10,0.0,0.0,0.0,0.0,0.0,0.0,0.0,10,100.0,100.0,100.0,100.0,0.0,100.0,100.0,10,2.0,2.0,2.0,2.0,0.0,2.0,2.0,10,100.0,100.0,100.0,100.0,0.0,100.0,100.0,,,,,,,,,,,,,,,,,,,,,,,,,,,,,,,,
phase1,A_stock,warm,synthetic,flat,2000,repeated_nav,PASS,1,2,0,0,2,250.40050000000002,196.6449,304.15610000000004,250.40050000000002,95.02737321687896,183.206,317.595,2,26032.8935546875,25409.5818359375,26656.2052734375,26032.8935546875,1101.8698578029177,25253.75390625,26812.033203125,2,-4818.8120117185,-9127.3819335933,-510.2420898436998,-4818.8120117185,7616.54752243516,-10204.524414062,566.900390625,2,298144.0,298144.00000000006,298144.0,298144.0,0.0,298144.0,298144.0,2,10.0,10.0,10.0,10.0,0.0,10.0,10.0,2,10.0,10.0,10.0,10.0,0.0,10.0,10.0,2,10.0,10.0,10.0,10.0,0.0,10.0,10.0,2,0.0,0.0,0.0,0.0,0.0,0.0,0.0,2,100.0,100.0,100.0,100.0,0.0,100.0,100.0,2,10.0,10.0,10.0,10.0,0.0,10.0,10.0,2,100.0,100.0,100.0,100.0,0.0,100.0,100.0,,,,,,,,,,,,,,,,,,,,,,,,,,,,,,,,
phase1,A_stock,warm,synthetic,flat,2000,start_to_home,UNSUPPORTED,1,0,0,10,,,,,,,,,,,,,,,,,,,,,,,,,,,,,,,,,,,,,,,,,,,,,,,,,,,,,,,,,,,,,,,,,,,,,,,,,,,,,,,,,,,,,,,,,,,,,,,,,,,,,,,,,,,,,,,,,,,,,,,,
phase1,A_stock,warm,synthetic,flat,50,change_sort_mode,PASS,1,10,0,0,10,48.6905,31.211199999999998,69.6823,50.2511,17.95917378358172,30.61,75.715,10,13563.790527344001,12886.849023438,16516.9995117187,14158.856250000299,1725.3995571023443,12801.475585938,17909.481445312,10,636.77978515625,-3146.16689453125,1609.9888671874996,-139.03271484375,2255.566522195624,-4868.119140625,2206.4287109375,10,243936.0,243936.0,243936.0,243936.0,0.0,243936.0,243936.0,10,2.0,2.0,2.0,2.0,0.0,2.0,2.0,10,2.0,2.0,2.0,2.0,0.0,2.0,2.0,10,2.0,2.0,2.0,2.0,0.0,2.0,2.0,10,0.0,0.0,0.0,0.0,0.0,0.0,0.0,10,100.0,100.0,100.0,100.0,0.0,100.0,100.0,10,2.0,2.0,2.0,2.0,0.0,2.0,2.0,10,100.0,100.0,100.0,100.0,0.0,100.0,100.0,,,,,,,,,,,,,,,,,,,,,,,,,,,,,,,,
phase1,A_stock,warm,synthetic,flat,50,close_book,PASS,1,10,0,0,10,24.11,19.5245,45.50339999999999,28.791800000000002,11.274011292446987,17.459,51.312,10,16134.609375,14713.905664063,17721.279882813,16102.9227539066,1329.0047670984309,14386.463867188,18111.159179688,10,1676.12109375,-694.8888671875,2282.148828125,998.296875,1350.3310879247103,-707.564453125,2507.9169921875,10,243936.0,243936.0,243936.0,243936.0,0.0,243936.0,243936.0,10,4.0,4.0,4.0,4.0,0.0,4.0,4.0,10,4.0,4.0,4.0,4.0,0.0,4.0,4.0,10,3.0,3.0,3.0,3.0,0.0,3.0,3.0,10,1.0,1.0,1.0,1.0,0.0,1.0,1.0,10,100.0,100.0,100.0,100.0,0.0,100.0,100.0,10,3.0983009708738,3.0983009708738,3.0983009708738,3.0983009708738,0.0,3.0983009708738,3.0983009708738,10,100.0,100.0,100.0,100.0,0.0,100.0,100.0,,,,,,,,,,,,,,,,,,,,,,,,,,,,,,,,
phase1,A_stock,warm,synthetic,flat,50,close_quick_settings,PASS,1,10,0,0,10,8.4155,7.5975,8.8968,8.354,0.5330361672115277,7.539,9.192,10,18231.8486328125,17239.4804687496,19200.808007812,18229.291406249802,824.202121780378,16983.534179688,19434.829101562,10,36.31396484375,28.6875,51.57119140625,38.94580078125,10.301635148726847,25.0927734375,60.095703125,10,243936.0,243936.0,243936.0,243936.0,0.0,243936.0,243936.0,10,3.0,3.0,3.0,3.0,0.0,3.0,3.0,10,3.0,3.0,3.0,3.0,0.0,3.0,3.0,10,3.0,3.0,3.0,3.0,0.0,3.0,3.0,10,0.0,0.0,0.0,0.0,0.0,0.0,0.0,10,100.0,100.0,100.0,100.0,0.0,100.0,100.0,10,3.0,3.0,3.0,3.0,0.0,3.0,3.0,10,100.0,100.0,100.0,100.0,0.0,100.0,100.0,,,,,,,,,,,,,,,,,,,,,,,,,,,,,,,,
phase1,A_stock,warm,synthetic,flat,50,home_to_library,PASS,1,10,0,0,10,23.3325,21.2911,25.919499999999996,23.95,4.473013997543739,18.628,35.68,10,18800.603027343997,16562.8637695313,20839.9736328125,18798.468066406298,1858.5726976058236,16285.221679688,21657.154296875,10,1107.30615234375,737.68701171875,1239.497265625,878.39794921875,778.6119503810784,-1314.150390625,1348.369140625,10,196464.0,193568.0,198948.8,196492.8,2237.2783465630737,193568.0,200432.0,10,1.0,1.0,1.0,1.0,0.0,1.0,1.0,10,1.0,1.0,1.0,1.0,0.0,1.0,1.0,10,1.0,1.0,1.0,1.0,0.0,1.0,1.0,10,0.0,0.0,0.0,0.0,0.0,0.0,0.0,10,100.0,100.0,100.0,100.0,0.0,100.0,100.0,10,1.0,1.0,1.0,1.0,0.0,1.0,1.0,10,100.0,100.0,100.0,100.0,0.0,100.0,100.0,,,,,,,,,,,,,,,,,,,,,,,,,,,,,,,,
phase1,A_stock,warm,synthetic,flat,50,library_cached_paging,PASS,1,30,0,0,30,35.221500000000006,12.525400000000001,82.47040000000001,41.87416666666666,29.34102349492746,11.009,122.522,30,27762.4736328125,19208.569824219197,36700.8438476558,27640.746549479332,6489.722881707755,14205.666992188,39163.233398438,30,1243.57861328125,-8751.521386718749,2297.5089843750006,-708.4571614583333,5149.253359929328,-14728.991210938,3501.609375,30,241200.0,234896.0,243808.0,241105.6,3069.612146678222,234896.0,243808.0,30,2.5,1.0,17.0,6.5,6.786142065852367,1.0,25.0,30,2.5,1.0,17.0,6.5,6.786142065852367,1.0,25.0,30,2.5,1.0,17.0,6.5,6.786142065852367,1.0,25.0,30,0.0,0.0,0.0,0.0,0.0,0.0,0.0,30,100.0,100.0,100.0,100.0,0.0,100.0,100.0,30,2.5,1.0,17.0,6.5,6.786142065852367,1.0,25.0,30,100.0,100.0,100.0,100.0,0.0,100.0,100.0,30,10.0,10.0,10.0,10.0,0.0,10.0,10.0,30,10.0,10.0,10.0,10.0,0.0,10.0,10.0,30,6.0,6.0,6.0,6.0,0.0,6.0,6.0,,,,,,,,
phase1,A_stock,warm,synthetic,flat,50,library_first_render,PASS,1,10,0,0,10,25.397,22.4073,45.6999,31.3906,11.938275272789152,20.871,55.131,10,25037.970703125,22500.269824218798,27688.770410156696,25024.029101562697,2349.1952213422005,21283.831054688,29191.857421875,10,1303.60107421875,-2919.14462890625,1519.96015625,196.8224609375,1968.8582016965072,-3008.4599609375,1667.4248046875,10,211256.0,207473.6,217004.8,211662.4,4069.9829975074836,206768.0,219136.0,10,1.0,1.0,1.0,1.0,0.0,1.0,1.0,10,1.0,1.0,1.0,1.0,0.0,1.0,1.0,10,1.0,1.0,1.0,1.0,0.0,1.0,1.0,10,0.0,0.0,0.0,0.0,0.0,0.0,0.0,10,100.0,100.0,100.0,100.0,0.0,100.0,100.0,10,1.0,1.0,1.0,1.0,0.0,1.0,1.0,10,100.0,100.0,100.0,100.0,0.0,100.0,100.0,,,,,,,,,,,,,,,,,,,,,,,,,,,,,,,,
phase1,A_stock,warm,synthetic,flat,50,library_folder_back,PASS,1,10,0,0,10,40.451,28.071099999999998,42.2227,36.5587,6.706200448507005,27.901,44.704,10,13043.006835938,12970.871679688,16077.395019530799,14167.5566406252,1517.4713049858435,12956.295898438,16094.8984375,10,-184.9345703125,-3549.8021484375,3024.6204101562503,-366.54794921875,3351.6538214121533,-6314.34375,3026.8642578125,10,243936.0,243936.0,243936.0,243936.0,0.0,243936.0,243936.0,10,3.0,3.0,3.0,3.0,0.0,3.0,3.0,10,3.0,3.0,3.0,3.0,0.0,3.0,3.0,10,2.0,2.0,2.0,2.0,0.0,2.0,2.0,10,1.0,1.0,1.0,1.0,0.0,1.0,1.0,10,100.0,100.0,100.0,100.0,0.0,100.0,100.0,10,2.0983009708738,2.0983009708738,2.0983009708738,2.0983009708738,0.0,2.0983009708738,2.0983009708738,10,100.0,100.0,100.0,100.0,0.0,100.0,100.0,,,,,,,,,,,,,,,,,,,,,,,,,,,,,,,,
phase1,A_stock,warm,synthetic,flat,50,library_folder_enter,PASS,1,10,0,0,10,8.914,5.853800000000001,13.843799999999998,9.666,3.7111717227252576,4.934,18.027,10,14937.307128905999,13726.707226562501,19288.4715820312,15780.237597656098,2435.1586263063527,13698.28515625,20022.243164062,10,120.8623046875,102.80986328125,144.28427734375,122.27578125,18.36709642270961,92.9072265625,148.943359375,10,243936.0,243936.0,243936.0,243936.0,0.0,243936.0,243936.0,10,2.0,2.0,2.0,2.0,0.0,2.0,2.0,10,2.0,2.0,2.0,2.0,0.0,2.0,2.0,10,1.0,1.0,1.0,1.0,0.0,1.0,1.0,10,1.0,1.0,1.0,1.0,0.0,1.0,1.0,10,100.0,100.0,100.0,100.0,0.0,100.0,100.0,10,1.0983009708738,1.0983009708738,1.0983009708738,1.0983009708738,0.0,1.0983009708738,1.0983009708738,10,100.0,100.0,100.0,100.0,0.0,100.0,100.0,,,,,,,,,,,,,,,,,,,,,,,,,,,,,,,,
phase1,A_stock,warm,synthetic,flat,50,library_sequential_paging,PASS,1,5,0,0,5,79.741,62.1216,99.5062,81.058,18.789014383410326,54.692,102.349,5,31904.567382812,27828.762890625003,36539.63046875,32098.8693359374,4276.692187383532,27357.353515625,37305.0546875,5,1889.353515625,-5598.86015625,4102.2302734375,54.6873046875,5334.189635801734,-8779.185546875,4527.8701171875,5,221280.0,219376.0,226313.59999999998,222502.4,3509.03017940855,219376.0,226608.0,5,15.0,10.2,22.6,16.0,6.244997998398398,9.0,25.0,5,15.0,10.2,22.6,16.0,6.244997998398398,9.0,25.0,5,15.0,10.2,22.6,16.0,6.244997998398398,9.0,25.0,5,0.0,0.0,0.0,0.0,0.0,0.0,0.0,5,100.0,100.0,100.0,100.0,0.0,100.0,100.0,5,15.0,10.2,22.6,16.0,6.244997998398398,9.0,25.0,5,100.0,100.0,100.0,100.0,0.0,100.0,100.0,5,10.0,10.0,10.0,10.0,0.0,10.0,10.0,5,10.0,4.6,10.0,8.2,4.024922359499621,1.0,10.0,5,6.0,6.0,6.0,6.0,0.0,6.0,6.0,,,,,,,,
phase1,A_stock,warm,synthetic,flat,50,open_book,PASS,1,10,0,0,10,38.7405,32.4413,55.061,42.345299999999995,10.157395292210607,32.237,56.861,10,15205.5693359375,13015.328710938,15719.91328125,14736.114453125201,1179.0343104054664,12813.475585938,15867.7734375,10,894.6884765625,-4233.464941406251,1022.35751953125,-692.853125,2284.6864103450853,-4297.986328125,1057.4619140625,10,243936.0,243936.0,243936.0,243936.0,0.0,243936.0,243936.0,10,9.0,9.0,9.0,9.0,0.0,9.0,9.0,10,9.0,9.0,9.0,9.0,0.0,9.0,9.0,10,9.0,9.0,9.0,9.0,0.0,9.0,9.0,10,0.0,0.0,0.0,0.0,0.0,0.0,0.0,10,100.0,100.0,100.0,100.0,0.0,100.0,100.0,10,9.0,9.0,9.0,9.0,0.0,9.0,9.0,10,100.0,100.0,100.0,100.0,0.0,100.0,100.0,,,,,,,,,,,,,,,,,,,,,,,,,,,,,,,,
phase1,A_stock,warm,synthetic,flat,50,open_book_minimal,PASS,1,10,0,0,10,41.89,36.3419,51.08729999999999,42.0496,6.918517795661789,30.257,54.906,10,15560.572753905999,14203.441210938001,15695.8202148438,15351.779687500099,629.0703337987545,14192.936523438,16075.788085938,10,1007.19189453125,-1381.61767578125,1123.3328125,70.53916015625,1575.1209173909508,-3662.6650390625,1210.2197265625,10,243936.0,243936.0,243936.0,243936.0,0.0,243936.0,243936.0,10,0.0,0.0,0.0,0.0,0.0,0.0,0.0,10,0.0,0.0,0.0,0.0,0.0,0.0,0.0,10,0.0,0.0,0.0,0.0,0.0,0.0,0.0,10,0.0,0.0,0.0,0.0,0.0,0.0,0.0,10,0.0,0.0,0.0,0.0,0.0,0.0,0.0,10,0.0,0.0,0.0,0.0,0.0,0.0,0.0,10,0.0,0.0,0.0,0.0,0.0,0.0,0.0,,,,,,,,,,,,,,,,,,,,,,,,,,,,,,,,
phase1,A_stock,warm,synthetic,flat,50,open_quick_settings,PASS,1,10,0,0,10,8.645499999999998,7.8654,10.724299999999996,9.7198,5.5842523979888705,2.847,24.713,10,15889.026855468499,14732.240624999598,16666.697753905803,15742.947949218598,819.2963666754723,14347.959960938,16932.87890625,10,259.06982421875,-45.355664062499955,268.50576171875,-33.040625,922.4785993672131,-2658.3193359375,276.9599609375,10,243936.0,243936.0,243936.0,243936.0,0.0,243936.0,243936.0,10,2.0,2.0,2.0,2.0,0.0,2.0,2.0,10,2.0,2.0,2.0,2.0,0.0,2.0,2.0,10,2.0,2.0,2.0,2.0,0.0,2.0,2.0,10,0.0,0.0,0.0,0.0,0.0,0.0,0.0,10,100.0,100.0,100.0,100.0,0.0,100.0,100.0,10,2.0,2.0,2.0,2.0,0.0,2.0,2.0,10,100.0,100.0,100.0,100.0,0.0,100.0,100.0,,,,,,,,,,,,,,,,,,,,,,,,,,,,,,,,
phase1,A_stock,warm,synthetic,flat,50,repeated_nav,PASS,1,2,0,0,2,197.7805,162.1497,233.41129999999998,197.7805,62.98695074775409,153.242,242.319,2,20188.0458984375,17566.506054687503,22809.5857421875,20188.0458984375,4634.2715016658685,16911.12109375,23464.970703125,2,-4233.56152343725,-11785.56621093705,3318.4431640625507,-4233.56152343725,13350.184315209255,-13673.567382812,5206.4443359375,2,243936.0,243936.0,243936.0,243936.0,0.0,243936.0,243936.0,2,10.0,10.0,10.0,10.0,0.0,10.0,10.0,2,10.0,10.0,10.0,10.0,0.0,10.0,10.0,2,10.0,10.0,10.0,10.0,0.0,10.0,10.0,2,0.0,0.0,0.0,0.0,0.0,0.0,0.0,2,100.0,100.0,100.0,100.0,0.0,100.0,100.0,2,10.0,10.0,10.0,10.0,0.0,10.0,10.0,2,100.0,100.0,100.0,100.0,0.0,100.0,100.0,,,,,,,,,,,,,,,,,,,,,,,,,,,,,,,,
phase1,A_stock,warm,synthetic,flat,50,start_to_home,UNSUPPORTED,1,0,0,10,,,,,,,,,,,,,,,,,,,,,,,,,,,,,,,,,,,,,,,,,,,,,,,,,,,,,,,,,,,,,,,,,,,,,,,,,,,,,,,,,,,,,,,,,,,,,,,,,,,,,,,,,,,,,,,,,,,,,,,,
phase1,A_stock,warm,synthetic,hierarchical,2000,change_sort_mode,PASS,1,10,0,0,10,7.987500000000001,6.2807,21.202499999999997,10.4688,6.3430877654341185,6.125,23.664,10,17564.239746093997,17205.034960938,17983.624609374998,17608.765429687697,349.241536797645,17129.807617188,18207.267578125,10,255.95263671875,-848.9568359375,285.1626953125,30.911328125,500.22550489273175,-997.3583984375,297.490234375,10,187056.0,187025.59999999998,187056.0,187025.6,96.13324086911874,186752.0,187056.0,10,2.0,2.0,2.0,2.0,0.0,2.0,2.0,10,2.0,2.0,2.0,2.0,0.0,2.0,2.0,10,2.0,2.0,2.0,2.0,0.0,2.0,2.0,10,0.0,0.0,0.0,0.0,0.0,0.0,0.0,10,100.0,100.0,100.0,100.0,0.0,100.0,100.0,10,2.0,2.0,2.0,2.0,0.0,2.0,2.0,10,100.0,100.0,100.0,100.0,0.0,100.0,100.0,,,,,,,,,,,,,,,,,,,,,,,,,,,,,,,,
phase1,A_stock,warm,synthetic,hierarchical,2000,close_book,PASS,1,10,0,0,10,20.573999999999998,18.0057,40.6493,24.642699999999998,9.161562700883632,17.607,41.678,10,22318.109375,20852.311132812996,22694.8912109375,22051.7284179687,765.2439423393453,20725.850585938,22876.794921875,10,1506.62451171875,-679.06396484375,1726.4693359374999,1105.53115234375,983.0062205405146,-827.2958984375,1777.451171875,10,224832.0,224792.0,225104.0,224873.6,201.28652877593836,224432.0,225104.0,10,4.0,4.0,4.0,4.0,0.0,4.0,4.0,10,4.0,4.0,4.0,4.0,0.0,4.0,4.0,10,3.0,3.0,3.0,3.0,0.0,3.0,3.0,10,1.0,1.0,1.0,1.0,0.0,1.0,1.0,10,100.0,100.0,100.0,100.0,0.0,100.0,100.0,10,3.0983009708738,3.0983009708738,3.0983009708738,3.0983009708738,0.0,3.0983009708738,3.0983009708738,10,100.0,100.0,100.0,100.0,0.0,100.0,100.0,,,,,,,,,,,,,,,,,,,,,,,,,,,,,,,,
phase1,A_stock,warm,synthetic,hierarchical,2000,close_quick_settings,PASS,1,10,0,0,10,8.39,7.7764,12.401799999999987,11.592400000000001,10.402757489136128,7.726,41.164,10,26086.451171875,25072.625488281697,27126.984082031202,26094.695410156102,873.8140738751201,24823.837890625,27338.024414062,10,39.27734375,15.531640625000001,76.25986328124992,59.97275390625,82.0570726790392,14.322265625,289.791015625,10,227328.0,226688.0,228729.6,227582.4,886.1827250754905,226688.0,228960.0,10,3.0,3.0,3.3999999999999986,3.4,1.2649110640673518,3.0,7.0,10,3.0,3.0,3.3999999999999986,3.4,1.2649110640673518,3.0,7.0,10,3.0,3.0,3.3999999999999986,3.4,1.2649110640673518,3.0,7.0,10,0.0,0.0,0.0,0.0,0.0,0.0,0.0,10,100.0,100.0,100.0,100.0,0.0,100.0,100.0,10,3.0,3.0,3.3999999999999986,3.4,1.2649110640673518,3.0,7.0,10,100.0,100.0,100.0,100.0,0.0,100.0,100.0,,,,,,,,,,,,,,,,,,,,,,,,,,,,,,,,
phase1,A_stock,warm,synthetic,hierarchical,2000,home_to_library,PASS,1,10,0,0,10,9.088999999999999,8.5125,9.5307,9.1266,0.6695199275102525,8.274,10.743,10,14745.57421875,13499.5806640625,15865.0591796875,14712.0984375,996.8562031394973,13235.263671875,16168.041015625,10,321.2939453125,285.5912109375,353.16923828125005,320.946484375,31.86691804637744,275.267578125,375.63671875,10,174752.0,172432.0,176971.2,174740.8,1884.577689209619,172000.0,177504.0,10,1.0,1.0,1.0,1.0,0.0,1.0,1.0,10,1.0,1.0,1.0,1.0,0.0,1.0,1.0,10,1.0,1.0,1.0,1.0,0.0,1.0,1.0,10,0.0,0.0,0.0,0.0,0.0,0.0,0.0,10,100.0,100.0,100.0,100.0,0.0,100.0,100.0,10,1.0,1.0,1.0,1.0,0.0,1.0,1.0,10,100.0,100.0,100.0,100.0,0.0,100.0,100.0,,,,,,,,,,,,,,,,,,,,,,,,,,,,,,,,
phase1,A_stock,warm,synthetic,hierarchical,2000,library_cached_paging,UNSUPPORTED,1,0,0,1,,,,,,,,,,,,,,,,,,,,,,,,,,,,,,,,,,,,,,,,,,,,,,,,,,,,,,,,,,,,,,,,,,,,,,,,,,,,,,,,,,,,,,,,,,,,,,,,,,,,,,,,,,,,,,,,,,,,,,,,
phase1,A_stock,warm,synthetic,hierarchical,2000,library_first_render,PASS,1,10,0,0,10,8.931000000000001,8.4815,14.853399999999999,9.9402,2.6171974323692124,7.766,14.857,10,8950.2958984375,8248.9935546875,9309.256640624999,8854.451953125,421.095240456703,8227.0068359375,9345.263671875,10,339.15087890625,-1079.63984375,376.41035156249995,63.67412109375,607.0388218857663,-1096.4990234375,392.2412109375,10,178208.0,178206.40000000002,178208.0,178206.4,5.059644256269407,178192.0,178208.0,10,1.0,1.0,1.0,1.0,0.0,1.0,1.0,10,1.0,1.0,1.0,1.0,0.0,1.0,1.0,10,1.0,1.0,1.0,1.0,0.0,1.0,1.0,10,0.0,0.0,0.0,0.0,0.0,0.0,0.0,10,100.0,100.0,100.0,100.0,0.0,100.0,100.0,10,1.0,1.0,1.0,1.0,0.0,1.0,1.0,10,100.0,100.0,100.0,100.0,0.0,100.0,100.0,,,,,,,,,,,,,,,,,,,,,,,,,,,,,,,,
phase1,A_stock,warm,synthetic,hierarchical,2000,library_folder_back,PASS,1,10,0,0,10,14.015,11.093400000000003,30.5601,17.9067,8.558052427067997,10.332,32.406,10,16115.684570313,14636.553320313,17362.4043945317,16079.8141601565,1233.0142746566084,14472.862304688,18370.642578125,10,449.8251953125,-882.1626953125,484.75517578125,66.5142578125,656.5426073033427,-1086.794921875,538.3447265625,10,182144.0,180860.8,185612.80000000002,182803.2,2110.8252625191144,180112.0,186160.0,10,3.0,3.0,3.0,3.0,0.0,3.0,3.0,10,3.0,3.0,3.0,3.0,0.0,3.0,3.0,10,2.0,2.0,2.0,2.0,0.0,2.0,2.0,10,1.0,1.0,1.0,1.0,0.0,1.0,1.0,10,100.0,100.0,100.0,100.0,0.0,100.0,100.0,10,2.0983009708738,2.0983009708738,2.0983009708738,2.0983009708738,0.0,2.0983009708738,2.0983009708738,10,100.0,100.0,100.0,100.0,0.0,100.0,100.0,,,,,,,,,,,,,,,,,,,,,,,,,,,,,,,,
phase1,A_stock,warm,synthetic,hierarchical,2000,library_folder_enter,PASS,1,10,0,0,10,16.710500000000003,4.7052,22.612,15.7894,6.904247552533633,4.167,26.851,10,12097.763183593499,10696.7308593746,13070.0405273437,11977.7534179686,1102.9502637942662,10401.413085938,13788.172851562,10,970.82275390625,-893.6373046875001,1289.78896484375,461.78896484375,963.6938851576203,-1500.052734375,1303.4814453125,10,178768.0,178688.0,179400.0,178932.8,327.2120617173721,178688.0,179616.0,10,2.0,2.0,2.0,2.0,0.0,2.0,2.0,10,2.0,2.0,2.0,2.0,0.0,2.0,2.0,10,1.0,1.0,1.0,1.0,0.0,1.0,1.0,10,1.0,1.0,1.0,1.0,0.0,1.0,1.0,10,100.0,100.0,100.0,100.0,0.0,100.0,100.0,10,1.0983009708738,1.0983009708738,1.0983009708738,1.0983009708738,0.0,1.0983009708738,1.0983009708738,10,100.0,100.0,100.0,100.0,0.0,100.0,100.0,,,,,,,,,,,,,,,,,,,,,,,,,,,,,,,,
phase1,A_stock,warm,synthetic,hierarchical,2000,library_sequential_paging,UNSUPPORTED,1,0,0,1,,,,,,,,,,,,,,,,,,,,,,,,,,,,,,,,,,,,,,,,,,,,,,,,,,,,,,,,,,,,,,,,,,,,,,,,,,,,,,,,,,,,,,,,,,,,,,,,,,,,,,,,,,,,,,,,,,,,,,,,
phase1,A_stock,warm,synthetic,hierarchical,2000,open_book,PASS,1,10,0,0,10,44.577,40.961600000000004,59.7388,49.1769,8.751527707269805,39.545,59.8,10,21345.9033203125,19379.571679687997,21736.79765625,20752.834960937696,1110.4241055067118,19340.041992188,22069.611328125,10,275.26220703125,-1286.7877929687502,978.51181640625,-0.7412109375,1020.8698739885233,-1369.419921875,1091.1884765625,10,222688.0,219220.80000000002,223344.0,221760.0,1680.5671000521752,219120.0,223344.0,10,9.0,9.0,9.0,9.0,0.0,9.0,9.0,10,9.0,9.0,9.0,9.0,0.0,9.0,9.0,10,9.0,9.0,9.0,9.0,0.0,9.0,9.0,10,0.0,0.0,0.0,0.0,0.0,0.0,0.0,10,100.0,100.0,100.0,100.0,0.0,100.0,100.0,10,9.0,9.0,9.0,9.0,0.0,9.0,9.0,10,100.0,100.0,100.0,100.0,0.0,100.0,100.0,,,,,,,,,,,,,,,,,,,,,,,,,,,,,,,,
phase1,A_stock,warm,synthetic,hierarchical,2000,open_book_minimal,PASS,1,10,0,0,10,64.7855,58.9149,67.66220000000001,63.037699999999994,5.674829944588647,48.618,68.366,10,18681.073242188,18643.932617188,19071.7678710933,18867.865136719098,469.9445758154323,18605.999023438,20160.990234375,10,-2070.52294921875,-2376.469921875,-1654.23232421875,-2065.60927734375,419.8838058058701,-3019.3125,-1569.7509765625,10,217664.0,212638.4,218928.0,216529.6,3124.117624759563,209024.0,218928.0,10,0.0,0.0,0.0,0.0,0.0,0.0,0.0,10,0.0,0.0,0.0,0.0,0.0,0.0,0.0,10,0.0,0.0,0.0,0.0,0.0,0.0,0.0,10,0.0,0.0,0.0,0.0,0.0,0.0,0.0,10,0.0,0.0,0.0,0.0,0.0,0.0,0.0,10,0.0,0.0,0.0,0.0,0.0,0.0,0.0,10,0.0,0.0,0.0,0.0,0.0,0.0,0.0,,,,,,,,,,,,,,,,,,,,,,,,,,,,,,,,
phase1,A_stock,warm,synthetic,hierarchical,2000,open_quick_settings,PASS,1,10,0,0,10,8.43,8.0015,8.9533,8.4309,0.39389041059101126,7.862,9.136,10,22848.311523437,22002.958984375,23777.261621093698,22847.214843749804,771.2175839329324,21726.89453125,23985.790039062,10,239.263671875,216.94296875,289.033984375,245.26025390625,30.189767416708552,208.7919921875,302.3037109375,10,226688.0,226688.0,226688.0,226688.0,0.0,226688.0,226688.0,10,2.0,2.0,2.0,2.0,0.0,2.0,2.0,10,2.0,2.0,2.0,2.0,0.0,2.0,2.0,10,2.0,2.0,2.0,2.0,0.0,2.0,2.0,10,0.0,0.0,0.0,0.0,0.0,0.0,0.0,10,100.0,100.0,100.0,100.0,0.0,100.0,100.0,10,2.0,2.0,2.0,2.0,0.0,2.0,2.0,10,100.0,100.0,100.0,100.0,0.0,100.0,100.0,,,,,,,,,,,,,,,,,,,,,,,,,,,,,,,,
phase1,A_stock,warm,synthetic,hierarchical,2000,repeated_nav,UNSUPPORTED,1,0,0,2,,,,,,,,,,,,,,,,,,,,,,,,,,,,,,,,,,,,,,,,,,,,,,,,,,,,,,,,,,,,,,,,,,,,,,,,,,,,,,,,,,,,,,,,,,,,,,,,,,,,,,,,,,,,,,,,,,,,,,,,
phase1,A_stock,warm,synthetic,hierarchical,2000,start_to_home,UNSUPPORTED,1,0,0,10,,,,,,,,,,,,,,,,,,,,,,,,,,,,,,,,,,,,,,,,,,,,,,,,,,,,,,,,,,,,,,,,,,,,,,,,,,,,,,,,,,,,,,,,,,,,,,,,,,,,,,,,,,,,,,,,,,,,,,,,
phase1,A_stock,warm,synthetic,hierarchical,50,change_sort_mode,PASS,1,10,0,0,10,7.890000000000001,7.0158,17.1176,9.648900000000001,4.090154260877917,6.906,17.609,10,12312.048339843499,11847.506835937998,13124.4801757817,12403.304296875202,527.3442661178286,11767.139648438,13400.708984375,10,246.4248046875,-791.81396484375,282.66650390625,-26.67373046875,641.0051005832931,-1637.0537109375,303.4130859375,10,185872.0,185872.0,185872.0,185872.0,0.0,185872.0,185872.0,10,2.0,2.0,2.0,2.0,0.0,2.0,2.0,10,2.0,2.0,2.0,2.0,0.0,2.0,2.0,10,2.0,2.0,2.0,2.0,0.0,2.0,2.0,10,0.0,0.0,0.0,0.0,0.0,0.0,0.0,10,100.0,100.0,100.0,100.0,0.0,100.0,100.0,10,2.0,2.0,2.0,2.0,0.0,2.0,2.0,10,100.0,100.0,100.0,100.0,0.0,100.0,100.0,,,,,,,,,,,,,,,,,,,,,,,,,,,,,,,,
phase1,A_stock,warm,synthetic,hierarchical,50,close_book,PASS,1,10,0,0,10,18.802,14.5775,31.5451,21.5256,8.03457148411372,14.393,36.883,10,14683.187011719001,12600.94375,15368.874902343301,14388.940527343799,1194.6356042038801,11950.732421875,15537.615234375,10,1306.763671875,-773.7654296874999,1493.79716796875,768.644140625,1244.4498138308284,-2277.7919921875,1639.583984375,10,211648.0,210430.40000000002,211648.0,211270.4,609.8778019680117,210272.0,211648.0,10,4.0,4.0,4.199999999999999,4.2,0.6324555320336759,4.0,6.0,10,4.0,4.0,4.199999999999999,4.2,0.6324555320336759,4.0,6.0,10,3.0,3.0,3.1999999999999993,3.2,0.6324555320336759,3.0,5.0,10,1.0,1.0,1.0,1.0,0.0,1.0,1.0,10,100.0,100.0,100.0,100.0,0.0,100.0,100.0,10,3.0983009708738,3.0983009708738,3.2983009708737994,3.2983009708738003,0.6324555320336759,3.0983009708738,5.0983009708738,10,100.0,100.0,100.0,100.0,0.0,100.0,100.0,,,,,,,,,,,,,,,,,,,,,,,,,,,,,,,,
phase1,A_stock,warm,synthetic,hierarchical,50,close_quick_settings,PASS,1,10,0,0,10,8.572,7.7982,9.2297,8.5572,0.5184628562716266,7.737,9.326,10,18140.932617188,16892.519335937002,19217.803515625397,18080.1000000001,994.0226234496773,16438.676757812,19473.247070312,10,56.2783203125,27.6580078125,103.70722656249997,67.33583984375,46.00499077331656,23.349609375,177.3701171875,10,211648.0,211648.0,211648.0,211648.0,0.0,211648.0,211648.0,10,3.0,3.0,3.0,3.0,0.0,3.0,3.0,10,3.0,3.0,3.0,3.0,0.0,3.0,3.0,10,3.0,3.0,3.0,3.0,0.0,3.0,3.0,10,0.0,0.0,0.0,0.0,0.0,0.0,0.0,10,100.0,100.0,100.0,100.0,0.0,100.0,100.0,10,3.0,3.0,3.0,3.0,0.0,3.0,3.0,10,100.0,100.0,100.0,100.0,0.0,100.0,100.0,,,,,,,,,,,,,,,,,,,,,,,,,,,,,,,,
phase1,A_stock,warm,synthetic,hierarchical,50,home_to_library,PASS,1,10,0,0,10,8.782499999999999,8.0588,9.314200000000001,8.7128,0.5431753962681954,7.751,9.442,10,14718.181152343499,13593.9351562504,15818.176269531199,14713.150683593598,943.0795922357532,13300.262695312,16116.411132812,10,307.796875,293.44912109375,323.57919921875,308.030078125,14.046577747874027,286.2060546875,328.1064453125,10,178008.0,176563.2,180220.8,178230.4,1554.979042373955,176304.0,180768.0,10,1.0,1.0,1.0,1.0,0.0,1.0,1.0,10,1.0,1.0,1.0,1.0,0.0,1.0,1.0,10,1.0,1.0,1.0,1.0,0.0,1.0,1.0,10,0.0,0.0,0.0,0.0,0.0,0.0,0.0,10,100.0,100.0,100.0,100.0,0.0,100.0,100.0,10,1.0,1.0,1.0,1.0,0.0,1.0,1.0,10,100.0,100.0,100.0,100.0,0.0,100.0,100.0,,,,,,,,,,,,,,,,,,,,,,,,,,,,,,,,
phase1,A_stock,warm,synthetic,hierarchical,50,library_cached_paging,UNSUPPORTED,1,0,0,1,,,,,,,,,,,,,,,,,,,,,,,,,,,,,,,,,,,,,,,,,,,,,,,,,,,,,,,,,,,,,,,,,,,,,,,,,,,,,,,,,,,,,,,,,,,,,,,,,,,,,,,,,,,,,,,,,,,,,,,,
phase1,A_stock,warm,synthetic,hierarchical,50,library_first_render,PASS,1,10,0,0,10,8.4295,8.0014,14.4208,9.5706,2.7838113042693426,7.807,15.301,10,8979.5888671875,8335.574023437499,9410.27080078125,8937.51572265625,446.3566053832834,8333.1201171875,9707.7216796875,10,314.41015625,-1007.526171875,358.84287109375,25.272265625,638.1049812652866,-1374.546875,365.541015625,10,181376.0,181376.0,181376.0,181376.0,0.0,181376.0,181376.0,10,1.0,1.0,1.0,1.0,0.0,1.0,1.0,10,1.0,1.0,1.0,1.0,0.0,1.0,1.0,10,1.0,1.0,1.0,1.0,0.0,1.0,1.0,10,0.0,0.0,0.0,0.0,0.0,0.0,0.0,10,100.0,100.0,100.0,100.0,0.0,100.0,100.0,10,1.0,1.0,1.0,1.0,0.0,1.0,1.0,10,100.0,100.0,100.0,100.0,0.0,100.0,100.0,,,,,,,,,,,,,,,,,,,,,,,,,,,,,,,,
phase1,A_stock,warm,synthetic,hierarchical,50,library_folder_back,PASS,1,10,0,0,10,15.215499999999999,10.971400000000001,23.6825,16.0599,5.222134162496317,10.894,25.496,10,11789.404785156501,11046.2261718746,12320.460449218299,11649.3481445313,578.534146643947,10749.495117188,12526.884765625,10,461.49609375,-570.59599609375,521.27734375,169.1984375,506.3682655738553,-663.0771484375,524.828125,10,184992.0,184155.2,185408.0,184833.6,609.702878458024,183824.0,185840.0,10,3.0,3.0,3.0,3.0,0.0,3.0,3.0,10,3.0,3.0,3.0,3.0,0.0,3.0,3.0,10,2.0,2.0,2.0,2.0,0.0,2.0,2.0,10,1.0,1.0,1.0,1.0,0.0,1.0,1.0,10,100.0,100.0,100.0,100.0,0.0,100.0,100.0,10,2.0983009708738,2.0983009708738,2.0983009708738,2.0983009708738,0.0,2.0983009708738,2.0983009708738,10,100.0,100.0,100.0,100.0,0.0,100.0,100.0,,,,,,,,,,,,,,,,,,,,,,,,,,,,,,,,
phase1,A_stock,warm,synthetic,hierarchical,50,library_folder_enter,PASS,1,10,0,0,10,10.747,8.084000000000001,22.6328,14.0388,7.925873618865129,5.276,30.605,10,9790.13916015625,8980.7470703125,10209.513183594201,9672.8905273438,587.9882624635219,8805.9677734375,10644.59375,10,147.52197265625,-674.2610351562499,305.0135742187499,-16.4666015625,463.77575835931367,-893.181640625,621.7880859375,10,181920.0,181611.19999999998,182539.19999999998,182062.4,504.7514679963243,181568.0,183072.0,10,2.0,2.0,2.0,2.0,0.0,2.0,2.0,10,2.0,2.0,2.0,2.0,0.0,2.0,2.0,10,1.0,1.0,1.0,1.0,0.0,1.0,1.0,10,1.0,1.0,1.0,1.0,0.0,1.0,1.0,10,100.0,100.0,100.0,100.0,0.0,100.0,100.0,10,1.0983009708738,1.0983009708738,1.0983009708738,1.0983009708738,0.0,1.0983009708738,1.0983009708738,10,100.0,100.0,100.0,100.0,0.0,100.0,100.0,,,,,,,,,,,,,,,,,,,,,,,,,,,,,,,,
phase1,A_stock,warm,synthetic,hierarchical,50,library_sequential_paging,UNSUPPORTED,1,0,0,1,,,,,,,,,,,,,,,,,,,,,,,,,,,,,,,,,,,,,,,,,,,,,,,,,,,,,,,,,,,,,,,,,,,,,,,,,,,,,,,,,,,,,,,,,,,,,,,,,,,,,,,,,,,,,,,,,,,,,,,,
phase1,A_stock,warm,synthetic,hierarchical,50,open_book,PASS,1,10,0,0,10,45.2525,30.0721,49.685100000000006,42.1012,8.237485927150347,28.813,50.154,10,12897.159179688,12434.341992188001,14445.895312499599,13160.3713867191,878.541522873938,11913.776367188,14736.038085938,10,-934.69970703125,-2325.03173828125,964.7118164062499,-622.9322265625,1288.519889789561,-2377.673828125,1277.6982421875,10,209832.0,208048.0,210272.0,209259.2,981.7115213295152,208048.0,210272.0,10,9.0,9.0,10.1,9.3,0.6749485577105528,9.0,11.0,10,9.0,9.0,10.1,9.3,0.6749485577105528,9.0,11.0,10,9.0,9.0,10.1,9.3,0.6749485577105528,9.0,11.0,10,0.0,0.0,0.0,0.0,0.0,0.0,0.0,10,100.0,100.0,100.0,100.0,0.0,100.0,100.0,10,9.0,9.0,10.1,9.3,0.6749485577105528,9.0,11.0,10,100.0,100.0,100.0,100.0,0.0,100.0,100.0,,,,,,,,,,,,,,,,,,,,,,,,,,,,,,,,
phase1,A_stock,warm,synthetic,hierarchical,50,open_book_minimal,PASS,1,10,0,0,10,41.28,36.7526,49.60859999999999,43.9497,10.811377043035112,34.4,72.978,10,13423.840332030999,12652.883789062998,14094.6555664067,13322.6328125003,748.6515144199342,11756.416992188,14158.044921875,10,-615.78369140625,-2490.4333984375003,1343.92060546875,-535.8982421875,1455.8913668016291,-2492.119140625,1363.728515625,10,206768.0,205782.4,208048.0,206662.4,1434.48226819915,202960.0,208048.0,10,0.0,0.0,0.0,0.0,0.0,0.0,0.0,10,0.0,0.0,0.0,0.0,0.0,0.0,0.0,10,0.0,0.0,0.0,0.0,0.0,0.0,0.0,10,0.0,0.0,0.0,0.0,0.0,0.0,0.0,10,0.0,0.0,0.0,0.0,0.0,0.0,0.0,10,0.0,0.0,0.0,0.0,0.0,0.0,0.0,10,0.0,0.0,0.0,0.0,0.0,0.0,0.0,,,,,,,,,,,,,,,,,,,,,,,,,,,,,,,,
phase1,A_stock,warm,synthetic,hierarchical,50,open_quick_settings,PASS,1,10,0,0,10,8.139,6.952500000000001,8.9039,7.765300000000001,1.7973253616292058,2.979,9.416,10,14956.499511719001,14453.6112304688,15446.1958007808,14934.3463867188,430.35016136380807,14224.374023438,15661.171875,10,233.7255859375,226.0380859375,254.45927734375,237.95078125,11.881011763580007,223.1025390625,254.9541015625,10,211648.0,211648.0,211648.0,211648.0,0.0,211648.0,211648.0,10,2.0,2.0,2.0,2.0,0.0,2.0,2.0,10,2.0,2.0,2.0,2.0,0.0,2.0,2.0,10,2.0,2.0,2.0,2.0,0.0,2.0,2.0,10,0.0,0.0,0.0,0.0,0.0,0.0,0.0,10,100.0,100.0,100.0,100.0,0.0,100.0,100.0,10,2.0,2.0,2.0,2.0,0.0,2.0,2.0,10,100.0,100.0,100.0,100.0,0.0,100.0,100.0,,,,,,,,,,,,,,,,,,,,,,,,,,,,,,,,
phase1,A_stock,warm,synthetic,hierarchical,50,repeated_nav,UNSUPPORTED,1,0,0,2,,,,,,,,,,,,,,,,,,,,,,,,,,,,,,,,,,,,,,,,,,,,,,,,,,,,,,,,,,,,,,,,,,,,,,,,,,,,,,,,,,,,,,,,,,,,,,,,,,,,,,,,,,,,,,,,,,,,,,,,
phase1,A_stock,warm,synthetic,hierarchical,50,start_to_home,UNSUPPORTED,1,0,0,10,,,,,,,,,,,,,,,,,,,,,,,,,,,,,,,,,,,,,,,,,,,,,,,,,,,,,,,,,,,,,,,,,,,,,,,,,,,,,,,,,,,,,,,,,,,,,,,,,,,,,,,,,,,,,,,,,,,,,,,,
phase1,B_bookshelf,first_run_cold,startup,hierarchical,2000,home_to_library,PASS,3,3,0,0,3,9.692,9.6456,9.9952,9.799,0.23733731270072106,9.634,10.071,3,8952.9248046875,8925.4388671875,8974.9685546875,8950.6572265625,31.018280976389143,8918.5673828125,8980.4794921875,3,484.419921875,431.15585937500003,507.960546875,472.03515625,49.18656395066345,417.83984375,513.845703125,3,167920.0,167164.80000000002,169008.0,168058.66666666666,1158.2423465464096,166976.0,169280.0,3,3.0,3.0000000000000004,3.0,3.0,0.0,3.0,3.0,3,3.0,3.0000000000000004,3.0,3.0,0.0,3.0,3.0,3,3.0,3.0000000000000004,3.0,3.0,0.0,3.0,3.0,3,0.0,0.0,0.0,0.0,0.0,0.0,0.0,3,100.0,100.0,100.0,100.0,0.0,100.0,100.0,3,3.0,3.0000000000000004,3.0,3.0,0.0,3.0,3.0,3,100.0,100.0,100.0,100.0,0.0,100.0,100.0,,,,,,,,,,,,,,,,,,,,,,,,,,,,,,,,
phase1,B_bookshelf,first_run_cold,startup,hierarchical,2000,library_first_render,PASS,3,3,0,0,3,9.43,9.146,9.9876,9.543999999999999,0.5351850147378949,9.075,10.127,3,9308.7802734375,9247.3880859375,9311.2498046875,9284.229166666666,45.22345674172097,9232.0400390625,9311.8671875,3,319.40234375,307.05546875000005,343.915625,324.4716796875,23.452175398173136,303.96875,350.0439453125,3,176112.0,175779.2,177596.8,176592.0,1209.6677229718912,175696.0,177968.0,3,1.0,1.0,1.0,1.0,0.0,1.0,1.0,3,1.0,1.0,1.0,1.0,0.0,1.0,1.0,3,1.0,1.0,1.0,1.0,0.0,1.0,1.0,3,0.0,0.0,0.0,0.0,0.0,0.0,0.0,3,100.0,100.0,100.0,100.0,0.0,100.0,100.0,3,1.0,1.0,1.0,1.0,0.0,1.0,1.0,3,100.0,100.0,100.0,100.0,0.0,100.0,100.0,,,,,,,,,,,,,,,,,,,,,,,,,,,,,,,,
phase1,B_bookshelf,paging,paging,flat,2000,bookshelf_cached_paging,PASS,3,90,0,0,90,175.63600000000002,167.1579,181.8987,174.8746111111111,6.500801709753812,161.71,192.381,90,33444.19921875,21444.200488281298,40883.60986328131,32073.034819878467,7391.4807403007435,19621.7578125,43572.250976562,90,1100.33203125,-3841.645214843749,1850.1806640625002,-240.58601345485556,5000.917389435661,-22040.317382812,2053.3330078125,90,228992.0,227856.0,229952.0,228933.33333333334,861.4928250661461,227856.0,229952.0,90,0.0,0.0,0.0,0.0,0.0,0.0,0.0,90,8.0,8.0,8.0,8.0,0.0,8.0,8.0,90,0.0,0.0,0.0,0.0,0.0,0.0,0.0,90,8.0,8.0,8.0,8.0,0.0,8.0,8.0,90,64.563106796117,64.563106796117,64.563106796117,64.563106796117,0.0,64.563106796117,64.563106796117,90,1.2102970748107,1.2102970748107,1.2102970748107,1.2102970748107,0.0,1.2102970748107,1.2102970748107,90,64.563106796117,64.563106796117,64.563106796117,64.563106796117,0.0,64.563106796117,64.563106796117,90,8.0,8.0,8.0,8.0,0.0,8.0,8.0,90,8.0,8.0,8.0,8.0,0.0,8.0,8.0,90,250.0,250.0,250.0,250.0,0.0,250.0,250.0,,,,,,,,
phase1,B_bookshelf,paging,paging,flat,2000,bookshelf_cached_paging_anim_off,PASS,3,90,0,0,90,8.975000000000001,7.614599999999999,10.720400000000003,9.213722222222222,1.743590355119836,7.075,18.548,90,31453.285644531497,21529.565625000003,40504.1424804688,31099.014919704878,7006.792733753016,19492.169921875,43124.584960938,90,819.6015625,663.80849609375,892.86865234375,-4.688009982633351,3321.4091574678273,-19089.493164062,933.056640625,90,231904.0,229504.0,232000.0,231164.8,1126.6095821365082,229504.0,232000.0,90,1.0,1.0,1.0,1.0,0.0,1.0,1.0,90,1.0,1.0,1.0,1.0,0.0,1.0,1.0,90,0.0,0.0,0.0,0.0,0.0,0.0,0.0,90,1.0,1.0,1.0,1.0,0.0,1.0,1.0,90,64.563106796117,64.563106796117,64.563106796117,64.563106796117,0.0,64.563106796117,64.563106796117,90,0.64563106796117,0.64563106796117,0.64563106796117,0.64563106796117,0.0,0.64563106796117,0.64563106796117,90,64.563106796117,64.563106796117,64.563106796117,64.563106796117,0.0,64.563106796117,64.563106796117,90,8.0,8.0,8.0,8.0,0.0,8.0,8.0,90,8.0,8.0,8.0,8.0,0.0,8.0,8.0,90,250.0,250.0,250.0,250.0,0.0,250.0,250.0,,,,,,,,
phase1,B_bookshelf,paging,paging,flat,2000,bookshelf_sequential_paging,PASS,3,90,0,0,90,173.24450000000002,167.52560000000003,185.49320000000003,175.97884444444443,10.192855595416514,163.996,238.778,90,28395.973144531497,21107.95859375,39061.973046875,29339.222341579876,6481.744012312475,18895.215820312,42527.48828125,90,2104.8974609375,-273.49707031249886,2383.862890625,225.03849826389447,5845.551788402001,-20763.322265625,2579.3896484375,90,219248.0,204752.0,223216.0,216838.04444444444,6422.222353131249,202128.0,223776.0,90,0.0,0.0,0.0,0.16666666666666666,0.9858550158920685,0.0,8.0,90,8.0,8.0,8.0,8.166666666666666,0.9858550158920685,8.0,16.0,90,0.0,0.0,0.0,0.16666666666666666,0.9858550158920685,0.0,8.0,90,8.0,8.0,8.0,8.0,0.0,8.0,8.0,90,64.563106796117,64.563106796117,64.563106796117,65.74433656957977,6.396753793861354,64.563106796117,100.0,90,1.2102970748107,1.2102970748107,1.2102970748107,1.3769637414773668,0.9858550158920685,1.2102970748107,9.2102970748107,90,64.563106796117,64.563106796117,64.563106796117,65.74433656957977,6.396753793861354,64.563106796117,100.0,90,8.0,8.0,8.0,8.0,0.0,8.0,8.0,90,8.0,8.0,8.0,8.0,0.0,8.0,8.0,90,250.0,250.0,250.0,250.0,0.0,250.0,250.0,,,,,,,,
phase1,B_bookshelf,paging,paging,flat,2000,bookshelf_sequential_paging_anim_off,PASS,3,90,0,0,90,27.179000000000002,14.4853,32.906400000000005,25.684533333333334,7.9102091496376525,10.551,47.336,90,30822.640625,22589.7388671875,40061.6233398437,31243.489095052057,6595.333477371409,19742.93359375,42786.130859375,90,2110.13671875,671.0584960937504,2378.4412109375003,249.56244574653886,6008.652048469878,-21973.340820312,2533.7705078125,90,231856.0,229036.80000000002,231984.0,230965.6888888889,1367.7859058145098,228240.0,231984.0,90,1.0,1.0,1.0,1.0,0.0,1.0,1.0,90,1.0,1.0,1.0,1.0,0.0,1.0,1.0,90,0.0,0.0,0.0,0.0,0.0,0.0,0.0,90,1.0,1.0,1.0,1.0,0.0,1.0,1.0,90,64.563106796117,64.563106796117,64.563106796117,64.563106796117,0.0,64.563106796117,64.563106796117,90,0.64563106796117,0.64563106796117,0.64563106796117,0.64563106796117,0.0,0.64563106796117,0.64563106796117,90,64.563106796117,64.563106796117,64.563106796117,64.563106796117,0.0,64.563106796117,64.563106796117,90,8.0,8.0,8.0,8.0,0.0,8.0,8.0,90,8.0,8.0,8.0,8.0,0.0,8.0,8.0,90,250.0,250.0,250.0,250.0,0.0,250.0,250.0,,,,,,,,
phase1,B_bookshelf,paging,paging,flat,2000,close_bookshelf,PASS,3,3,0,0,3,7.861,6.8802,8.344999999999999,7.654,0.932886381077567,6.635,8.466,3,23886.173828125,22201.783203125,26018.725390625,24072.907552083332,2391.0638544372773,21780.685546875,26551.86328125,3,223.203125,204.0796875,227.3828125,216.9765625,15.530642461119468,199.298828125,228.427734375,3,234848.0,233120.00000000003,234860.8,234133.33333333334,1251.7209486676068,232688.0,234864.0,3,1.0,1.0,1.0,1.0,0.0,1.0,1.0,3,1.0,1.0,1.0,1.0,0.0,1.0,1.0,3,1.0,1.0,1.0,1.0,0.0,1.0,1.0,3,0.0,0.0,0.0,0.0,0.0,0.0,0.0,3,100.0,100.0,100.0,100.0,0.0,100.0,100.0,3,1.0,1.0,1.0,1.0,0.0,1.0,1.0,3,100.0,100.0,100.0,100.0,0.0,100.0,100.0,,,,,,,,,,,,,,,,,,,,,,,,,,,,,,,,
phase1,B_bookshelf,paging,paging,flat,2000,library_cached_paging,PASS,3,90,0,0,90,18.0635,9.7734,29.930800000000005,18.550555555555555,7.385486021771199,8.746,37.75,90,13351.4921875,11549.362695312,15195.5696289058,13451.74848090269,1314.7279000086667,11360.774414062,16614.901367188,90,564.93994140625,-3484.94990234375,1175.93427734375,1.5034830729166666,1724.5672527654347,-5060.908203125,1429.884765625,90,196848.0,195648.0,198112.0,196531.9111111111,1136.1159899287507,193456.0,198160.0,90,1.0,1.0,1.0,1.0,0.0,1.0,1.0,90,1.0,1.0,1.0,1.0,0.0,1.0,1.0,90,1.0,1.0,1.0,1.0,0.0,1.0,1.0,90,0.0,0.0,0.0,0.0,0.0,0.0,0.0,90,100.0,100.0,100.0,100.0,0.0,100.0,100.0,90,1.0,1.0,1.0,1.0,0.0,1.0,1.0,90,100.0,100.0,100.0,100.0,0.0,100.0,100.0,90,10.0,10.0,10.0,10.0,0.0,10.0,10.0,90,10.0,10.0,10.0,10.0,0.0,10.0,10.0,90,201.0,201.0,201.0,201.0,0.0,201.0,201.0,,,,,,,,
phase1,B_bookshelf,paging,paging,flat,2000,library_sequential_paging,PASS,3,90,0,0,90,14.169,10.2105,22.728500000000004,15.065355555555556,4.703792983748068,9.091,29.139,90,13009.145019530999,11532.771679687,18695.695019531202,14352.856510416612,2758.052209269711,11205.118164062,20782.715820312,90,527.24609375,-1630.5501953125,579.83193359375,3.7200303819444445,1727.1557670418126,-8628.87109375,621.693359375,90,181136.0,178976.0,183888.0,181042.66666666666,1508.8809157708663,178736.0,183888.0,90,1.0,1.0,1.0,1.0,0.0,1.0,1.0,90,1.0,1.0,1.0,1.0,0.0,1.0,1.0,90,1.0,1.0,1.0,1.0,0.0,1.0,1.0,90,0.0,0.0,0.0,0.0,0.0,0.0,0.0,90,100.0,100.0,100.0,100.0,0.0,100.0,100.0,90,1.0,1.0,1.0,1.0,0.0,1.0,1.0,90,100.0,100.0,100.0,100.0,0.0,100.0,100.0,90,10.0,10.0,10.0,10.0,0.0,10.0,10.0,90,10.0,10.0,10.0,10.0,0.0,10.0,10.0,90,201.0,201.0,201.0,201.0,0.0,201.0,201.0,,,,,,,,
phase1,B_bookshelf,paging,paging,flat,2000,open_bookshelf,PASS,3,3,0,0,3,147.363,143.39499999999998,150.7118,147.105,4.578455197989827,142.403,151.549,3,17433.75390625,16279.949218750002,17539.822656250002,16997.197265625,873.4803642048622,15991.498046875,17566.33984375,3,4519.3515625,3870.09296875,4550.18671875,4261.675130208333,480.07568771981045,3707.7783203125,4557.8955078125,3,198160.0,197904.0,203433.6,200250.66666666666,3901.5511445235898,197840.0,204752.0,3,1.0,1.0,1.0,1.0,0.0,1.0,1.0,3,1.0,1.0,1.0,1.0,0.0,1.0,1.0,3,1.0,1.0,1.0,1.0,0.0,1.0,1.0,3,0.0,0.0,0.0,0.0,0.0,0.0,0.0,3,100.0,100.0,100.0,100.0,0.0,100.0,100.0,3,1.0,1.0,1.0,1.0,0.0,1.0,1.0,3,100.0,100.0,100.0,100.0,0.0,100.0,100.0,,,,,,,,,,,,,,,,,3,250.0,250.0,250.0,250.0,0.0,250.0,250.0,,,,,,,,
phase1,B_bookshelf,paging,paging,flat,2000,paging_probe_step_2_to_3,PASS,3,3,0,0,3,21.776,20.7392,23.08,21.887333333333334,1.4661737050340695,20.48,23.406,3,11303.215820312,11257.600195312,11605.712695312,11410.249674478668,236.4931824274774,11246.196289062,11681.336914062,3,-1621.7841796875,-2143.1412109375,-675.3544921875,-1444.6705729166667,930.10138324434,-2273.48046875,-438.7470703125,3,194288.0,192816.0,195299.2,194096.0,1560.881802059336,192448.0,195552.0,3,1.0,1.0,1.0,1.0,0.0,1.0,1.0,3,1.0,1.0,1.0,1.0,0.0,1.0,1.0,3,1.0,1.0,1.0,1.0,0.0,1.0,1.0,3,0.0,0.0,0.0,0.0,0.0,0.0,0.0,3,100.0,100.0,100.0,100.0,0.0,100.0,100.0,3,1.0,1.0,1.0,1.0,0.0,1.0,1.0,3,100.0,100.0,100.0,100.0,0.0,100.0,100.0,3,10.0,10.0,10.0,10.0,0.0,10.0,10.0,3,10.0,10.0,10.0,10.0,0.0,10.0,10.0,3,201.0,201.0,201.0,201.0,0.0,201.0,201.0,,,,,,,,
phase1,B_bookshelf,paging,paging,hierarchical,2000,bookshelf_cached_paging,PASS,3,90,0,0,90,185.151,175.7961,193.0565,184.77845555555558,7.766825861230354,165.461,208.381,90,25877.430175781497,17740.752343749602,34008.1758789067,25830.26856553822,6027.155183127815,16504.090820312,36092.102539062,90,1807.75,-991.7302734374435,1910.4431640625,-228.91153428821104,5919.257194512912,-18644.060546875,1969.177734375,90,220608.0,218656.0,221840.0,220508.97777777776,1179.6821222740402,218384.0,221840.0,90,0.0,0.0,0.0,0.0,0.0,0.0,0.0,90,8.0,8.0,8.0,8.0,0.0,8.0,8.0,90,0.0,0.0,0.0,0.0,0.0,0.0,0.0,90,8.0,8.0,8.0,8.0,0.0,8.0,8.0,90,64.563106796117,64.563106796117,64.563106796117,64.563106796117,0.0,64.563106796117,64.563106796117,90,1.2102970748107,1.2102970748107,1.2102970748107,1.2102970748107,0.0,1.2102970748107,1.2102970748107,90,64.563106796117,64.563106796117,64.563106796117,64.563106796117,0.0,64.563106796117,64.563106796117,90,8.0,8.0,8.0,8.0,0.0,8.0,8.0,90,8.0,8.0,8.0,8.0,0.0,8.0,8.0,90,21.0,21.0,21.0,21.0,0.0,21.0,21.0,,,,,,,,
phase1,B_bookshelf,paging,paging,hierarchical,2000,bookshelf_cached_paging_anim_off,PASS,3,90,0,0,90,8.787500000000001,7.8821,10.458700000000002,9.064533333333333,1.4858740793806455,7.073,15.448,90,27309.432617187,18261.4407226562,32841.0495117183,26266.533485243057,5411.527744719967,15857.713867188,35133.772460938,90,822.20556640625,783.53671875,865.42802734375,149.7352213541722,3020.8916464885547,-17950.637695312,927.109375,90,223712.0,223488.0,224896.0,224033.06666666668,620.6874912528468,223488.0,224896.0,90,1.0,1.0,1.0,1.0,0.0,1.0,1.0,90,1.0,1.0,1.0,1.0,0.0,1.0,1.0,90,0.0,0.0,0.0,0.0,0.0,0.0,0.0,90,1.0,1.0,1.0,1.0,0.0,1.0,1.0,90,64.563106796117,64.563106796117,64.563106796117,64.563106796117,0.0,64.563106796117,64.563106796117,90,0.64563106796117,0.64563106796117,0.64563106796117,0.64563106796117,0.0,0.64563106796117,0.64563106796117,90,64.563106796117,64.563106796117,64.563106796117,64.563106796117,0.0,64.563106796117,64.563106796117,90,8.0,8.0,8.0,8.0,0.0,8.0,8.0,90,8.0,8.0,8.0,8.0,0.0,8.0,8.0,90,21.0,21.0,21.0,21.0,0.0,21.0,21.0,,,,,,,,
phase1,B_bookshelf,paging,paging,hierarchical,2000,bookshelf_sequential_paging,PASS,3,60,0,0,60,183.865,176.6674,194.2133,185.6537,8.70385532208553,174.733,220.424,60,21929.136230468997,15938.663183594199,30170.245410155803,22736.94319661453,5779.224725512653,13108.953125,34482.9140625,60,2236.6201171875,-4081.2320312499965,2439.361328125,241.51731770831668,5338.444617610721,-16975.6015625,2581.2021484375,60,210944.0,200201.59999999998,215968.0,209281.33333333334,5706.602428488965,198848.0,217168.0,60,0.0,0.0,0.0,0.15,0.6593525329532484,0.0,3.0,60,8.0,8.0,8.0,8.15,0.6593525329532484,8.0,11.0,60,0.0,0.0,0.0,0.15,0.6593525329532484,0.0,3.0,60,8.0,8.0,8.0,8.0,0.0,8.0,8.0,60,64.563106796117,64.563106796117,64.563106796117,66.33495145631115,7.788468431324669,64.563106796117,100.0,60,1.2102970748107,1.2102970748107,1.2102970748107,1.3602970748107,0.6593525329532482,1.2102970748107,4.2102970748107,60,64.563106796117,64.563106796117,64.563106796117,66.33495145631115,7.788468431324669,64.563106796117,100.0,60,8.0,8.0,8.0,8.0,0.0,8.0,8.0,60,8.0,8.0,8.0,7.85,0.6593525329532484,5.0,8.0,60,21.0,21.0,21.0,21.0,0.0,21.0,21.0,,,,,,,,
phase1,B_bookshelf,paging,paging,hierarchical,2000,bookshelf_sequential_paging_anim_off,PASS,3,60,0,0,60,28.735500000000002,22.9394,36.7706,28.97775,6.4223002337459185,9.823,43.163,60,24735.372070313,18193.6426757808,32639.263476562002,25265.2140625001,5269.311215345609,16256.393554688,34870.553710938,60,2207.83154296875,-7208.0843749999985,2389.99267578125,156.45133463540006,5443.785896873533,-18107.96484375,2529.0185546875,60,223664.0,222864.0,224880.0,223769.33333333334,911.6040373451375,221776.0,224896.0,60,1.0,1.0,1.0,1.0166666666666666,0.12909944487358058,1.0,2.0,60,1.0,1.0,1.0,1.0166666666666666,0.12909944487358058,1.0,2.0,60,0.0,0.0,0.0,0.016666666666666666,0.12909944487358058,0.0,1.0,60,1.0,1.0,1.0,1.0,0.0,1.0,1.0,60,64.563106796117,64.563106796117,64.563106796117,65.15372168284838,4.574883240665655,64.563106796117,100.0,60,0.64563106796117,0.64563106796117,0.64563106796117,0.6622977346278371,0.12909944487358443,0.64563106796117,1.6456310679612,60,64.563106796117,64.563106796117,64.563106796117,65.15372168284838,4.574883240665655,64.563106796117,100.0,60,8.0,8.0,8.0,8.0,0.0,8.0,8.0,60,8.0,8.0,8.0,7.85,0.6593525329532484,5.0,8.0,60,21.0,21.0,21.0,21.0,0.0,21.0,21.0,,,,,,,,
phase1,B_bookshelf,paging,paging,hierarchical,2000,close_bookshelf,PASS,3,3,0,0,3,8.084,7.9504,8.3744,8.149333333333333,0.27097293837823205,7.917,8.447,3,32048.143554688,30508.8912109376,32160.815429688,31453.735026041995,1153.6678773647727,30124.078125,32188.983398438,3,217.67578125,169.66171875,227.71328125000002,201.85221354166666,38.783874685205674,157.658203125,230.22265625,3,226608.0,226416.00000000003,227516.8,226906.66666666666,735.0138320693926,226368.0,227744.0,3,1.0,1.0,1.0,1.0,0.0,1.0,1.0,3,1.0,1.0,1.0,1.0,0.0,1.0,1.0,3,1.0,1.0,1.0,1.0,0.0,1.0,1.0,3,0.0,0.0,0.0,0.0,0.0,0.0,0.0,3,100.0,100.0,100.0,100.0,0.0,100.0,100.0,3,1.0,1.0,1.0,1.0,0.0,1.0,1.0,3,100.0,100.0,100.0,100.0,0.0,100.0,100.0,,,,,,,,,,,,,,,,,,,,,,,,,,,,,,,,
phase1,B_bookshelf,paging,paging,hierarchical,2000,library_cached_paging,PASS,3,90,0,0,90,18.593,15.2706,26.240900000000003,19.788922222222222,4.152311383475873,14.08,31.875,90,11201.8193359375,9270.7595703125,13516.722558593301,11372.878266059039,1632.6708041654683,9100.1142578125,15068.514648438,90,917.8037109375,-3707.69677734375,1295.10625,56.07955729166667,2005.759696914524,-5899.392578125,1472.9921875,90,196040.0,195904.0,196624.0,196147.02222222224,619.2821683166779,192560.0,196624.0,90,1.0,1.0,1.0,1.0,0.0,1.0,1.0,90,1.0,1.0,1.0,1.0,0.0,1.0,1.0,90,1.0,1.0,1.0,1.0,0.0,1.0,1.0,90,0.0,0.0,0.0,0.0,0.0,0.0,0.0,90,100.0,100.0,100.0,100.0,0.0,100.0,100.0,90,1.0,1.0,1.0,1.0,0.0,1.0,1.0,90,100.0,100.0,100.0,100.0,0.0,100.0,100.0,90,10.0,10.0,10.0,10.0,0.0,10.0,10.0,90,10.0,10.0,10.0,10.0,0.0,10.0,10.0,90,17.0,17.0,17.0,17.0,0.0,17.0,17.0,,,,,,,,
phase1,B_bookshelf,paging,paging,hierarchical,2000,library_sequential_paging,PASS,3,48,0,0,48,14.067499999999999,13.008500000000002,16.562600000000007,15.037270833333332,3.4200560511742726,12.048,28.806,48,14138.784667968499,9640.29072265625,17761.955273437,13968.648193359324,2866.0947295638994,9019.9150390625,18320.731445312,48,551.88525390625,358.9880859375,578.08330078125,-73.281982421875,2397.2605865686837,-9269.9384765625,602.4970703125,48,178040.0,176368.0,181680.0,178522.66666666666,2080.5611899793353,175824.0,181952.0,48,1.0,1.0,1.0,1.0,0.0,1.0,1.0,48,1.0,1.0,1.0,1.0,0.0,1.0,1.0,48,1.0,1.0,1.0,1.0,0.0,1.0,1.0,48,0.0,0.0,0.0,0.0,0.0,0.0,0.0,48,100.0,100.0,100.0,100.0,0.0,100.0,100.0,48,1.0,1.0,1.0,1.0,0.0,1.0,1.0,48,100.0,100.0,100.0,100.0,0.0,100.0,100.0,48,10.0,10.0,10.0,10.0,0.0,10.0,10.0,48,10.0,10.0,10.0,9.75,0.9784921095801633,6.0,10.0,48,17.0,17.0,17.0,17.0,0.0,17.0,17.0,,,,,,,,
phase1,B_bookshelf,paging,paging,hierarchical,2000,open_bookshelf,PASS,3,3,0,0,3,105.568,102.11920000000002,105.904,104.271,2.618634567861652,101.257,105.988,3,14389.572265625,14383.706640625001,14427.559765625,14402.956380208334,29.75836841841479,14382.240234375,14437.056640625,3,2212.451171875,1173.222265625,2212.699609375,1779.5426432291667,750.0885241986161,913.4150390625,2212.76171875,3,196624.0,196444.8,200553.6,198186.66666666666,2902.7692525127336,196400.0,201536.0,3,1.0,1.0,1.0,1.0,0.0,1.0,1.0,3,1.0,1.0,1.0,1.0,0.0,1.0,1.0,3,1.0,1.0,1.0,1.0,0.0,1.0,1.0,3,0.0,0.0,0.0,0.0,0.0,0.0,0.0,3,100.0,100.0,100.0,100.0,0.0,100.0,100.0,3,1.0,1.0,1.0,1.0,0.0,1.0,1.0,3,100.0,100.0,100.0,100.0,0.0,100.0,100.0,,,,,,,,,,,,,,,,,3,21.0,21.0,21.0,21.0,0.0,21.0,21.0,,,,,,,,
phase1,B_bookshelf,paging,paging,hierarchical,2000,paging_probe_step_2_to_3,PASS,3,3,0,0,3,19.477,17.0154,21.4138,19.258333333333333,2.7555148944132632,16.4,21.898,3,9096.6689453125,9055.693945312501,9523.818164062499,9257.574869791666,324.0674480834203,9045.4501953125,9630.60546875,3,-1436.8818359375,-1491.7513671875,215.3853515625001,-771.2994791666666,1212.7054487510723,-1505.46875,628.4521484375,3,182368.0,182022.40000000002,184979.2,183312.0,2020.7562940641803,181936.0,185632.0,3,1.0,1.0,1.0,1.0,0.0,1.0,1.0,3,1.0,1.0,1.0,1.0,0.0,1.0,1.0,3,1.0,1.0,1.0,1.0,0.0,1.0,1.0,3,0.0,0.0,0.0,0.0,0.0,0.0,0.0,3,100.0,100.0,100.0,100.0,0.0,100.0,100.0,3,1.0,1.0,1.0,1.0,0.0,1.0,1.0,3,100.0,100.0,100.0,100.0,0.0,100.0,100.0,3,10.0,10.0,10.0,10.0,0.0,10.0,10.0,3,10.0,10.0,10.0,10.0,0.0,10.0,10.0,3,17.0,17.0,17.0,17.0,0.0,17.0,17.0,,,,,,,,
phase1,B_bookshelf,steady_state_cold,startup,hierarchical,2000,home_to_library,PASS,3,3,0,0,3,8.547,7.9742000000000015,8.551800000000002,8.310333333333334,0.415125683779423,7.831,8.553,3,8733.2587890625,8682.1025390625,8891.914257812501,8778.050130208334,136.74934967393148,8669.3134765625,8931.578125,3,346.95703125,341.99453125,407.115625,369.9554036458333,45.3126858025611,340.75390625,422.1552734375,3,162640.0,161705.6,173481.6,166768.0,8182.291121684684,161472.0,176192.0,3,1.0,1.0,1.0,1.0,0.0,1.0,1.0,3,1.0,1.0,1.0,1.0,0.0,1.0,1.0,3,1.0,1.0,1.0,1.0,0.0,1.0,1.0,3,0.0,0.0,0.0,0.0,0.0,0.0,0.0,3,100.0,100.0,100.0,100.0,0.0,100.0,100.0,3,1.0,1.0,1.0,1.0,0.0,1.0,1.0,3,100.0,100.0,100.0,100.0,0.0,100.0,100.0,,,,,,,,,,,,,,,,,,,,,,,,,,,,,,,,
phase1,B_bookshelf,steady_state_cold,startup,hierarchical,2000,library_first_render,PASS,3,3,0,0,3,7.804,7.781600000000001,8.775200000000002,8.199333333333334,0.7091243426461497,7.776,9.018,3,9075.1416015625,9009.1837890625,9242.8251953125,9117.52734375,150.56882368515636,8992.6943359375,9284.74609375,3,334.625,319.8234375,340.94062499999995,331.0891927083333,13.548802409909046,316.123046875,342.51953125,3,171088.0,170153.6,175363.2,172480.0,3472.0,169920.0,176432.0,3,1.0,1.0,1.0,1.0,0.0,1.0,1.0,3,1.0,1.0,1.0,1.0,0.0,1.0,1.0,3,1.0,1.0,1.0,1.0,0.0,1.0,1.0,3,0.0,0.0,0.0,0.0,0.0,0.0,0.0,3,100.0,100.0,100.0,100.0,0.0,100.0,100.0,3,1.0,1.0,1.0,1.0,0.0,1.0,1.0,3,100.0,100.0,100.0,100.0,0.0,100.0,100.0,,,,,,,,,,,,,,,,,,,,,,,,,,,,,,,,
phase1,B_bookshelf,warm,synthetic,flat,2000,bookshelf_cached_paging,PASS,1,30,0,0,30,159.233,158.6761,166.21800000000002,160.79423333333335,3.705164705570089,158.362,171.546,30,36422.0625,24577.1180664067,47827.40830078079,36197.10595703116,9382.72265019897,22586.720703125,49782.5703125,30,707.7783203125,616.208203125,758.5777343750001,-228.13942057290006,3745.2972497559613,-17448.438476562,1004.7314453125,30,283808.0,283808.0,283808.0,283808.0,0.0,283808.0,283808.0,30,0.0,0.0,0.0,0.0,0.0,0.0,0.0,30,8.0,8.0,8.0,8.0,0.0,8.0,8.0,30,0.0,0.0,0.0,0.0,0.0,0.0,0.0,30,8.0,8.0,8.0,8.0,0.0,8.0,8.0,30,64.563106796117,64.563106796117,64.563106796117,64.563106796117,0.0,64.563106796117,64.563106796117,30,1.2102970748107,1.2102970748107,1.2102970748107,1.2102970748107,0.0,1.2102970748107,1.2102970748107,30,64.563106796117,64.563106796117,64.563106796117,64.563106796117,0.0,64.563106796117,64.563106796117,30,8.0,8.0,8.0,8.0,0.0,8.0,8.0,30,8.0,8.0,8.0,8.0,0.0,8.0,8.0,30,250.0,250.0,250.0,250.0,0.0,250.0,250.0,,,,,,,,
phase1,B_bookshelf,warm,synthetic,flat,2000,bookshelf_cached_paging_anim_off,PASS,1,30,0,0,30,8.081,7.239,8.7865,8.183966666666667,1.0113562244054655,6.98,12.707,30,38459.8256835935,30517.021484375,47301.3674804692,38728.34462890626,6230.504368238343,29214.711914062,48743.848632812,30,703.9423828125,657.2283203125,802.7185546875,26.093098958333332,3444.499180447768,-18111.880859375,860.896484375,30,283808.0,283808.0,283808.0,283808.0,0.0,283808.0,283808.0,30,1.0,1.0,1.0,1.0,0.0,1.0,1.0,30,1.0,1.0,1.0,1.0,0.0,1.0,1.0,30,0.0,0.0,0.0,0.0,0.0,0.0,0.0,30,1.0,1.0,1.0,1.0,0.0,1.0,1.0,30,64.563106796117,64.563106796117,64.563106796117,64.563106796117,0.0,64.563106796117,64.563106796117,30,0.64563106796117,0.64563106796117,0.64563106796117,0.64563106796117,0.0,0.64563106796117,0.64563106796117,30,64.563106796117,64.563106796117,64.563106796117,64.563106796117,0.0,64.563106796117,64.563106796117,30,8.0,8.0,8.0,8.0,0.0,8.0,8.0,30,8.0,8.0,8.0,8.0,0.0,8.0,8.0,30,250.0,250.0,250.0,250.0,0.0,250.0,250.0,,,,,,,,
phase1,B_bookshelf,warm,synthetic,flat,2000,bookshelf_first_render,PASS,1,10,0,0,10,12.34,8.7225,37.53809999999999,17.1733,11.33169676468033,8.628,38.448,10,28898.43359375,26585.7138671875,43266.6577148442,31346.4915039064,6795.4863124488975,25230.4140625,44468.8125,10,1376.8701171875,-7316.9098632812,1526.673046875,-1226.4354492187001,6233.5791165899345,-17605.348632812,1737.357421875,10,283808.0,283808.0,283808.0,283808.0,0.0,283808.0,283808.0,10,1.0,1.0,1.0,1.0,0.0,1.0,1.0,10,1.0,1.0,1.0,1.0,0.0,1.0,1.0,10,1.0,1.0,1.0,1.0,0.0,1.0,1.0,10,0.0,0.0,0.0,0.0,0.0,0.0,0.0,10,100.0,100.0,100.0,100.0,0.0,100.0,100.0,10,1.0,1.0,1.0,1.0,0.0,1.0,1.0,10,100.0,100.0,100.0,100.0,0.0,100.0,100.0,,,,,,,,,,,,,,,,,10,250.0,250.0,250.0,250.0,0.0,250.0,250.0,,,,,,,,
phase1,B_bookshelf,warm,synthetic,flat,2000,bookshelf_sequential_paging,PASS,1,30,0,0,30,160.7115,158.3792,186.02839999999998,169.92976666666667,17.769490895009234,157.832,244.332,30,36322.74609375,28516.909765625,54115.3766601558,39780.5157877604,10095.449951549508,24358.2734375,59389.067382812,30,1726.216796875,466.596582031253,1918.97197265625,171.95022786458333,5636.457718175667,-27067.287109375,2124.0185546875,30,283808.0,283808.0,283808.0,283808.0,0.0,283808.0,283808.0,30,0.0,0.0,0.0,0.3333333333333333,1.8257418583505538,0.0,10.0,30,8.0,8.0,8.0,8.333333333333334,1.8257418583505538,8.0,18.0,30,0.0,0.0,0.0,0.3333333333333333,1.8257418583505538,0.0,10.0,30,8.0,8.0,8.0,8.0,0.0,8.0,8.0,30,64.563106796117,64.563106796117,64.563106796117,65.74433656957976,6.469861925222746,64.563106796117,100.0,30,1.2102970748107,1.2102970748107,1.2102970748107,1.5436304081440433,1.8257418583506086,1.2102970748107,11.210297074811,30,64.563106796117,64.563106796117,64.563106796117,65.74433656957976,6.469861925222746,64.563106796117,100.0,30,8.0,8.0,8.0,8.0,0.0,8.0,8.0,30,8.0,8.0,8.0,8.0,0.0,8.0,8.0,30,250.0,250.0,250.0,250.0,0.0,250.0,250.0,,,,,,,,
phase1,B_bookshelf,warm,synthetic,flat,2000,bookshelf_sequential_paging_anim_off,PASS,1,30,0,0,30,23.1725,17.668100000000003,29.850900000000014,23.928,6.695945999452669,9.168,42.099,30,37085.8686523435,24931.9898437496,45812.6026367187,36371.70380859377,7703.70286235015,23275.462890625,47245.045898438,30,1620.06884765625,-821.6557617187461,1771.8021484375001,-221.71373697916667,5572.758467327893,-23413.916015625,1917.3759765625,30,283808.0,283808.0,283808.0,283808.0,0.0,283808.0,283808.0,30,1.0,1.0,1.0,1.0,0.0,1.0,1.0,30,1.0,1.0,1.0,1.0,0.0,1.0,1.0,30,0.0,0.0,0.0,0.0,0.0,0.0,0.0,30,1.0,1.0,1.0,1.0,0.0,1.0,1.0,30,64.563106796117,64.563106796117,64.563106796117,64.563106796117,0.0,64.563106796117,64.563106796117,30,0.64563106796117,0.64563106796117,0.64563106796117,0.64563106796117,0.0,0.64563106796117,0.64563106796117,30,64.563106796117,64.563106796117,64.563106796117,64.563106796117,0.0,64.563106796117,64.563106796117,30,8.0,8.0,8.0,8.0,0.0,8.0,8.0,30,8.0,8.0,8.0,8.0,0.0,8.0,8.0,30,250.0,250.0,250.0,250.0,0.0,250.0,250.0,,,,,,,,
phase1,B_bookshelf,warm,synthetic,flat,2000,change_sort_mode,PASS,1,10,0,0,10,97.29849999999999,92.72980000000001,154.43050000000002,116.8676,29.76105395833809,90.181,158.656,10,33691.291503906,24623.19609375,42672.2631835938,31902.2995117187,7139.064559818906,24620.794921875,42788.643554688,10,8926.36376953125,-18052.910839843702,9132.492871093751,7.05644531254984,12059.802830339087,-18150.774414062,9154.62109375,10,283808.0,283808.0,283808.0,283808.0,0.0,283808.0,283808.0,10,2.0,2.0,2.0,2.0,0.0,2.0,2.0,10,2.0,2.0,2.0,2.0,0.0,2.0,2.0,10,2.0,2.0,2.0,2.0,0.0,2.0,2.0,10,0.0,0.0,0.0,0.0,0.0,0.0,0.0,10,100.0,100.0,100.0,100.0,0.0,100.0,100.0,10,2.0,2.0,2.0,2.0,0.0,2.0,2.0,10,100.0,100.0,100.0,100.0,0.0,100.0,100.0,,,,,,,,,,,,,,,,,,,,,,,,,,,,,,,,
phase1,B_bookshelf,warm,synthetic,flat,2000,close_book,PASS,1,10,0,0,10,74.83250000000001,48.3301,79.5991,68.4517,14.206525949952251,47.665,82.921,10,22330.233398438,21418.356445313,27716.1433593746,23670.8873046878,2778.6307834698578,21207.331054688,27925.795898438,10,-666.30029296875,-2073.7587890625,5527.1662109375,888.2841796875,3253.142193032225,-2270.7919921875,5530.3759765625,10,283808.0,283808.0,283808.0,283808.0,0.0,283808.0,283808.0,10,4.0,4.0,4.0,4.0,0.0,4.0,4.0,10,4.0,4.0,4.0,4.0,0.0,4.0,4.0,10,3.0,3.0,3.0,3.0,0.0,3.0,3.0,10,1.0,1.0,1.0,1.0,0.0,1.0,1.0,10,100.0,100.0,100.0,100.0,0.0,100.0,100.0,10,3.0983009708738,3.0983009708738,3.0983009708738,3.0983009708738,0.0,3.0983009708738,3.0983009708738,10,100.0,100.0,100.0,100.0,0.0,100.0,100.0,,,,,,,,,,,,,,,,,,,,,,,,,,,,,,,,
phase1,B_bookshelf,warm,synthetic,flat,2000,close_bookshelf,PASS,1,10,0,0,10,7.7315000000000005,7.236199999999999,8.4903,7.7752,0.5914550419657156,6.617,8.511,10,27480.978515625,23873.628417968303,30975.280664062004,27452.046679687202,2996.690599081368,22941.201171875,31886.903320312,10,44.6806640625,34.0443359375,62.148242187499996,48.01591796875,13.62825964841936,32.6416015625,74.50390625,10,284640.0,284363.2,284811.2,284606.4,220.73171246762186,284176.0,284912.0,10,1.0,1.0,1.0,1.0,0.0,1.0,1.0,10,1.0,1.0,1.0,1.0,0.0,1.0,1.0,10,1.0,1.0,1.0,1.0,0.0,1.0,1.0,10,0.0,0.0,0.0,0.0,0.0,0.0,0.0,10,100.0,100.0,100.0,100.0,0.0,100.0,100.0,10,1.0,1.0,1.0,1.0,0.0,1.0,1.0,10,100.0,100.0,100.0,100.0,0.0,100.0,100.0,,,,,,,,,,,,,,,,,,,,,,,,,,,,,,,,
phase1,B_bookshelf,warm,synthetic,flat,2000,close_quick_settings,PASS,1,10,0,0,10,8.5415,7.5344999999999995,8.8363,8.368,0.5596056150937414,7.512,9.163,10,38826.981445313,37818.403320312,39815.362011718695,38827.4541992186,835.3308497807541,37564.047851562,40055.379882812,10,37.04541015625,28.985449218750002,68.399609375,43.66396484375,17.5840445126083,28.30078125,81.189453125,10,284912.0,284912.0,284912.0,284912.0,0.0,284912.0,284912.0,10,3.0,3.0,3.0,3.0,0.0,3.0,3.0,10,3.0,3.0,3.0,3.0,0.0,3.0,3.0,10,3.0,3.0,3.0,3.0,0.0,3.0,3.0,10,0.0,0.0,0.0,0.0,0.0,0.0,0.0,10,100.0,100.0,100.0,100.0,0.0,100.0,100.0,10,3.0,3.0,3.0,3.0,0.0,3.0,3.0,10,100.0,100.0,100.0,100.0,0.0,100.0,100.0,,,,,,,,,,,,,,,,,,,,,,,,,,,,,,,,
phase1,B_bookshelf,warm,synthetic,flat,2000,home_to_library,PASS,1,10,0,0,10,93.6915,69.3546,116.33649999999997,96.6662,33.74206635574584,51.846,181.402,10,56054.08984375,47859.25966796921,67087.9654296875,56997.209375,8279.275467435004,45814.9140625,69879.7109375,10,5836.8466796875,3014.3059570312507,6419.4919921875,3836.20048828125,7079.761197133954,-16226.794921875,7653.369140625,10,235952.0,223200.0,257248.0,237473.6,14124.196191091529,223200.0,257248.0,10,6.0,4.0,9.599999999999998,7.0,3.3665016461206925,4.0,15.0,10,6.0,4.0,9.599999999999998,7.0,3.3665016461206925,4.0,15.0,10,6.0,4.0,9.599999999999998,7.0,3.3665016461206925,4.0,15.0,10,0.0,0.0,0.0,0.0,0.0,0.0,0.0,10,100.0,100.0,100.0,100.0,0.0,100.0,100.0,10,6.0,4.0,9.599999999999998,7.0,3.3665016461206925,4.0,15.0,10,100.0,100.0,100.0,100.0,0.0,100.0,100.0,,,,,,,,,,,,,,,,,,,,,,,,,,,,,,,,
phase1,B_bookshelf,warm,synthetic,flat,2000,library_cached_paging,PASS,1,30,0,0,30,30.8795,17.766199999999998,132.2869,50.801399999999994,42.974579778571744,15.951,152.853,30,64737.2006835935,36042.9439453125,76478.77919921871,62119.7938476563,14079.814868989828,34324.060546875,80566.49609375,30,1023.95654296875,-2623.227343749999,1947.27548828125,-1089.1938476562666,7579.077485287216,-30930.581054688,3080.0048828125,30,283808.0,282640.0,283808.0,283427.2,530.267232563954,282640.0,283808.0,30,1.0,1.0,6.300000000000004,2.5,2.6749154031096203,1.0,10.0,30,1.0,1.0,6.300000000000004,2.5,2.6749154031096203,1.0,10.0,30,1.0,1.0,6.300000000000004,2.5,2.6749154031096203,1.0,10.0,30,0.0,0.0,0.0,0.0,0.0,0.0,0.0,30,100.0,100.0,100.0,100.0,0.0,100.0,100.0,30,1.0,1.0,6.300000000000004,2.5,2.6749154031096203,1.0,10.0,30,100.0,100.0,100.0,100.0,0.0,100.0,100.0,30,10.0,10.0,10.0,10.0,0.0,10.0,10.0,30,10.0,10.0,10.0,10.0,0.0,10.0,10.0,30,201.0,201.0,201.0,201.0,0.0,201.0,201.0,,,,,,,,
phase1,B_bookshelf,warm,synthetic,flat,2000,library_first_render,PASS,1,10,0,0,10,82.4685,65.2968,160.72449999999998,97.5334,41.943684597326445,57.321,188.377,10,69087.584472656,59265.1275390625,79521.00361328121,69210.11992187491,9141.567993442404,54353.892578125,84762.270507812,10,5003.81982421875,-13046.3079101563,5527.862890625,491.46601562495016,10554.839837052477,-25443.749023438,5819.2080078125,10,273984.0,268539.2,279632.0,273920.0,5292.118080483256,268496.0,279632.0,10,3.0,1.0,7.599999999999998,4.3,3.5292429153510465,1.0,13.0,10,3.0,1.0,7.599999999999998,4.3,3.5292429153510465,1.0,13.0,10,3.0,1.0,7.599999999999998,4.3,3.5292429153510465,1.0,13.0,10,0.0,0.0,0.0,0.0,0.0,0.0,0.0,10,100.0,100.0,100.0,100.0,0.0,100.0,100.0,10,3.0,1.0,7.599999999999998,4.3,3.5292429153510465,1.0,13.0,10,100.0,100.0,100.0,100.0,0.0,100.0,100.0,,,,,,,,,,,,,,,,,,,,,,,,,,,,,,,,
phase1,B_bookshelf,warm,synthetic,flat,2000,library_folder_back,PASS,1,10,0,0,10,123.755,85.90820000000001,131.9469,111.5568,21.99181847768746,84.542,134.619,10,24827.87109375,24780.638671875,35844.0306640625,29205.6331054688,5685.7511288485775,24756.556640625,35934.623046875,10,-122.4365234375,-11199.937988281199,10916.7117187504,-120.0177734375,10380.385144339269,-11232.918945312,10985.000976562,10,283808.0,283808.0,283808.0,283808.0,0.0,283808.0,283808.0,10,3.0,3.0,3.0,3.0,0.0,3.0,3.0,10,3.0,3.0,3.0,3.0,0.0,3.0,3.0,10,2.0,2.0,2.0,2.0,0.0,2.0,2.0,10,1.0,1.0,1.0,1.0,0.0,1.0,1.0,10,100.0,100.0,100.0,100.0,0.0,100.0,100.0,10,2.0983009708738,2.0983009708738,2.0983009708738,2.0983009708738,0.0,2.0983009708738,2.0983009708738,10,100.0,100.0,100.0,100.0,0.0,100.0,100.0,,,,,,,,,,,,,,,,,,,,,,,,,,,,,,,,
phase1,B_bookshelf,warm,synthetic,flat,2000,library_folder_enter,PASS,1,10,0,0,10,8.652999999999999,4.6198,13.723199999999984,11.8522,15.370465797901002,4.555,55.206,10,31345.787597656497,26667.5262695317,39058.483984374594,33060.7376953126,7770.609616743908,24781.287109375,48712.975585938,10,124.380859375,-1195.9922851562496,135.96728515625,-1184.69453125,4144.990485109632,-12981.51953125,142.02734375,10,283808.0,283808.0,283808.0,283808.0,0.0,283808.0,283808.0,10,2.0,2.0,2.0,2.0,0.0,2.0,2.0,10,2.0,2.0,2.0,2.0,0.0,2.0,2.0,10,1.0,1.0,1.0,1.0,0.0,1.0,1.0,10,1.0,1.0,1.0,1.0,0.0,1.0,1.0,10,100.0,100.0,100.0,100.0,0.0,100.0,100.0,10,1.0983009708738,1.0983009708738,1.0983009708738,1.0983009708738,0.0,1.0983009708738,1.0983009708738,10,100.0,100.0,100.0,100.0,0.0,100.0,100.0,,,,,,,,,,,,,,,,,,,,,,,,,,,,,,,,
phase1,B_bookshelf,warm,synthetic,flat,2000,library_sequential_paging,PASS,1,30,0,0,30,24.841,20.207800000000002,151.9343,51.05246666666667,57.91936228676682,14.904,262.452,30,70165.5219726565,67475.945703125,72652.5749023437,70107.14589843743,1968.7945284617053,67252.580078125,73722.438476562,30,563.58984375,-1261.4307617187487,953.2055664062503,-13.47900390625,1917.5190273238295,-6305.0537109375,1179.130859375,30,282560.0,282507.2,282608.0,282470.4,537.6932595628388,279632.0,282608.0,30,1.0,1.0,3.1000000000000014,1.5333333333333334,1.0080138659874618,1.0,4.0,30,1.0,1.0,3.1000000000000014,1.5333333333333334,1.0080138659874618,1.0,4.0,30,1.0,1.0,3.1000000000000014,1.5333333333333334,1.0080138659874618,1.0,4.0,30,0.0,0.0,0.0,0.0,0.0,0.0,0.0,30,100.0,100.0,100.0,100.0,0.0,100.0,100.0,30,1.0,1.0,3.1000000000000014,1.5333333333333334,1.0080138659874618,1.0,4.0,30,100.0,100.0,100.0,100.0,0.0,100.0,100.0,30,10.0,10.0,10.0,10.0,0.0,10.0,10.0,30,10.0,10.0,10.0,10.0,0.0,10.0,10.0,30,201.0,201.0,201.0,201.0,0.0,201.0,201.0,,,,,,,,
phase1,B_bookshelf,warm,synthetic,flat,2000,open_book,PASS,1,10,0,0,10,60.908,58.412699999999994,65.25080000000001,61.4517,2.854191773125587,57.51,65.996,10,22797.0859375,22291.604101562003,23162.052343750398,22760.0325195311,378.78910081073826,22099.524414062,23264.801757812,10,948.4189453125,-496.50830078125,978.44775390625,500.6470703125,1076.7900580736446,-2353.0966796875,1001.998046875,10,283808.0,283808.0,283808.0,283808.0,0.0,283808.0,283808.0,10,9.0,9.0,9.0,9.0,0.0,9.0,9.0,10,9.0,9.0,9.0,9.0,0.0,9.0,9.0,10,9.0,9.0,9.0,9.0,0.0,9.0,9.0,10,0.0,0.0,0.0,0.0,0.0,0.0,0.0,10,100.0,100.0,100.0,100.0,0.0,100.0,100.0,10,9.0,9.0,9.0,9.0,0.0,9.0,9.0,10,100.0,100.0,100.0,100.0,0.0,100.0,100.0,,,,,,,,,,,,,,,,,,,,,,,,,,,,,,,,
phase1,B_bookshelf,warm,synthetic,flat,2000,open_book_minimal,PASS,1,10,0,0,10,113.4385,107.57499999999999,117.58179999999999,112.7356,4.776211892749782,104.425,118.264,10,27133.604492188,26346.723242187996,27617.970898437998,27012.079492188,517.5324164506314,26340.268554688,27647.600585938,10,-5298.84228515625,-5735.3615234375,-5211.710839843749,-5472.88505859375,386.58935950867675,-6431.6240234375,-5114.01953125,10,283808.0,283808.0,283808.0,283808.0,0.0,283808.0,283808.0,10,0.0,0.0,0.0,0.0,0.0,0.0,0.0,10,0.0,0.0,0.0,0.0,0.0,0.0,0.0,10,0.0,0.0,0.0,0.0,0.0,0.0,0.0,10,0.0,0.0,0.0,0.0,0.0,0.0,0.0,10,0.0,0.0,0.0,0.0,0.0,0.0,0.0,10,0.0,0.0,0.0,0.0,0.0,0.0,0.0,10,0.0,0.0,0.0,0.0,0.0,0.0,0.0,,,,,,,,,,,,,,,,,,,,,,,,,,,,,,,,
phase1,B_bookshelf,warm,synthetic,flat,2000,open_bookshelf,PASS,1,10,0,0,10,11.336500000000001,9.8316,14.726099999999999,12.403400000000001,2.906552260745443,9.684,19.452,10,33666.3989257815,27927.840527343702,39059.169140625,33562.8748046876,4685.922680261413,26398.075195312,40410.26953125,10,1492.8955078125,1455.294921875,1617.5729492187497,1546.3537109375,137.27658143727453,1450.337890625,1905.9833984375,10,283808.0,283808.0,283808.0,283808.0,0.0,283808.0,283808.0,10,1.0,1.0,1.0,1.0,0.0,1.0,1.0,10,1.0,1.0,1.0,1.0,0.0,1.0,1.0,10,1.0,1.0,1.0,1.0,0.0,1.0,1.0,10,0.0,0.0,0.0,0.0,0.0,0.0,0.0,10,100.0,100.0,100.0,100.0,0.0,100.0,100.0,10,1.0,1.0,1.0,1.0,0.0,1.0,1.0,10,100.0,100.0,100.0,100.0,0.0,100.0,100.0,,,,,,,,,,,,,,,,,10,250.0,250.0,250.0,250.0,0.0,250.0,250.0,,,,,,,,
phase1,B_bookshelf,warm,synthetic,flat,2000,open_quick_settings,PASS,1,10,0,0,10,8.312000000000001,8.0734,8.7001,8.3675,0.2932667538076708,8.014,8.944,10,35484.109863281,34353.918554688,36435.281640625406,35423.0333984375,882.9501603704742,34002.405273438,36678.047851562,10,240.06689453125,223.93955078124998,292.66337890625,249.59365234375,30.469465558205524,217.111328125,311.2548828125,10,284912.0,284912.0,284912.0,284912.0,0.0,284912.0,284912.0,10,2.0,2.0,2.0,2.0,0.0,2.0,2.0,10,2.0,2.0,2.0,2.0,0.0,2.0,2.0,10,2.0,2.0,2.0,2.0,0.0,2.0,2.0,10,0.0,0.0,0.0,0.0,0.0,0.0,0.0,10,100.0,100.0,100.0,100.0,0.0,100.0,100.0,10,2.0,2.0,2.0,2.0,0.0,2.0,2.0,10,100.0,100.0,100.0,100.0,0.0,100.0,100.0,,,,,,,,,,,,,,,,,,,,,,,,,,,,,,,,
phase1,B_bookshelf,warm,synthetic,flat,2000,repeated_nav,PASS,1,2,0,0,2,254.8315,234.2471,275.4159,254.8315,36.38842206664093,229.101,280.562,2,22521.719726562,21861.825976562002,23181.613476562,22521.719726562,1166.5383637190507,21696.852539062,23346.586914062,2,-398.42578125,-2285.45078125,1488.59921875,-398.42578125,3335.8204344213623,-2757.20703125,1960.35546875,2,287904.0,287878.4,287929.6,287904.0,45.254833995939045,287872.0,287936.0,2,10.0,10.0,10.0,10.0,0.0,10.0,10.0,2,10.0,10.0,10.0,10.0,0.0,10.0,10.0,2,10.0,10.0,10.0,10.0,0.0,10.0,10.0,2,0.0,0.0,0.0,0.0,0.0,0.0,0.0,2,100.0,100.0,100.0,100.0,0.0,100.0,100.0,2,10.0,10.0,10.0,10.0,0.0,10.0,10.0,2,100.0,100.0,100.0,100.0,0.0,100.0,100.0,,,,,,,,,,,,,,,,,,,,,,,,,,,,,,,,
phase1,B_bookshelf,warm,synthetic,flat,2000,start_to_home,UNSUPPORTED,1,0,0,10,,,,,,,,,,,,,,,,,,,,,,,,,,,,,,,,,,,,,,,,,,,,,,,,,,,,,,,,,,,,,,,,,,,,,,,,,,,,,,,,,,,,,,,,,,,,,,,,,,,,,,,,,,,,,,,,,,,,,,,,
phase1,B_bookshelf,warm,synthetic,flat,50,bookshelf_cached_paging,PASS,1,30,0,0,30,159.9405,158.97359999999998,164.93680000000003,161.80613333333335,5.4973695072143896,158.001,183.744,30,30384.4580078125,21861.843164062004,42868.67880859421,31838.9320963542,8207.693961594621,19683.033203125,44902.03515625,30,753.41552734375,660.1916015625001,1272.0650390625,-33.03619791665005,3804.7134766154604,-19106.911132812,1332.810546875,30,273472.0,273472.0,273472.0,273472.0,0.0,273472.0,273472.0,30,0.0,0.0,0.0,0.0,0.0,0.0,0.0,30,8.0,8.0,8.0,8.0,0.0,8.0,8.0,30,0.0,0.0,0.0,0.0,0.0,0.0,0.0,30,8.0,8.0,8.0,8.0,0.0,8.0,8.0,30,64.563106796117,64.563106796117,64.563106796117,64.563106796117,0.0,64.563106796117,64.563106796117,30,1.2102970748107,1.2102970748107,1.2102970748107,1.2102970748107,0.0,1.2102970748107,1.2102970748107,30,64.563106796117,64.563106796117,64.563106796117,64.563106796117,0.0,64.563106796117,64.563106796117,30,8.0,8.0,8.0,8.0,0.0,8.0,8.0,30,8.0,8.0,8.0,8.0,0.0,8.0,8.0,30,7.0,7.0,7.0,7.0,0.0,7.0,7.0,,,,,,,,
phase1,B_bookshelf,warm,synthetic,flat,50,bookshelf_cached_paging_anim_off,PASS,1,30,0,0,30,7.7575,7.288,8.6318,8.016733333333333,1.0828978343039708,7.1,12.999,30,30182.926269531003,22047.561035156697,37837.4170898442,30283.59716796867,6358.826235527666,20105.520507812,41635.137695312,30,675.23291015625,660.036328125,734.0650390625,-63.63766276041667,3369.8757855767044,-17275.05859375,742.6337890625,30,273712.0,273664.0,273776.0,273717.3333333333,36.46948023355621,273664.0,273776.0,30,1.0,1.0,1.0,1.0,0.0,1.0,1.0,30,1.0,1.0,1.0,1.0,0.0,1.0,1.0,30,0.0,0.0,0.0,0.0,0.0,0.0,0.0,30,1.0,1.0,1.0,1.0,0.0,1.0,1.0,30,64.563106796117,64.563106796117,64.563106796117,64.563106796117,0.0,64.563106796117,64.563106796117,30,0.64563106796117,0.64563106796117,0.64563106796117,0.64563106796117,0.0,0.64563106796117,0.64563106796117,30,64.563106796117,64.563106796117,64.563106796117,64.563106796117,0.0,64.563106796117,64.563106796117,30,8.0,8.0,8.0,8.0,0.0,8.0,8.0,30,8.0,8.0,8.0,8.0,0.0,8.0,8.0,30,7.0,7.0,7.0,7.0,0.0,7.0,7.0,,,,,,,,
phase1,B_bookshelf,warm,synthetic,flat,50,bookshelf_first_render,PASS,1,10,0,0,10,13.2195,10.9421,30.355799999999995,17.3812,10.514888965441127,10.763,43.134,10,21380.031738281003,18336.112109375,34693.5648437504,23500.8320312499,6484.2228383058,17708.0703125,36105.856445312,10,1568.8466796875,-5831.46113281245,1714.28251953125,-985.2984374999502,6408.713363649986,-18400.411132812,1719.0751953125,10,263088.0,263081.6,263088.0,263081.6,20.23857702507763,263024.0,263088.0,10,1.0,1.0,1.0,1.0,0.0,1.0,1.0,10,1.0,1.0,1.0,1.0,0.0,1.0,1.0,10,1.0,1.0,1.0,1.0,0.0,1.0,1.0,10,0.0,0.0,0.0,0.0,0.0,0.0,0.0,10,100.0,100.0,100.0,100.0,0.0,100.0,100.0,10,1.0,1.0,1.0,1.0,0.0,1.0,1.0,10,100.0,100.0,100.0,100.0,0.0,100.0,100.0,,,,,,,,,,,,,,,,,10,7.0,7.0,7.0,7.0,0.0,7.0,7.0,,,,,,,,
phase1,B_bookshelf,warm,synthetic,flat,50,bookshelf_sequential_paging,PASS,1,6,0,0,6,162.764,160.029,167.6045,163.46583333333334,3.964673626752482,159.559,170.708,6,24849.2890625,21547.4111328125,26166.845214843997,24187.848470052166,2256.6847369137217,20755.203125,26404.109375,6,1537.81591796875,-2247.22998046875,1668.1005859375,319.5621744791667,2723.2961982122465,-5188.0263671875,1688.54296875,6,268728.0,268456.0,268848.0,268677.3333333333,187.04723111200195,268416.0,268848.0,6,0.0,0.0,0.0,0.0,0.0,0.0,0.0,6,8.0,8.0,8.0,8.0,0.0,8.0,8.0,6,0.0,0.0,0.0,0.0,0.0,0.0,0.0,6,8.0,8.0,8.0,8.0,0.0,8.0,8.0,6,64.563106796117,64.563106796117,64.563106796117,64.563106796117,0.0,64.563106796117,64.563106796117,6,1.2102970748107,1.2102970748107,1.2102970748107,1.2102970748107,0.0,1.2102970748107,1.2102970748107,6,64.563106796117,64.563106796117,64.563106796117,64.563106796117,0.0,64.563106796117,64.563106796117,6,8.0,8.0,8.0,8.0,0.0,8.0,8.0,6,8.0,5.0,8.0,7.0,2.449489742783178,2.0,8.0,6,7.0,7.0,7.0,7.0,0.0,7.0,7.0,,,,,,,,
phase1,B_bookshelf,warm,synthetic,flat,50,bookshelf_sequential_paging_anim_off,PASS,1,6,0,0,6,15.0205,11.065999999999999,21.394,15.826833333333333,5.287615622061296,9.283,24.82,6,34301.567871094,31218.9736328125,37116.037109375,34212.19287109383,2729.2358145646012,30538.16015625,37446.915039062,6,1476.1875,667.10986328125,1641.99560546875,1261.7643229166667,472.9042585104416,658.107421875,1675.23046875,6,273472.0,273472.0,273600.0,273514.6666666667,66.09891577527326,273472.0,273600.0,6,1.0,1.0,1.0,1.0,0.0,1.0,1.0,6,1.0,1.0,1.0,1.0,0.0,1.0,1.0,6,0.0,0.0,0.0,0.0,0.0,0.0,0.0,6,1.0,1.0,1.0,1.0,0.0,1.0,1.0,6,64.563106796117,64.563106796117,64.563106796117,64.563106796117,0.0,64.563106796117,64.563106796117,6,0.64563106796117,0.64563106796117,0.64563106796117,0.64563106796117,0.0,0.64563106796117,0.64563106796117,6,64.563106796117,64.563106796117,64.563106796117,64.563106796117,0.0,64.563106796117,64.563106796117,6,8.0,8.0,8.0,8.0,0.0,8.0,8.0,6,8.0,5.0,8.0,7.0,2.449489742783178,2.0,8.0,6,7.0,7.0,7.0,7.0,0.0,7.0,7.0,,,,,,,,
phase1,B_bookshelf,warm,synthetic,flat,50,change_sort_mode,PASS,1,10,0,0,10,39.458,28.619,65.95190000000001,44.5349,16.52163147344851,24.38,70.172,10,15897.7802734375,14652.793359375,18092.2521484375,16073.0208007812,1412.196442862671,14638.154296875,18242.283203125,10,1140.11767578125,-3444.8501953124996,2249.08486328125,122.2337890625,2297.21936302395,-3480.01171875,2452.4716796875,10,249792.0,249792.0,249792.0,249792.0,0.0,249792.0,249792.0,10,2.0,2.0,2.0,2.0,0.0,2.0,2.0,10,2.0,2.0,2.0,2.0,0.0,2.0,2.0,10,2.0,2.0,2.0,2.0,0.0,2.0,2.0,10,0.0,0.0,0.0,0.0,0.0,0.0,0.0,10,100.0,100.0,100.0,100.0,0.0,100.0,100.0,10,2.0,2.0,2.0,2.0,0.0,2.0,2.0,10,100.0,100.0,100.0,100.0,0.0,100.0,100.0,,,,,,,,,,,,,,,,,,,,,,,,,,,,,,,,
phase1,B_bookshelf,warm,synthetic,flat,50,close_book,PASS,1,10,0,0,10,35.1805,21.942800000000002,43.25150000000001,34.3138,7.899700722882552,20.276,44.84,10,15536.549804688,14903.059570312998,18313.24609375,15998.513671875402,1352.8043006573407,14802.530273438,18706.029296875,10,-649.091796875,-1316.50537109375,1728.0312499999998,-296.059375,1310.0031222429027,-1901.228515625,2422.455078125,10,260336.0,260336.0,260336.0,260336.0,0.0,260336.0,260336.0,10,4.0,4.0,4.0,4.0,0.0,4.0,4.0,10,4.0,4.0,4.0,4.0,0.0,4.0,4.0,10,3.0,3.0,3.0,3.0,0.0,3.0,3.0,10,1.0,1.0,1.0,1.0,0.0,1.0,1.0,10,100.0,100.0,100.0,100.0,0.0,100.0,100.0,10,3.0983009708738,3.0983009708738,3.0983009708738,3.0983009708738,0.0,3.0983009708738,3.0983009708738,10,100.0,100.0,100.0,100.0,0.0,100.0,100.0,,,,,,,,,,,,,,,,,,,,,,,,,,,,,,,,
phase1,B_bookshelf,warm,synthetic,flat,50,close_bookshelf,PASS,1,10,0,0,10,8.586500000000001,7.715999999999999,8.8794,8.3839,0.5847980563123195,6.987,8.901,10,39427.9189453125,22060.760644531303,43242.921679687,33991.689160156195,9891.7120665217,21249.116210938,44105.504882812,10,58.12939453125,-79.46318359374997,98.25888671874999,-42.89912109375,343.03458401277436,-1014.96484375,130.3486328125,10,279608.0,279148.8,279969.6,279566.4,345.4295876151897,278976.0,279984.0,10,1.0,1.0,1.0,1.0,0.0,1.0,1.0,10,1.0,1.0,1.0,1.0,0.0,1.0,1.0,10,1.0,1.0,1.0,1.0,0.0,1.0,1.0,10,0.0,0.0,0.0,0.0,0.0,0.0,0.0,10,100.0,100.0,100.0,100.0,0.0,100.0,100.0,10,1.0,1.0,1.0,1.0,0.0,1.0,1.0,10,100.0,100.0,100.0,100.0,0.0,100.0,100.0,,,,,,,,,,,,,,,,,,,,,,,,,,,,,,,,
phase1,B_bookshelf,warm,synthetic,flat,50,close_quick_settings,PASS,1,10,0,0,10,8.431000000000001,7.5411,8.8011,8.2631,0.5812428159651619,7.416,9.18,10,30422.905761718503,29496.122656249998,31425.641992188,30443.1358398439,805.6825347673181,29261.732421875,31655.444335938,10,30.83544921875,27.7181640625,42.90078124999999,35.39873046875,12.955266281267837,26.3154296875,70.0625,10,279984.0,279984.0,279984.0,279984.0,0.0,279984.0,279984.0,10,3.0,3.0,3.0,3.0,0.0,3.0,3.0,10,3.0,3.0,3.0,3.0,0.0,3.0,3.0,10,3.0,3.0,3.0,3.0,0.0,3.0,3.0,10,0.0,0.0,0.0,0.0,0.0,0.0,0.0,10,100.0,100.0,100.0,100.0,0.0,100.0,100.0,10,3.0,3.0,3.0,3.0,0.0,3.0,3.0,10,100.0,100.0,100.0,100.0,0.0,100.0,100.0,,,,,,,,,,,,,,,,,,,,,,,,,,,,,,,,
phase1,B_bookshelf,warm,synthetic,flat,50,home_to_library,PASS,1,10,0,0,10,23.548000000000002,22.5312,43.1209,27.343,8.56072783769646,22.083,44.011,10,18356.707519531003,16651.0311523437,20825.9079101562,18669.410253906102,1772.2459180076498,16400.172851562,21816.274414062,10,1026.6640625,-1242.3912109374999,1270.04267578125,623.05927734375,1025.3946997333524,-1378.9345703125,1401.708984375,10,193696.0,191099.2,196752.0,193891.2,2629.8125323976146,190480.0,198480.0,10,1.0,1.0,1.0,1.0,0.0,1.0,1.0,10,1.0,1.0,1.0,1.0,0.0,1.0,1.0,10,1.0,1.0,1.0,1.0,0.0,1.0,1.0,10,0.0,0.0,0.0,0.0,0.0,0.0,0.0,10,100.0,100.0,100.0,100.0,0.0,100.0,100.0,10,1.0,1.0,1.0,1.0,0.0,1.0,1.0,10,100.0,100.0,100.0,100.0,0.0,100.0,100.0,,,,,,,,,,,,,,,,,,,,,,,,,,,,,,,,
phase1,B_bookshelf,warm,synthetic,flat,50,library_cached_paging,PASS,1,30,0,0,30,25.665,20.4565,55.6549,33.50826666666667,16.208654063404722,13.9,77.53,30,20541.859375,17343.3703125,34268.1918945308,22150.031770833364,5550.534116198458,17182.365234375,36513.345703125,30,925.81884765625,-4483.1189453125,1223.67158203125,-531.3287109375,3648.547254967329,-15971.705078125,1270.9580078125,30,249496.0,248704.0,249616.0,249396.26666666666,319.4183219037632,248576.0,249616.0,30,1.0,1.0,7.0,2.2333333333333334,2.555363977493473,1.0,9.0,30,1.0,1.0,7.0,2.2333333333333334,2.555363977493473,1.0,9.0,30,1.0,1.0,7.0,2.2333333333333334,2.555363977493473,1.0,9.0,30,0.0,0.0,0.0,0.0,0.0,0.0,0.0,30,100.0,100.0,100.0,100.0,0.0,100.0,100.0,30,1.0,1.0,7.0,2.2333333333333334,2.555363977493473,1.0,9.0,30,100.0,100.0,100.0,100.0,0.0,100.0,100.0,30,10.0,10.0,10.0,10.0,0.0,10.0,10.0,30,10.0,10.0,10.0,10.0,0.0,10.0,10.0,30,6.0,6.0,6.0,6.0,0.0,6.0,6.0,,,,,,,,
phase1,B_bookshelf,warm,synthetic,flat,50,library_first_render,PASS,1,10,0,0,10,30.336,24.0463,68.6141,43.066199999999995,21.80670235297192,22.978,80.585,10,25002.167480468503,23367.1614257812,27907.770410156696,25514.083789062403,2568.3485109294907,22157.797851562,31361.537109375,10,1322.166015625,-1140.1595703125,2518.9696289062495,1052.17509765625,1750.0376587052267,-2628.7578125,3827.7919921875,10,209712.0,203891.2,213120.0,208928.0,3719.433170674143,203200.0,213120.0,10,1.0,1.0,5.899999999999997,2.7,4.164666186436128,1.0,14.0,10,1.0,1.0,5.899999999999997,2.7,4.164666186436128,1.0,14.0,10,1.0,1.0,5.899999999999997,2.7,4.164666186436128,1.0,14.0,10,0.0,0.0,0.0,0.0,0.0,0.0,0.0,10,100.0,100.0,100.0,100.0,0.0,100.0,100.0,10,1.0,1.0,5.899999999999997,2.7,4.164666186436128,1.0,14.0,10,100.0,100.0,100.0,100.0,0.0,100.0,100.0,,,,,,,,,,,,,,,,,,,,,,,,,,,,,,,,
phase1,B_bookshelf,warm,synthetic,flat,50,library_folder_back,PASS,1,10,0,0,10,44.061,28.775,47.376200000000004,39.7144,9.019477124534438,28.298,50.744,10,14815.68359375,14764.328125,18001.4567382817,16055.215625,1643.8374491214568,14763.537109375,18119.271484375,10,-71.78466796875,-3336.658984375,3053.9624999999996,-125.37978515625,2989.8898766249486,-3468.712890625,3176.07421875,10,249784.0,249776.0,249792.0,249784.0,8.432740427115679,249776.0,249792.0,10,3.0,3.0,3.0,3.0,0.0,3.0,3.0,10,3.0,3.0,3.0,3.0,0.0,3.0,3.0,10,2.0,2.0,2.0,2.0,0.0,2.0,2.0,10,1.0,1.0,1.0,1.0,0.0,1.0,1.0,10,100.0,100.0,100.0,100.0,0.0,100.0,100.0,10,2.0983009708738,2.0983009708738,2.0983009708738,2.0983009708738,0.0,2.0983009708738,2.0983009708738,10,100.0,100.0,100.0,100.0,0.0,100.0,100.0,,,,,,,,,,,,,,,,,,,,,,,,,,,,,,,,
phase1,B_bookshelf,warm,synthetic,flat,50,library_folder_enter,PASS,1,10,0,0,10,9.0465,5.4493,26.556599999999996,13.160900000000002,8.760501221708468,5.137,28.461,10,16660.3046875,14740.065625,18968.7702148438,16863.3524414063,2148.104275264378,14724.361328125,21106.452148438,10,117.9208984375,-6527.73574218755,145.6298828125,-2057.3053710938,3999.63258621737,-11662.678710938,153.3466796875,10,249776.0,249758.4,249776.0,249771.2,10.799176923368845,249744.0,249776.0,10,2.0,2.0,2.0,2.0,0.0,2.0,2.0,10,2.0,2.0,2.0,2.0,0.0,2.0,2.0,10,1.0,1.0,1.0,1.0,0.0,1.0,1.0,10,1.0,1.0,1.0,1.0,0.0,1.0,1.0,10,100.0,100.0,100.0,100.0,0.0,100.0,100.0,10,1.0983009708738,1.0983009708738,1.0983009708738,1.0983009708738,0.0,1.0983009708738,1.0983009708738,10,100.0,100.0,100.0,100.0,0.0,100.0,100.0,,,,,,,,,,,,,,,,,,,,,,,,,,,,,,,,
phase1,B_bookshelf,warm,synthetic,flat,50,library_sequential_paging,PASS,1,5,0,0,5,98.952,83.93780000000001,134.6452,106.24719999999999,27.110763945340974,78.691,149.656,5,37705.375,27446.6550781252,43779.3816406252,36007.2011718752,8070.113634545986,26530.81640625,44938.10546875,5,2862.5673828125,-10157.219921875,4270.7794921875,-958.071875,9807.0119986888,-18430.67578125,4304.3271484375,5,236832.0,227475.19999999998,240768.0,234912.0,6790.751357545055,224992.0,240768.0,5,29.0,22.200000000000003,33.6,28.2,5.630275304103699,21.0,34.0,5,29.0,22.200000000000003,33.6,28.2,5.630275304103699,21.0,34.0,5,29.0,22.200000000000003,33.6,28.2,5.630275304103699,21.0,34.0,5,0.0,0.0,0.0,0.0,0.0,0.0,0.0,5,100.0,100.0,100.0,100.0,0.0,100.0,100.0,5,29.0,22.200000000000003,33.6,28.2,5.630275304103699,21.0,34.0,5,100.0,100.0,100.0,100.0,0.0,100.0,100.0,5,10.0,10.0,10.0,10.0,0.0,10.0,10.0,5,10.0,4.6,10.0,8.2,4.024922359499621,1.0,10.0,5,6.0,6.0,6.0,6.0,0.0,6.0,6.0,,,,,,,,
phase1,B_bookshelf,warm,synthetic,flat,50,open_book,PASS,1,10,0,0,10,42.031,36.075100000000006,56.1686,43.808,7.527574317873662,35.446,57.776,10,16179.772949218499,14490.974804688001,16733.476171874998,15802.8012695313,993.1115853818525,13702.799804688,16742.61328125,10,831.50927734375,-1730.4500976562501,1092.823828125,128.73115234375,1161.5214166414312,-1852.265625,1101.837890625,10,259872.0,258928.0,260336.0,259776.0,485.42123746059747,258928.0,260336.0,10,9.0,9.0,9.0,9.0,0.0,9.0,9.0,10,9.0,9.0,9.0,9.0,0.0,9.0,9.0,10,9.0,9.0,9.0,9.0,0.0,9.0,9.0,10,0.0,0.0,0.0,0.0,0.0,0.0,0.0,10,100.0,100.0,100.0,100.0,0.0,100.0,100.0,10,9.0,9.0,9.0,9.0,0.0,9.0,9.0,10,100.0,100.0,100.0,100.0,0.0,100.0,100.0,,,,,,,,,,,,,,,,,,,,,,,,,,,,,,,,
phase1,B_bookshelf,warm,synthetic,flat,50,open_book_minimal,PASS,1,10,0,0,10,65.839,59.217800000000004,68.6412,63.8389,6.0515938662655,48.677,68.76,10,16310.879882813,16295.402929688,16491.1356445317,16461.0915039067,472.0950010557198,16278.471679688,17803.517578125,10,-2165.05322265625,-2791.63193359375,-1353.899023437501,-2015.34921875,1332.7350393804322,-4063.9287109375,1189.2109375,10,258752.0,258336.0,258752.0,258668.8,175.4010008840061,258336.0,258752.0,10,0.0,0.0,0.0,0.0,0.0,0.0,0.0,10,0.0,0.0,0.0,0.0,0.0,0.0,0.0,10,0.0,0.0,0.0,0.0,0.0,0.0,0.0,10,0.0,0.0,0.0,0.0,0.0,0.0,0.0,10,0.0,0.0,0.0,0.0,0.0,0.0,0.0,10,0.0,0.0,0.0,0.0,0.0,0.0,0.0,10,0.0,0.0,0.0,0.0,0.0,0.0,0.0,,,,,,,,,,,,,,,,,,,,,,,,,,,,,,,,
phase1,B_bookshelf,warm,synthetic,flat,50,open_bookshelf,PASS,1,10,0,0,10,12.660499999999999,10.0029,18.129399999999993,15.4161,9.170102706925128,9.795,40.768,10,23954.538574218997,19232.105078125,29997.7672851563,24253.390722656397,4701.537739738886,17468.171875,31475.874023438,10,1662.63134765625,1136.88505859375,1819.81611328125,1229.77333984375,1494.5222559465656,-3015.3291015625,1851.8232421875,10,262256.0,262240.0,262614.4,262372.8,175.11697677711192,262240.0,262672.0,10,1.0,1.0,1.0,1.0,0.0,1.0,1.0,10,1.0,1.0,1.0,1.0,0.0,1.0,1.0,10,1.0,1.0,1.0,1.0,0.0,1.0,1.0,10,0.0,0.0,0.0,0.0,0.0,0.0,0.0,10,100.0,100.0,100.0,100.0,0.0,100.0,100.0,10,1.0,1.0,1.0,1.0,0.0,1.0,1.0,10,100.0,100.0,100.0,100.0,0.0,100.0,100.0,,,,,,,,,,,,,,,,,10,7.0,7.0,7.0,7.0,0.0,7.0,7.0,,,,,,,,
phase1,B_bookshelf,warm,synthetic,flat,50,open_quick_settings,PASS,1,10,0,0,10,8.384,7.9723,8.8734,8.395199999999999,0.47612482023566516,7.48,9.147,10,27264.110839843997,26301.9956054692,28247.134277344197,27270.910644531403,813.0435402314137,26048.62890625,28475.953125,10,237.005859375,219.630859375,252.7814453125,237.21923828125,12.913646986960803,218.59375,256.7294921875,10,279984.0,279984.0,279984.0,279984.0,0.0,279984.0,279984.0,10,2.0,2.0,2.0,2.0,0.0,2.0,2.0,10,2.0,2.0,2.0,2.0,0.0,2.0,2.0,10,2.0,2.0,2.0,2.0,0.0,2.0,2.0,10,0.0,0.0,0.0,0.0,0.0,0.0,0.0,10,100.0,100.0,100.0,100.0,0.0,100.0,100.0,10,2.0,2.0,2.0,2.0,0.0,2.0,2.0,10,100.0,100.0,100.0,100.0,0.0,100.0,100.0,,,,,,,,,,,,,,,,,,,,,,,,,,,,,,,,
phase1,B_bookshelf,warm,synthetic,flat,50,repeated_nav,PASS,1,2,0,0,2,292.1455,238.7667,345.52430000000004,292.1455,94.36127862900123,225.422,358.869,2,21008.914550781003,19321.077441405803,22696.7516601562,21008.914550781003,2983.70266394376,18899.118164062,23118.7109375,2,-12635.11767578125,-18383.871972656252,-6886.36337890625,-12635.11767578125,10162.457866739038,-19821.060546875,-5449.1748046875,2,282480.0,282467.2,282492.8,282480.0,22.627416997969522,282464.0,282496.0,2,10.0,10.0,10.0,10.0,0.0,10.0,10.0,2,10.0,10.0,10.0,10.0,0.0,10.0,10.0,2,10.0,10.0,10.0,10.0,0.0,10.0,10.0,2,0.0,0.0,0.0,0.0,0.0,0.0,0.0,2,100.0,100.0,100.0,100.0,0.0,100.0,100.0,2,10.0,10.0,10.0,10.0,0.0,10.0,10.0,2,100.0,100.0,100.0,100.0,0.0,100.0,100.0,,,,,,,,,,,,,,,,,,,,,,,,,,,,,,,,
phase1,B_bookshelf,warm,synthetic,flat,50,start_to_home,UNSUPPORTED,1,0,0,10,,,,,,,,,,,,,,,,,,,,,,,,,,,,,,,,,,,,,,,,,,,,,,,,,,,,,,,,,,,,,,,,,,,,,,,,,,,,,,,,,,,,,,,,,,,,,,,,,,,,,,,,,,,,,,,,,,,,,,,,
phase1,B_bookshelf,warm,synthetic,hierarchical,2000,bookshelf_cached_paging,UNSUPPORTED,1,0,0,1,,,,,,,,,,,,,,,,,,,,,,,,,,,,,,,,,,,,,,,,,,,,,,,,,,,,,,,,,,,,,,,,,,,,,,,,,,,,,,,,,,,,,,,,,,,,,,,,,,,,,,,,,,,,,,,,,,,,,,,,
phase1,B_bookshelf,warm,synthetic,hierarchical,2000,bookshelf_cached_paging_anim_off,UNSUPPORTED,1,0,0,1,,,,,,,,,,,,,,,,,,,,,,,,,,,,,,,,,,,,,,,,,,,,,,,,,,,,,,,,,,,,,,,,,,,,,,,,,,,,,,,,,,,,,,,,,,,,,,,,,,,,,,,,,,,,,,,,,,,,,,,,
phase1,B_bookshelf,warm,synthetic,hierarchical,2000,bookshelf_first_render,PASS,1,10,0,0,10,8.244,7.369700000000001,24.278899999999997,11.6234,7.699088174005484,7.241,28.31,10,25719.5390625,23892.573046875,34564.8888671875,27185.2728515626,4205.213113628161,23797.9921875,35402.734375,10,908.2275390625,-3562.2408203124996,952.7751953124999,-693.36396484375,3997.0299688935283,-11607.3671875,952.9755859375,10,241184.0,239968.0,241281.6,240867.2,760.324609039528,238960.0,241296.0,10,1.0,1.0,1.0,1.0,0.0,1.0,1.0,10,1.0,1.0,1.0,1.0,0.0,1.0,1.0,10,1.0,1.0,1.0,1.0,0.0,1.0,1.0,10,0.0,0.0,0.0,0.0,0.0,0.0,0.0,10,100.0,100.0,100.0,100.0,0.0,100.0,100.0,10,1.0,1.0,1.0,1.0,0.0,1.0,1.0,10,100.0,100.0,100.0,100.0,0.0,100.0,100.0,,,,,,,,,,,,,,,,,10,1.0,1.0,1.0,1.0,0.0,1.0,1.0,,,,,,,,
phase1,B_bookshelf,warm,synthetic,hierarchical,2000,bookshelf_sequential_paging,UNSUPPORTED,1,0,0,1,,,,,,,,,,,,,,,,,,,,,,,,,,,,,,,,,,,,,,,,,,,,,,,,,,,,,,,,,,,,,,,,,,,,,,,,,,,,,,,,,,,,,,,,,,,,,,,,,,,,,,,,,,,,,,,,,,,,,,,,
phase1,B_bookshelf,warm,synthetic,hierarchical,2000,bookshelf_sequential_paging_anim_off,UNSUPPORTED,1,0,0,1,,,,,,,,,,,,,,,,,,,,,,,,,,,,,,,,,,,,,,,,,,,,,,,,,,,,,,,,,,,,,,,,,,,,,,,,,,,,,,,,,,,,,,,,,,,,,,,,,,,,,,,,,,,,,,,,,,,,,,,,
phase1,B_bookshelf,warm,synthetic,hierarchical,2000,change_sort_mode,PASS,1,10,0,0,10,8.282,7.4037999999999995,20.3079,10.6725,5.54672706798042,7.096,22.116,10,17773.022949218503,17254.264648437,18166.8633789067,17749.9360351561,364.704933860798,17249.465820312,18333.865234375,10,252.2373046875,-916.23779296875,274.36953124999997,9.61640625,530.8251340732503,-1089.4306640625,303.8076171875,10,191632.0,191632.0,191632.0,191632.0,0.0,191632.0,191632.0,10,2.0,2.0,2.0,2.0,0.0,2.0,2.0,10,2.0,2.0,2.0,2.0,0.0,2.0,2.0,10,2.0,2.0,2.0,2.0,0.0,2.0,2.0,10,0.0,0.0,0.0,0.0,0.0,0.0,0.0,10,100.0,100.0,100.0,100.0,0.0,100.0,100.0,10,2.0,2.0,2.0,2.0,0.0,2.0,2.0,10,100.0,100.0,100.0,100.0,0.0,100.0,100.0,,,,,,,,,,,,,,,,,,,,,,,,,,,,,,,,
phase1,B_bookshelf,warm,synthetic,hierarchical,2000,close_book,PASS,1,10,0,0,10,20.064,18.362000000000002,25.688499999999994,22.7557,7.91978356957366,17.57,44.593,10,22577.690917968503,22123.4702148437,23377.688671875,22508.0752929687,908.3187979381318,20181.821289062,23463.83203125,10,1522.40673828125,983.1132812500002,1679.8595703125,1177.19140625,1150.1923535807298,-2078.5390625,1722.083984375,10,224456.0,224016.0,224627.2,224377.6,284.5422054224411,224016.0,224656.0,10,4.0,4.0,4.0,4.0,0.0,4.0,4.0,10,4.0,4.0,4.0,4.0,0.0,4.0,4.0,10,3.0,3.0,3.0,3.0,0.0,3.0,3.0,10,1.0,1.0,1.0,1.0,0.0,1.0,1.0,10,100.0,100.0,100.0,100.0,0.0,100.0,100.0,10,3.0983009708738,3.0983009708738,3.0983009708738,3.0983009708738,0.0,3.0983009708738,3.0983009708738,10,100.0,100.0,100.0,100.0,0.0,100.0,100.0,,,,,,,,,,,,,,,,,,,,,,,,,,,,,,,,
phase1,B_bookshelf,warm,synthetic,hierarchical,2000,close_bookshelf,PASS,1,10,0,0,10,8.728,8.2563,9.200299999999999,8.703199999999999,0.3522520562198484,8.25,9.239,10,30650.7060546875,27189.3612304688,32467.3815429687,30158.45546875,2316.464607178424,26176.280273438,33216.004882812,10,52.1845703125,31.90625,63.94521484374999,51.1068359375,19.394074473000938,23.521484375,95.0927734375,10,241296.0,241296.0,241296.0,241296.0,0.0,241296.0,241296.0,10,1.0,1.0,1.0,1.0,0.0,1.0,1.0,10,1.0,1.0,1.0,1.0,0.0,1.0,1.0,10,1.0,1.0,1.0,1.0,0.0,1.0,1.0,10,0.0,0.0,0.0,0.0,0.0,0.0,0.0,10,100.0,100.0,100.0,100.0,0.0,100.0,100.0,10,1.0,1.0,1.0,1.0,0.0,1.0,1.0,10,100.0,100.0,100.0,100.0,0.0,100.0,100.0,,,,,,,,,,,,,,,,,,,,,,,,,,,,,,,,
phase1,B_bookshelf,warm,synthetic,hierarchical,2000,close_quick_settings,PASS,1,10,0,0,10,8.9295,7.8253,12.684799999999989,11.9997,10.740692591469344,7.774,42.518,10,39711.51953125,38733.40234375,40629.636132813,39667.7374023438,849.7138925653239,38174.822265625,40854.745117188,10,27.17578125,23.43955078125,88.49697265624988,68.693359375,115.28794265502714,21.4365234375,395.1201171875,10,243360.0,242576.0,244457.59999999998,243440.0,804.9977225640662,242576.0,244688.0,10,3.0,3.0,3.3999999999999986,3.4,1.2649110640673518,3.0,7.0,10,3.0,3.0,3.3999999999999986,3.4,1.2649110640673518,3.0,7.0,10,3.0,3.0,3.3999999999999986,3.4,1.2649110640673518,3.0,7.0,10,0.0,0.0,0.0,0.0,0.0,0.0,0.0,10,100.0,100.0,100.0,100.0,0.0,100.0,100.0,10,3.0,3.0,3.3999999999999986,3.4,1.2649110640673518,3.0,7.0,10,100.0,100.0,100.0,100.0,0.0,100.0,100.0,,,,,,,,,,,,,,,,,,,,,,,,,,,,,,,,
phase1,B_bookshelf,warm,synthetic,hierarchical,2000,home_to_library,PASS,1,10,0,0,10,8.789000000000001,7.918900000000001,9.3646,8.6328,0.5767309790727582,7.828,9.451,10,15210.451171875,13939.306640625,16481.8317382813,15219.277148437599,1059.0203667131325,13641.48046875,16748.155273438,10,338.20849609375,311.04228515625,378.8845703125,341.092578125,30.73781909850249,292.6494140625,394.5625,10,181736.0,179937.6,184105.6,181883.2,1765.7771848867758,179664.0,184624.0,10,1.0,1.0,1.0,1.0,0.0,1.0,1.0,10,1.0,1.0,1.0,1.0,0.0,1.0,1.0,10,1.0,1.0,1.0,1.0,0.0,1.0,1.0,10,0.0,0.0,0.0,0.0,0.0,0.0,0.0,10,100.0,100.0,100.0,100.0,0.0,100.0,100.0,10,1.0,1.0,1.0,1.0,0.0,1.0,1.0,10,100.0,100.0,100.0,100.0,0.0,100.0,100.0,,,,,,,,,,,,,,,,,,,,,,,,,,,,,,,,
phase1,B_bookshelf,warm,synthetic,hierarchical,2000,library_cached_paging,UNSUPPORTED,1,0,0,1,,,,,,,,,,,,,,,,,,,,,,,,,,,,,,,,,,,,,,,,,,,,,,,,,,,,,,,,,,,,,,,,,,,,,,,,,,,,,,,,,,,,,,,,,,,,,,,,,,,,,,,,,,,,,,,,,,,,,,,,
phase1,B_bookshelf,warm,synthetic,hierarchical,2000,library_first_render,PASS,1,10,0,0,10,9.564,8.1775,13.8747,10.0536,2.1647693846894844,8.101,14.106,10,9045.28369140625,8411.8423828125,9480.7921875,9007.907421875,450.30676654235054,8365.5908203125,9763.08984375,10,317.6611328125,-1021.08017578125,350.97080078125,25.01171875,648.0308460071371,-1400.1708984375,357.66015625,10,185496.0,185486.40000000002,185504.0,185494.4,11.187294380481616,185472.0,185504.0,10,1.0,1.0,1.0,1.0,0.0,1.0,1.0,10,1.0,1.0,1.0,1.0,0.0,1.0,1.0,10,1.0,1.0,1.0,1.0,0.0,1.0,1.0,10,0.0,0.0,0.0,0.0,0.0,0.0,0.0,10,100.0,100.0,100.0,100.0,0.0,100.0,100.0,10,1.0,1.0,1.0,1.0,0.0,1.0,1.0,10,100.0,100.0,100.0,100.0,0.0,100.0,100.0,,,,,,,,,,,,,,,,,,,,,,,,,,,,,,,,
phase1,B_bookshelf,warm,synthetic,hierarchical,2000,library_folder_back,PASS,1,10,0,0,10,13.8155,11.4037,30.407600000000002,17.1707,7.389979116644677,11.203,30.602,10,16047.827148437,15062.0403320312,17589.4825195317,16273.429394531098,1180.168777243963,14617.641601562,18555.814453125,10,476.88916015625,-780.17900390625,539.98486328125,226.414453125,576.3296770725211,-960.4453125,574.767578125,10,189064.0,188411.19999999998,190635.2,189348.8,970.902535444899,188368.0,191024.0,10,3.0,3.0,3.0,3.0,0.0,3.0,3.0,10,3.0,3.0,3.0,3.0,0.0,3.0,3.0,10,2.0,2.0,2.0,2.0,0.0,2.0,2.0,10,1.0,1.0,1.0,1.0,0.0,1.0,1.0,10,100.0,100.0,100.0,100.0,0.0,100.0,100.0,10,2.0983009708738,2.0983009708738,2.0983009708738,2.0983009708738,0.0,2.0983009708738,2.0983009708738,10,100.0,100.0,100.0,100.0,0.0,100.0,100.0,,,,,,,,,,,,,,,,,,,,,,,,,,,,,,,,
phase1,B_bookshelf,warm,synthetic,hierarchical,2000,library_folder_enter,PASS,1,10,0,0,10,15.5215,5.6171,18.134499999999996,14.3783,6.658192414862561,5.051,28.48,10,12194.895996094001,10830.6575195312,13441.9332031246,12142.2709960937,1130.1203784253394,10520.696289062,13819.991210938,10,975.28857421875,37.48837890625002,1286.1052734375,663.06650390625,685.1438503101473,-897.2275390625,1298.8388671875,10,185800.0,185726.40000000002,186932.80000000002,186089.6,528.6299272648116,185712.0,187120.0,10,2.0,2.0,2.0,2.0,0.0,2.0,2.0,10,2.0,2.0,2.0,2.0,0.0,2.0,2.0,10,1.0,1.0,1.0,1.0,0.0,1.0,1.0,10,1.0,1.0,1.0,1.0,0.0,1.0,1.0,10,100.0,100.0,100.0,100.0,0.0,100.0,100.0,10,1.0983009708738,1.0983009708738,1.0983009708738,1.0983009708738,0.0,1.0983009708738,1.0983009708738,10,100.0,100.0,100.0,100.0,0.0,100.0,100.0,,,,,,,,,,,,,,,,,,,,,,,,,,,,,,,,
phase1,B_bookshelf,warm,synthetic,hierarchical,2000,library_sequential_paging,UNSUPPORTED,1,0,0,1,,,,,,,,,,,,,,,,,,,,,,,,,,,,,,,,,,,,,,,,,,,,,,,,,,,,,,,,,,,,,,,,,,,,,,,,,,,,,,,,,,,,,,,,,,,,,,,,,,,,,,,,,,,,,,,,,,,,,,,,
phase1,B_bookshelf,warm,synthetic,hierarchical,2000,open_book,PASS,1,10,0,0,10,61.9475,40.1542,67.31389999999999,55.691700000000004,12.262591660547674,38.797,69.185,10,20373.520507812,19446.822851562003,21887.0266601562,20681.4295898434,1049.7820146613003,19320.450195312,22062.204101562,10,-1264.0595703125,-1996.5404296875,924.3928710937499,-708.34697265625,1349.3173567092479,-2835.626953125,1045.6318359375,10,222096.0,220875.2,222272.0,221755.2,599.5696234244472,220544.0,222272.0,10,9.0,9.0,9.0,9.0,0.0,9.0,9.0,10,9.0,9.0,9.0,9.0,0.0,9.0,9.0,10,9.0,9.0,9.0,9.0,0.0,9.0,9.0,10,0.0,0.0,0.0,0.0,0.0,0.0,0.0,10,100.0,100.0,100.0,100.0,0.0,100.0,100.0,10,9.0,9.0,9.0,9.0,0.0,9.0,9.0,10,100.0,100.0,100.0,100.0,0.0,100.0,100.0,,,,,,,,,,,,,,,,,,,,,,,,,,,,,,,,
phase1,B_bookshelf,warm,synthetic,hierarchical,2000,open_book_minimal,PASS,1,10,0,0,10,64.8915,59.8441,67.2874,63.6499,5.177021396946748,50.422,68.254,10,19139.707519531497,19092.124414062004,19554.0421875004,19340.1217773435,592.01826475076,19070.313476562,21004.836914062,10,-1947.4404296875,-2418.39296875,-1809.4291015625001,-2105.1087890625,611.2432824981063,-3675.3994140625,-1284.6376953125,10,215696.0,213888.0,219632.0,216905.6,2446.659909164147,213888.0,219632.0,10,0.0,0.0,0.0,0.0,0.0,0.0,0.0,10,0.0,0.0,0.0,0.0,0.0,0.0,0.0,10,0.0,0.0,0.0,0.0,0.0,0.0,0.0,10,0.0,0.0,0.0,0.0,0.0,0.0,0.0,10,0.0,0.0,0.0,0.0,0.0,0.0,0.0,10,0.0,0.0,0.0,0.0,0.0,0.0,0.0,10,0.0,0.0,0.0,0.0,0.0,0.0,0.0,,,,,,,,,,,,,,,,,,,,,,,,,,,,,,,,
phase1,B_bookshelf,warm,synthetic,hierarchical,2000,open_bookshelf,PASS,1,10,0,0,10,9.025500000000001,7.953,16.622699999999988,12.724599999999999,10.432867478417533,7.737,41.973,10,27895.294921875,24161.471093750002,31489.8952148433,27872.10078125,3116.323992173873,23158.220703125,32620.447265625,10,989.70556640625,939.77861328125,1228.6061523437502,1032.73330078125,115.2012199192023,935.474609375,1253.16015625,10,231912.0,231403.2,235440.0,232840.0,1868.848248996632,230784.0,236448.0,10,1.0,1.0,1.3999999999999986,1.4,1.2649110640673518,1.0,5.0,10,1.0,1.0,1.3999999999999986,1.4,1.2649110640673518,1.0,5.0,10,1.0,1.0,1.3999999999999986,1.4,1.2649110640673518,1.0,5.0,10,0.0,0.0,0.0,0.0,0.0,0.0,0.0,10,100.0,100.0,100.0,100.0,0.0,100.0,100.0,10,1.0,1.0,1.3999999999999986,1.4,1.2649110640673518,1.0,5.0,10,100.0,100.0,100.0,100.0,0.0,100.0,100.0,,,,,,,,,,,,,,,,,10,1.0,1.0,1.0,1.0,0.0,1.0,1.0,,,,,,,,
phase1,B_bookshelf,warm,synthetic,hierarchical,2000,open_quick_settings,PASS,1,10,0,0,10,8.3935,7.9376999999999995,8.719700000000001,8.3945,0.33615249515658835,7.899,9.005,10,36130.9252929685,35135.4370117188,37061.075781249994,36112.6020507812,810.5567125020077,34874.608398438,37303.861328125,10,235.8876953125,227.56591796875,256.5732421875,243.20322265625,20.846545653010768,224.546875,296.7744140625,10,242576.0,242576.0,242576.0,242576.0,0.0,242576.0,242576.0,10,2.0,2.0,2.0,2.0,0.0,2.0,2.0,10,2.0,2.0,2.0,2.0,0.0,2.0,2.0,10,2.0,2.0,2.0,2.0,0.0,2.0,2.0,10,0.0,0.0,0.0,0.0,0.0,0.0,0.0,10,100.0,100.0,100.0,100.0,0.0,100.0,100.0,10,2.0,2.0,2.0,2.0,0.0,2.0,2.0,10,100.0,100.0,100.0,100.0,0.0,100.0,100.0,,,,,,,,,,,,,,,,,,,,,,,,,,,,,,,,
phase1,B_bookshelf,warm,synthetic,hierarchical,2000,repeated_nav,UNSUPPORTED,1,0,0,2,,,,,,,,,,,,,,,,,,,,,,,,,,,,,,,,,,,,,,,,,,,,,,,,,,,,,,,,,,,,,,,,,,,,,,,,,,,,,,,,,,,,,,,,,,,,,,,,,,,,,,,,,,,,,,,,,,,,,,,,
phase1,B_bookshelf,warm,synthetic,hierarchical,2000,start_to_home,UNSUPPORTED,1,0,0,10,,,,,,,,,,,,,,,,,,,,,,,,,,,,,,,,,,,,,,,,,,,,,,,,,,,,,,,,,,,,,,,,,,,,,,,,,,,,,,,,,,,,,,,,,,,,,,,,,,,,,,,,,,,,,,,,,,,,,,,,
phase1,B_bookshelf,warm,synthetic,hierarchical,50,bookshelf_cached_paging,UNSUPPORTED,1,0,0,1,,,,,,,,,,,,,,,,,,,,,,,,,,,,,,,,,,,,,,,,,,,,,,,,,,,,,,,,,,,,,,,,,,,,,,,,,,,,,,,,,,,,,,,,,,,,,,,,,,,,,,,,,,,,,,,,,,,,,,,,
phase1,B_bookshelf,warm,synthetic,hierarchical,50,bookshelf_cached_paging_anim_off,UNSUPPORTED,1,0,0,1,,,,,,,,,,,,,,,,,,,,,,,,,,,,,,,,,,,,,,,,,,,,,,,,,,,,,,,,,,,,,,,,,,,,,,,,,,,,,,,,,,,,,,,,,,,,,,,,,,,,,,,,,,,,,,,,,,,,,,,,
phase1,B_bookshelf,warm,synthetic,hierarchical,50,bookshelf_first_render,PASS,1,10,0,0,10,11.9845,9.7062,22.2227,13.7758,5.1215205164091655,8.871,23.696,10,18003.612792968503,16114.5481445313,26076.300781249603,19313.2583007812,4018.179591524533,15144.440429688,26920.850585938,10,1001.57421875,-5464.90742187505,1201.27578125,-680.2602539063,3884.3194361647184,-10351.487304688,1202.3076171875,10,223136.0,221939.2,223136.0,222809.6,734.3440307890816,220960.0,223136.0,10,1.0,1.0,1.0,1.0,0.0,1.0,1.0,10,1.0,1.0,1.0,1.0,0.0,1.0,1.0,10,1.0,1.0,1.0,1.0,0.0,1.0,1.0,10,0.0,0.0,0.0,0.0,0.0,0.0,0.0,10,100.0,100.0,100.0,100.0,0.0,100.0,100.0,10,1.0,1.0,1.0,1.0,0.0,1.0,1.0,10,100.0,100.0,100.0,100.0,0.0,100.0,100.0,,,,,,,,,,,,,,,,,10,1.0,1.0,1.0,1.0,0.0,1.0,1.0,,,,,,,,
phase1,B_bookshelf,warm,synthetic,hierarchical,50,bookshelf_sequential_paging,UNSUPPORTED,1,0,0,1,,,,,,,,,,,,,,,,,,,,,,,,,,,,,,,,,,,,,,,,,,,,,,,,,,,,,,,,,,,,,,,,,,,,,,,,,,,,,,,,,,,,,,,,,,,,,,,,,,,,,,,,,,,,,,,,,,,,,,,,
phase1,B_bookshelf,warm,synthetic,hierarchical,50,bookshelf_sequential_paging_anim_off,UNSUPPORTED,1,0,0,1,,,,,,,,,,,,,,,,,,,,,,,,,,,,,,,,,,,,,,,,,,,,,,,,,,,,,,,,,,,,,,,,,,,,,,,,,,,,,,,,,,,,,,,,,,,,,,,,,,,,,,,,,,,,,,,,,,,,,,,,
phase1,B_bookshelf,warm,synthetic,hierarchical,50,change_sort_mode,PASS,1,10,0,0,10,8.029,7.0241999999999996,18.5976,10.0993,4.982716886063934,6.846,20.529,10,12358.196289062,11851.504882811998,12922.6946289063,12382.7803710935,432.27971665210265,11818.458007812,13132.694335938,10,243.2978515625,-1104.2588867187499,279.46376953125,-33.7736328125,607.6150945949889,-1281.025390625,286.6962890625,10,185776.0,185776.0,185776.0,185776.0,0.0,185776.0,185776.0,10,2.0,2.0,2.0,2.0,0.0,2.0,2.0,10,2.0,2.0,2.0,2.0,0.0,2.0,2.0,10,2.0,2.0,2.0,2.0,0.0,2.0,2.0,10,0.0,0.0,0.0,0.0,0.0,0.0,0.0,10,100.0,100.0,100.0,100.0,0.0,100.0,100.0,10,2.0,2.0,2.0,2.0,0.0,2.0,2.0,10,100.0,100.0,100.0,100.0,0.0,100.0,100.0,,,,,,,,,,,,,,,,,,,,,,,,,,,,,,,,
phase1,B_bookshelf,warm,synthetic,hierarchical,50,close_book,PASS,1,10,0,0,10,17.762,14.2169,26.0748,18.6881,4.783411670670957,13.037,27.495,10,15290.2978515625,14201.114062499599,15590.310546875,15012.8459960938,857.2925275179427,12809.100585938,15724.783203125,10,1292.580078125,727.4649414062501,1585.5052734375,988.52822265625,1185.414675523839,-2339.46875,1588.3740234375,10,208272.0,208272.0,208272.0,208272.0,0.0,208272.0,208272.0,10,4.0,4.0,4.1,4.1,0.31622776601683794,4.0,5.0,10,4.0,4.0,4.1,4.1,0.31622776601683794,4.0,5.0,10,3.0,3.0,3.0999999999999996,3.1,0.31622776601683794,3.0,4.0,10,1.0,1.0,1.0,1.0,0.0,1.0,1.0,10,100.0,100.0,100.0,100.0,0.0,100.0,100.0,10,3.0983009708738,3.0983009708738,3.1983009708737997,3.1983009708738,0.31622776601683794,3.0983009708738,4.0983009708738,10,100.0,100.0,100.0,100.0,0.0,100.0,100.0,,,,,,,,,,,,,,,,,,,,,,,,,,,,,,,,
phase1,B_bookshelf,warm,synthetic,hierarchical,50,close_bookshelf,PASS,1,10,0,0,10,8.6775,8.1487,9.1091,8.662099999999999,0.36522761548260707,8.119,9.11,10,22227.140136718997,18544.2538085942,26358.883203125,22333.3116210938,3274.348885523583,17577.04296875,27511.30859375,10,50.01025390625,29.4892578125,97.47822265625,56.69521484375,30.516053775991985,20.2783203125,111.1865234375,10,223368.0,223136.0,223456.0,223326.4,139.5765023204121,223136.0,223456.0,10,1.0,1.0,1.0,1.0,0.0,1.0,1.0,10,1.0,1.0,1.0,1.0,0.0,1.0,1.0,10,1.0,1.0,1.0,1.0,0.0,1.0,1.0,10,0.0,0.0,0.0,0.0,0.0,0.0,0.0,10,100.0,100.0,100.0,100.0,0.0,100.0,100.0,10,1.0,1.0,1.0,1.0,0.0,1.0,1.0,10,100.0,100.0,100.0,100.0,0.0,100.0,100.0,,,,,,,,,,,,,,,,,,,,,,,,,,,,,,,,
phase1,B_bookshelf,warm,synthetic,hierarchical,50,close_quick_settings,PASS,1,10,0,0,10,8.485,7.977099999999999,9.201400000000001,8.5542,0.4936543550119072,7.924,9.34,10,35131.727539062,34251.428710937,36043.2791992192,35141.701074218596,749.9385116084534,34023.493164062,36252.9765625,10,25.51025390625,14.86015625,32.39628906249999,25.5486328125,11.270801544614704,14.427734375,53.1455078125,10,230272.0,229230.4,231353.59999999998,230278.4,891.6784672116339,228928.0,231584.0,10,3.0,3.0,3.0,3.0,0.0,3.0,3.0,10,3.0,3.0,3.0,3.0,0.0,3.0,3.0,10,3.0,3.0,3.0,3.0,0.0,3.0,3.0,10,0.0,0.0,0.0,0.0,0.0,0.0,0.0,10,100.0,100.0,100.0,100.0,0.0,100.0,100.0,10,3.0,3.0,3.0,3.0,0.0,3.0,3.0,10,100.0,100.0,100.0,100.0,0.0,100.0,100.0,,,,,,,,,,,,,,,,,,,,,,,,,,,,,,,,
phase1,B_bookshelf,warm,synthetic,hierarchical,50,home_to_library,PASS,1,10,0,0,10,8.893,8.2733,9.300999999999998,8.8793,0.44647061617883754,8.195,9.607,10,15311.26171875,14075.4857421875,16518.2828125,15298.9560546875,1011.7253170269526,13776.8984375,16774.62109375,10,331.34375,299.192578125,361.89169921875,332.0119140625,29.184479405069712,281.5546875,378.890625,10,179448.0,177075.19999999998,181753.59999999998,179430.4,1938.7117830605398,176528.0,182272.0,10,1.0,1.0,1.0,1.0,0.0,1.0,1.0,10,1.0,1.0,1.0,1.0,0.0,1.0,1.0,10,1.0,1.0,1.0,1.0,0.0,1.0,1.0,10,0.0,0.0,0.0,0.0,0.0,0.0,0.0,10,100.0,100.0,100.0,100.0,0.0,100.0,100.0,10,1.0,1.0,1.0,1.0,0.0,1.0,1.0,10,100.0,100.0,100.0,100.0,0.0,100.0,100.0,,,,,,,,,,,,,,,,,,,,,,,,,,,,,,,,
phase1,B_bookshelf,warm,synthetic,hierarchical,50,library_cached_paging,UNSUPPORTED,1,0,0,1,,,,,,,,,,,,,,,,,,,,,,,,,,,,,,,,,,,,,,,,,,,,,,,,,,,,,,,,,,,,,,,,,,,,,,,,,,,,,,,,,,,,,,,,,,,,,,,,,,,,,,,,,,,,,,,,,,,,,,,,
phase1,B_bookshelf,warm,synthetic,hierarchical,50,library_first_render,PASS,1,10,0,0,10,9.171,8.326,15.1278,10.134400000000001,2.808469974915167,8.182,15.738,10,9095.26708984375,8393.1607421875,9464.956835937499,9005.6361328125,414.74639221787777,8367.2822265625,9518.55078125,10,345.58447265625,-1043.7224609375,387.7982421875,65.63876953125,605.4064850132319,-1125.1865234375,426.3505859375,10,182928.0,182928.0,182928.0,182928.0,0.0,182928.0,182928.0,10,1.0,1.0,1.0,1.0,0.0,1.0,1.0,10,1.0,1.0,1.0,1.0,0.0,1.0,1.0,10,1.0,1.0,1.0,1.0,0.0,1.0,1.0,10,0.0,0.0,0.0,0.0,0.0,0.0,0.0,10,100.0,100.0,100.0,100.0,0.0,100.0,100.0,10,1.0,1.0,1.0,1.0,0.0,1.0,1.0,10,100.0,100.0,100.0,100.0,0.0,100.0,100.0,,,,,,,,,,,,,,,,,,,,,,,,,,,,,,,,
phase1,B_bookshelf,warm,synthetic,hierarchical,50,library_folder_back,PASS,1,10,0,0,10,12.279,10.6557,26.9295,16.0961,6.970294054852428,10.131,27.402,10,11688.104492187,11125.658593750399,12400.984863280799,11707.0807617185,573.9588308159796,10754.965820312,12566.42578125,10,484.06982421875,-693.51748046875,520.62666015625,151.90263671875,573.4624860968472,-925.2138671875,533.60546875,10,184848.0,183750.40000000002,185732.8,184758.4,873.7295793194698,183376.0,185776.0,10,3.0,3.0,3.0,3.0,0.0,3.0,3.0,10,3.0,3.0,3.0,3.0,0.0,3.0,3.0,10,2.0,2.0,2.0,2.0,0.0,2.0,2.0,10,1.0,1.0,1.0,1.0,0.0,1.0,1.0,10,100.0,100.0,100.0,100.0,0.0,100.0,100.0,10,2.0983009708738,2.0983009708738,2.0983009708738,2.0983009708738,0.0,2.0983009708738,2.0983009708738,10,100.0,100.0,100.0,100.0,0.0,100.0,100.0,,,,,,,,,,,,,,,,,,,,,,,,,,,,,,,,
phase1,B_bookshelf,warm,synthetic,hierarchical,50,library_folder_enter,PASS,1,10,0,0,10,10.9435,8.020299999999999,20.6401,12.988999999999999,5.944085669339267,4.504,22.0,10,9590.13720703125,9067.2119140625,10265.239257812,9726.053515624899,652.251726440708,8824.7392578125,11125.090820312,10,121.3046875,-828.66396484375,290.4800781249999,-96.16162109375,546.0207259192745,-1016.001953125,577.1318359375,10,182984.0,182928.0,183022.4,182992.0,64.44291185917105,182928.0,183152.0,10,2.0,2.0,2.0,2.0,0.0,2.0,2.0,10,2.0,2.0,2.0,2.0,0.0,2.0,2.0,10,1.0,1.0,1.0,1.0,0.0,1.0,1.0,10,1.0,1.0,1.0,1.0,0.0,1.0,1.0,10,100.0,100.0,100.0,100.0,0.0,100.0,100.0,10,1.0983009708738,1.0983009708738,1.0983009708738,1.0983009708738,0.0,1.0983009708738,1.0983009708738,10,100.0,100.0,100.0,100.0,0.0,100.0,100.0,,,,,,,,,,,,,,,,,,,,,,,,,,,,,,,,
phase1,B_bookshelf,warm,synthetic,hierarchical,50,library_sequential_paging,UNSUPPORTED,1,0,0,1,,,,,,,,,,,,,,,,,,,,,,,,,,,,,,,,,,,,,,,,,,,,,,,,,,,,,,,,,,,,,,,,,,,,,,,,,,,,,,,,,,,,,,,,,,,,,,,,,,,,,,,,,,,,,,,,,,,,,,,,
phase1,B_bookshelf,warm,synthetic,hierarchical,50,open_book,PASS,1,10,0,0,10,46.6005,42.0482,51.77269999999999,46.3291,6.952888088173624,30.908,57.755,10,14087.297851563,12884.836523438,14931.5879882817,14029.372656250402,777.8891577789807,12838.092773438,15239.970703125,10,-1208.50048828125,-2399.7206054687504,435.3004882812497,-1182.48134765625,1239.9517533639687,-2919.3818359375,1179.265625,10,207256.0,205696.0,208096.0,206968.0,1141.8129833247162,205696.0,208096.0,10,9.0,9.0,10.0,9.3,0.48304589153964794,9.0,10.0,10,9.0,9.0,10.0,9.3,0.48304589153964794,9.0,10.0,10,9.0,9.0,10.0,9.3,0.48304589153964794,9.0,10.0,10,0.0,0.0,0.0,0.0,0.0,0.0,0.0,10,100.0,100.0,100.0,100.0,0.0,100.0,100.0,10,9.0,9.0,10.0,9.3,0.48304589153964794,9.0,10.0,10,100.0,100.0,100.0,100.0,0.0,100.0,100.0,,,,,,,,,,,,,,,,,,,,,,,,,,,,,,,,
phase1,B_bookshelf,warm,synthetic,hierarchical,50,open_book_minimal,PASS,1,10,0,0,10,42.2855,33.3301,49.827099999999994,41.9123,7.760815822665382,31.684,56.929,10,14793.937988280999,13196.2899414063,15417.3850585937,14578.9428710937,871.8472563609992,12869.924804688,15469.454101562,10,601.99951171875,-1168.2898437499998,1158.99892578125,39.40830078125,1423.5767798802208,-3263.5830078125,1191.1396484375,10,203824.0,201350.4,205616.0,203734.4,1715.1655054574503,200688.0,205616.0,10,0.0,0.0,0.0,0.0,0.0,0.0,0.0,10,0.0,0.0,0.0,0.0,0.0,0.0,0.0,10,0.0,0.0,0.0,0.0,0.0,0.0,0.0,10,0.0,0.0,0.0,0.0,0.0,0.0,0.0,10,0.0,0.0,0.0,0.0,0.0,0.0,0.0,10,0.0,0.0,0.0,0.0,0.0,0.0,0.0,10,0.0,0.0,0.0,0.0,0.0,0.0,0.0,,,,,,,,,,,,,,,,,,,,,,,,,,,,,,,,
phase1,B_bookshelf,warm,synthetic,hierarchical,50,open_bookshelf,PASS,1,10,0,0,10,9.692,8.859300000000001,10.909699999999999,9.9482,1.354006302299464,8.61,13.319,10,19427.6005859375,16767.4447265625,23108.0453125,19741.9227539062,2681.2467488044886,16351.3125,24015.326171875,10,1004.3935546875,975.48125,1123.2869140624998,1039.94033203125,93.86030053493722,963.1484375,1272.6201171875,10,215048.0,214507.2,217496.0,215467.2,1383.1966840137618,214320.0,218576.0,10,1.0,1.0,1.0,1.0,0.0,1.0,1.0,10,1.0,1.0,1.0,1.0,0.0,1.0,1.0,10,1.0,1.0,1.0,1.0,0.0,1.0,1.0,10,0.0,0.0,0.0,0.0,0.0,0.0,0.0,10,100.0,100.0,100.0,100.0,0.0,100.0,100.0,10,1.0,1.0,1.0,1.0,0.0,1.0,1.0,10,100.0,100.0,100.0,100.0,0.0,100.0,100.0,,,,,,,,,,,,,,,,,10,1.0,1.0,1.0,1.0,0.0,1.0,1.0,,,,,,,,
phase1,B_bookshelf,warm,synthetic,hierarchical,50,open_quick_settings,PASS,1,10,0,0,10,8.338000000000001,7.903599999999999,14.253799999999982,13.4038,15.961087513769925,7.396,58.802,10,31486.548339843997,30313.961425780803,32656.7371093746,31510.032324218802,1049.0453428731992,30072.08203125,33220.553710938,10,237.3798828125,227.1556640625,303.6215820312499,275.58154296875,113.7801676114924,224.4697265625,596.6708984375,10,226928.0,226928.0,227278.4,227022.4,211.51895108161506,226928.0,227552.0,10,2.0,2.0,2.599999999999998,2.6,1.8973665961010275,2.0,8.0,10,2.0,2.0,2.599999999999998,2.6,1.8973665961010275,2.0,8.0,10,2.0,2.0,2.599999999999998,2.6,1.8973665961010275,2.0,8.0,10,0.0,0.0,0.0,0.0,0.0,0.0,0.0,10,100.0,100.0,100.0,100.0,0.0,100.0,100.0,10,2.0,2.0,2.599999999999998,2.6,1.8973665961010275,2.0,8.0,10,100.0,100.0,100.0,100.0,0.0,100.0,100.0,,,,,,,,,,,,,,,,,,,,,,,,,,,,,,,,
phase1,B_bookshelf,warm,synthetic,hierarchical,50,repeated_nav,UNSUPPORTED,1,0,0,2,,,,,,,,,,,,,,,,,,,,,,,,,,,,,,,,,,,,,,,,,,,,,,,,,,,,,,,,,,,,,,,,,,,,,,,,,,,,,,,,,,,,,,,,,,,,,,,,,,,,,,,,,,,,,,,,,,,,,,,,
phase1,B_bookshelf,warm,synthetic,hierarchical,50,start_to_home,UNSUPPORTED,1,0,0,10,,,,,,,,,,,,,,,,,,,,,,,,,,,,,,,,,,,,,,,,,,,,,,,,,,,,,,,,,,,,,,,,,,,,,,,,,,,,,,,,,,,,,,,,,,,,,,,,,,,,,,,,,,,,,,,,,,,,,,,,
phase1,C_simpleui,first_run_cold,startup,hierarchical,2000,home_to_library,PASS,3,3,0,0,3,9.453,8.127400000000002,9.650599999999999,8.982999999999999,1.0353641871341692,7.796,9.7,3,12790.921875,12786.3523437504,12804.8117187504,12794.805338542,12.01731498889191,12785.209960938,12808.284179688,3,328.04296875,321.921875,340.13046875,330.5289713541667,11.582227892007788,320.3916015625,343.15234375,3,181216.0,181164.80000000002,181305.59999999998,181232.0,89.08422980528034,181152.0,181328.0,3,6.0,6.000000000000001,6.0,6.0,0.0,6.0,6.0,3,6.0,6.000000000000001,6.0,6.0,0.0,6.0,6.0,3,4.0,4.0,4.0,4.0,0.0,4.0,4.0,3,2.0,2.0,2.0,2.0,0.0,2.0,2.0,3,100.0,100.0,100.0,100.0,0.0,100.0,100.0,3,4.1966019417476,4.1966019417476,4.1966019417476,4.1966019417476,0.0,4.1966019417476,4.1966019417476,3,100.0,100.0,100.0,100.0,0.0,100.0,100.0,,,,,,,,,,,,,,,,,,,,,,,,,,,,,,,,
phase1,C_simpleui,first_run_cold,startup,hierarchical,2000,library_first_render,PASS,3,3,0,0,3,24.806,24.3212,26.493199999999998,25.307,1.4251515708864089,24.2,26.915,3,13787.034179688,13783.224804688001,13844.815429688,13809.522460938,43.14036343891416,13782.272460938,13859.260742188,3,990.50390625,982.125,1029.82578125,1003.3968098958334,31.835271218783525,980.0302734375,1039.65625,3,181216.0,181164.80000000002,181305.59999999998,181232.0,89.08422980528034,181152.0,181328.0,3,8.0,8.0,8.0,8.0,0.0,8.0,8.0,3,8.0,8.0,8.0,8.0,0.0,8.0,8.0,3,3.0,3.0000000000000004,3.0,3.0,0.0,3.0,3.0,3,5.0,5.0,5.0,5.0,0.0,5.0,5.0,3,100.0,100.0,100.0,100.0,0.0,100.0,100.0,3,3.4915048543689,3.4915048543689005,3.4915048543689,3.4915048543689,0.0,3.4915048543689,3.4915048543689,3,100.0,100.0,100.0,100.0,0.0,100.0,100.0,,,,,,,,,,,,,,,,,,,,,,,,,,,,,,,,
phase1,C_simpleui,paging,paging,flat,2000,library_cached_paging,PASS,3,90,0,0,90,18.293,12.2524,33.73660000000001,19.441388888888888,7.319626462033113,10.912,40.509,90,17420.71484375,15253.289257813001,20189.102734375,17649.17985026049,1883.5453668883115,15014.791992188,22634.7265625,90,886.3505859375,-3818.2056640624996,1183.6582031250002,24.81691623263889,2140.3958478679097,-7333.9306640625,1225.9404296875,90,200136.0,198192.0,201680.0,200174.22222222222,1366.8521514761596,198176.0,201888.0,90,2.0,2.0,2.0,2.0,0.0,2.0,2.0,90,2.0,2.0,2.0,2.0,0.0,2.0,2.0,90,1.0,1.0,1.0,1.0,0.0,1.0,1.0,90,1.0,1.0,1.0,1.0,0.0,1.0,1.0,90,100.0,100.0,100.0,100.0,0.0,100.0,100.0,90,1.0983009708738,1.0983009708738,1.0983009708738,1.0983009708738,0.0,1.0983009708738,1.0983009708738,90,100.0,100.0,100.0,100.0,0.0,100.0,100.0,90,8.0,8.0,8.0,8.0,0.0,8.0,8.0,90,8.0,8.0,8.0,8.0,0.0,8.0,8.0,90,251.0,251.0,251.0,251.0,0.0,251.0,251.0,,,,,,,,
phase1,C_simpleui,paging,paging,flat,2000,library_sequential_paging,PASS,3,90,0,0,90,17.450000000000003,14.6745,31.07430000000001,19.575122222222223,6.437961935563947,11.851,40.598,90,16461.96875,14993.596679688,19410.596289062003,16843.91359592022,1615.226233426559,14895.252929688,20745.497070312,90,466.82470703125,-1502.2422851562499,523.89892578125,21.987532552083334,1226.226674015573,-5853.060546875,584.2216796875,90,186208.0,185664.0,188528.0,186800.0,1248.8570954852362,185664.0,188528.0,90,2.0,2.0,2.0,2.0,0.0,2.0,2.0,90,2.0,2.0,2.0,2.0,0.0,2.0,2.0,90,1.0,1.0,1.0,1.0,0.0,1.0,1.0,90,1.0,1.0,1.0,1.0,0.0,1.0,1.0,90,100.0,100.0,100.0,100.0,0.0,100.0,100.0,90,1.0983009708738,1.0983009708738,1.0983009708738,1.0983009708738,0.0,1.0983009708738,1.0983009708738,90,100.0,100.0,100.0,100.0,0.0,100.0,100.0,90,8.0,8.0,8.0,8.0,0.0,8.0,8.0,90,8.0,8.0,8.0,8.0,0.0,8.0,8.0,90,251.0,251.0,251.0,251.0,0.0,251.0,251.0,,,,,,,,
phase1,C_simpleui,paging,paging,flat,2000,paging_probe_step_2_to_3,PASS,3,3,0,0,3,12.245,12.0386,12.289000000000001,12.177333333333332,0.16711173906501406,11.987,12.3,3,15603.87890625,15579.5765624996,15984.04765625,15752.156575520667,283.5396375453831,15573.500976562,16079.08984375,3,490.2080078125,468.43535156250005,492.1767578125,481.9563802083333,16.469502334734614,462.9921875,492.6689453125,3,189840.0,189238.4,192502.4,190698.66666666666,2171.3086683687634,189088.0,193168.0,3,2.0,2.0,2.0,2.0,0.0,2.0,2.0,3,2.0,2.0,2.0,2.0,0.0,2.0,2.0,3,1.0,1.0,1.0,1.0,0.0,1.0,1.0,3,1.0,1.0,1.0,1.0,0.0,1.0,1.0,3,100.0,100.0,100.0,100.0,0.0,100.0,100.0,3,1.0983009708738,1.0983009708738,1.0983009708738,1.0983009708738,0.0,1.0983009708738,1.0983009708738,3,100.0,100.0,100.0,100.0,0.0,100.0,100.0,3,8.0,8.0,8.0,8.0,0.0,8.0,8.0,3,8.0,8.0,8.0,8.0,0.0,8.0,8.0,3,251.0,251.0,251.0,251.0,0.0,251.0,251.0,,,,,,,,
phase1,C_simpleui,paging,paging,hierarchical,2000,library_cached_paging,PASS,3,90,0,0,90,17.6715,12.105400000000001,30.69730000000001,18.724155555555555,6.323959579412841,10.451,40.354,90,15340.616699218499,13243.400585938001,17607.045312500002,15506.379915364612,1627.3930343396592,13197.084960938,20026.422851562,90,869.0478515625,-3550.17265625,1056.9564453125,105.59539930555556,1903.8185858911488,-6777.236328125,1199.4580078125,90,197392.0,195936.0,197904.0,197137.24444444446,963.3058518947302,195936.0,199776.0,90,2.0,2.0,2.0,2.0,0.0,2.0,2.0,90,2.0,2.0,2.0,2.0,0.0,2.0,2.0,90,1.0,1.0,1.0,1.0,0.0,1.0,1.0,90,1.0,1.0,1.0,1.0,0.0,1.0,1.0,90,100.0,100.0,100.0,100.0,0.0,100.0,100.0,90,1.0983009708738,1.0983009708738,1.0983009708738,1.0983009708738,0.0,1.0983009708738,1.0983009708738,90,100.0,100.0,100.0,100.0,0.0,100.0,100.0,90,8.0,8.0,8.0,8.0,0.0,8.0,8.0,90,8.0,8.0,8.0,8.0,0.0,8.0,8.0,90,21.0,21.0,21.0,21.0,0.0,21.0,21.0,,,,,,,,
phase1,C_simpleui,paging,paging,hierarchical,2000,library_sequential_paging,PASS,3,60,0,0,60,17.019,14.6016,27.7393,18.530716666666667,5.48463338110591,11.989,37.081,60,14865.078125,12973.588085938,17877.4295898433,15209.947249349001,1800.1267855372398,12935.092773438,18726.036132812,60,462.19873046875,-2046.01884765625,504.90673828125,-99.92019856770834,1208.790617766347,-3985.80078125,528.4892578125,60,183968.0,183040.0,184880.0,183962.66666666666,757.5255584806446,183040.0,184880.0,60,2.0,2.0,2.0,2.0,0.0,2.0,2.0,60,2.0,2.0,2.0,2.0,0.0,2.0,2.0,60,1.0,1.0,1.0,1.0,0.0,1.0,1.0,60,1.0,1.0,1.0,1.0,0.0,1.0,1.0,60,100.0,100.0,100.0,100.0,0.0,100.0,100.0,60,1.0983009708738,1.0983009708738,1.0983009708738,1.0983009708738,0.0,1.0983009708738,1.0983009708738,60,100.0,100.0,100.0,100.0,0.0,100.0,100.0,60,8.0,8.0,8.0,8.0,0.0,8.0,8.0,60,8.0,8.0,8.0,7.85,0.6593525329532484,5.0,8.0,60,21.0,21.0,21.0,21.0,0.0,21.0,21.0,,,,,,,,
phase1,C_simpleui,paging,paging,hierarchical,2000,paging_probe_step_2_to_3,PASS,3,3,0,0,3,14.013,12.673,31.717799999999997,20.831666666666667,13.287289803919132,12.338,36.144,3,13839.202148438,13181.558398438001,13886.9841796876,13585.093098958669,492.76112929149275,13017.147460938,13898.9296875,3,400.3603515625,-237.18339843750005,455.3939453125,157.64778645833334,481.19699564193024,-396.5693359375,469.15234375,3,192192.0,191526.4,193664.0,192528.0,1367.3214691505432,191360.0,194032.0,3,2.0,2.0,2.0,2.0,0.0,2.0,2.0,3,2.0,2.0,2.0,2.0,0.0,2.0,2.0,3,1.0,1.0,1.0,1.0,0.0,1.0,1.0,3,1.0,1.0,1.0,1.0,0.0,1.0,1.0,3,100.0,100.0,100.0,100.0,0.0,100.0,100.0,3,1.0983009708738,1.0983009708738,1.0983009708738,1.0983009708738,0.0,1.0983009708738,1.0983009708738,3,100.0,100.0,100.0,100.0,0.0,100.0,100.0,3,8.0,8.0,8.0,8.0,0.0,8.0,8.0,3,8.0,8.0,8.0,8.0,0.0,8.0,8.0,3,21.0,21.0,21.0,21.0,0.0,21.0,21.0,,,,,,,,
phase1,C_simpleui,steady_state_cold,startup,hierarchical,2000,home_to_library,PASS,3,3,0,0,3,9.078,8.998000000000001,9.674,9.293,0.4617087826758339,8.978,9.823,3,12803.490234375,12776.680078124602,13118.132421875,12923.420247395667,237.33996454935905,12769.977539062,13196.79296875,3,353.1533203125,347.8353515625,366.0337890625,356.3043619791667,11.69680327463882,346.505859375,369.25390625,3,178512.0,177513.6,180854.4,179072.0,2143.5820488145537,177264.0,181440.0,3,4.0,4.0,4.0,4.0,0.0,4.0,4.0,3,4.0,4.0,4.0,4.0,0.0,4.0,4.0,3,2.0,2.0,2.0,2.0,0.0,2.0,2.0,3,2.0,2.0,2.0,2.0,0.0,2.0,2.0,3,100.0,100.0,100.0,100.0,0.0,100.0,100.0,3,2.1966019417476,2.1966019417476,2.1966019417476,2.1966019417476,0.0,2.1966019417476,2.1966019417476,3,100.0,100.0,100.0,100.0,0.0,100.0,100.0,,,,,,,,,,,,,,,,,,,,,,,,,,,,,,,,
phase1,C_simpleui,steady_state_cold,startup,hierarchical,2000,library_first_render,PASS,3,3,0,0,3,24.593,21.0938,24.633,23.151666666666667,2.5398868741212337,20.219,24.643,3,13709.596679688,13704.7068359376,13964.1646484376,13813.629231771001,185.50825295579122,13703.484375,14027.806640625,3,889.771484375,835.071484375,921.955859375,880.3899739583334,54.90716268279873,821.396484375,930.001953125,3,178512.0,177513.6,180854.4,179072.0,2143.5820488145537,177264.0,181440.0,3,8.0,8.0,8.0,8.0,0.0,8.0,8.0,3,8.0,8.0,8.0,8.0,0.0,8.0,8.0,3,3.0,3.0000000000000004,3.0,3.0,0.0,3.0,3.0,3,5.0,5.0,5.0,5.0,0.0,5.0,5.0,3,100.0,100.0,100.0,100.0,0.0,100.0,100.0,3,3.4915048543689,3.4915048543689005,3.4915048543689,3.4915048543689,0.0,3.4915048543689,3.4915048543689,3,100.0,100.0,100.0,100.0,0.0,100.0,100.0,,,,,,,,,,,,,,,,,,,,,,,,,,,,,,,,
phase1,C_simpleui,warm,synthetic,flat,2000,change_sort_mode,PASS,1,10,0,0,10,90.2165,73.51050000000001,121.12259999999999,95.8639,21.605289159267354,62.274,121.695,10,16690.565429687,16320.311523437,25653.2688476562,20101.369628906,4694.555036487097,16147.887695312,25720.973632812,10,-4468.02587890625,-9001.04248046875,9108.769921875,-850.42626953125,9001.564125084358,-9005.2919921875,9162.966796875,10,213392.0,213392.0,213392.0,213392.0,0.0,213392.0,213392.0,10,9.0,9.0,9.0,9.0,0.0,9.0,9.0,10,9.0,9.0,9.0,9.0,0.0,9.0,9.0,10,3.0,3.0,3.0,3.0,0.0,3.0,3.0,10,6.0,6.0,6.0,6.0,0.0,6.0,6.0,10,100.0,100.0,100.0,100.0,0.0,100.0,100.0,10,3.5898058252427,3.5898058252427,3.5898058252427,3.5898058252427,0.0,3.5898058252427,3.5898058252427,10,100.0,100.0,100.0,100.0,0.0,100.0,100.0,,,,,,,,,,,,,,,,,,,,,,,,,,,,,,,,
phase1,C_simpleui,warm,synthetic,flat,2000,close_book,PASS,1,10,0,0,10,175.6275,102.45760000000001,249.5874,176.5967,73.44073509988247,99.655,256.431,10,90228.088378906,76604.503125,102485.454003911,89860.1362304692,11473.678661548014,75420.767578125,104966.45605469,10,6974.25390625,790.98701171875,12313.3416015625,6786.91669921875,5675.831316954814,488.04296875,12339.970703125,10,304752.0,292144.0,315736.0,304980.8,8928.978202086359,292144.0,318400.0,10,28.0,28.0,28.0,28.0,0.0,28.0,28.0,10,28.0,28.0,28.0,28.0,0.0,28.0,28.0,10,22.0,22.0,22.0,22.0,0.0,22.0,22.0,10,6.0,6.0,6.0,6.0,0.0,6.0,6.0,10,100.0,100.0,100.0,100.0,0.0,100.0,100.0,10,22.589805825243,22.589805825243,22.589805825243,22.589805825243,0.0,22.589805825243,22.589805825243,10,100.0,100.0,100.0,100.0,0.0,100.0,100.0,,,,,,,,,,,,,,,,,,,,,,,,,,,,,,,,
phase1,C_simpleui,warm,synthetic,flat,2000,close_quick_settings,PASS,1,10,0,0,10,8.5345,7.9352,9.0367,8.4675,0.4948104575379232,7.64,9.097,10,97670.7734375,96786.371875,98539.63203125,97665.89863281259,737.6237270063028,96581.189453125,98741.755859375,10,30.873046875,27.72958984375,48.817382812499986,36.66455078125,14.19673482258578,20.7431640625,71.484375,10,329360.0,329360.0,329360.0,329360.0,0.0,329360.0,329360.0,10,3.0,3.0,3.0,3.0,0.0,3.0,3.0,10,3.0,3.0,3.0,3.0,0.0,3.0,3.0,10,3.0,3.0,3.0,3.0,0.0,3.0,3.0,10,0.0,0.0,0.0,0.0,0.0,0.0,0.0,10,100.0,100.0,100.0,100.0,0.0,100.0,100.0,10,3.0,3.0,3.0,3.0,0.0,3.0,3.0,10,100.0,100.0,100.0,100.0,0.0,100.0,100.0,,,,,,,,,,,,,,,,,,,,,,,,,,,,,,,,
phase1,C_simpleui,warm,synthetic,flat,2000,home_to_library,PASS,1,10,0,0,10,8.278,7.7013,8.5138,8.2102,0.47999069435424124,7.245,9.043,10,18707.649902343503,17559.7540039058,20770.881347656697,18929.8349609374,1376.8291282917864,17428.6484375,21025.724609375,10,912.66015625,891.9109374999999,966.4905273437499,924.04365234375,30.94015343946332,889.03515625,973.0673828125,10,190512.0,190275.2,190708.8,190489.6,198.5834277521107,190160.0,190752.0,10,4.0,4.0,4.0,4.0,0.0,4.0,4.0,10,4.0,4.0,4.0,4.0,0.0,4.0,4.0,10,2.0,2.0,2.0,2.0,0.0,2.0,2.0,10,2.0,2.0,2.0,2.0,0.0,2.0,2.0,10,100.0,100.0,100.0,100.0,0.0,100.0,100.0,10,2.1966019417476,2.1966019417476,2.1966019417476,2.1966019417476,0.0,2.1966019417476,2.1966019417476,10,100.0,100.0,100.0,100.0,0.0,100.0,100.0,,,,,,,,,,,,,,,,,,,,,,,,,,,,,,,,
phase1,C_simpleui,warm,synthetic,flat,2000,library_cached_paging,PASS,1,30,0,0,30,10.802,7.8568,34.4626,14.085299999999998,9.140496282270831,5.589,35.936,30,18626.518554687,16979.003710938,20199.373632812996,18656.5294921875,1288.7805272158491,16702.038085938,21799.145507812,30,745.7978515625,-3003.57197265625,872.3658203125,34.96897786458333,1614.926510190811,-4748.111328125,879.8037109375,30,203760.0,203632.0,203776.0,203720.0,62.14554662658654,203632.0,203776.0,30,2.0,2.0,2.0,2.0,0.0,2.0,2.0,30,2.0,2.0,2.0,2.0,0.0,2.0,2.0,30,1.0,1.0,1.0,1.0,0.0,1.0,1.0,30,1.0,1.0,1.0,1.0,0.0,1.0,1.0,30,100.0,100.0,100.0,100.0,0.0,100.0,100.0,30,1.0983009708738,1.0983009708738,1.0983009708738,1.0983009708738,0.0,1.0983009708738,1.0983009708738,30,100.0,100.0,100.0,100.0,0.0,100.0,100.0,30,8.0,8.0,8.0,8.0,0.0,8.0,8.0,30,8.0,8.0,8.0,8.0,0.0,8.0,8.0,30,251.0,251.0,251.0,251.0,0.0,251.0,251.0,,,,,,,,
phase1,C_simpleui,warm,synthetic,flat,2000,library_first_render,PASS,1,10,0,0,10,70.7695,51.976000000000006,78.476,66.6115,12.409759700869849,50.923,81.482,10,19359.631347656003,18635.503417968303,26224.279101563,21831.0947265626,3688.5809995982686,18356.912109375,26602.163085938,10,-2983.76220703125,-6936.99453125,7005.48642578125,-642.9439453125,6932.582137222175,-8253.6259765625,7189.8115234375,10,201968.0,200108.80000000002,202811.19999999998,201760.0,1156.2883146804982,199936.0,203632.0,10,8.0,8.0,8.0,8.0,0.0,8.0,8.0,10,8.0,8.0,8.0,8.0,0.0,8.0,8.0,10,3.0,3.0,3.0,3.0,0.0,3.0,3.0,10,5.0,5.0,5.0,5.0,0.0,5.0,5.0,10,100.0,100.0,100.0,100.0,0.0,100.0,100.0,10,3.4915048543689,3.4915048543689,3.4915048543689,3.4915048543688996,0.0,3.4915048543689,3.4915048543689,10,100.0,100.0,100.0,100.0,0.0,100.0,100.0,,,,,,,,,,,,,,,,,,,,,,,,,,,,,,,,
phase1,C_simpleui,warm,synthetic,flat,2000,library_folder_back,PASS,1,10,0,0,10,76.924,66.9083,97.5348,80.6678,15.369474123874392,66.821,108.153,10,20930.171875,16638.404101562002,27649.2527343746,21376.516699218602,5072.686358758055,15837.165039062,27853.245117188,10,4492.9755859375,-9364.477734375,10064.4043945317,931.9968750000501,9998.77133120599,-12914.513671875,10068.017578125,10,213376.0,213360.0,213392.0,213376.0,16.865480854231357,213360.0,213392.0,10,9.0,9.0,9.0,9.0,0.0,9.0,9.0,10,9.0,9.0,9.0,9.0,0.0,9.0,9.0,10,3.0,3.0,3.0,3.0,0.0,3.0,3.0,10,6.0,6.0,6.0,6.0,0.0,6.0,6.0,10,100.0,100.0,100.0,100.0,0.0,100.0,100.0,10,3.5898058252427,3.5898058252427,3.5898058252427,3.5898058252427,0.0,3.5898058252427,3.5898058252427,10,100.0,100.0,100.0,100.0,0.0,100.0,100.0,,,,,,,,,,,,,,,,,,,,,,,,,,,,,,,,
phase1,C_simpleui,warm,synthetic,flat,2000,library_folder_enter,PASS,1,10,0,0,10,8.746500000000001,7.4853000000000005,11.784299999999993,10.6127,6.459676721357226,7.416,28.869,10,18426.628417968503,16585.564062500398,29192.742578125,21457.9145507812,5813.255198245762,14548.352539062,29269.24609375,10,929.88720703125,-460.5461914062498,1006.2869140625,-414.77548828125,4316.843184173013,-12700.232421875,1014.248046875,10,213360.0,209936.0,213360.0,212673.6,1442.8505120073944,209936.0,213360.0,10,9.0,9.0,9.0,9.0,0.0,9.0,9.0,10,9.0,9.0,9.0,9.0,0.0,9.0,9.0,10,3.0,3.0,3.0,3.0,0.0,3.0,3.0,10,6.0,6.0,6.0,6.0,0.0,6.0,6.0,10,100.0,100.0,100.0,100.0,0.0,100.0,100.0,10,3.5898058252427,3.5898058252427,3.5898058252427,3.5898058252427,0.0,3.5898058252427,3.5898058252427,10,100.0,100.0,100.0,100.0,0.0,100.0,100.0,,,,,,,,,,,,,,,,,,,,,,,,,,,,,,,,
phase1,C_simpleui,warm,synthetic,flat,2000,library_sequential_paging,PASS,1,30,0,0,30,13.996500000000001,10.8033,37.99940000000001,18.141133333333336,10.137291543784176,9.088,40.405,30,17027.805175781497,16351.2046875004,17852.825390625,17059.429980468834,621.5353497409559,15897.983398438,18518.435546875,30,336.8935546875,-1306.28681640625,356.192578125,-37.00244140625,830.9223308152646,-2697.5947265625,371.7216796875,30,203632.0,203632.0,203632.0,203632.0,0.0,203632.0,203632.0,30,2.0,2.0,2.0,2.0,0.0,2.0,2.0,30,2.0,2.0,2.0,2.0,0.0,2.0,2.0,30,1.0,1.0,1.0,1.0,0.0,1.0,1.0,30,1.0,1.0,1.0,1.0,0.0,1.0,1.0,30,100.0,100.0,100.0,100.0,0.0,100.0,100.0,30,1.0983009708738,1.0983009708738,1.0983009708738,1.0983009708738,0.0,1.0983009708738,1.0983009708738,30,100.0,100.0,100.0,100.0,0.0,100.0,100.0,30,8.0,8.0,8.0,8.0,0.0,8.0,8.0,30,8.0,8.0,8.0,8.0,0.0,8.0,8.0,30,251.0,251.0,251.0,251.0,0.0,251.0,251.0,,,,,,,,
phase1,C_simpleui,warm,synthetic,flat,2000,open_book,PASS,1,10,0,0,10,121.451,107.2953,133.7459,120.66890000000001,13.424912831912337,98.631,142.448,10,58923.1420898435,50852.8394531254,66924.43662109331,58640.44101562489,6828.057575696876,48114.313476562,68519.423828125,10,1088.07568359375,-102.2498046875,1295.72978515625,906.19521484375,544.9487938590204,-115.58984375,1342.1123046875,10,271536.0,263264.0,280376.0,272616.0,7660.769442062882,263264.0,285920.0,10,9.0,9.0,9.0,9.0,0.0,9.0,9.0,10,9.0,9.0,9.0,9.0,0.0,9.0,9.0,10,9.0,9.0,9.0,9.0,0.0,9.0,9.0,10,0.0,0.0,0.0,0.0,0.0,0.0,0.0,10,100.0,100.0,100.0,100.0,0.0,100.0,100.0,10,9.0,9.0,9.0,9.0,0.0,9.0,9.0,10,100.0,100.0,100.0,100.0,0.0,100.0,100.0,,,,,,,,,,,,,,,,,,,,,,,,,,,,,,,,
phase1,C_simpleui,warm,synthetic,flat,2000,open_book_minimal,PASS,1,10,0,0,10,91.2295,80.1587,124.11059999999999,96.9202,21.15514410675989,68.582,141.171,10,32359.5014648435,23641.2529296875,40143.3125976562,32162.648339843698,6892.5353460610095,21651.55859375,42568.883789062,10,-3734.5849609375,-9688.13857421875,1175.78681640625,-3943.91201171875,5325.040983150465,-9740.2041015625,1225.4072265625,10,241008.0,235513.6,250816.0,241758.4,6070.235199543571,233440.0,250816.0,10,0.0,0.0,0.0,0.0,0.0,0.0,0.0,10,0.0,0.0,0.0,0.0,0.0,0.0,0.0,10,0.0,0.0,0.0,0.0,0.0,0.0,0.0,10,0.0,0.0,0.0,0.0,0.0,0.0,0.0,10,0.0,0.0,0.0,0.0,0.0,0.0,0.0,10,0.0,0.0,0.0,0.0,0.0,0.0,0.0,10,0.0,0.0,0.0,0.0,0.0,0.0,0.0,,,,,,,,,,,,,,,,,,,,,,,,,,,,,,,,
phase1,C_simpleui,warm,synthetic,flat,2000,open_quick_settings,PASS,1,10,0,0,10,10.1225,9.1557,44.89119999999989,42.7016,101.62439152552568,9.126,331.903,10,111164.400390625,107488.40937500451,113459.985449221,109887.25224609449,5214.569373005604,95843.087890625,114027.53125,10,606.91015625,-1292.1940429687497,643.7328125,-1265.5767578125,5953.664882776439,-18209.888671875,651.470703125,10,326200.0,323520.0,328755.2,326158.4,2199.383509582224,322800.0,329360.0,10,5.0,5.0,5.0,5.0,0.0,5.0,5.0,10,5.0,5.0,5.0,5.0,0.0,5.0,5.0,10,3.0,3.0,3.0,3.0,0.0,3.0,3.0,10,2.0,2.0,2.0,2.0,0.0,2.0,2.0,10,100.0,100.0,100.0,100.0,0.0,100.0,100.0,10,3.1966019417476,3.1966019417476,3.1966019417476,3.1966019417476,0.0,3.1966019417476,3.1966019417476,10,100.0,100.0,100.0,100.0,0.0,100.0,100.0,,,,,,,,,,,,,,,,,,,,,,,,,,,,,,,,
phase1,C_simpleui,warm,synthetic,flat,2000,repeated_nav,PASS,1,2,0,0,2,653.028,634.8632,671.1928,653.028,32.11113314724352,630.322,675.734,2,97478.097167969,96100.16943359381,98856.02490234419,97478.097167969,2435.8551124042956,95755.6875,99200.506835938,2,-4706.57763671875,-5394.185839843751,-4018.96943359375,-4706.57763671875,1215.5310580729613,-5566.087890625,-3847.0673828125,2,329360.0,329360.0,329360.0,329360.0,0.0,329360.0,329360.0,2,20.0,20.0,20.0,20.0,0.0,20.0,20.0,2,20.0,20.0,20.0,20.0,0.0,20.0,20.0,2,10.0,10.0,10.0,10.0,0.0,10.0,10.0,2,10.0,10.0,10.0,10.0,0.0,10.0,10.0,2,100.0,100.0,100.0,100.0,0.0,100.0,100.0,2,10.983009708738,10.983009708738003,10.983009708738,10.983009708738,0.0,10.983009708738,10.983009708738,2,100.0,100.0,100.0,100.0,0.0,100.0,100.0,,,,,,,,,,,,,,,,,,,,,,,,,,,,,,,,
phase1,C_simpleui,warm,synthetic,flat,2000,start_to_home,PASS,1,10,0,0,10,12.661999999999999,10.5794,25.033399999999997,16.630000000000003,7.104249323077312,8.72,29.177,10,16639.336425781003,15809.270507813,17466.1958007808,16649.08203125,950.9369939191972,14880.916992188,18199.12890625,10,315.28173828125,-2693.4657226562504,362.866015625,-689.78916015625,1404.5464533732043,-2983.9609375,451.9501953125,10,189600.0,188820.8,189907.2,189251.2,1175.0242361566657,185984.0,189936.0,10,4.0,4.0,4.0,4.0,0.0,4.0,4.0,10,4.0,4.0,4.0,4.0,0.0,4.0,4.0,10,3.0,3.0,3.0,3.0,0.0,3.0,3.0,10,1.0,1.0,1.0,1.0,0.0,1.0,1.0,10,100.0,100.0,100.0,100.0,0.0,100.0,100.0,10,3.0625,3.0625,3.0625,3.0625,0.0,3.0625,3.0625,10,100.0,100.0,100.0,100.0,0.0,100.0,100.0,,,,,,,,,,,,,,,,,,,,,,,,,,,,,,,,
phase1,C_simpleui,warm,synthetic,flat,50,change_sort_mode,PASS,1,10,0,0,10,36.335,22.151600000000002,43.03849999999999,35.5173,11.147261557590426,21.707,58.145,10,15040.360351563,14689.608007813,16216.9823242188,15326.617187500398,708.6577559831053,14482.041992188,16467.592773438,10,34.7890625,-1230.67001953125,1326.30166015625,55.055859375,1188.2800971301704,-1381.88671875,1458.41796875,10,193504.0,193504.0,193504.0,193504.0,0.0,193504.0,193504.0,10,9.0,9.0,9.0,9.0,0.0,9.0,9.0,10,9.0,9.0,9.0,9.0,0.0,9.0,9.0,10,3.0,3.0,3.0,3.0,0.0,3.0,3.0,10,6.0,6.0,6.0,6.0,0.0,6.0,6.0,10,100.0,100.0,100.0,100.0,0.0,100.0,100.0,10,3.5898058252427,3.5898058252427,3.5898058252427,3.5898058252427,0.0,3.5898058252427,3.5898058252427,10,100.0,100.0,100.0,100.0,0.0,100.0,100.0,,,,,,,,,,,,,,,,,,,,,,,,,,,,,,,,
phase1,C_simpleui,warm,synthetic,flat,50,close_book,PASS,1,10,0,0,10,44.5835,38.995900000000006,64.13089999999998,50.8671,20.332681467419775,32.605,104.9,10,47216.3979492185,41187.0518554683,50582.9436523438,46267.5457031249,3912.137667805029,39426.708984375,50777.413085938,10,5448.40673828125,2900.476171875,6397.1044921875,4921.86337890625,1850.6657860340802,513.3017578125,6427.6376953125,10,253968.0,249849.59999999998,259328.0,254275.2,3888.5508526099197,249792.0,259328.0,10,24.0,24.0,24.0,24.0,0.0,24.0,24.0,10,24.0,24.0,24.0,24.0,0.0,24.0,24.0,10,18.0,18.0,18.0,18.0,0.0,18.0,18.0,10,6.0,6.0,6.0,6.0,0.0,6.0,6.0,10,100.0,100.0,100.0,100.0,0.0,100.0,100.0,10,18.589805825243,18.589805825243,18.589805825243,18.589805825243,0.0,18.589805825243,18.589805825243,10,100.0,100.0,100.0,100.0,0.0,100.0,100.0,,,,,,,,,,,,,,,,,,,,,,,,,,,,,,,,
phase1,C_simpleui,warm,synthetic,flat,50,close_quick_settings,PASS,1,10,0,0,10,8.7025,8.3671,15.658599999999975,15.3596,21.36178054480582,8.179,76.153,10,47823.310546875,47399.7979492183,48238.786914063,47819.2176757814,387.6264937819993,47157.396484375,48435.967773438,10,31.6591796875,-127.44638671874998,38.33466796875,-118.34853515625,475.5973266494367,-1471.822265625,41.900390625,10,268336.0,268336.0,268336.0,268336.0,0.0,268336.0,268336.0,10,3.0,3.0,3.0,3.0,0.0,3.0,3.0,10,3.0,3.0,3.0,3.0,0.0,3.0,3.0,10,3.0,3.0,3.0,3.0,0.0,3.0,3.0,10,0.0,0.0,0.0,0.0,0.0,0.0,0.0,10,100.0,100.0,100.0,100.0,0.0,100.0,100.0,10,3.0,3.0,3.0,3.0,0.0,3.0,3.0,10,100.0,100.0,100.0,100.0,0.0,100.0,100.0,,,,,,,,,,,,,,,,,,,,,,,,,,,,,,,,
phase1,C_simpleui,warm,synthetic,flat,50,home_to_library,PASS,1,10,0,0,10,7.952,7.1317,21.1184,10.5165,5.722049890069506,6.922,21.5,10,14886.928222655999,14336.080664063,16252.9291015625,15119.895898437599,815.2185488116016,14057.112304688,16544.087890625,10,458.11376953125,-911.30478515625,498.80703124999997,83.34755859375,876.7251689194128,-2148.90234375,509.8935546875,10,183448.0,183257.6,183619.19999999998,183446.4,146.87500354609924,183200.0,183648.0,10,4.0,4.0,4.0,4.0,0.0,4.0,4.0,10,4.0,4.0,4.0,4.0,0.0,4.0,4.0,10,2.0,2.0,2.0,2.0,0.0,2.0,2.0,10,2.0,2.0,2.0,2.0,0.0,2.0,2.0,10,100.0,100.0,100.0,100.0,0.0,100.0,100.0,10,2.1966019417476,2.1966019417476,2.1966019417476,2.1966019417476,0.0,2.1966019417476,2.1966019417476,10,100.0,100.0,100.0,100.0,0.0,100.0,100.0,,,,,,,,,,,,,,,,,,,,,,,,,,,,,,,,
phase1,C_simpleui,warm,synthetic,flat,50,library_cached_paging,PASS,1,30,0,0,30,10.247499999999999,7.4927,18.999000000000006,11.750133333333334,6.042194684243371,5.546,30.653,30,15656.59765625,14504.986914063002,17175.8883789063,15769.449544271,1035.6080102670103,13928.163085938,17665.247070312,30,407.2373046875,-799.5970703124993,624.201171875,113.53365885416666,967.7332486910607,-2809.5224609375,634.609375,30,187760.0,186304.0,187856.0,187300.26666666666,717.8565284249346,186304.0,187856.0,30,2.0,2.0,2.0,2.0,0.0,2.0,2.0,30,2.0,2.0,2.0,2.0,0.0,2.0,2.0,30,1.0,1.0,1.0,1.0,0.0,1.0,1.0,30,1.0,1.0,1.0,1.0,0.0,1.0,1.0,30,100.0,100.0,100.0,100.0,0.0,100.0,100.0,30,1.0983009708738,1.0983009708738,1.0983009708738,1.0983009708738,0.0,1.0983009708738,1.0983009708738,30,100.0,100.0,100.0,100.0,0.0,100.0,100.0,30,8.0,8.0,8.0,8.0,0.0,8.0,8.0,30,8.0,8.0,8.0,8.0,0.0,8.0,8.0,30,7.0,7.0,7.0,7.0,0.0,7.0,7.0,,,,,,,,
phase1,C_simpleui,warm,synthetic,flat,50,library_first_render,PASS,1,10,0,0,10,24.1375,19.4532,33.2283,25.6625,7.119820741345171,18.924,41.655,10,16184.690917968499,14748.143750000001,17985.9137695308,16340.8853515625,1679.4221453753185,14359.853515625,19847.3203125,10,1442.009765625,-3014.9928710937497,1670.6819335937498,-159.08720703125,2570.3488954110007,-5496.212890625,1769.5703125,10,185816.0,185036.80000000002,186246.4,185689.6,556.6732933737306,184576.0,186304.0,10,8.0,8.0,8.0,8.0,0.0,8.0,8.0,10,8.0,8.0,8.0,8.0,0.0,8.0,8.0,10,3.0,3.0,3.0,3.0,0.0,3.0,3.0,10,5.0,5.0,5.0,5.0,0.0,5.0,5.0,10,100.0,100.0,100.0,100.0,0.0,100.0,100.0,10,3.4915048543689,3.4915048543689,3.4915048543689,3.4915048543688996,0.0,3.4915048543689,3.4915048543689,10,100.0,100.0,100.0,100.0,0.0,100.0,100.0,,,,,,,,,,,,,,,,,,,,,,,,,,,,,,,,
phase1,C_simpleui,warm,synthetic,flat,50,library_folder_back,PASS,1,10,0,0,10,22.311,10.7124,24.5547,18.954500000000003,6.481901234291611,10.464,27.846,10,15234.206054688,14888.126757813001,17041.0067382808,15517.0552734378,1038.5363786435198,13724.163085938,17213.5,10,-646.12255859375,-2708.5919921875,1516.20751953125,-448.53740234375,1849.0788016495505,-2732.587890625,1726.859375,10,193504.0,193504.0,193504.0,193504.0,0.0,193504.0,193504.0,10,9.0,9.0,9.0,9.0,0.0,9.0,9.0,10,9.0,9.0,9.0,9.0,0.0,9.0,9.0,10,3.0,3.0,3.0,3.0,0.0,3.0,3.0,10,6.0,6.0,6.0,6.0,0.0,6.0,6.0,10,100.0,100.0,100.0,100.0,0.0,100.0,100.0,10,3.5898058252427,3.5898058252427,3.5898058252427,3.5898058252427,0.0,3.5898058252427,3.5898058252427,10,100.0,100.0,100.0,100.0,0.0,100.0,100.0,,,,,,,,,,,,,,,,,,,,,,,,,,,,,,,,
phase1,C_simpleui,warm,synthetic,flat,50,library_folder_enter,PASS,1,10,0,0,10,23.008000000000003,8.767900000000001,31.575499999999998,20.3982,10.483137876291304,8.362,32.462,10,14975.821289063,13950.146679688,17332.776953125,15488.8993164065,1502.6792264305957,13517.893554688,18481.240234375,10,-1170.35693359375,-3678.71689453125,699.51357421875,-1169.98125,2070.1618643652846,-5552.572265625,701.89453125,10,193504.0,193504.0,193504.0,193504.0,0.0,193504.0,193504.0,10,9.0,9.0,9.0,9.0,0.0,9.0,9.0,10,9.0,9.0,9.0,9.0,0.0,9.0,9.0,10,3.0,3.0,3.0,3.0,0.0,3.0,3.0,10,6.0,6.0,6.0,6.0,0.0,6.0,6.0,10,100.0,100.0,100.0,100.0,0.0,100.0,100.0,10,3.5898058252427,3.5898058252427,3.5898058252427,3.5898058252427,0.0,3.5898058252427,3.5898058252427,10,100.0,100.0,100.0,100.0,0.0,100.0,100.0,,,,,,,,,,,,,,,,,,,,,,,,,,,,,,,,
phase1,C_simpleui,warm,synthetic,flat,50,library_sequential_paging,PASS,1,6,0,0,6,20.793499999999998,9.2915,32.69,20.925,11.933076853854583,8.798,34.064,6,13469.557128906501,13215.678710938,14453.173339844001,13712.803059896169,816.1965257010572,13113.811523438,15345.66796875,6,104.39990234375,-1240.99853515625,410.34033203125,-242.08610026041666,1006.7334160335034,-2235.3642578125,443.3828125,6,186304.0,186304.0,186304.0,186304.0,0.0,186304.0,186304.0,6,2.0,2.0,2.0,2.0,0.0,2.0,2.0,6,2.0,2.0,2.0,2.0,0.0,2.0,2.0,6,1.0,1.0,1.0,1.0,0.0,1.0,1.0,6,1.0,1.0,1.0,1.0,0.0,1.0,1.0,6,100.0,100.0,100.0,100.0,0.0,100.0,100.0,6,1.0983009708738,1.0983009708738,1.0983009708738,1.0983009708738,0.0,1.0983009708738,1.0983009708738,6,100.0,100.0,100.0,100.0,0.0,100.0,100.0,6,8.0,8.0,8.0,8.0,0.0,8.0,8.0,6,8.0,5.0,8.0,7.0,2.449489742783178,2.0,8.0,6,7.0,7.0,7.0,7.0,0.0,7.0,7.0,,,,,,,,
phase1,C_simpleui,warm,synthetic,flat,50,open_book,PASS,1,10,0,0,10,116.3765,100.2181,130.5856,116.41689999999998,11.875429849062304,98.77,131.374,10,30843.785644531003,27458.6344726558,34209.172070312,30812.345507812403,2688.171835707764,27444.6484375,35035.477539062,10,-4081.21435546875,-5744.57236328125,-2087.7236328125,-4047.8201171875,1621.1694501440563,-6662.30078125,-1682.099609375,10,240160.0,237936.0,246032.0,241320.0,3582.2555278297314,237216.0,246032.0,10,13.0,12.600000000000001,13.2,12.8,1.4757295747452437,9.0,15.0,10,13.0,12.600000000000001,13.2,12.8,1.4757295747452437,9.0,15.0,10,13.0,12.600000000000001,13.2,12.8,1.4757295747452437,9.0,15.0,10,0.0,0.0,0.0,0.0,0.0,0.0,0.0,10,100.0,100.0,100.0,100.0,0.0,100.0,100.0,10,13.0,12.600000000000001,13.2,12.8,1.4757295747452437,9.0,15.0,10,100.0,100.0,100.0,100.0,0.0,100.0,100.0,,,,,,,,,,,,,,,,,,,,,,,,,,,,,,,,
phase1,C_simpleui,warm,synthetic,flat,50,open_book_minimal,PASS,1,10,0,0,10,54.771,46.5421,90.9172,62.155499999999996,20.205399532743165,45.103,98.83,10,21551.675292968997,18159.8435546875,23648.668066405804,21054.1006835938,2190.169170922474,17714.2890625,23791.9921875,10,747.337890625,-1996.5529296875,1274.36884765625,-206.3134765625,1991.5177110361778,-4831.2998046875,1381.865234375,10,223056.0,215740.8,227526.4,222454.4,6375.879881762726,208368.0,230896.0,10,0.0,0.0,0.0,0.0,0.0,0.0,0.0,10,0.0,0.0,0.0,0.0,0.0,0.0,0.0,10,0.0,0.0,0.0,0.0,0.0,0.0,0.0,10,0.0,0.0,0.0,0.0,0.0,0.0,0.0,10,0.0,0.0,0.0,0.0,0.0,0.0,0.0,10,0.0,0.0,0.0,0.0,0.0,0.0,0.0,10,0.0,0.0,0.0,0.0,0.0,0.0,0.0,,,,,,,,,,,,,,,,,,,,,,,,,,,,,,,,
phase1,C_simpleui,warm,synthetic,flat,50,open_quick_settings,PASS,1,10,0,0,10,12.4945,10.774000000000001,14.042300000000001,12.5564,1.6659063732528443,10.585,16.187,10,53015.906738281,48939.006347656206,58506.0206054683,53407.162988281096,4084.5685377735595,48232.633789062,59835.138671875,10,1508.30615234375,1465.56826171875,1580.88232421875,1518.918359375,58.401290680646355,1450.1865234375,1650.513671875,10,264120.0,259952.0,268292.8,264112.0,3627.56851531895,259952.0,268336.0,10,5.0,5.0,5.0,5.0,0.0,5.0,5.0,10,5.0,5.0,5.0,5.0,0.0,5.0,5.0,10,3.0,3.0,3.0,3.0,0.0,3.0,3.0,10,2.0,2.0,2.0,2.0,0.0,2.0,2.0,10,100.0,100.0,100.0,100.0,0.0,100.0,100.0,10,3.1966019417476,3.1966019417476,3.1966019417476,3.1966019417476,0.0,3.1966019417476,3.1966019417476,10,100.0,100.0,100.0,100.0,0.0,100.0,100.0,,,,,,,,,,,,,,,,,,,,,,,,,,,,,,,,
phase1,C_simpleui,warm,synthetic,flat,50,repeated_nav,PASS,1,2,0,0,2,279.7925,127.4745,432.1105,279.7925,269.2627267419314,89.395,470.19,2,51931.923828125,47217.805078125006,56646.042578125,51931.923828125,8333.463338609128,46039.275390625,57824.572265625,2,-2209.658203125,-12340.4839843754,7921.1675781254,-2209.658203125,17908.939022354152,-14873.190429688,10453.874023438,2,273472.0,273344.0,273600.0,273472.0,226.27416997969522,273312.0,273632.0,2,20.0,20.0,20.0,20.0,0.0,20.0,20.0,2,20.0,20.0,20.0,20.0,0.0,20.0,20.0,2,10.0,10.0,10.0,10.0,0.0,10.0,10.0,2,10.0,10.0,10.0,10.0,0.0,10.0,10.0,2,100.0,100.0,100.0,100.0,0.0,100.0,100.0,2,10.983009708738,10.983009708738003,10.983009708738,10.983009708738,0.0,10.983009708738,10.983009708738,2,100.0,100.0,100.0,100.0,0.0,100.0,100.0,,,,,,,,,,,,,,,,,,,,,,,,,,,,,,,,
phase1,C_simpleui,warm,synthetic,flat,50,start_to_home,PASS,1,10,0,0,10,8.627500000000001,7.7842,17.0599,11.1744,5.077390169499813,6.418,22.27,10,14088.248535156501,12914.118164062998,15310.308398437499,14200.7025390627,1073.770548194712,12882.881835938,16207.30078125,10,389.1044921875,-2965.56494140625,438.32968750000003,-461.001953125,1598.3963350847519,-3910.455078125,444.830078125,10,182816.0,182816.0,182827.19999999998,182827.2,35.41750979388585,182816.0,182928.0,10,4.0,4.0,4.0,4.0,0.0,4.0,4.0,10,4.0,4.0,4.0,4.0,0.0,4.0,4.0,10,3.0,3.0,3.0,3.0,0.0,3.0,3.0,10,1.0,1.0,1.0,1.0,0.0,1.0,1.0,10,100.0,100.0,100.0,100.0,0.0,100.0,100.0,10,3.0625,3.0625,3.0625,3.0625,0.0,3.0625,3.0625,10,100.0,100.0,100.0,100.0,0.0,100.0,100.0,,,,,,,,,,,,,,,,,,,,,,,,,,,,,,,,
phase1,C_simpleui,warm,synthetic,hierarchical,2000,change_sort_mode,PASS,1,10,0,0,10,8.369,7.378,31.4803,14.8823,11.279653137397442,6.496,32.437,10,19104.035644531497,18147.992382812998,19626.9407226563,19019.528417969,628.2049701411441,17968.530273438,19890.940429688,10,308.76806640625,-864.8829101562499,353.86249999999995,-59.6466796875,888.364638115825,-2417.041015625,415.783203125,10,194416.0,194416.0,194416.0,194416.0,0.0,194416.0,194416.0,10,9.0,9.0,9.0,9.0,0.0,9.0,9.0,10,9.0,9.0,9.0,9.0,0.0,9.0,9.0,10,3.0,3.0,3.0,3.0,0.0,3.0,3.0,10,6.0,6.0,6.0,6.0,0.0,6.0,6.0,10,100.0,100.0,100.0,100.0,0.0,100.0,100.0,10,3.5898058252427,3.5898058252427,3.5898058252427,3.5898058252427,0.0,3.5898058252427,3.5898058252427,10,100.0,100.0,100.0,100.0,0.0,100.0,100.0,,,,,,,,,,,,,,,,,,,,,,,,,,,,,,,,
phase1,C_simpleui,warm,synthetic,hierarchical,2000,close_book,PASS,1,10,0,0,10,40.370000000000005,36.2208,111.27699999999999,54.934000000000005,33.53353132148311,34.419,126.1,10,47567.740234375,44727.310449218305,49746.6069335938,47466.542578125096,2276.5444711355085,43280.041015625,51095.530273438,10,3314.4091796875,606.6450195312501,3607.2744140625,2707.38759765625,1439.953335057671,-602.1455078125,3744.12890625,10,255152.0,250752.0,255243.2,254113.6,1971.9988280366138,250752.0,256064.0,10,25.0,25.0,25.0,25.0,0.0,25.0,25.0,10,25.0,25.0,25.0,25.0,0.0,25.0,25.0,10,18.0,18.0,18.0,18.0,0.0,18.0,18.0,10,7.0,7.0,7.0,7.0,0.0,7.0,7.0,10,100.0,100.0,100.0,100.0,0.0,100.0,100.0,10,18.688106796117,18.688106796117,18.688106796117,18.688106796117,0.0,18.688106796117,18.688106796117,10,100.0,100.0,100.0,100.0,0.0,100.0,100.0,,,,,,,,,,,,,,,,,,,,,,,,,,,,,,,,
phase1,C_simpleui,warm,synthetic,hierarchical,2000,close_quick_settings,PASS,1,10,0,0,10,8.3295,7.444799999999999,8.7265,8.0903,0.9989857133891134,5.643,9.487,10,50778.3046875,49842.761035155796,51617.104785155796,50749.6001953124,750.4244369524479,49582.1328125,51825.671875,10,41.81494140625,22.369140625,59.434863281249996,42.86953125,16.371735298007447,16.849609375,64.166015625,10,258096.0,258096.0,258096.0,258096.0,0.0,258096.0,258096.0,10,3.0,3.0,3.0,3.0,0.0,3.0,3.0,10,3.0,3.0,3.0,3.0,0.0,3.0,3.0,10,3.0,3.0,3.0,3.0,0.0,3.0,3.0,10,0.0,0.0,0.0,0.0,0.0,0.0,0.0,10,100.0,100.0,100.0,100.0,0.0,100.0,100.0,10,3.0,3.0,3.0,3.0,0.0,3.0,3.0,10,100.0,100.0,100.0,100.0,0.0,100.0,100.0,,,,,,,,,,,,,,,,,,,,,,,,,,,,,,,,
phase1,C_simpleui,warm,synthetic,hierarchical,2000,home_to_library,PASS,1,10,0,0,10,8.033,5.2926,10.439999999999996,8.7011,4.936335943232029,5.289,22.023,10,14735.452636718499,14517.9416992192,15271.093164063,14803.6344726565,342.37755297987104,14361.68359375,15444.522460938,10,140.63232421875,-1.5231445312499687,193.17060546875,25.55634765625,428.5107668312082,-1191.4365234375,203.4423828125,10,181008.0,180908.80000000002,181089.6,181000.0,75.1413482858953,180880.0,181104.0,10,4.0,4.0,4.0,4.0,0.0,4.0,4.0,10,4.0,4.0,4.0,4.0,0.0,4.0,4.0,10,2.0,2.0,2.0,2.0,0.0,2.0,2.0,10,2.0,2.0,2.0,2.0,0.0,2.0,2.0,10,100.0,100.0,100.0,100.0,0.0,100.0,100.0,10,2.1966019417476,2.1966019417476,2.1966019417476,2.1966019417476,0.0,2.1966019417476,2.1966019417476,10,100.0,100.0,100.0,100.0,0.0,100.0,100.0,,,,,,,,,,,,,,,,,,,,,,,,,,,,,,,,
phase1,C_simpleui,warm,synthetic,hierarchical,2000,library_cached_paging,UNSUPPORTED,1,0,0,1,,,,,,,,,,,,,,,,,,,,,,,,,,,,,,,,,,,,,,,,,,,,,,,,,,,,,,,,,,,,,,,,,,,,,,,,,,,,,,,,,,,,,,,,,,,,,,,,,,,,,,,,,,,,,,,,,,,,,,,,
phase1,C_simpleui,warm,synthetic,hierarchical,2000,library_first_render,PASS,1,10,0,0,10,19.099,17.0489,30.526999999999997,21.5024,5.650490130166684,16.742,32.579,10,16757.168945312,15391.182128906301,17383.7338867187,16497.7696289062,874.2068932739614,14690.768554688,17409.797851562,10,622.61328125,-1252.5361328125,780.8028320312499,103.7015625,1092.1772059899547,-2488.3046875,885.103515625,10,181104.0,181104.0,181403.2,181195.2,145.0921546236506,181104.0,181504.0,10,8.0,8.0,8.0,8.0,0.0,8.0,8.0,10,8.0,8.0,8.0,8.0,0.0,8.0,8.0,10,3.0,3.0,3.0,3.0,0.0,3.0,3.0,10,5.0,5.0,5.0,5.0,0.0,5.0,5.0,10,100.0,100.0,100.0,100.0,0.0,100.0,100.0,10,3.4915048543689,3.4915048543689,3.4915048543689,3.4915048543688996,0.0,3.4915048543689,3.4915048543689,10,100.0,100.0,100.0,100.0,0.0,100.0,100.0,,,,,,,,,,,,,,,,,,,,,,,,,,,,,,,,
phase1,C_simpleui,warm,synthetic,hierarchical,2000,library_folder_back,PASS,1,10,0,0,10,10.893,7.9456999999999995,32.3886,14.6684,10.214049030624436,7.43,35.535,10,18836.674804688,18260.111816406697,20074.7823242183,19156.6060546875,765.3999791864219,18111.009765625,20082.728515625,10,335.20068359375,-1417.17724609375,405.43837890624997,-67.50947265625,919.0605237369849,-2200.5244140625,440.5146484375,10,193328.0,192510.40000000002,194387.19999999998,193337.6,746.2170074597752,192352.0,194416.0,10,9.0,9.0,9.0,9.0,0.0,9.0,9.0,10,9.0,9.0,9.0,9.0,0.0,9.0,9.0,10,3.0,3.0,3.0,3.0,0.0,3.0,3.0,10,6.0,6.0,6.0,6.0,0.0,6.0,6.0,10,100.0,100.0,100.0,100.0,0.0,100.0,100.0,10,3.5898058252427,3.5898058252427,3.5898058252427,3.5898058252427,0.0,3.5898058252427,3.5898058252427,10,100.0,100.0,100.0,100.0,0.0,100.0,100.0,,,,,,,,,,,,,,,,,,,,,,,,,,,,,,,,
phase1,C_simpleui,warm,synthetic,hierarchical,2000,library_folder_enter,PASS,1,10,0,0,10,13.8965,11.5613,38.738,22.2073,14.495468740648269,5.327,49.25,10,17952.322753906497,17412.9370117188,18974.7205078125,18084.1194335939,606.6819420945077,17396.092773438,19015.025390625,10,556.80712890625,-1155.3291015625,1193.5048828125,169.9388671875,1024.2336577272524,-1329.361328125,1257.9990234375,10,190888.0,188988.8,192228.8,190899.2,1240.7263822275868,188672.0,192272.0,10,9.0,9.0,9.0,9.0,0.0,9.0,9.0,10,9.0,9.0,9.0,9.0,0.0,9.0,9.0,10,3.0,3.0,3.0,3.0,0.0,3.0,3.0,10,6.0,6.0,6.0,6.0,0.0,6.0,6.0,10,100.0,100.0,100.0,100.0,0.0,100.0,100.0,10,3.5898058252427,3.5898058252427,3.5898058252427,3.5898058252427,0.0,3.5898058252427,3.5898058252427,10,100.0,100.0,100.0,100.0,0.0,100.0,100.0,,,,,,,,,,,,,,,,,,,,,,,,,,,,,,,,
phase1,C_simpleui,warm,synthetic,hierarchical,2000,library_sequential_paging,UNSUPPORTED,1,0,0,1,,,,,,,,,,,,,,,,,,,,,,,,,,,,,,,,,,,,,,,,,,,,,,,,,,,,,,,,,,,,,,,,,,,,,,,,,,,,,,,,,,,,,,,,,,,,,,,,,,,,,,,,,,,,,,,,,,,,,,,,
phase1,C_simpleui,warm,synthetic,hierarchical,2000,open_book,PASS,1,10,0,0,10,126.76650000000001,120.04079999999999,144.6978,130.90439999999998,10.544366091267252,118.491,145.695,10,34740.721191406,31797.3575195308,37854.1715820308,34872.923242187404,2453.2282436680857,31691.08984375,38899.91796875,10,-2302.26611328125,-3420.6677734375003,-1457.5281250000003,-2468.65908203125,1051.5128754665227,-4207.12890625,-934.9287109375,10,242680.0,240128.0,248352.0,243387.2,3192.3201176156085,240128.0,248352.0,10,13.0,13.0,15.0,13.6,0.9660917830792959,13.0,15.0,10,13.0,13.0,15.0,13.6,0.9660917830792959,13.0,15.0,10,13.0,13.0,15.0,13.6,0.9660917830792959,13.0,15.0,10,0.0,0.0,0.0,0.0,0.0,0.0,0.0,10,100.0,100.0,100.0,100.0,0.0,100.0,100.0,10,13.0,13.0,15.0,13.6,0.9660917830792959,13.0,15.0,10,100.0,100.0,100.0,100.0,0.0,100.0,100.0,,,,,,,,,,,,,,,,,,,,,,,,,,,,,,,,
phase1,C_simpleui,warm,synthetic,hierarchical,2000,open_book_minimal,PASS,1,10,0,0,10,77.2615,58.1819,101.5055,79.7153,21.101223608807356,56.714,107.234,10,26334.594238281003,23756.794335937502,28833.4719726562,26126.8750976562,2367.0437450146233,21752.197265625,28962.559570312,10,-1653.884765625,-3229.0875976562497,105.06005859374952,-1487.98291015625,1534.8479082258182,-3355.6123046875,1344.4453125,10,230576.0,220428.80000000002,233744.0,227920.0,6458.730525420611,216800.0,237776.0,10,0.0,0.0,0.0,0.0,0.0,0.0,0.0,10,0.0,0.0,0.0,0.0,0.0,0.0,0.0,10,0.0,0.0,0.0,0.0,0.0,0.0,0.0,10,0.0,0.0,0.0,0.0,0.0,0.0,0.0,10,0.0,0.0,0.0,0.0,0.0,0.0,0.0,10,0.0,0.0,0.0,0.0,0.0,0.0,0.0,10,0.0,0.0,0.0,0.0,0.0,0.0,0.0,,,,,,,,,,,,,,,,,,,,,,,,,,,,,,,,
phase1,C_simpleui,warm,synthetic,hierarchical,2000,open_quick_settings,PASS,1,10,0,0,10,8.573,7.9521999999999995,10.796999999999999,9.232,1.6128669436062535,7.459,12.777,10,52018.041015625,50751.4214843754,53816.123828125,52181.419628906195,1280.236121676245,50413.153320312,54198.560546875,10,352.251953125,307.44794921875,448.5826171875,372.71279296875,65.60544775839305,303.3408203125,495.8818359375,10,256992.0,256832.0,258024.0,257193.6,490.3883268503759,256832.0,258096.0,10,5.0,5.0,5.0,5.0,0.0,5.0,5.0,10,5.0,5.0,5.0,5.0,0.0,5.0,5.0,10,3.0,3.0,3.0,3.0,0.0,3.0,3.0,10,2.0,2.0,2.0,2.0,0.0,2.0,2.0,10,100.0,100.0,100.0,100.0,0.0,100.0,100.0,10,3.1966019417476,3.1966019417476,3.1966019417476,3.1966019417476,0.0,3.1966019417476,3.1966019417476,10,100.0,100.0,100.0,100.0,0.0,100.0,100.0,,,,,,,,,,,,,,,,,,,,,,,,,,,,,,,,
phase1,C_simpleui,warm,synthetic,hierarchical,2000,repeated_nav,UNSUPPORTED,1,0,0,2,,,,,,,,,,,,,,,,,,,,,,,,,,,,,,,,,,,,,,,,,,,,,,,,,,,,,,,,,,,,,,,,,,,,,,,,,,,,,,,,,,,,,,,,,,,,,,,,,,,,,,,,,,,,,,,,,,,,,,,,
phase1,C_simpleui,warm,synthetic,hierarchical,2000,start_to_home,PASS,1,10,0,0,10,8.989,7.9751,16.6742,10.9336,3.774811848144075,7.526,17.045,10,14044.760253905999,13402.450585938,14608.282421875,14011.727832031402,617.6849555762368,12880.331054688,14941.6796875,10,307.859375,-1279.80908203125,351.6021484375,-157.8234375,784.4698701208713,-1335.5712890625,373.59765625,10,180568.0,180528.0,180739.19999999998,180609.6,95.83689848441001,180528.0,180768.0,10,4.0,4.0,4.0,4.0,0.0,4.0,4.0,10,4.0,4.0,4.0,4.0,0.0,4.0,4.0,10,3.0,3.0,3.0,3.0,0.0,3.0,3.0,10,1.0,1.0,1.0,1.0,0.0,1.0,1.0,10,100.0,100.0,100.0,100.0,0.0,100.0,100.0,10,3.0625,3.0625,3.0625,3.0625,0.0,3.0625,3.0625,10,100.0,100.0,100.0,100.0,0.0,100.0,100.0,,,,,,,,,,,,,,,,,,,,,,,,,,,,,,,,
phase1,C_simpleui,warm,synthetic,hierarchical,50,change_sort_mode,PASS,1,10,0,0,10,10.071,8.5149,26.357200000000002,14.4502,7.860416030833087,8.478,26.818,10,18614.431640625,18059.666601563,20154.3713867183,18910.2968750001,909.5124464174883,17844.190429688,20558.732421875,10,404.01904296875,-830.7375,439.7861328125,-99.99423828125,1011.887798474579,-2723.8857421875,441.3681640625,10,187264.0,187264.0,187264.0,187264.0,0.0,187264.0,187264.0,10,9.0,9.0,9.0,9.0,0.0,9.0,9.0,10,9.0,9.0,9.0,9.0,0.0,9.0,9.0,10,3.0,3.0,3.0,3.0,0.0,3.0,3.0,10,6.0,6.0,6.0,6.0,0.0,6.0,6.0,10,100.0,100.0,100.0,100.0,0.0,100.0,100.0,10,3.5898058252427,3.5898058252427,3.5898058252427,3.5898058252427,0.0,3.5898058252427,3.5898058252427,10,100.0,100.0,100.0,100.0,0.0,100.0,100.0,,,,,,,,,,,,,,,,,,,,,,,,,,,,,,,,
phase1,C_simpleui,warm,synthetic,hierarchical,50,close_book,PASS,1,10,0,0,10,41.474000000000004,38.525000000000006,44.49380000000001,41.6529,3.4483936179682915,36.176,49.253,10,47127.2822265625,43106.33359375,50346.704296874996,47052.6133789063,2837.410367573798,42325.298828125,50851.119140625,10,3118.10888671875,3052.8986328125,3222.2135742187497,3138.08466796875,101.22559437639944,2973.921875,3360.4453125,10,242640.0,242640.0,242640.0,242640.0,0.0,242640.0,242640.0,10,25.0,25.0,25.0,25.0,0.0,25.0,25.0,10,25.0,25.0,25.0,25.0,0.0,25.0,25.0,10,18.0,18.0,18.0,18.0,0.0,18.0,18.0,10,7.0,7.0,7.0,7.0,0.0,7.0,7.0,10,100.0,100.0,100.0,100.0,0.0,100.0,100.0,10,18.688106796117,18.688106796117,18.688106796117,18.688106796117,0.0,18.688106796117,18.688106796117,10,100.0,100.0,100.0,100.0,0.0,100.0,100.0,,,,,,,,,,,,,,,,,,,,,,,,,,,,,,,,
phase1,C_simpleui,warm,synthetic,hierarchical,50,close_quick_settings,PASS,1,10,0,0,10,8.620999999999999,8.2936,9.224400000000001,8.7197,0.5229410525522402,8.056,9.813,10,49681.112304687,48481.30185546829,50886.029101562504,49616.4011718749,990.4811005707148,47972.521484375,50938.919921875,10,165.4736328125,125.57265625,210.4486328125,166.21513671875,34.283537048349054,111.84765625,212.67578125,10,242640.0,242640.0,242640.0,242640.0,0.0,242640.0,242640.0,10,3.0,3.0,3.0,3.0,0.0,3.0,3.0,10,3.0,3.0,3.0,3.0,0.0,3.0,3.0,10,3.0,3.0,3.0,3.0,0.0,3.0,3.0,10,0.0,0.0,0.0,0.0,0.0,0.0,0.0,10,100.0,100.0,100.0,100.0,0.0,100.0,100.0,10,3.0,3.0,3.0,3.0,0.0,3.0,3.0,10,100.0,100.0,100.0,100.0,0.0,100.0,100.0,,,,,,,,,,,,,,,,,,,,,,,,,,,,,,,,
phase1,C_simpleui,warm,synthetic,hierarchical,50,home_to_library,PASS,1,10,0,0,10,8.8625,7.961399999999999,9.5059,8.885299999999999,0.6338613675980999,7.956,9.874,10,13731.791992188,13290.4136718746,14545.213281249999,13819.1196289063,517.9529068948353,13290.366210938,14743.7265625,10,287.6826171875,223.95537109375,320.6931640625,276.6970703125,41.04269978160496,210.02734375,329.83203125,10,177296.0,177296.0,177296.0,177296.0,0.0,177296.0,177296.0,10,4.0,4.0,4.0,4.0,0.0,4.0,4.0,10,4.0,4.0,4.0,4.0,0.0,4.0,4.0,10,2.0,2.0,2.0,2.0,0.0,2.0,2.0,10,2.0,2.0,2.0,2.0,0.0,2.0,2.0,10,100.0,100.0,100.0,100.0,0.0,100.0,100.0,10,2.1966019417476,2.1966019417476,2.1966019417476,2.1966019417476,0.0,2.1966019417476,2.1966019417476,10,100.0,100.0,100.0,100.0,0.0,100.0,100.0,,,,,,,,,,,,,,,,,,,,,,,,,,,,,,,,
phase1,C_simpleui,warm,synthetic,hierarchical,50,library_cached_paging,UNSUPPORTED,1,0,0,1,,,,,,,,,,,,,,,,,,,,,,,,,,,,,,,,,,,,,,,,,,,,,,,,,,,,,,,,,,,,,,,,,,,,,,,,,,,,,,,,,,,,,,,,,,,,,,,,,,,,,,,,,,,,,,,,,,,,,,,,
phase1,C_simpleui,warm,synthetic,hierarchical,50,library_first_render,PASS,1,10,0,0,10,26.500999999999998,22.264,37.188599999999994,28.576900000000002,6.824923775724126,20.869,37.923,10,15514.171875,14759.8461914067,16704.8378906246,15601.468261718901,1013.8200280606754,13829.888671875,17582.135742188,10,488.50927734375,-1698.026171875,980.2458984374999,1.33642578125,1252.7688291055954,-2571.89453125,1020.9111328125,10,177296.0,177296.0,177296.0,177296.0,0.0,177296.0,177296.0,10,8.0,8.0,8.0,8.0,0.0,8.0,8.0,10,8.0,8.0,8.0,8.0,0.0,8.0,8.0,10,3.0,3.0,3.0,3.0,0.0,3.0,3.0,10,5.0,5.0,5.0,5.0,0.0,5.0,5.0,10,100.0,100.0,100.0,100.0,0.0,100.0,100.0,10,3.4915048543689,3.4915048543689,3.4915048543689,3.4915048543688996,0.0,3.4915048543689,3.4915048543689,10,100.0,100.0,100.0,100.0,0.0,100.0,100.0,,,,,,,,,,,,,,,,,,,,,,,,,,,,,,,,
phase1,C_simpleui,warm,synthetic,hierarchical,50,library_folder_back,PASS,1,10,0,0,10,16.261,11.0417,34.91199999999999,22.4709,15.30458193156546,10.94,59.608,10,17344.859863281497,17202.045703125,18519.5952148438,17688.187304687697,582.0777647123282,17169.4453125,18526.499023438,10,398.26123046875,-635.0302734375,507.75029296875,18.28671875,696.6966534178363,-1637.02734375,519.08203125,10,186752.0,185932.80000000002,187249.6,186560.0,618.8965090294894,185616.0,187264.0,10,9.0,9.0,9.0,9.0,0.0,9.0,9.0,10,9.0,9.0,9.0,9.0,0.0,9.0,9.0,10,3.0,3.0,3.0,3.0,0.0,3.0,3.0,10,6.0,6.0,6.0,6.0,0.0,6.0,6.0,10,100.0,100.0,100.0,100.0,0.0,100.0,100.0,10,3.5898058252427,3.5898058252427,3.5898058252427,3.5898058252427,0.0,3.5898058252427,3.5898058252427,10,100.0,100.0,100.0,100.0,0.0,100.0,100.0,,,,,,,,,,,,,,,,,,,,,,,,,,,,,,,,
phase1,C_simpleui,warm,synthetic,hierarchical,50,library_folder_enter,PASS,1,10,0,0,10,13.587,9.0491,34.993900000000004,17.024700000000003,9.861394729505108,9.005,35.002,10,16588.450195312,16268.553320313,17296.034765625,16747.172265625,507.7033183595447,16214.936523438,17614.072265625,10,403.97705078125,7.36357421875001,747.9447265625,370.2279296875,363.38974780623505,-459.8955078125,806.4130859375,10,185328.0,185280.0,185366.4,185331.2,103.36214652053881,185136.0,185568.0,10,9.0,9.0,9.0,9.0,0.0,9.0,9.0,10,9.0,9.0,9.0,9.0,0.0,9.0,9.0,10,3.0,3.0,3.0,3.0,0.0,3.0,3.0,10,6.0,6.0,6.0,6.0,0.0,6.0,6.0,10,100.0,100.0,100.0,100.0,0.0,100.0,100.0,10,3.5898058252427,3.5898058252427,3.5898058252427,3.5898058252427,0.0,3.5898058252427,3.5898058252427,10,100.0,100.0,100.0,100.0,0.0,100.0,100.0,,,,,,,,,,,,,,,,,,,,,,,,,,,,,,,,
phase1,C_simpleui,warm,synthetic,hierarchical,50,library_sequential_paging,UNSUPPORTED,1,0,0,1,,,,,,,,,,,,,,,,,,,,,,,,,,,,,,,,,,,,,,,,,,,,,,,,,,,,,,,,,,,,,,,,,,,,,,,,,,,,,,,,,,,,,,,,,,,,,,,,,,,,,,,,,,,,,,,,,,,,,,,,
phase1,C_simpleui,warm,synthetic,hierarchical,50,open_book,PASS,1,10,0,0,10,137.2695,117.8641,148.1575,134.4539,12.514518203981238,116.866,148.675,10,34437.43359375,30788.300097655803,37502.4239257813,33991.6613281251,2653.6479245784094,30102.7734375,37824.737304688,10,-2093.92333984375,-3257.4806640625,-1065.23642578125,-2163.8583984375,864.9630171436161,-3747.5869140625,-781.7373046875,10,238592.0,232924.80000000002,242640.0,238732.8,4098.241053590349,231456.0,242640.0,10,13.0,13.0,13.2,13.2,0.6324555320336759,13.0,15.0,10,13.0,13.0,13.2,13.2,0.6324555320336759,13.0,15.0,10,13.0,13.0,13.2,13.2,0.6324555320336759,13.0,15.0,10,0.0,0.0,0.0,0.0,0.0,0.0,0.0,10,100.0,100.0,100.0,100.0,0.0,100.0,100.0,10,13.0,13.0,13.2,13.2,0.6324555320336759,13.0,15.0,10,100.0,100.0,100.0,100.0,0.0,100.0,100.0,,,,,,,,,,,,,,,,,,,,,,,,,,,,,,,,
phase1,C_simpleui,warm,synthetic,hierarchical,50,open_book_minimal,PASS,1,10,0,0,10,67.231,60.5894,101.466,74.6978,19.821077724931552,51.71,110.43,10,25249.9619140625,22388.67109375,27581.921679687002,25098.0157226562,2056.873299623103,21969.337890625,27778.223632812,10,-491.9033203125,-1925.9146484374999,1338.76796875,-259.7248046875,1276.2001848170275,-2142.025390625,1346.171875,10,224736.0,218307.2,229248.0,223350.4,5717.394029528566,211712.0,229248.0,10,0.0,0.0,0.0,0.0,0.0,0.0,0.0,10,0.0,0.0,0.0,0.0,0.0,0.0,0.0,10,0.0,0.0,0.0,0.0,0.0,0.0,0.0,10,0.0,0.0,0.0,0.0,0.0,0.0,0.0,10,0.0,0.0,0.0,0.0,0.0,0.0,0.0,10,0.0,0.0,0.0,0.0,0.0,0.0,0.0,10,0.0,0.0,0.0,0.0,0.0,0.0,0.0,,,,,,,,,,,,,,,,,,,,,,,,,,,,,,,,
phase1,C_simpleui,warm,synthetic,hierarchical,50,open_quick_settings,PASS,1,10,0,0,10,13.2665,12.3132,14.1257,13.2499,0.7303963079497777,12.225,14.168,10,50055.3354492185,48564.8470703125,52196.096484375004,50216.516992187404,1566.7411035682287,48212.13671875,52740.955078125,10,508.27880859375,478.348828125,559.45166015625,515.51103515625,39.81423554908566,470.5986328125,594.111328125,10,242640.0,242640.0,242640.0,242640.0,0.0,242640.0,242640.0,10,5.0,5.0,5.0,5.0,0.0,5.0,5.0,10,5.0,5.0,5.0,5.0,0.0,5.0,5.0,10,3.0,3.0,3.0,3.0,0.0,3.0,3.0,10,2.0,2.0,2.0,2.0,0.0,2.0,2.0,10,100.0,100.0,100.0,100.0,0.0,100.0,100.0,10,3.1966019417476,3.1966019417476,3.1966019417476,3.1966019417476,0.0,3.1966019417476,3.1966019417476,10,100.0,100.0,100.0,100.0,0.0,100.0,100.0,,,,,,,,,,,,,,,,,,,,,,,,,,,,,,,,
phase1,C_simpleui,warm,synthetic,hierarchical,50,repeated_nav,UNSUPPORTED,1,0,0,2,,,,,,,,,,,,,,,,,,,,,,,,,,,,,,,,,,,,,,,,,,,,,,,,,,,,,,,,,,,,,,,,,,,,,,,,,,,,,,,,,,,,,,,,,,,,,,,,,,,,,,,,,,,,,,,,,,,,,,,,
phase1,C_simpleui,warm,synthetic,hierarchical,50,start_to_home,PASS,1,10,0,0,10,9.1705,8.9353,17.476599999999998,12.4165,4.5891383904461485,8.614,20.56,10,13422.928710937,12712.397851563,14656.3631835933,13530.591308593901,785.6586325513028,12577.928710938,14692.494140625,10,385.744140625,-2109.15849609375,453.64453125,-367.43388671875,1130.638239117148,-2185.7138671875,473.173828125,10,177296.0,177296.0,177296.0,177296.0,0.0,177296.0,177296.0,10,4.0,4.0,4.0,4.0,0.0,4.0,4.0,10,4.0,4.0,4.0,4.0,0.0,4.0,4.0,10,3.0,3.0,3.0,3.0,0.0,3.0,3.0,10,1.0,1.0,1.0,1.0,0.0,1.0,1.0,10,100.0,100.0,100.0,100.0,0.0,100.0,100.0,10,3.0625,3.0625,3.0625,3.0625,0.0,3.0625,3.0625,10,100.0,100.0,100.0,100.0,0.0,100.0,100.0,,,,,,,,,,,,,,,,,,,,,,,,,,,,,,,,
phase1,D_zenos,first_run_cold,startup,hierarchical,2000,home_to_library,PASS,3,3,0,0,3,31.225,30.937800000000003,35.7962,33.01,3.4073451542219786,30.866,36.939,3,15848.049804688,15833.8396484376,15858.357617187201,15846.423828125,15.38829312525601,15830.287109375,15860.934570312,3,1357.7490234375,1348.3388671875,1410.3810546875,1375.7581380208333,41.7953682639183,1345.986328125,1423.5390625,3,190016.0,189657.6,191142.4,190336.0,968.4957408269796,189568.0,191424.0,3,9.0,9.0,9.0,9.0,0.0,9.0,9.0,3,9.0,9.0,9.0,9.0,0.0,9.0,9.0,3,6.0,6.000000000000001,6.0,6.0,0.0,6.0,6.0,3,3.0,3.0000000000000004,3.0,3.0,0.0,3.0,3.0,3,100.0,100.0,100.0,100.0,0.0,100.0,100.0,3,6.1328883495146,6.1328883495146,6.1328883495146,6.132888349514599,0.0,6.1328883495146,6.1328883495146,3,100.0,100.0,100.0,100.0,0.0,100.0,100.0,,,,,,,,,,,,,,,,,,,,,,,,,,,,,,,,
phase1,D_zenos,first_run_cold,startup,hierarchical,2000,library_first_render,PASS,3,3,0,0,3,25.777,25.457,27.456200000000003,26.343333333333334,1.342311563435753,25.377,27.876,3,16717.05078125,16706.69765625,16758.16640625,16729.868489583332,34.029376260663064,16704.109375,16768.4453125,3,872.896484375,838.025390625,899.801953125,869.5774739583334,38.717194118237735,829.3076171875,906.5283203125,3,190016.0,189657.6,191142.4,190336.0,968.4957408269796,189568.0,191424.0,3,8.0,8.0,8.0,8.0,0.0,8.0,8.0,3,8.0,8.0,8.0,8.0,0.0,8.0,8.0,3,5.0,5.0,5.0,5.0,0.0,5.0,5.0,3,3.0,3.0000000000000004,3.0,3.0,0.0,3.0,3.0,3,100.0,100.0,100.0,100.0,0.0,100.0,100.0,3,5.1328883495146,5.132888349514601,5.1328883495146,5.1328883495146,0.0,5.1328883495146,5.1328883495146,3,100.0,100.0,100.0,100.0,0.0,100.0,100.0,,,,,,,,,,,,,,,,,,,,,,,,,,,,,,,,
phase1,D_zenos,paging,paging,flat,2000,library_cached_paging,PASS,3,90,0,0,90,8.122499999999999,7.248100000000001,22.043200000000006,10.24911111111111,5.381181214976363,5.685,25.565,90,21277.633789062,20214.287695312,23360.6882812496,21534.858550347122,1148.5058035919358,20149.551757812,24443.193359375,90,348.291015625,-1424.401953125,374.68828125,-23.380598958333334,985.7539213223007,-4255.1103515625,404.7314453125,90,206800.0,206544.0,207504.0,206949.33333333334,408.16828430759625,206544.0,207504.0,90,1.0,1.0,1.0,1.0,0.0,1.0,1.0,90,1.0,1.0,1.0,1.0,0.0,1.0,1.0,90,1.0,1.0,1.0,1.0,0.0,1.0,1.0,90,0.0,0.0,0.0,0.0,0.0,0.0,0.0,90,100.0,100.0,100.0,100.0,0.0,100.0,100.0,90,1.0,1.0,1.0,1.0,0.0,1.0,1.0,90,100.0,100.0,100.0,100.0,0.0,100.0,100.0,90,5.0,5.0,5.0,5.0,0.0,5.0,5.0,90,5.0,5.0,5.0,5.0,0.0,5.0,5.0,90,400.0,400.0,400.0,400.0,0.0,400.0,400.0,,,,,,,,
phase1,D_zenos,paging,paging,flat,2000,library_sequential_paging,PASS,3,90,0,0,90,8.273,7.425699999999999,12.069600000000083,9.68907777777778,4.413879692255201,6.307,27.543,90,24654.646484375,20459.6562500004,33795.4083007812,26272.039409722154,5262.340748791232,20127.301757812,34911.965820312,90,359.65869140625,-1911.42431640625,396.7171875,-381.66973741319447,1959.0632998652466,-8886.9306640625,434.65234375,90,195056.0,193024.0,202528.0,195835.02222222224,2994.9788878765853,192576.0,202528.0,90,1.0,1.0,1.0,1.0,0.0,1.0,1.0,90,1.0,1.0,1.0,1.0,0.0,1.0,1.0,90,1.0,1.0,1.0,1.0,0.0,1.0,1.0,90,0.0,0.0,0.0,0.0,0.0,0.0,0.0,90,100.0,100.0,100.0,100.0,0.0,100.0,100.0,90,1.0,1.0,1.0,1.0,0.0,1.0,1.0,90,100.0,100.0,100.0,100.0,0.0,100.0,100.0,90,5.0,5.0,5.0,5.0,0.0,5.0,5.0,90,5.0,5.0,5.0,5.0,0.0,5.0,5.0,90,400.0,400.0,400.0,400.0,0.0,400.0,400.0,,,,,,,,
phase1,D_zenos,paging,paging,flat,2000,paging_probe_step_2_to_3,PASS,3,3,0,0,3,19.922,19.594,20.084400000000002,19.852999999999998,0.31227071588607197,19.512,20.125,3,20165.907226562,20132.725976562004,20166.632226562,20152.383789062,24.212356767048593,20124.430664062,20166.813476562,3,-407.1513671875,-435.5826171875,-344.8599609375,-393.04296875,58.003133056140236,-442.6904296875,-329.287109375,3,206144.0,200921.60000000003,206374.4,204064.0,3854.771588563971,199616.0,206432.0,3,1.0,1.0,1.0,1.0,0.0,1.0,1.0,3,1.0,1.0,1.0,1.0,0.0,1.0,1.0,3,1.0,1.0,1.0,1.0,0.0,1.0,1.0,3,0.0,0.0,0.0,0.0,0.0,0.0,0.0,3,100.0,100.0,100.0,100.0,0.0,100.0,100.0,3,1.0,1.0,1.0,1.0,0.0,1.0,1.0,3,100.0,100.0,100.0,100.0,0.0,100.0,100.0,3,5.0,5.0,5.0,5.0,0.0,5.0,5.0,3,5.0,5.0,5.0,5.0,0.0,5.0,5.0,3,400.0,400.0,400.0,400.0,0.0,400.0,400.0,,,,,,,,
phase1,D_zenos,paging,paging,hierarchical,2000,library_cached_paging,PASS,3,90,0,0,90,8.3105,7.263,18.998300000000008,10.050922222222223,4.5008496407083705,5.698,22.218,90,15939.888671875,14853.522851562,18414.784960938,16259.047732204812,1287.5037886798802,14804.055664062,19458.182617188,90,346.27294921875,-1375.71796875,384.9771484375,-33.76616753472222,1017.0542771167948,-4610.361328125,444.162109375,90,198768.0,197968.0,200336.0,199024.0,989.0438010773022,197968.0,200336.0,90,1.0,1.0,1.0,1.0,0.0,1.0,1.0,90,1.0,1.0,1.0,1.0,0.0,1.0,1.0,90,1.0,1.0,1.0,1.0,0.0,1.0,1.0,90,0.0,0.0,0.0,0.0,0.0,0.0,0.0,90,100.0,100.0,100.0,100.0,0.0,100.0,100.0,90,1.0,1.0,1.0,1.0,0.0,1.0,1.0,90,100.0,100.0,100.0,100.0,0.0,100.0,100.0,90,5.0,5.0,5.0,5.0,0.0,5.0,5.0,90,5.0,5.0,5.0,5.0,0.0,5.0,5.0,90,33.0,33.0,33.0,33.0,0.0,33.0,33.0,,,,,,,,
phase1,D_zenos,paging,paging,hierarchical,2000,library_sequential_paging,PASS,3,90,0,0,90,8.2355,7.163399999999999,9.2124,8.9917,3.309558684216018,6.134,23.662,90,19898.951171875,15161.257324218801,24226.215820312,19758.49099392356,3307.6980240796297,14763.254882812,25263.280273438,90,358.45166015625,328.03496093750005,388.60576171875005,-39.217350260416666,1941.8469338046898,-10484.779296875,412.58984375,90,185632.0,183904.0,187179.2,185727.64444444445,1347.357983269906,183904.0,187824.0,90,1.0,1.0,1.0,1.0,0.0,1.0,1.0,90,1.0,1.0,1.0,1.0,0.0,1.0,1.0,90,1.0,1.0,1.0,1.0,0.0,1.0,1.0,90,0.0,0.0,0.0,0.0,0.0,0.0,0.0,90,100.0,100.0,100.0,100.0,0.0,100.0,100.0,90,1.0,1.0,1.0,1.0,0.0,1.0,1.0,90,100.0,100.0,100.0,100.0,0.0,100.0,100.0,90,5.0,5.0,5.0,5.0,0.0,5.0,5.0,90,5.0,5.0,5.0,5.0,0.0,5.0,5.0,90,33.0,33.0,33.0,33.0,0.0,33.0,33.0,,,,,,,,
phase1,D_zenos,paging,paging,hierarchical,2000,paging_probe_step_2_to_3,PASS,3,3,0,0,3,16.276,16.041600000000003,18.2456,16.999,1.5131268948769627,15.983,18.738,3,14823.719726562,14807.575976562,14835.141601562,14821.752278645334,17.312564487084696,14803.540039062,14837.997070312,3,1.48828125,-19.599218750000002,3.1664062500000005,-6.598958333333333,15.858853677033037,-24.87109375,3.5859375,3,198384.0,197782.40000000002,199664.0,198666.66666666666,1201.208280579739,197632.0,199984.0,3,1.0,1.0,1.0,1.0,0.0,1.0,1.0,3,1.0,1.0,1.0,1.0,0.0,1.0,1.0,3,1.0,1.0,1.0,1.0,0.0,1.0,1.0,3,0.0,0.0,0.0,0.0,0.0,0.0,0.0,3,100.0,100.0,100.0,100.0,0.0,100.0,100.0,3,1.0,1.0,1.0,1.0,0.0,1.0,1.0,3,100.0,100.0,100.0,100.0,0.0,100.0,100.0,3,5.0,5.0,5.0,5.0,0.0,5.0,5.0,3,5.0,5.0,5.0,5.0,0.0,5.0,5.0,3,33.0,33.0,33.0,33.0,0.0,33.0,33.0,,,,,,,,
phase1,D_zenos,steady_state_cold,startup,hierarchical,2000,home_to_library,PASS,3,3,0,0,3,31.885,31.3866,32.161,31.792333333333332,0.49060812603679105,31.262,32.23,3,15645.883789062,15589.976757812401,15682.423632812399,15637.814127603999,58.20040141102491,15576.0,15691.55859375,3,1346.2060546875,1284.4396484375002,1372.5458984375,1331.4449869791667,56.530752137288424,1268.998046875,1379.130859375,3,186368.0,179712.0,190425.59999999998,185285.33333333334,6761.326891471328,178048.0,191440.0,3,9.0,9.0,9.0,9.0,0.0,9.0,9.0,3,9.0,9.0,9.0,9.0,0.0,9.0,9.0,3,6.0,6.000000000000001,6.0,6.0,0.0,6.0,6.0,3,3.0,3.0000000000000004,3.0,3.0,0.0,3.0,3.0,3,100.0,100.0,100.0,100.0,0.0,100.0,100.0,3,6.1328883495146,6.1328883495146,6.1328883495146,6.132888349514599,0.0,6.1328883495146,6.1328883495146,3,100.0,100.0,100.0,100.0,0.0,100.0,100.0,,,,,,,,,,,,,,,,,,,,,,,,,,,,,,,,
phase1,D_zenos,steady_state_cold,startup,hierarchical,2000,library_first_render,PASS,3,3,0,0,3,24.298,24.106800000000003,26.1276,24.980666666666668,1.3945229769829306,24.059,26.585,3,16479.859375,16464.7734375,16526.875,16493.163411458332,40.48745487717441,16461.001953125,16538.62890625,3,832.8515625,820.50078125,860.965625,839.4195963541666,25.92228915155982,817.4130859375,867.994140625,3,186368.0,179942.40000000002,190425.59999999998,185381.33333333334,6607.483434208014,178336.0,191440.0,3,8.0,8.0,8.0,8.0,0.0,8.0,8.0,3,8.0,8.0,8.0,8.0,0.0,8.0,8.0,3,5.0,5.0,5.0,5.0,0.0,5.0,5.0,3,3.0,3.0000000000000004,3.0,3.0,0.0,3.0,3.0,3,100.0,100.0,100.0,100.0,0.0,100.0,100.0,3,5.1328883495146,5.132888349514601,5.1328883495146,5.1328883495146,0.0,5.1328883495146,5.1328883495146,3,100.0,100.0,100.0,100.0,0.0,100.0,100.0,,,,,,,,,,,,,,,,,,,,,,,,,,,,,,,,
phase1,D_zenos,warm,synthetic,flat,2000,change_sort_mode,PASS,1,10,0,0,10,99.6235,69.1654,110.17280000000001,92.8068,16.86303292741585,67.981,113.546,10,20874.538085937,20798.218945312005,38203.2124999996,26233.748242187205,7433.439212901882,20782.567382812,38232.081054688,10,23.9609375,-17332.5123046875,9629.4560546875,-0.757421875,10060.224538294557,-17455.880859375,9634.0,10,219184.0,218864.0,219232.0,219131.2,143.1182882948383,218864.0,219232.0,10,5.0,5.0,5.0,5.0,0.0,5.0,5.0,10,5.0,5.0,5.0,5.0,0.0,5.0,5.0,10,4.0,4.0,4.0,4.0,0.0,4.0,4.0,10,1.0,1.0,1.0,1.0,0.0,1.0,1.0,10,100.0,100.0,100.0,100.0,0.0,100.0,100.0,10,4.0442961165049,4.0442961165049,4.0442961165049,4.0442961165049,0.0,4.0442961165049,4.0442961165049,10,100.0,100.0,100.0,100.0,0.0,100.0,100.0,,,,,,,,,,,,,,,,,,,,,,,,,,,,,,,,
phase1,D_zenos,warm,synthetic,flat,2000,close_book,PASS,1,10,0,0,10,33.516999999999996,30.0857,38.3258,34.3172,3.847147162364457,30.074,40.88,10,39095.089355469,36941.183300781304,40183.4821289063,38859.513964843805,1311.370411501056,36822.862304688,40706.112304688,10,2725.30908203125,2613.4822265625,2970.81318359375,2748.6712890625,138.80926795955213,2564.1298828125,2997.037109375,10,256616.0,255824.0,256976.0,256529.6,496.28378978161277,255824.0,256976.0,10,7.0,7.0,7.0,7.0,0.0,7.0,7.0,10,7.0,7.0,7.0,7.0,0.0,7.0,7.0,10,7.0,7.0,7.0,7.0,0.0,7.0,7.0,10,0.0,0.0,0.0,0.0,0.0,0.0,0.0,10,100.0,100.0,100.0,100.0,0.0,100.0,100.0,10,7.0,7.0,7.0,7.0,0.0,7.0,7.0,10,100.0,100.0,100.0,100.0,0.0,100.0,100.0,,,,,,,,,,,,,,,,,,,,,,,,,,,,,,,,
phase1,D_zenos,warm,synthetic,flat,2000,close_quick_settings,PASS,1,10,0,0,10,16.929000000000002,15.2288,22.361399999999982,21.2271,16.45991122866571,11.564,67.824,10,41330.8549804685,40293.12578125,42414.9444335938,41353.5083007812,942.1115879327605,39941.88671875,42946.182617188,10,38.7001953125,-229.59687499999995,45.95263671875,-223.49345703125,834.2327206740518,-2597.7236328125,47.9697265625,10,258288.0,258153.59999999998,258336.0,258246.4,120.01777646110041,257952.0,258336.0,10,3.0,3.0,3.0,3.0,0.0,3.0,3.0,10,3.0,3.0,3.0,3.0,0.0,3.0,3.0,10,2.0,2.0,2.0,2.0,0.0,2.0,2.0,10,1.0,1.0,1.0,1.0,0.0,1.0,1.0,10,100.0,100.0,100.0,100.0,0.0,100.0,100.0,10,2.0442961165049,2.0442961165049,2.0442961165049,2.0442961165049,0.0,2.0442961165049,2.0442961165049,10,100.0,100.0,100.0,100.0,0.0,100.0,100.0,,,,,,,,,,,,,,,,,,,,,,,,,,,,,,,,
phase1,D_zenos,warm,synthetic,flat,2000,home_to_library,PASS,1,10,0,0,10,63.408,61.0961,85.0303,68.0164,10.798804483213253,59.234,91.045,10,29522.141113281003,21807.097460937002,37071.772460937,29253.039453124704,6046.918963896969,20652.274414062,37510.645507812,10,3432.1806640625,-15773.834375,4112.472363281249,-187.31630859375,8406.03751976909,-16460.66796875,5666.560546875,10,211552.0,210905.6,212304.0,211520.0,814.5870119269027,209840.0,212304.0,10,6.0,6.0,6.0,6.0,0.0,6.0,6.0,10,6.0,6.0,6.0,6.0,0.0,6.0,6.0,10,4.0,4.0,4.0,4.0,0.0,4.0,4.0,10,2.0,2.0,2.0,2.0,0.0,2.0,2.0,10,100.0,100.0,100.0,100.0,0.0,100.0,100.0,10,4.0885922330097,4.0885922330097,4.0885922330097,4.0885922330097,0.0,4.0885922330097,4.0885922330097,10,100.0,100.0,100.0,100.0,0.0,100.0,100.0,,,,,,,,,,,,,,,,,,,,,,,,,,,,,,,,
phase1,D_zenos,warm,synthetic,flat,2000,library_cached_paging,PASS,1,30,0,0,30,12.081,7.8405000000000005,35.9856,15.3221,10.3596716708391,7.245,38.948,30,21432.838378906497,20460.226953125002,22535.0700195308,21501.9327799479,920.065972693084,20393.046875,23975.338867188,30,373.56005859375,-1493.99794921875,642.2373046875,29.158430989583334,1033.964836526105,-3531.1826171875,664.9951171875,30,218864.0,218864.0,218864.0,218864.0,0.0,218864.0,218864.0,30,1.0,1.0,1.0,1.0,0.0,1.0,1.0,30,1.0,1.0,1.0,1.0,0.0,1.0,1.0,30,1.0,1.0,1.0,1.0,0.0,1.0,1.0,30,0.0,0.0,0.0,0.0,0.0,0.0,0.0,30,100.0,100.0,100.0,100.0,0.0,100.0,100.0,30,1.0,1.0,1.0,1.0,0.0,1.0,1.0,30,100.0,100.0,100.0,100.0,0.0,100.0,100.0,30,5.0,5.0,5.0,5.0,0.0,5.0,5.0,30,5.0,5.0,5.0,5.0,0.0,5.0,5.0,30,400.0,400.0,400.0,400.0,0.0,400.0,400.0,,,,,,,,
phase1,D_zenos,warm,synthetic,flat,2000,library_first_render,PASS,1,10,0,0,10,67.353,65.39500000000001,86.6176,74.74549999999999,11.152260899327393,65.107,93.526,10,24894.596191406497,20981.7168945308,28763.4358398438,24526.5235351562,3337.0847433991116,20875.8359375,30247.260742188,10,3691.0927734375,-7562.6513671875,3824.2166015625,-190.96884765625,5286.994124123436,-8639.6630859375,3903.3251953125,10,218864.0,218864.0,218864.0,218864.0,0.0,218864.0,218864.0,10,8.0,8.0,8.0,8.0,0.0,8.0,8.0,10,8.0,8.0,8.0,8.0,0.0,8.0,8.0,10,5.0,5.0,5.0,5.0,0.0,5.0,5.0,10,3.0,3.0,3.0,3.0,0.0,3.0,3.0,10,100.0,100.0,100.0,100.0,0.0,100.0,100.0,10,5.1328883495146,5.1328883495146,5.1328883495146,5.1328883495146,0.0,5.1328883495146,5.1328883495146,10,100.0,100.0,100.0,100.0,0.0,100.0,100.0,,,,,,,,,,,,,,,,,,,,,,,,,,,,,,,,
phase1,D_zenos,warm,synthetic,flat,2000,library_folder_back,PASS,1,10,0,0,10,107.0135,89.90859999999999,112.1703,104.09729999999999,8.387161313579226,89.284,112.227,10,18669.9375,18657.084375,25113.3174804692,19962.7920898438,2726.969944525466,18647.47265625,25166.0,10,-614.0302734375,-1280.4635742187497,5847.00966796875,43.86279296875,3664.1432391778385,-7022.654296875,5898.8115234375,10,218864.0,218864.0,218864.0,218864.0,0.0,218864.0,218864.0,10,6.0,6.0,6.0,6.0,0.0,6.0,6.0,10,6.0,6.0,6.0,6.0,0.0,6.0,6.0,10,3.0,3.0,3.0,3.0,0.0,3.0,3.0,10,3.0,3.0,3.0,3.0,0.0,3.0,3.0,10,100.0,100.0,100.0,100.0,0.0,100.0,100.0,10,3.1328883495146,3.1328883495146,3.1328883495146,3.1328883495146,0.0,3.1328883495146,3.1328883495146,10,100.0,100.0,100.0,100.0,0.0,100.0,100.0,,,,,,,,,,,,,,,,,,,,,,,,,,,,,,,,
phase1,D_zenos,warm,synthetic,flat,2000,library_folder_enter,PASS,1,10,0,0,10,10.4275,10.1235,11.838899999999999,10.7362,0.7221515384214342,9.993,12.126,10,19246.126464843503,19210.5339843754,25764.675195312997,21421.0958007813,3190.5531139193004,19196.961914062,26600.026367188,10,577.4580078125,554.81484375,628.890625,583.53193359375,28.790297848062263,545.4931640625,632.5556640625,10,218864.0,218864.0,218864.0,218864.0,0.0,218864.0,218864.0,10,5.0,5.0,5.0,5.0,0.0,5.0,5.0,10,5.0,5.0,5.0,5.0,0.0,5.0,5.0,10,3.0,3.0,3.0,3.0,0.0,3.0,3.0,10,2.0,2.0,2.0,2.0,0.0,2.0,2.0,10,100.0,100.0,100.0,100.0,0.0,100.0,100.0,10,3.0885922330097,3.0885922330096998,3.0885922330097,3.0885922330097,0.0,3.0885922330097,3.0885922330097,10,100.0,100.0,100.0,100.0,0.0,100.0,100.0,,,,,,,,,,,,,,,,,,,,,,,,,,,,,,,,
phase1,D_zenos,warm,synthetic,flat,2000,library_sequential_paging,PASS,1,30,0,0,30,8.4255,7.6164,27.7082,11.192633333333333,7.527663366375469,6.606,32.518,30,22596.782226562,20639.442578125,25516.061035156203,22773.061979166567,1872.9269360242588,20363.69921875,26506.442382812,30,363.02392578125,-459.9378906249999,398.24609375,-30.74560546875,1318.8796578089537,-5846.6962890625,429.025390625,30,218864.0,218864.0,218864.0,218864.0,0.0,218864.0,218864.0,30,1.0,1.0,1.0,1.0,0.0,1.0,1.0,30,1.0,1.0,1.0,1.0,0.0,1.0,1.0,30,1.0,1.0,1.0,1.0,0.0,1.0,1.0,30,0.0,0.0,0.0,0.0,0.0,0.0,0.0,30,100.0,100.0,100.0,100.0,0.0,100.0,100.0,30,1.0,1.0,1.0,1.0,0.0,1.0,1.0,30,100.0,100.0,100.0,100.0,0.0,100.0,100.0,30,5.0,5.0,5.0,5.0,0.0,5.0,5.0,30,5.0,5.0,5.0,5.0,0.0,5.0,5.0,30,400.0,400.0,400.0,400.0,0.0,400.0,400.0,,,,,,,,
phase1,D_zenos,warm,synthetic,flat,2000,open_book,PASS,1,10,0,0,10,125.86,118.7069,136.4871,127.36269999999999,8.30091562620253,117.725,141.636,10,30166.611816406003,28619.3250976558,32776.4184570312,30441.3657226562,1655.8761855486778,28289.27734375,32940.918945312,10,-2566.037109375,-2715.19921875,-1910.6994140625002,-2470.5986328125,326.4713365845424,-2768.14453125,-1819.4443359375,10,252712.0,252592.0,254160.0,253110.4,730.5771234670118,252592.0,254160.0,10,9.0,9.0,9.0,9.0,0.0,9.0,9.0,10,9.0,9.0,9.0,9.0,0.0,9.0,9.0,10,9.0,9.0,9.0,9.0,0.0,9.0,9.0,10,0.0,0.0,0.0,0.0,0.0,0.0,0.0,10,100.0,100.0,100.0,100.0,0.0,100.0,100.0,10,9.0,9.0,9.0,9.0,0.0,9.0,9.0,10,100.0,100.0,100.0,100.0,0.0,100.0,100.0,,,,,,,,,,,,,,,,,,,,,,,,,,,,,,,,
phase1,D_zenos,warm,synthetic,flat,2000,open_book_minimal,PASS,1,10,0,0,10,99.2255,71.25739999999999,110.78620000000001,96.2731,15.48970128433011,68.624,114.271,10,25565.85546875,22779.9223632808,26708.5401367187,25207.1850585937,1623.8209978985742,22259.53515625,26991.047851562,10,-1868.677734375,-3007.5166015625,-743.6548828125,-1884.28740234375,1085.1409217938735,-3066.21875,-726.01171875,10,246808.0,243838.4,251168.0,246659.2,3666.547779890809,238928.0,251168.0,10,0.0,0.0,0.0,0.0,0.0,0.0,0.0,10,0.0,0.0,0.0,0.0,0.0,0.0,0.0,10,0.0,0.0,0.0,0.0,0.0,0.0,0.0,10,0.0,0.0,0.0,0.0,0.0,0.0,0.0,10,0.0,0.0,0.0,0.0,0.0,0.0,0.0,10,0.0,0.0,0.0,0.0,0.0,0.0,0.0,10,0.0,0.0,0.0,0.0,0.0,0.0,0.0,,,,,,,,,,,,,,,,,,,,,,,,,,,,,,,,
phase1,D_zenos,warm,synthetic,flat,2000,open_quick_settings,PASS,1,10,0,0,10,8.362,7.8786000000000005,15.250799999999977,14.6221,19.96608843597898,7.74,71.436,10,41978.277832031,40115.5051757812,44171.3016601558,42063.0621093749,1728.8676932735184,39756.676757812,44742.625,10,557.5068359375,21.295117187500125,604.5302734375,46.24375,1652.1181794329975,-4655.205078125,620.9130859375,10,256976.0,256976.0,257193.6,257041.6,110.19497871197822,256976.0,257280.0,10,6.0,6.0,6.0,6.0,0.0,6.0,6.0,10,6.0,6.0,6.0,6.0,0.0,6.0,6.0,10,5.0,5.0,5.0,5.0,0.0,5.0,5.0,10,1.0,1.0,1.0,1.0,0.0,1.0,1.0,10,100.0,100.0,100.0,100.0,0.0,100.0,100.0,10,5.0442961165049,5.0442961165049,5.0442961165049,5.0442961165049,0.0,5.0442961165049,5.0442961165049,10,100.0,100.0,100.0,100.0,0.0,100.0,100.0,,,,,,,,,,,,,,,,,,,,,,,,,,,,,,,,
phase1,D_zenos,warm,synthetic,flat,2000,repeated_nav,PASS,1,2,0,0,2,227.5215,112.67070000000001,342.3723,227.5215,203.02944876174982,83.958,371.085,2,39959.926269531,38942.075878906195,40977.7766601558,39959.926269531,1799.3222836104294,38687.61328125,41232.239257812,2,-992.2783203125,-3630.6353515625,1646.0787109375,-992.2783203125,4664.000369970207,-4290.224609375,2305.66796875,2,258336.0,258336.0,258336.0,258336.0,0.0,258336.0,258336.0,2,10.0,10.0,10.0,10.0,0.0,10.0,10.0,2,10.0,10.0,10.0,10.0,0.0,10.0,10.0,2,10.0,10.0,10.0,10.0,0.0,10.0,10.0,2,0.0,0.0,0.0,0.0,0.0,0.0,0.0,2,100.0,100.0,100.0,100.0,0.0,100.0,100.0,2,10.0,10.0,10.0,10.0,0.0,10.0,10.0,2,100.0,100.0,100.0,100.0,0.0,100.0,100.0,,,,,,,,,,,,,,,,,,,,,,,,,,,,,,,,
phase1,D_zenos,warm,synthetic,flat,2000,start_to_home,PASS,1,10,0,0,10,8.5495,7.5476,12.225199999999997,9.5623,2.541830882126766,7.517,15.629,10,27408.762207031003,22585.7328125004,34596.6098632808,27855.9905273435,5099.635205016585,19537.540039062,34903.1328125,10,84.8154296875,77.63896484375,115.004296875,90.97294921875,17.693364777289123,63.88671875,116.5458984375,10,209416.0,203628.80000000002,209840.0,207696.0,3009.7867034060737,202736.0,209840.0,10,1.0,1.0,1.0,1.0,0.0,1.0,1.0,10,1.0,1.0,1.0,1.0,0.0,1.0,1.0,10,1.0,1.0,1.0,1.0,0.0,1.0,1.0,10,0.0,0.0,0.0,0.0,0.0,0.0,0.0,10,100.0,100.0,100.0,100.0,0.0,100.0,100.0,10,1.0,1.0,1.0,1.0,0.0,1.0,1.0,10,100.0,100.0,100.0,100.0,0.0,100.0,100.0,,,,,,,,,,,,,,,,,,,,,,,,,,,,,,,,
phase1,D_zenos,warm,synthetic,flat,50,change_sort_mode,PASS,1,10,0,0,10,25.4425,18.7071,34.1589,26.084300000000002,7.624228544580757,18.159,35.67,10,16342.2421875,15658.955273437,17251.691796875,16500.462402343597,962.9366322379738,15650.739257812,18415.349609375,10,663.5087890625,-1596.3037109375,1394.7001953125,-8.2435546875,1596.8435693912647,-2738.4423828125,1430.8759765625,10,197968.0,197968.0,197968.0,197968.0,0.0,197968.0,197968.0,10,5.0,5.0,5.0,5.0,0.0,5.0,5.0,10,5.0,5.0,5.0,5.0,0.0,5.0,5.0,10,4.0,4.0,4.0,4.0,0.0,4.0,4.0,10,1.0,1.0,1.0,1.0,0.0,1.0,1.0,10,100.0,100.0,100.0,100.0,0.0,100.0,100.0,10,4.0442961165049,4.0442961165049,4.0442961165049,4.0442961165049,0.0,4.0442961165049,4.0442961165049,10,100.0,100.0,100.0,100.0,0.0,100.0,100.0,,,,,,,,,,,,,,,,,,,,,,,,,,,,,,,,
phase1,D_zenos,warm,synthetic,flat,50,close_book,PASS,1,10,0,0,10,33.4765,30.1691,60.56589999999999,40.3141,16.10064030783317,28.352,79.06,10,34093.9047851565,31826.6375,35322.718066405796,33625.7654296875,1901.8613429379632,29142.60546875,35527.3828125,10,2695.6015625,2241.4311523437505,3031.21337890625,2398.43623046875,1202.2037994870825,-987.068359375,3084.927734375,10,242040.0,241009.6,244076.8,242294.4,1551.4812420536848,240160.0,244768.0,10,7.0,7.0,7.0,7.0,0.0,7.0,7.0,10,7.0,7.0,7.0,7.0,0.0,7.0,7.0,10,7.0,7.0,7.0,7.0,0.0,7.0,7.0,10,0.0,0.0,0.0,0.0,0.0,0.0,0.0,10,100.0,100.0,100.0,100.0,0.0,100.0,100.0,10,7.0,7.0,7.0,7.0,0.0,7.0,7.0,10,100.0,100.0,100.0,100.0,0.0,100.0,100.0,,,,,,,,,,,,,,,,,,,,,,,,,,,,,,,,
phase1,D_zenos,warm,synthetic,flat,50,close_quick_settings,PASS,1,10,0,0,10,16.962,11.851899999999999,17.164299999999997,15.841,2.1677464488880305,11.779,17.266,10,36631.232421875,35382.936523438,38017.6823242183,36676.6200195314,1049.3477298264545,35245.370117188,38329.884765625,10,48.0986328125,42.72265625,97.81591796874999,60.98212890625,33.809873418353206,42.4326171875,147.654296875,10,252016.0,251934.4,252288.0,252091.2,162.47857978481005,251920.0,252288.0,10,3.0,3.0,3.0,3.0,0.0,3.0,3.0,10,3.0,3.0,3.0,3.0,0.0,3.0,3.0,10,2.0,2.0,2.0,2.0,0.0,2.0,2.0,10,1.0,1.0,1.0,1.0,0.0,1.0,1.0,10,100.0,100.0,100.0,100.0,0.0,100.0,100.0,10,2.0442961165049,2.0442961165049,2.0442961165049,2.0442961165049,0.0,2.0442961165049,2.0442961165049,10,100.0,100.0,100.0,100.0,0.0,100.0,100.0,,,,,,,,,,,,,,,,,,,,,,,,,,,,,,,,
phase1,D_zenos,warm,synthetic,flat,50,home_to_library,PASS,1,10,0,0,10,30.345,28.1818,50.798799999999986,37.7979,15.223167544896823,27.658,75.115,10,19043.83984375,15831.0426757817,22770.791308593303,19377.6081054688,2999.473837813001,15622.853515625,23949.697265625,10,1231.833984375,-6805.59521484375,1341.6563476562496,-470.33330078125,3756.411583456767,-8464.939453125,1732.287109375,10,197120.0,196020.8,197776.0,197123.2,746.0873943446572,195632.0,197776.0,10,6.0,6.0,7.1,6.3,0.6749485577105528,6.0,8.0,10,6.0,6.0,7.1,6.3,0.6749485577105528,6.0,8.0,10,4.0,4.0,5.1,4.3,0.6749485577105528,4.0,6.0,10,2.0,2.0,2.0,2.0,0.0,2.0,2.0,10,100.0,100.0,100.0,100.0,0.0,100.0,100.0,10,4.0885922330097,4.0885922330097,5.188592233009699,4.3885922330097,0.6749485577105528,4.0885922330097,6.0885922330097,10,100.0,100.0,100.0,100.0,0.0,100.0,100.0,,,,,,,,,,,,,,,,,,,,,,,,,,,,,,,,
phase1,D_zenos,warm,synthetic,flat,50,library_cached_paging,PASS,1,30,0,0,30,13.039,8.2999,28.133200000000006,15.549933333333334,9.475747430926631,7.835,49.795,30,17290.010253906003,16133.805078125,18953.329687500398,17394.0089518229,1053.1738941792219,15746.7734375,19528.470703125,30,389.62255859375,-2286.7960937499997,717.21826171875,-24.035904947916666,1262.883369446495,-3290.154296875,872.646484375,30,197792.0,197792.0,197792.0,197792.0,0.0,197792.0,197792.0,30,1.0,1.0,1.0,1.0,0.0,1.0,1.0,30,1.0,1.0,1.0,1.0,0.0,1.0,1.0,30,1.0,1.0,1.0,1.0,0.0,1.0,1.0,30,0.0,0.0,0.0,0.0,0.0,0.0,0.0,30,100.0,100.0,100.0,100.0,0.0,100.0,100.0,30,1.0,1.0,1.0,1.0,0.0,1.0,1.0,30,100.0,100.0,100.0,100.0,0.0,100.0,100.0,30,5.0,5.0,5.0,5.0,0.0,5.0,5.0,30,5.0,5.0,5.0,5.0,0.0,5.0,5.0,30,10.0,10.0,10.0,10.0,0.0,10.0,10.0,,,,,,,,
phase1,D_zenos,warm,synthetic,flat,50,library_first_render,PASS,1,10,0,0,10,37.679500000000004,34.253499999999995,48.0862,40.6908,7.00745507457752,32.818,54.055,10,16848.665039063,15133.7823242183,18875.0100585942,17086.5028320313,2203.0988795751764,15026.802734375,22193.40234375,10,1627.87890625,-3824.1787109375,1732.28115234375,-497.487109375,3140.206497267055,-7056.0224609375,1781.4814453125,10,197776.0,197776.0,197792.0,197782.4,8.262364471909157,197776.0,197792.0,10,8.0,8.0,8.0,8.0,0.0,8.0,8.0,10,8.0,8.0,8.0,8.0,0.0,8.0,8.0,10,5.0,5.0,5.0,5.0,0.0,5.0,5.0,10,3.0,3.0,3.0,3.0,0.0,3.0,3.0,10,100.0,100.0,100.0,100.0,0.0,100.0,100.0,10,5.1328883495146,5.1328883495146,5.1328883495146,5.1328883495146,0.0,5.1328883495146,5.1328883495146,10,100.0,100.0,100.0,100.0,0.0,100.0,100.0,,,,,,,,,,,,,,,,,,,,,,,,,,,,,,,,
phase1,D_zenos,warm,synthetic,flat,50,library_folder_back,PASS,1,10,0,0,10,25.117,22.910300000000003,43.7281,29.3421,8.92796876799097,21.86,44.287,10,16880.529296875,15627.25859375,17923.1875,16895.167285156298,1088.026077543957,15588.8046875,18949.50390625,10,1448.21142578125,-745.697265625,1536.8421875000001,805.949609375,1210.5570639987138,-1970.06640625,1555.63671875,10,197968.0,197968.0,197968.0,197968.0,0.0,197968.0,197968.0,10,6.0,6.0,6.0,6.0,0.0,6.0,6.0,10,6.0,6.0,6.0,6.0,0.0,6.0,6.0,10,3.0,3.0,3.0,3.0,0.0,3.0,3.0,10,3.0,3.0,3.0,3.0,0.0,3.0,3.0,10,100.0,100.0,100.0,100.0,0.0,100.0,100.0,10,3.1328883495146,3.1328883495146,3.1328883495146,3.1328883495146,0.0,3.1328883495146,3.1328883495146,10,100.0,100.0,100.0,100.0,0.0,100.0,100.0,,,,,,,,,,,,,,,,,,,,,,,,,,,,,,,,
phase1,D_zenos,warm,synthetic,flat,50,library_folder_enter,PASS,1,10,0,0,10,11.991,10.9219,26.738599999999998,14.9605,6.576323090366598,10.426,27.932,10,16281.251953125,15345.097265625,17556.1611328125,16348.6214843749,744.20612999891,15336.33984375,17558.876953125,10,682.08203125,-1668.42734375,698.2943359374999,145.42275390625,1142.719757215432,-2396.404296875,699.7392578125,10,197968.0,197968.0,197968.0,197968.0,0.0,197968.0,197968.0,10,5.0,5.0,5.0,5.0,0.0,5.0,5.0,10,5.0,5.0,5.0,5.0,0.0,5.0,5.0,10,3.0,3.0,3.0,3.0,0.0,3.0,3.0,10,2.0,2.0,2.0,2.0,0.0,2.0,2.0,10,100.0,100.0,100.0,100.0,0.0,100.0,100.0,10,3.0885922330097,3.0885922330096998,3.0885922330097,3.0885922330097,0.0,3.0885922330097,3.0885922330097,10,100.0,100.0,100.0,100.0,0.0,100.0,100.0,,,,,,,,,,,,,,,,,,,,,,,,,,,,,,,,
phase1,D_zenos,warm,synthetic,flat,50,library_sequential_paging,PASS,1,9,0,0,9,8.594,8.082,13.862800000000004,11.05888888888889,7.197733852478231,7.798,30.19,9,16847.244140625,16016.814062500001,17942.175390625,16933.296983507,815.3194563829968,15736.8359375,18251.861328125,9,379.357421875,-225.7519531249999,410.05742187500005,61.09581163194444,967.3186530805195,-2517.775390625,418.787109375,9,197792.0,197792.0,197792.0,197792.0,0.0,197792.0,197792.0,9,1.0,1.0,1.0,1.0,0.0,1.0,1.0,9,1.0,1.0,1.0,1.0,0.0,1.0,1.0,9,1.0,1.0,1.0,1.0,0.0,1.0,1.0,9,0.0,0.0,0.0,0.0,0.0,0.0,0.0,9,100.0,100.0,100.0,100.0,0.0,100.0,100.0,9,1.0,1.0,1.0,1.0,0.0,1.0,1.0,9,100.0,100.0,100.0,100.0,0.0,100.0,100.0,9,5.0,5.0,5.0,5.0,0.0,5.0,5.0,9,5.0,5.0,5.0,5.0,0.0,5.0,5.0,9,10.0,10.0,10.0,10.0,0.0,10.0,10.0,,,,,,,,
phase1,D_zenos,warm,synthetic,flat,50,open_book,PASS,1,10,0,0,10,64.86500000000001,60.6733,75.47159999999998,68.80499999999999,12.875574835064,58.444,103.215,10,27321.0439453125,25655.916796874997,29057.410546875,27425.8014648436,1338.6203385247184,25647.57421875,29692.880859375,10,1139.54541015625,-275.51494140625,1343.9899414062497,849.26298828125,658.599358511196,-333.5517578125,1534.7978515625,10,234104.0,233660.8,238339.2,235028.8,2055.334782138099,233632.0,239232.0,10,9.0,9.0,9.0,9.0,0.0,9.0,9.0,10,9.0,9.0,9.0,9.0,0.0,9.0,9.0,10,9.0,9.0,9.0,9.0,0.0,9.0,9.0,10,0.0,0.0,0.0,0.0,0.0,0.0,0.0,10,100.0,100.0,100.0,100.0,0.0,100.0,100.0,10,9.0,9.0,9.0,9.0,0.0,9.0,9.0,10,100.0,100.0,100.0,100.0,0.0,100.0,100.0,,,,,,,,,,,,,,,,,,,,,,,,,,,,,,,,
phase1,D_zenos,warm,synthetic,flat,50,open_book_minimal,PASS,1,10,0,0,10,59.9415,50.1027,89.048,64.9068,15.848390726576064,46.311,90.74,10,20916.280761718503,19517.076367187,23940.840625000397,21493.6541992185,1959.0701436949216,18943.336914062,24107.040039062,10,99.08935546875,-1899.62900390625,1990.80751953125,-23.8599609375,1868.9211914409375,-3604.9189453125,2022.39453125,10,224880.0,219228.80000000002,227627.2,223552.0,4716.512459198828,214880.0,230032.0,10,0.0,0.0,0.0,0.0,0.0,0.0,0.0,10,0.0,0.0,0.0,0.0,0.0,0.0,0.0,10,0.0,0.0,0.0,0.0,0.0,0.0,0.0,10,0.0,0.0,0.0,0.0,0.0,0.0,0.0,10,0.0,0.0,0.0,0.0,0.0,0.0,0.0,10,0.0,0.0,0.0,0.0,0.0,0.0,0.0,10,0.0,0.0,0.0,0.0,0.0,0.0,0.0,,,,,,,,,,,,,,,,,,,,,,,,,,,,,,,,
phase1,D_zenos,warm,synthetic,flat,50,open_quick_settings,PASS,1,10,0,0,10,8.9535,8.297600000000001,12.1476,9.651399999999999,1.8564590667899648,7.988,13.791,10,38076.957519531,35758.8594726567,40683.3705078125,38092.7821289063,2158.687516633821,35034.369140625,41309.744140625,10,652.77197265625,637.00107421875,813.689453125,688.43984375,78.05778768036558,620.5927734375,850.498046875,10,248008.0,247753.6,250904.0,248859.2,1480.3828934134274,247696.0,251696.0,10,6.0,6.0,6.0,6.0,0.0,6.0,6.0,10,6.0,6.0,6.0,6.0,0.0,6.0,6.0,10,5.0,5.0,5.0,5.0,0.0,5.0,5.0,10,1.0,1.0,1.0,1.0,0.0,1.0,1.0,10,100.0,100.0,100.0,100.0,0.0,100.0,100.0,10,5.0442961165049,5.0442961165049,5.0442961165049,5.0442961165049,0.0,5.0442961165049,5.0442961165049,10,100.0,100.0,100.0,100.0,0.0,100.0,100.0,,,,,,,,,,,,,,,,,,,,,,,,,,,,,,,,
phase1,D_zenos,warm,synthetic,flat,50,repeated_nav,PASS,1,2,0,0,2,178.485,174.745,182.225,178.485,6.611448404094215,173.81,183.16,2,33952.83984375,33316.39609375,34589.28359375,33952.83984375,1125.0842286719894,33157.28515625,34748.39453125,2,-1130.26513671875,-3383.9842773437504,1123.4540039062501,-1130.26513671875,3984.0502180646395,-3947.4140625,1686.8837890625,2,252288.0,252288.0,252288.0,252288.0,0.0,252288.0,252288.0,2,10.0,10.0,10.0,10.0,0.0,10.0,10.0,2,10.0,10.0,10.0,10.0,0.0,10.0,10.0,2,10.0,10.0,10.0,10.0,0.0,10.0,10.0,2,0.0,0.0,0.0,0.0,0.0,0.0,0.0,2,100.0,100.0,100.0,100.0,0.0,100.0,100.0,2,10.0,10.0,10.0,10.0,0.0,10.0,10.0,2,100.0,100.0,100.0,100.0,0.0,100.0,100.0,,,,,,,,,,,,,,,,,,,,,,,,,,,,,,,,
phase1,D_zenos,warm,synthetic,flat,50,start_to_home,PASS,1,10,0,0,10,8.935500000000001,8.3947,10.9771,9.2949,1.1087407722276652,8.284,11.572,10,19883.108398438,17367.92421875,22245.5627929687,19952.413671875,2068.1565563282693,16887.412109375,23274.219726562,10,88.5830078125,71.04824218750001,112.77001953125,89.464453125,19.132699668395464,55.5126953125,118.91796875,10,191448.0,190955.2,193908.80000000002,192238.4,1534.1553738494388,190624.0,194384.0,10,1.0,1.0,1.0,1.0,0.0,1.0,1.0,10,1.0,1.0,1.0,1.0,0.0,1.0,1.0,10,1.0,1.0,1.0,1.0,0.0,1.0,1.0,10,0.0,0.0,0.0,0.0,0.0,0.0,0.0,10,100.0,100.0,100.0,100.0,0.0,100.0,100.0,10,1.0,1.0,1.0,1.0,0.0,1.0,1.0,10,100.0,100.0,100.0,100.0,0.0,100.0,100.0,,,,,,,,,,,,,,,,,,,,,,,,,,,,,,,,
phase1,D_zenos,warm,synthetic,hierarchical,2000,change_sort_mode,PASS,1,10,0,0,10,15.899999999999999,12.520799999999998,34.8226,21.490000000000002,9.544914189707988,11.628,34.927,10,17070.73046875,16417.400585937,17730.207519531697,16949.106347656103,521.0696344476768,16376.067382812,17736.619140625,10,640.53125,-1291.80732421875,691.9888671875,-2.842578125,884.0068945946437,-1320.6416015625,712.859375,10,192608.0,192608.0,192896.0,192720.0,144.68970630667238,192608.0,192896.0,10,5.0,5.0,5.0,5.0,0.0,5.0,5.0,10,5.0,5.0,5.0,5.0,0.0,5.0,5.0,10,4.0,4.0,4.0,4.0,0.0,4.0,4.0,10,1.0,1.0,1.0,1.0,0.0,1.0,1.0,10,100.0,100.0,100.0,100.0,0.0,100.0,100.0,10,4.0442961165049,4.0442961165049,4.0442961165049,4.0442961165049,0.0,4.0442961165049,4.0442961165049,10,100.0,100.0,100.0,100.0,0.0,100.0,100.0,,,,,,,,,,,,,,,,,,,,,,,,,,,,,,,,
phase1,D_zenos,warm,synthetic,hierarchical,2000,close_book,PASS,1,10,0,0,10,32.544,31.4839,35.946999999999996,33.2295,1.8469201540823454,30.583,36.019,10,34908.7631835935,33814.0303710938,36388.6659179688,35010.5607421875,1111.2078779681578,33358.397460938,36610.026367188,10,2836.322265625,2746.146484375,2936.7419921875,2836.45751953125,94.47862549149795,2668.521484375,3007.474609375,10,243464.0,239504.0,247040.0,243364.8,3037.192153581623,239504.0,247040.0,10,7.0,7.0,7.0,7.0,0.0,7.0,7.0,10,7.0,7.0,7.0,7.0,0.0,7.0,7.0,10,7.0,7.0,7.0,7.0,0.0,7.0,7.0,10,0.0,0.0,0.0,0.0,0.0,0.0,0.0,10,100.0,100.0,100.0,100.0,0.0,100.0,100.0,10,7.0,7.0,7.0,7.0,0.0,7.0,7.0,10,100.0,100.0,100.0,100.0,0.0,100.0,100.0,,,,,,,,,,,,,,,,,,,,,,,,,,,,,,,,
phase1,D_zenos,warm,synthetic,hierarchical,2000,close_quick_settings,PASS,1,10,0,0,10,16.9295,15.729899999999999,21.831999999999983,20.8977,14.980625903331127,11.661,63.277,10,36880.503417969,35940.7068359375,37779.817675781705,36882.8900390626,755.360428372086,35801.169921875,38006.033203125,10,46.130859375,-150.70585937499996,53.705468749999994,-146.25693359375,614.0446014812951,-1893.8212890625,55.396484375,10,253248.0,253148.80000000002,253904.0,253480.0,367.1294049786805,253120.0,253904.0,10,3.0,3.0,3.0,3.0,0.0,3.0,3.0,10,3.0,3.0,3.0,3.0,0.0,3.0,3.0,10,2.0,2.0,2.0,2.0,0.0,2.0,2.0,10,1.0,1.0,1.0,1.0,0.0,1.0,1.0,10,100.0,100.0,100.0,100.0,0.0,100.0,100.0,10,2.0442961165049,2.0442961165049,2.0442961165049,2.0442961165049,0.0,2.0442961165049,2.0442961165049,10,100.0,100.0,100.0,100.0,0.0,100.0,100.0,,,,,,,,,,,,,,,,,,,,,,,,,,,,,,,,
phase1,D_zenos,warm,synthetic,hierarchical,2000,home_to_library,PASS,1,10,0,0,10,23.698,22.7753,25.254900000000003,23.9064,1.0500516601048202,22.706,25.263,10,17187.2470703125,15461.957617187501,18777.431738280804,17151.3616210936,1261.733773088235,15403.744140625,18848.66796875,10,738.912109375,692.6318359375,772.09697265625,732.8255859375,32.73792407946742,680.564453125,777.3994140625,10,192592.0,192592.0,192592.0,192592.0,0.0,192592.0,192592.0,10,6.0,6.0,6.0,6.0,0.0,6.0,6.0,10,6.0,6.0,6.0,6.0,0.0,6.0,6.0,10,4.0,4.0,4.0,4.0,0.0,4.0,4.0,10,2.0,2.0,2.0,2.0,0.0,2.0,2.0,10,100.0,100.0,100.0,100.0,0.0,100.0,100.0,10,4.0885922330097,4.0885922330097,4.0885922330097,4.0885922330097,0.0,4.0885922330097,4.0885922330097,10,100.0,100.0,100.0,100.0,0.0,100.0,100.0,,,,,,,,,,,,,,,,,,,,,,,,,,,,,,,,
phase1,D_zenos,warm,synthetic,hierarchical,2000,library_cached_paging,UNSUPPORTED,1,0,0,1,,,,,,,,,,,,,,,,,,,,,,,,,,,,,,,,,,,,,,,,,,,,,,,,,,,,,,,,,,,,,,,,,,,,,,,,,,,,,,,,,,,,,,,,,,,,,,,,,,,,,,,,,,,,,,,,,,,,,,,,
phase1,D_zenos,warm,synthetic,hierarchical,2000,library_first_render,PASS,1,10,0,0,10,25.999000000000002,24.5464,34.528,27.925400000000003,4.232801100400957,24.469,36.418,10,16052.385253906501,14771.6133789058,18940.8485351558,16511.5853515624,1779.899759987553,14728.609375,19662.7109375,10,812.05712890625,-2066.35234375,874.4380859375,-251.03642578125,1955.8404970350239,-4897.8349609375,922.4228515625,10,192608.0,192608.0,192608.0,192608.0,0.0,192608.0,192608.0,10,8.0,8.0,8.0,8.0,0.0,8.0,8.0,10,8.0,8.0,8.0,8.0,0.0,8.0,8.0,10,5.0,5.0,5.0,5.0,0.0,5.0,5.0,10,3.0,3.0,3.0,3.0,0.0,3.0,3.0,10,100.0,100.0,100.0,100.0,0.0,100.0,100.0,10,5.1328883495146,5.1328883495146,5.1328883495146,5.1328883495146,0.0,5.1328883495146,5.1328883495146,10,100.0,100.0,100.0,100.0,0.0,100.0,100.0,,,,,,,,,,,,,,,,,,,,,,,,,,,,,,,,
phase1,D_zenos,warm,synthetic,hierarchical,2000,library_folder_back,PASS,1,10,0,0,10,23.0335,14.8336,32.6745,23.7048,8.728544116861643,14.596,32.949,10,16754.362792968997,16341.042187500001,17446.8283203125,16868.2232421875,542.5936995658446,16334.8828125,17762.90234375,10,210.11083984375,-1499.3330078125,605.0169921875,-191.85732421875,952.3761202683481,-1915.2138671875,629.744140625,10,192608.0,192608.0,192608.0,192608.0,0.0,192608.0,192608.0,10,6.0,6.0,6.0,6.0,0.0,6.0,6.0,10,6.0,6.0,6.0,6.0,0.0,6.0,6.0,10,3.0,3.0,3.0,3.0,0.0,3.0,3.0,10,3.0,3.0,3.0,3.0,0.0,3.0,3.0,10,100.0,100.0,100.0,100.0,0.0,100.0,100.0,10,3.1328883495146,3.1328883495146,3.1328883495146,3.1328883495146,0.0,3.1328883495146,3.1328883495146,10,100.0,100.0,100.0,100.0,0.0,100.0,100.0,,,,,,,,,,,,,,,,,,,,,,,,,,,,,,,,
phase1,D_zenos,warm,synthetic,hierarchical,2000,library_folder_enter,PASS,1,10,0,0,10,32.059,9.1909,37.94820000000001,26.522,11.2777356868399,8.821,38.616,10,16598.875,16329.98359375,17448.6859375,16847.6154296874,551.1255196453699,16199.1953125,17598.560546875,10,-490.12890625,-1731.70107421875,1590.0547851562499,-246.26484375,1324.5265871944027,-1881.6767578125,1991.0478515625,10,192608.0,192608.0,192608.0,192608.0,0.0,192608.0,192608.0,10,5.0,5.0,5.0,5.0,0.0,5.0,5.0,10,5.0,5.0,5.0,5.0,0.0,5.0,5.0,10,3.0,3.0,3.0,3.0,0.0,3.0,3.0,10,2.0,2.0,2.0,2.0,0.0,2.0,2.0,10,100.0,100.0,100.0,100.0,0.0,100.0,100.0,10,3.0885922330097,3.0885922330096998,3.0885922330097,3.0885922330097,0.0,3.0885922330097,3.0885922330097,10,100.0,100.0,100.0,100.0,0.0,100.0,100.0,,,,,,,,,,,,,,,,,,,,,,,,,,,,,,,,
phase1,D_zenos,warm,synthetic,hierarchical,2000,library_sequential_paging,UNSUPPORTED,1,0,0,1,,,,,,,,,,,,,,,,,,,,,,,,,,,,,,,,,,,,,,,,,,,,,,,,,,,,,,,,,,,,,,,,,,,,,,,,,,,,,,,,,,,,,,,,,,,,,,,,,,,,,,,,,,,,,,,,,,,,,,,,
phase1,D_zenos,warm,synthetic,hierarchical,2000,open_book,PASS,1,10,0,0,10,64.9285,53.8596,112.8806,76.1139,24.22495815590928,53.433,112.985,10,27970.124511718503,27116.2645507817,28434.464843750397,27880.085253906196,638.1417554228185,27095.978515625,29095.059570312,10,378.4892578125,-1997.3155273437499,1599.51259765625,-8.2505859375,1699.034541251276,-2978.404296875,1656.376953125,10,235776.0,235464.0,235968.0,235628.8,552.9100388952177,234096.0,235968.0,10,9.0,9.0,9.0,9.0,0.0,9.0,9.0,10,9.0,9.0,9.0,9.0,0.0,9.0,9.0,10,9.0,9.0,9.0,9.0,0.0,9.0,9.0,10,0.0,0.0,0.0,0.0,0.0,0.0,0.0,10,100.0,100.0,100.0,100.0,0.0,100.0,100.0,10,9.0,9.0,9.0,9.0,0.0,9.0,9.0,10,100.0,100.0,100.0,100.0,0.0,100.0,100.0,,,,,,,,,,,,,,,,,,,,,,,,,,,,,,,,
phase1,D_zenos,warm,synthetic,hierarchical,2000,open_book_minimal,PASS,1,10,0,0,10,57.885,48.4349,73.9254,59.3953,11.016612405816954,47.381,77.484,10,23491.6640625,20266.999023438,25298.8344726563,23201.407421875,2064.906829614319,19926.440429688,25785.049804688,10,941.29736328125,-3226.919921875,1719.1343749999999,-6.976171875,2051.524796350234,-3293.9365234375,1786.96484375,10,225664.0,214416.0,231040.0,223841.6,6587.309874127509,214416.0,231760.0,10,0.0,0.0,0.0,0.0,0.0,0.0,0.0,10,0.0,0.0,0.0,0.0,0.0,0.0,0.0,10,0.0,0.0,0.0,0.0,0.0,0.0,0.0,10,0.0,0.0,0.0,0.0,0.0,0.0,0.0,10,0.0,0.0,0.0,0.0,0.0,0.0,0.0,10,0.0,0.0,0.0,0.0,0.0,0.0,0.0,10,0.0,0.0,0.0,0.0,0.0,0.0,0.0,,,,,,,,,,,,,,,,,,,,,,,,,,,,,,,,
phase1,D_zenos,warm,synthetic,hierarchical,2000,open_quick_settings,PASS,1,10,0,0,10,8.5025,7.638599999999999,9.6569,8.5336,0.8626758371485783,7.167,9.98,10,38207.0883789065,36268.4926757808,40301.687304688,38197.4564453125,1752.9268357123956,35835.1875,40795.393554688,10,506.171875,480.23789062500003,603.71904296875,520.352734375,47.451250272374985,477.4658203125,605.2509765625,10,250480.0,250454.4,252312.0,251024.0,923.360047748319,250224.0,252960.0,10,6.0,6.0,6.0,6.0,0.0,6.0,6.0,10,6.0,6.0,6.0,6.0,0.0,6.0,6.0,10,5.0,5.0,5.0,5.0,0.0,5.0,5.0,10,1.0,1.0,1.0,1.0,0.0,1.0,1.0,10,100.0,100.0,100.0,100.0,0.0,100.0,100.0,10,5.0442961165049,5.0442961165049,5.0442961165049,5.0442961165049,0.0,5.0442961165049,5.0442961165049,10,100.0,100.0,100.0,100.0,0.0,100.0,100.0,,,,,,,,,,,,,,,,,,,,,,,,,,,,,,,,
phase1,D_zenos,warm,synthetic,hierarchical,2000,repeated_nav,UNSUPPORTED,1,0,0,2,,,,,,,,,,,,,,,,,,,,,,,,,,,,,,,,,,,,,,,,,,,,,,,,,,,,,,,,,,,,,,,,,,,,,,,,,,,,,,,,,,,,,,,,,,,,,,,,,,,,,,,,,,,,,,,,,,,,,,,,
phase1,D_zenos,warm,synthetic,hierarchical,2000,start_to_home,PASS,1,10,0,0,10,9.528500000000001,8.5654,11.417200000000001,9.6784,1.2026165178014516,7.687,11.464,10,18626.830566406497,15603.2338867183,21540.0303710933,18565.5420898437,2483.539386391855,14861.283203125,22204.853515625,10,86.283203125,77.6078125,125.0015625,92.0134765625,23.61581881555228,48.6513671875,133.9453125,10,190880.0,189664.0,191952.0,190883.2,1007.5004052935495,189664.0,191952.0,10,1.0,1.0,1.0,1.0,0.0,1.0,1.0,10,1.0,1.0,1.0,1.0,0.0,1.0,1.0,10,1.0,1.0,1.0,1.0,0.0,1.0,1.0,10,0.0,0.0,0.0,0.0,0.0,0.0,0.0,10,100.0,100.0,100.0,100.0,0.0,100.0,100.0,10,1.0,1.0,1.0,1.0,0.0,1.0,1.0,10,100.0,100.0,100.0,100.0,0.0,100.0,100.0,,,,,,,,,,,,,,,,,,,,,,,,,,,,,,,,
phase1,D_zenos,warm,synthetic,hierarchical,50,change_sort_mode,PASS,1,10,0,0,10,20.738500000000002,12.8155,29.9679,21.339199999999998,7.667367037574821,12.433,30.948,10,15385.9609375,15015.711914062,16389.952929688,15515.7947265624,561.1030895944497,15002.352539062,16415.905273438,10,350.27001953125,-1350.840625,707.43681640625,-68.43955078125,872.9882403431031,-1355.892578125,716.4306640625,10,194496.0,194496.0,194496.0,194496.0,0.0,194496.0,194496.0,10,5.0,5.0,5.0,5.0,0.0,5.0,5.0,10,5.0,5.0,5.0,5.0,0.0,5.0,5.0,10,4.0,4.0,4.0,4.0,0.0,4.0,4.0,10,1.0,1.0,1.0,1.0,0.0,1.0,1.0,10,100.0,100.0,100.0,100.0,0.0,100.0,100.0,10,4.0442961165049,4.0442961165049,4.0442961165049,4.0442961165049,0.0,4.0442961165049,4.0442961165049,10,100.0,100.0,100.0,100.0,0.0,100.0,100.0,,,,,,,,,,,,,,,,,,,,,,,,,,,,,,,,
phase1,D_zenos,warm,synthetic,hierarchical,50,close_book,PASS,1,10,0,0,10,34.7505,29.8941,39.9838,35.2048,5.254849882621661,29.832,45.796,10,33355.499511719,32209.467382812996,35255.822070311995,33482.7161132813,1300.6638346312027,31384.768554688,35539.118164062,10,2828.763671875,2655.8498046875,2987.08310546875,2830.756640625,125.53137567279765,2637.8515625,2996.330078125,10,241504.0,240772.8,243387.19999999998,241896.0,1302.343869934341,240672.0,244784.0,10,7.0,7.0,7.0,7.0,0.0,7.0,7.0,10,7.0,7.0,7.0,7.0,0.0,7.0,7.0,10,7.0,7.0,7.0,7.0,0.0,7.0,7.0,10,0.0,0.0,0.0,0.0,0.0,0.0,0.0,10,100.0,100.0,100.0,100.0,0.0,100.0,100.0,10,7.0,7.0,7.0,7.0,0.0,7.0,7.0,10,100.0,100.0,100.0,100.0,0.0,100.0,100.0,,,,,,,,,,,,,,,,,,,,,,,,,,,,,,,,
phase1,D_zenos,warm,synthetic,hierarchical,50,close_quick_settings,PASS,1,10,0,0,10,17.1115,15.741600000000002,22.11479999999998,20.9246,14.502927690642329,11.652,61.902,10,35841.189453125,34856.672558593804,36813.4166992187,35836.7329101561,768.9553420536977,34741.506835938,36930.704101562,10,47.673828125,-151.03232421874998,57.4181640625,-144.0849609375,612.8080748416482,-1888.0859375,59.93359375,10,248976.0,248846.4,249648.0,249203.2,385.61143367096594,248832.0,249648.0,10,3.0,3.0,3.0,3.0,0.0,3.0,3.0,10,3.0,3.0,3.0,3.0,0.0,3.0,3.0,10,2.0,2.0,2.0,2.0,0.0,2.0,2.0,10,1.0,1.0,1.0,1.0,0.0,1.0,1.0,10,100.0,100.0,100.0,100.0,0.0,100.0,100.0,10,2.0442961165049,2.0442961165049,2.0442961165049,2.0442961165049,0.0,2.0442961165049,2.0442961165049,10,100.0,100.0,100.0,100.0,0.0,100.0,100.0,,,,,,,,,,,,,,,,,,,,,,,,,,,,,,,,
phase1,D_zenos,warm,synthetic,hierarchical,50,home_to_library,PASS,1,10,0,0,10,23.714,22.8091,23.9938,23.4437,0.6879491341015782,21.829,24.037,10,17058.339355468503,15395.4377929688,18645.856738281298,17056.1529296876,1246.4143696032256,15381.131835938,18848.526367188,10,738.4697265625,689.700390625,780.7326171875001,739.16708984375,35.31448353120604,683.5673828125,794.76171875,10,193968.0,193968.0,193968.0,193968.0,0.0,193968.0,193968.0,10,6.0,6.0,6.0,6.0,0.0,6.0,6.0,10,6.0,6.0,6.0,6.0,0.0,6.0,6.0,10,4.0,4.0,4.0,4.0,0.0,4.0,4.0,10,2.0,2.0,2.0,2.0,0.0,2.0,2.0,10,100.0,100.0,100.0,100.0,0.0,100.0,100.0,10,4.0885922330097,4.0885922330097,4.0885922330097,4.0885922330097,0.0,4.0885922330097,4.0885922330097,10,100.0,100.0,100.0,100.0,0.0,100.0,100.0,,,,,,,,,,,,,,,,,,,,,,,,,,,,,,,,
phase1,D_zenos,warm,synthetic,hierarchical,50,library_cached_paging,UNSUPPORTED,1,0,0,1,,,,,,,,,,,,,,,,,,,,,,,,,,,,,,,,,,,,,,,,,,,,,,,,,,,,,,,,,,,,,,,,,,,,,,,,,,,,,,,,,,,,,,,,,,,,,,,,,,,,,,,,,,,,,,,,,,,,,,,,
phase1,D_zenos,warm,synthetic,hierarchical,50,library_first_render,PASS,1,10,0,0,10,26.9645,24.753000000000004,37.508,29.3981,5.5404919446642005,24.663,40.199,10,16216.951660155999,14845.2463867187,18922.2735351563,16596.151171874903,1738.0131967201723,14786.836914062,19673.299804688,10,844.04345703125,-2177.771484375,958.81552734375,-235.11240234375,1982.926208112827,-4829.8447265625,975.375,10,194496.0,194496.0,194496.0,194496.0,0.0,194496.0,194496.0,10,8.0,8.0,8.0,8.0,0.0,8.0,8.0,10,8.0,8.0,8.0,8.0,0.0,8.0,8.0,10,5.0,5.0,5.0,5.0,0.0,5.0,5.0,10,3.0,3.0,3.0,3.0,0.0,3.0,3.0,10,100.0,100.0,100.0,100.0,0.0,100.0,100.0,10,5.1328883495146,5.1328883495146,5.1328883495146,5.1328883495146,0.0,5.1328883495146,5.1328883495146,10,100.0,100.0,100.0,100.0,0.0,100.0,100.0,,,,,,,,,,,,,,,,,,,,,,,,,,,,,,,,
phase1,D_zenos,warm,synthetic,hierarchical,50,library_folder_back,PASS,1,10,0,0,10,15.381,13.790600000000001,27.513399999999997,17.506,5.631919507000552,13.292,28.678,10,15625.736328125,15014.26953125,16122.0939453125,15658.6258789063,502.4544500546686,14990.1875,16764.2421875,10,610.6513671875,-595.9729492187499,651.736328125,328.84189453125,632.2283078663941,-1141.416015625,670.2548828125,10,194496.0,194496.0,194496.0,194496.0,0.0,194496.0,194496.0,10,6.0,6.0,6.0,6.0,0.0,6.0,6.0,10,6.0,6.0,6.0,6.0,0.0,6.0,6.0,10,3.0,3.0,3.0,3.0,0.0,3.0,3.0,10,3.0,3.0,3.0,3.0,0.0,3.0,3.0,10,100.0,100.0,100.0,100.0,0.0,100.0,100.0,10,3.1328883495146,3.1328883495146,3.1328883495146,3.1328883495146,0.0,3.1328883495146,3.1328883495146,10,100.0,100.0,100.0,100.0,0.0,100.0,100.0,,,,,,,,,,,,,,,,,,,,,,,,,,,,,,,,
phase1,D_zenos,warm,synthetic,hierarchical,50,library_folder_enter,PASS,1,10,0,0,10,13.007,9.0652,23.751299999999997,15.018,6.062881987965788,8.095,25.554,10,15865.398925781501,14863.721875000001,16685.9915039062,15900.643359375,892.376381930912,14859.49609375,17858.973632812,10,595.4921875,-279.95351562499997,846.3706054687498,333.2248046875,880.7260317268787,-1970.48046875,1272.1259765625,10,194496.0,194496.0,194496.0,194496.0,0.0,194496.0,194496.0,10,5.0,5.0,5.0,5.0,0.0,5.0,5.0,10,5.0,5.0,5.0,5.0,0.0,5.0,5.0,10,3.0,3.0,3.0,3.0,0.0,3.0,3.0,10,2.0,2.0,2.0,2.0,0.0,2.0,2.0,10,100.0,100.0,100.0,100.0,0.0,100.0,100.0,10,3.0885922330097,3.0885922330096998,3.0885922330097,3.0885922330097,0.0,3.0885922330097,3.0885922330097,10,100.0,100.0,100.0,100.0,0.0,100.0,100.0,,,,,,,,,,,,,,,,,,,,,,,,,,,,,,,,
phase1,D_zenos,warm,synthetic,hierarchical,50,library_sequential_paging,UNSUPPORTED,1,0,0,1,,,,,,,,,,,,,,,,,,,,,,,,,,,,,,,,,,,,,,,,,,,,,,,,,,,,,,,,,,,,,,,,,,,,,,,,,,,,,,,,,,,,,,,,,,,,,,,,,,,,,,,,,,,,,,,,,,,,,,,,
phase1,D_zenos,warm,synthetic,hierarchical,50,open_book,PASS,1,10,0,0,10,61.666,57.45889999999999,69.4926,63.9,8.21565506957432,56.009,85.068,10,26844.554199218997,24953.815136719197,28722.1797851567,26807.351757812798,1557.4104551282312,23971.265625,28834.337890625,10,972.4287109375,-1540.71630859375,1684.2626953125,501.71845703125,1232.1527896197574,-1885.1201171875,1684.39453125,10,236168.0,233956.80000000002,237470.40000000002,235777.6,1868.820852242873,232560.0,238608.0,10,9.0,9.0,9.0,9.0,0.0,9.0,9.0,10,9.0,9.0,9.0,9.0,0.0,9.0,9.0,10,9.0,9.0,9.0,9.0,0.0,9.0,9.0,10,0.0,0.0,0.0,0.0,0.0,0.0,0.0,10,100.0,100.0,100.0,100.0,0.0,100.0,100.0,10,9.0,9.0,9.0,9.0,0.0,9.0,9.0,10,100.0,100.0,100.0,100.0,0.0,100.0,100.0,,,,,,,,,,,,,,,,,,,,,,,,,,,,,,,,
phase1,D_zenos,warm,synthetic,hierarchical,50,open_book_minimal,PASS,1,10,0,0,10,52.5115,46.939699999999995,63.9969,56.049699999999994,10.899386843610364,46.172,83.31,10,21056.705078125,18874.831835938,23244.5352539058,21068.007031250097,1974.4330898285175,18394.745117188,23940.33984375,10,1669.57373046875,-2948.7998046875,1964.8337890625,377.90546875,2368.204975787933,-4634.8759765625,2019.0693359375,10,219800.0,216920.0,227446.4,221427.2,4596.2554034054,215408.0,229232.0,10,0.0,0.0,0.0,0.0,0.0,0.0,0.0,10,0.0,0.0,0.0,0.0,0.0,0.0,0.0,10,0.0,0.0,0.0,0.0,0.0,0.0,0.0,10,0.0,0.0,0.0,0.0,0.0,0.0,0.0,10,0.0,0.0,0.0,0.0,0.0,0.0,0.0,10,0.0,0.0,0.0,0.0,0.0,0.0,0.0,10,0.0,0.0,0.0,0.0,0.0,0.0,0.0,,,,,,,,,,,,,,,,,,,,,,,,,,,,,,,,
phase1,D_zenos,warm,synthetic,hierarchical,50,open_quick_settings,PASS,1,10,0,0,10,8.3945,7.7807,10.2835,8.783800000000001,1.1855850688818395,7.526,11.458,10,36132.305175781,34594.8198242192,38043.311132812494,36236.8074218749,1482.473391601191,34027.15625,38512.58203125,10,491.9892578125,460.72626953125,558.55625,508.2845703125,65.13665437330235,449.658203125,670.5693359375,10,246536.0,246036.8,248046.4,246827.2,898.8541841947695,245792.0,248608.0,10,6.0,6.0,6.0,6.0,0.0,6.0,6.0,10,6.0,6.0,6.0,6.0,0.0,6.0,6.0,10,5.0,5.0,5.0,5.0,0.0,5.0,5.0,10,1.0,1.0,1.0,1.0,0.0,1.0,1.0,10,100.0,100.0,100.0,100.0,0.0,100.0,100.0,10,5.0442961165049,5.0442961165049,5.0442961165049,5.0442961165049,0.0,5.0442961165049,5.0442961165049,10,100.0,100.0,100.0,100.0,0.0,100.0,100.0,,,,,,,,,,,,,,,,,,,,,,,,,,,,,,,,
phase1,D_zenos,warm,synthetic,hierarchical,50,repeated_nav,UNSUPPORTED,1,0,0,2,,,,,,,,,,,,,,,,,,,,,,,,,,,,,,,,,,,,,,,,,,,,,,,,,,,,,,,,,,,,,,,,,,,,,,,,,,,,,,,,,,,,,,,,,,,,,,,,,,,,,,,,,,,,,,,,,,,,,,,,
phase1,D_zenos,warm,synthetic,hierarchical,50,start_to_home,PASS,1,10,0,0,10,9.4215,8.2779,10.0085,9.2604,0.7156861820037544,8.277,10.13,10,18749.036621093997,15558.8603515625,21805.8858398442,18699.7237304687,2618.9582197685645,14757.587890625,22507.1484375,10,109.8251953125,68.40986328125,132.67626953125,103.76640625,26.686061000616995,55.513671875,142.3310546875,10,193968.0,193504.0,193968.0,193875.2,195.63957790908373,193504.0,193968.0,10,1.0,1.0,1.0,1.0,0.0,1.0,1.0,10,1.0,1.0,1.0,1.0,0.0,1.0,1.0,10,1.0,1.0,1.0,1.0,0.0,1.0,1.0,10,0.0,0.0,0.0,0.0,0.0,0.0,0.0,10,100.0,100.0,100.0,100.0,0.0,100.0,100.0,10,1.0,1.0,1.0,1.0,0.0,1.0,1.0,10,100.0,100.0,100.0,100.0,0.0,100.0,100.0,,,,,,,,,,,,,,,,,,,,,,,,,,,,,,,,
phase1,E_project_title,paging,paging,flat,2000,library_cached_paging,PASS,3,90,0,0,90,8.4305,7.713699999999999,10.041500000000001,8.785733333333333,1.3250329807216121,6.751,15.114,90,23294.498046875,15929.8138671875,28402.639453125004,22472.9788411458,4664.5774168537855,14059.473632812,30700.047851562,90,643.62646484375,593.7841796875,681.3693359375001,78.13709852430556,2705.8044549274427,-16637.990234375,775.4375,90,201224.0,197657.6,204288.0,201237.15555555557,2205.885752494602,196688.0,204288.0,90,1.0,1.0,1.0,1.0,0.0,1.0,1.0,90,1.0,1.0,1.0,1.0,0.0,1.0,1.0,90,1.0,1.0,1.0,1.0,0.0,1.0,1.0,90,0.0,0.0,0.0,0.0,0.0,0.0,0.0,90,100.0,100.0,100.0,100.0,0.0,100.0,100.0,90,1.0,1.0,1.0,1.0,0.0,1.0,1.0,90,100.0,100.0,100.0,100.0,0.0,100.0,100.0,90,14.0,14.0,14.0,14.0,0.0,14.0,14.0,90,14.0,14.0,14.0,14.0,0.0,14.0,14.0,90,143.0,143.0,143.0,143.0,0.0,143.0,143.0,,,,,,,,
phase1,E_project_title,paging,paging,flat,2000,library_sequential_paging,PASS,3,90,0,0,90,8.7655,8.221,10.1819,9.054955555555555,1.1157510284794985,7.597,14.939,90,18338.633300781003,14429.047949219199,24408.100292968305,18794.422623697912,3676.243658147906,13026.549804688,26407.798828125,90,679.11279296875,623.9264648437501,725.4198242187501,249.02327473958334,2136.76336407836,-12462.3359375,781.51171875,90,183680.0,177134.4,187793.59999999998,182873.42222222223,4362.732235801136,176032.0,187840.0,90,1.0,1.0,1.0,1.0,0.0,1.0,1.0,90,1.0,1.0,1.0,1.0,0.0,1.0,1.0,90,1.0,1.0,1.0,1.0,0.0,1.0,1.0,90,0.0,0.0,0.0,0.0,0.0,0.0,0.0,90,100.0,100.0,100.0,100.0,0.0,100.0,100.0,90,1.0,1.0,1.0,1.0,0.0,1.0,1.0,90,100.0,100.0,100.0,100.0,0.0,100.0,100.0,90,14.0,14.0,14.0,14.0,0.0,14.0,14.0,90,14.0,14.0,14.0,14.0,0.0,14.0,14.0,90,143.0,143.0,143.0,143.0,0.0,143.0,143.0,,,,,,,,
phase1,E_project_title,paging,paging,flat,2000,paging_probe_step_2_to_3,PASS,3,3,0,0,3,7.761,7.5642000000000005,7.9146,7.742999999999999,0.21955409356238414,7.515,7.953,3,21275.754882812,21006.720507812002,21476.8962890624,21247.466145833,294.8793121392576,20939.461914062,21527.181640625,3,662.0830078125,650.7384765625,675.6744140625,663.0192057291666,15.606035926133808,647.90234375,679.072265625,3,192416.0,190585.6,195808.0,193066.66666666666,3312.28340172355,190128.0,196656.0,3,1.0,1.0,1.0,1.0,0.0,1.0,1.0,3,1.0,1.0,1.0,1.0,0.0,1.0,1.0,3,1.0,1.0,1.0,1.0,0.0,1.0,1.0,3,0.0,0.0,0.0,0.0,0.0,0.0,0.0,3,100.0,100.0,100.0,100.0,0.0,100.0,100.0,3,1.0,1.0,1.0,1.0,0.0,1.0,1.0,3,100.0,100.0,100.0,100.0,0.0,100.0,100.0,3,14.0,14.000000000000002,14.0,14.0,0.0,14.0,14.0,3,14.0,14.000000000000002,14.0,14.0,0.0,14.0,14.0,3,143.0,143.0,143.0,143.0,0.0,143.0,143.0,,,,,,,,
phase1,E_project_title,paging,paging,hierarchical,2000,library_cached_paging,PASS,3,90,0,0,90,8.5745,7.8317,9.5937,8.730677777777778,1.0602520987877224,6.635,13.703,90,16974.62109375,12815.4964843746,21878.2363281254,17014.075694444367,3344.062481739334,10966.5234375,24045.623046875,90,657.35595703125,611.1968750000001,698.81318359375,222.04159071180555,2349.550249894315,-13081.802734375,758.3193359375,90,193968.0,190718.4,196000.0,193358.04444444444,1955.90815661258,190704.0,196000.0,90,1.0,1.0,1.0,1.0,0.0,1.0,1.0,90,1.0,1.0,1.0,1.0,0.0,1.0,1.0,90,1.0,1.0,1.0,1.0,0.0,1.0,1.0,90,0.0,0.0,0.0,0.0,0.0,0.0,0.0,90,100.0,100.0,100.0,100.0,0.0,100.0,100.0,90,1.0,1.0,1.0,1.0,0.0,1.0,1.0,90,100.0,100.0,100.0,100.0,0.0,100.0,100.0,90,14.0,14.0,14.0,14.0,0.0,14.0,14.0,90,14.0,14.0,14.0,14.0,0.0,14.0,14.0,90,12.0,12.0,12.0,12.0,0.0,12.0,12.0,,,,,,,,
phase1,E_project_title,paging,paging,hierarchical,2000,library_sequential_paging,PASS,3,33,0,0,33,8.793,7.9424,9.594000000000001,8.76660606060606,0.72765457719451,7.452,10.577,33,15018.532226562,12248.6761718746,17810.5781250004,15015.191287878788,2175.2335981909378,11556.1953125,18428.6796875,33,680.029296875,623.794140625,710.92890625,672.729551373106,36.52301465279452,574.3076171875,731.71875,33,174656.0,173872.0,177820.80000000002,175379.87878787878,1566.7802924623747,173856.0,178352.0,33,1.0,1.0,1.0,1.0,0.0,1.0,1.0,33,1.0,1.0,1.0,1.0,0.0,1.0,1.0,33,1.0,1.0,1.0,1.0,0.0,1.0,1.0,33,0.0,0.0,0.0,0.0,0.0,0.0,0.0,33,100.0,100.0,100.0,100.0,0.0,100.0,100.0,33,1.0,1.0,1.0,1.0,0.0,1.0,1.0,33,100.0,100.0,100.0,100.0,0.0,100.0,100.0,33,14.0,14.0,14.0,14.0,0.0,14.0,14.0,33,14.0,14.0,14.0,13.818181818181818,0.5838742081211422,12.0,14.0,33,12.0,12.0,12.0,12.0,0.0,12.0,12.0,,,,,,,,
phase1,E_project_title,paging,paging,hierarchical,2000,paging_probe_step_2_to_3,PASS,3,3,0,0,3,9.126,8.899600000000001,9.849199999999998,9.333,0.6199830642848235,8.843,10.03,3,19885.303710938,19615.950585938,19893.7490234372,19776.592122396,197.50685716436817,19548.612304688,19895.860351562,3,701.85546875,642.47734375,702.26953125,677.287109375,43.00266120127736,627.6328125,702.373046875,3,190912.0,190515.2,191052.8,190805.33333333334,348.46711944361886,190416.0,191088.0,3,1.0,1.0,1.0,1.0,0.0,1.0,1.0,3,1.0,1.0,1.0,1.0,0.0,1.0,1.0,3,1.0,1.0,1.0,1.0,0.0,1.0,1.0,3,0.0,0.0,0.0,0.0,0.0,0.0,0.0,3,100.0,100.0,100.0,100.0,0.0,100.0,100.0,3,1.0,1.0,1.0,1.0,0.0,1.0,1.0,3,100.0,100.0,100.0,100.0,0.0,100.0,100.0,3,14.0,14.000000000000002,14.0,14.0,0.0,14.0,14.0,3,14.0,14.000000000000002,14.0,14.0,0.0,14.0,14.0,3,12.0,12.000000000000002,12.0,12.0,0.0,12.0,12.0,,,,,,,,
phase1,E_project_title,steady_state_cold,startup,hierarchical,2000,home_to_library,PASS,3,3,0,0,3,7.193,7.0594,7.779400000000001,7.381666666666667,0.4787445386981804,7.026,7.926,3,8661.5078125,8627.669531250001,8674.789843749999,8652.942708333334,30.36996478403926,8619.2099609375,8678.1103515625,3,349.0380859375,345.09042968750003,350.0451171875,347.8128255208333,3.273434343844814,344.103515625,350.296875,3,169360.0,169142.4,170345.6,169680.0,801.4387063275644,169088.0,170592.0,3,1.0,1.0,1.0,1.0,0.0,1.0,1.0,3,1.0,1.0,1.0,1.0,0.0,1.0,1.0,3,1.0,1.0,1.0,1.0,0.0,1.0,1.0,3,0.0,0.0,0.0,0.0,0.0,0.0,0.0,3,100.0,100.0,100.0,100.0,0.0,100.0,100.0,3,1.0,1.0,1.0,1.0,0.0,1.0,1.0,3,100.0,100.0,100.0,100.0,0.0,100.0,100.0,,,,,,,,,,,,,,,,,,,,,,,,,,,,,,,,
phase1,E_project_title,steady_state_cold,startup,hierarchical,2000,library_first_render,PASS,3,3,0,0,3,8.083,7.819000000000001,8.4422,8.122666666666667,0.39101193502671155,7.753,8.532,3,8977.0888671875,8915.0849609375,9019.5755859375,8968.956705729166,65.68528257693045,8899.583984375,9030.197265625,3,307.7177734375,280.0365234375,337.4068359375,308.5543619791667,35.8637641741541,273.1162109375,344.8291015625,3,169360.0,169142.4,170396.80000000002,169701.33333333334,837.8766814593502,169088.0,170656.0,3,1.0,1.0,1.0,1.0,0.0,1.0,1.0,3,1.0,1.0,1.0,1.0,0.0,1.0,1.0,3,1.0,1.0,1.0,1.0,0.0,1.0,1.0,3,0.0,0.0,0.0,0.0,0.0,0.0,0.0,3,100.0,100.0,100.0,100.0,0.0,100.0,100.0,3,1.0,1.0,1.0,1.0,0.0,1.0,1.0,3,100.0,100.0,100.0,100.0,0.0,100.0,100.0,,,,,,,,,,,,,,,,,,,,,,,,,,,,,,,,
phase1,E_project_title,warm,synthetic,flat,2000,change_sort_mode,PASS,1,10,0,0,10,69.8955,64.3334,73.08630000000001,68.9477,4.9111771625774425,57.695,74.637,10,21959.036621093997,15439.2252929692,30458.396191405798,23075.9875976562,5783.852902491784,13482.42578125,30490.921875,10,-6658.76513671875,-9037.53945312495,8843.1517578125,-1672.7739257811998,8772.454787073933,-10959.930664062,8852.744140625,10,193120.0,193120.0,193120.0,193120.0,0.0,193120.0,193120.0,10,2.0,2.0,2.0,2.0,0.0,2.0,2.0,10,2.0,2.0,2.0,2.0,0.0,2.0,2.0,10,2.0,2.0,2.0,2.0,0.0,2.0,2.0,10,0.0,0.0,0.0,0.0,0.0,0.0,0.0,10,100.0,100.0,100.0,100.0,0.0,100.0,100.0,10,2.0,2.0,2.0,2.0,0.0,2.0,2.0,10,100.0,100.0,100.0,100.0,0.0,100.0,100.0,,,,,,,,,,,,,,,,,,,,,,,,,,,,,,,,
phase1,E_project_title,warm,synthetic,flat,2000,close_book,PASS,1,10,0,0,10,41.445,38.5508,42.697,40.991,1.8107018283282061,38.198,43.588,10,22797.338378906497,22429.2656249996,23464.410449218303,22910.5891601562,462.0234815464757,22289.299804688,23748.537109375,10,5578.85888671875,5542.28115234375,5681.77197265625,5596.0021484375,64.25361068976821,5519.6923828125,5735.275390625,10,222064.0,222064.0,222064.0,222064.0,0.0,222064.0,222064.0,10,4.0,4.0,4.0,4.0,0.0,4.0,4.0,10,4.0,4.0,4.0,4.0,0.0,4.0,4.0,10,3.0,3.0,3.0,3.0,0.0,3.0,3.0,10,1.0,1.0,1.0,1.0,0.0,1.0,1.0,10,100.0,100.0,100.0,100.0,0.0,100.0,100.0,10,3.0983009708738,3.0983009708738,3.0983009708738,3.0983009708738,0.0,3.0983009708738,3.0983009708738,10,100.0,100.0,100.0,100.0,0.0,100.0,100.0,,,,,,,,,,,,,,,,,,,,,,,,,,,,,,,,
phase1,E_project_title,warm,synthetic,flat,2000,close_quick_settings,PASS,1,10,0,0,10,8.198,7.6854000000000005,8.706399999999999,8.181999999999999,0.45865915691526554,7.455,8.935,10,30038.654785156497,28616.9051757813,31182.246289062503,29958.389746093802,1088.926534534764,28176.124023438,31437.7109375,10,62.49951171875,44.4375,127.75917968749998,83.86396484375,46.84128862524887,40.4912109375,185.9990234375,10,222064.0,222064.0,222064.0,222064.0,0.0,222064.0,222064.0,10,3.0,3.0,3.0,3.0,0.0,3.0,3.0,10,3.0,3.0,3.0,3.0,0.0,3.0,3.0,10,3.0,3.0,3.0,3.0,0.0,3.0,3.0,10,0.0,0.0,0.0,0.0,0.0,0.0,0.0,10,100.0,100.0,100.0,100.0,0.0,100.0,100.0,10,3.0,3.0,3.0,3.0,0.0,3.0,3.0,10,100.0,100.0,100.0,100.0,0.0,100.0,100.0,,,,,,,,,,,,,,,,,,,,,,,,,,,,,,,,
phase1,E_project_title,warm,synthetic,flat,2000,home_to_library,PASS,1,10,0,0,10,39.778999999999996,36.3842,45.5542,40.6772,3.811898267267898,36.305,46.447,10,22322.413085938,18079.282812499998,28079.9162109375,23002.941210937697,4475.837313183014,16739.896484375,31134.22265625,10,4760.9306640625,-4076.51064453125,4839.04697265625,1666.9921875,5490.760886030398,-11003.85546875,4845.5693359375,10,191136.0,191120.0,191168.0,191164.8,102.53324664062221,191120.0,191456.0,10,1.0,1.0,1.0,1.0,0.0,1.0,1.0,10,1.0,1.0,1.0,1.0,0.0,1.0,1.0,10,1.0,1.0,1.0,1.0,0.0,1.0,1.0,10,0.0,0.0,0.0,0.0,0.0,0.0,0.0,10,100.0,100.0,100.0,100.0,0.0,100.0,100.0,10,1.0,1.0,1.0,1.0,0.0,1.0,1.0,10,100.0,100.0,100.0,100.0,0.0,100.0,100.0,,,,,,,,,,,,,,,,,,,,,,,,,,,,,,,,
phase1,E_project_title,warm,synthetic,flat,2000,library_cached_paging,PASS,1,30,0,0,30,8.625499999999999,7.9343,9.912800000000002,8.912,1.3881122383319358,7.676,14.964,30,22132.2216796875,15651.9307617183,28483.3299804688,22061.200683593765,4723.267421606369,13817.202148438,29763.15234375,30,623.72265625,567.52734375,662.92529296875,54.02659505210001,2787.411220667105,-14587.293945312,702.04296875,30,192608.0,192608.0,192624.0,192615.46666666667,8.118660214478798,192608.0,192624.0,30,1.0,1.0,1.0,1.0,0.0,1.0,1.0,30,1.0,1.0,1.0,1.0,0.0,1.0,1.0,30,1.0,1.0,1.0,1.0,0.0,1.0,1.0,30,0.0,0.0,0.0,0.0,0.0,0.0,0.0,30,100.0,100.0,100.0,100.0,0.0,100.0,100.0,30,1.0,1.0,1.0,1.0,0.0,1.0,1.0,30,100.0,100.0,100.0,100.0,0.0,100.0,100.0,30,14.0,14.0,14.0,14.0,0.0,14.0,14.0,30,14.0,14.0,14.0,14.0,0.0,14.0,14.0,30,143.0,143.0,143.0,143.0,0.0,143.0,143.0,,,,,,,,
phase1,E_project_title,warm,synthetic,flat,2000,library_first_render,PASS,1,10,0,0,10,40.6235,38.1954,47.1245,41.6892,3.9913262568836556,36.525,48.299,10,21519.637695312,15322.6624023433,27593.6321289062,21594.6440429685,5113.064931126927,14004.595703125,28318.583007812,10,4736.517578125,-12164.881054688001,4814.56669921875,-227.54775390635004,8074.2365222218505,-13229.053710938,4829.6953125,10,192432.0,192416.0,192432.0,192428.8,6.7461923416925424,192416.0,192432.0,10,1.0,1.0,1.0,1.0,0.0,1.0,1.0,10,1.0,1.0,1.0,1.0,0.0,1.0,1.0,10,1.0,1.0,1.0,1.0,0.0,1.0,1.0,10,0.0,0.0,0.0,0.0,0.0,0.0,0.0,10,100.0,100.0,100.0,100.0,0.0,100.0,100.0,10,1.0,1.0,1.0,1.0,0.0,1.0,1.0,10,100.0,100.0,100.0,100.0,0.0,100.0,100.0,,,,,,,,,,,,,,,,,,,,,,,,,,,,,,,,
phase1,E_project_title,warm,synthetic,flat,2000,library_folder_back,PASS,1,10,0,0,10,69.42750000000001,66.0557,76.54749999999999,70.5111,4.196087925410736,65.0,78.325,10,22766.373046875,15762.5875,29634.257226562502,22723.753515625,5181.001634854224,14047.873046875,29880.15234375,10,2739.3076171875,-8461.178125,8909.844140625,1210.06005859375,8266.027005370575,-8774.125,9004.6552734375,10,193104.0,193104.0,193120.0,193107.2,6.7461923416925424,193104.0,193120.0,10,3.0,3.0,3.0,3.0,0.0,3.0,3.0,10,3.0,3.0,3.0,3.0,0.0,3.0,3.0,10,2.0,2.0,2.0,2.0,0.0,2.0,2.0,10,1.0,1.0,1.0,1.0,0.0,1.0,1.0,10,100.0,100.0,100.0,100.0,0.0,100.0,100.0,10,2.0983009708738,2.0983009708738,2.0983009708738,2.0983009708738,0.0,2.0983009708738,2.0983009708738,10,100.0,100.0,100.0,100.0,0.0,100.0,100.0,,,,,,,,,,,,,,,,,,,,,,,,,,,,,,,,
phase1,E_project_title,warm,synthetic,flat,2000,library_folder_enter,PASS,1,10,0,0,10,8.742,8.5509,9.262500000000001,8.834,0.3690814423824519,8.262,9.474,10,21885.776855468503,15249.173437500001,30008.9358398438,22470.5940429686,5833.114215760078,13623.861328125,30468.483398438,10,112.90234375,96.38105468750001,134.08417968749998,114.9974609375,15.716961267487326,96.03125,138.65625,10,193096.0,193025.59999999998,193104.0,193059.2,108.98807274192897,192752.0,193104.0,10,2.0,2.0,2.0,2.0,0.0,2.0,2.0,10,2.0,2.0,2.0,2.0,0.0,2.0,2.0,10,1.0,1.0,1.0,1.0,0.0,1.0,1.0,10,1.0,1.0,1.0,1.0,0.0,1.0,1.0,10,100.0,100.0,100.0,100.0,0.0,100.0,100.0,10,1.0983009708738,1.0983009708738,1.0983009708738,1.0983009708738,0.0,1.0983009708738,1.0983009708738,10,100.0,100.0,100.0,100.0,0.0,100.0,100.0,,,,,,,,,,,,,,,,,,,,,,,,,,,,,,,,
phase1,E_project_title,warm,synthetic,flat,2000,library_sequential_paging,PASS,1,30,0,0,30,8.7325,7.869200000000001,10.2806,9.0753,1.228193575386506,7.383,13.481,30,18003.0146484375,14165.093554687,24020.6352539067,18552.476204427003,3864.8903146511875,12332.006835938,26016.575195312,30,673.22705078125,606.3984375,702.0705078125,243.25904947916666,1723.7618826434227,-7776.2060546875,757.4541015625,30,192576.0,192544.0,192608.0,192568.0,41.3296253435049,192432.0,192608.0,30,1.0,1.0,1.0,1.0,0.0,1.0,1.0,30,1.0,1.0,1.0,1.0,0.0,1.0,1.0,30,1.0,1.0,1.0,1.0,0.0,1.0,1.0,30,0.0,0.0,0.0,0.0,0.0,0.0,0.0,30,100.0,100.0,100.0,100.0,0.0,100.0,100.0,30,1.0,1.0,1.0,1.0,0.0,1.0,1.0,30,100.0,100.0,100.0,100.0,0.0,100.0,100.0,30,14.0,14.0,14.0,14.0,0.0,14.0,14.0,30,14.0,14.0,14.0,14.0,0.0,14.0,14.0,30,143.0,143.0,143.0,143.0,0.0,143.0,143.0,,,,,,,,
phase1,E_project_title,warm,synthetic,flat,2000,open_book,PASS,1,10,0,0,10,51.299,47.6376,59.4677,51.5749,4.955638504662026,43.305,59.771,10,16563.79296875,16432.9299804688,17407.5015625,16792.0192382813,422.81488179657885,16431.983398438,17511.912109375,10,-5816.81005859375,-5940.5107421875,-5302.141894531251,-5688.04892578125,280.4676969443422,-6010.6826171875,-5268.9833984375,10,219496.0,216752.0,222064.0,219454.4,2189.1556566148715,216752.0,222064.0,10,9.0,9.0,9.0,9.0,0.0,9.0,9.0,10,9.0,9.0,9.0,9.0,0.0,9.0,9.0,10,9.0,9.0,9.0,9.0,0.0,9.0,9.0,10,0.0,0.0,0.0,0.0,0.0,0.0,0.0,10,100.0,100.0,100.0,100.0,0.0,100.0,100.0,10,9.0,9.0,9.0,9.0,0.0,9.0,9.0,10,100.0,100.0,100.0,100.0,0.0,100.0,100.0,,,,,,,,,,,,,,,,,,,,,,,,,,,,,,,,
phase1,E_project_title,warm,synthetic,flat,2000,open_book_minimal,PASS,1,10,0,0,10,48.2305,45.844800000000006,49.783,47.9698,1.8626177994067008,45.195,51.367,10,16092.130859375,15924.694335937,16133.602539062,16054.059667968599,89.9484231233334,15899.399414062,16144.008789062,10,-5875.80615234375,-5989.1271484375,-5748.07685546875,-5873.20546875,119.59847970685207,-6072.4931640625,-5644.890625,10,215376.0,212195.2,215440.0,214611.2,1646.6410794233345,210784.0,215440.0,10,0.0,0.0,0.0,0.0,0.0,0.0,0.0,10,0.0,0.0,0.0,0.0,0.0,0.0,0.0,10,0.0,0.0,0.0,0.0,0.0,0.0,0.0,10,0.0,0.0,0.0,0.0,0.0,0.0,0.0,10,0.0,0.0,0.0,0.0,0.0,0.0,0.0,10,0.0,0.0,0.0,0.0,0.0,0.0,0.0,10,0.0,0.0,0.0,0.0,0.0,0.0,0.0,,,,,,,,,,,,,,,,,,,,,,,,,,,,,,,,
phase1,E_project_title,warm,synthetic,flat,2000,open_quick_settings,PASS,1,10,0,0,10,8.2065,7.9283,8.668099999999999,8.295399999999999,0.35846530902972695,7.922,9.11,10,25985.994140625,24987.6901367183,27018.556640624603,25984.1345703125,851.817442264724,24708.705078125,27262.901367188,10,234.296875,221.026953125,242.55166015625,232.77353515625,9.023758217459273,221.005859375,242.6474609375,10,222064.0,222064.0,222064.0,222064.0,0.0,222064.0,222064.0,10,2.0,2.0,2.0,2.0,0.0,2.0,2.0,10,2.0,2.0,2.0,2.0,0.0,2.0,2.0,10,2.0,2.0,2.0,2.0,0.0,2.0,2.0,10,0.0,0.0,0.0,0.0,0.0,0.0,0.0,10,100.0,100.0,100.0,100.0,0.0,100.0,100.0,10,2.0,2.0,2.0,2.0,0.0,2.0,2.0,10,100.0,100.0,100.0,100.0,0.0,100.0,100.0,,,,,,,,,,,,,,,,,,,,,,,,,,,,,,,,
phase1,E_project_title,warm,synthetic,flat,2000,repeated_nav,PASS,1,2,0,0,2,84.749,84.185,85.31299999999999,84.749,0.9970205614730296,84.044,85.454,2,26293.799316406003,23972.425488281202,28615.1731445308,26293.799316406003,4103.647938840054,23392.08203125,29195.516601562,2,-4751.59082031225,-12779.15957031205,3275.977929687551,-4751.59082031225,14190.870748915188,-14786.051757812,5282.8701171875,2,230704.0,230691.2,230716.8,230704.0,22.627416997969522,230688.0,230720.0,2,10.0,10.0,10.0,10.0,0.0,10.0,10.0,2,10.0,10.0,10.0,10.0,0.0,10.0,10.0,2,10.0,10.0,10.0,10.0,0.0,10.0,10.0,2,0.0,0.0,0.0,0.0,0.0,0.0,0.0,2,100.0,100.0,100.0,100.0,0.0,100.0,100.0,2,10.0,10.0,10.0,10.0,0.0,10.0,10.0,2,100.0,100.0,100.0,100.0,0.0,100.0,100.0,,,,,,,,,,,,,,,,,,,,,,,,,,,,,,,,
phase1,E_project_title,warm,synthetic,flat,2000,start_to_home,UNSUPPORTED,1,0,0,10,,,,,,,,,,,,,,,,,,,,,,,,,,,,,,,,,,,,,,,,,,,,,,,,,,,,,,,,,,,,,,,,,,,,,,,,,,,,,,,,,,,,,,,,,,,,,,,,,,,,,,,,,,,,,,,,,,,,,,,,
phase1,E_project_title,warm,synthetic,flat,50,change_sort_mode,PASS,1,10,0,0,10,13.3915,11.272499999999999,14.7362,13.115199999999998,1.4888038300744808,10.467,15.008,10,19533.370117187,12728.6994140625,23165.956640625,18828.8946289062,4145.11044966289,11742.427734375,24084.287109375,10,1020.841796875,-4905.42529296875,1092.6208984375,-395.1154296875,3098.3100813946776,-7628.1494140625,1095.4140625,10,184176.0,184176.0,184192.0,184182.4,8.262364471909157,184176.0,184192.0,10,2.0,2.0,2.0,2.0,0.0,2.0,2.0,10,2.0,2.0,2.0,2.0,0.0,2.0,2.0,10,2.0,2.0,2.0,2.0,0.0,2.0,2.0,10,0.0,0.0,0.0,0.0,0.0,0.0,0.0,10,100.0,100.0,100.0,100.0,0.0,100.0,100.0,10,2.0,2.0,2.0,2.0,0.0,2.0,2.0,10,100.0,100.0,100.0,100.0,0.0,100.0,100.0,,,,,,,,,,,,,,,,,,,,,,,,,,,,,,,,
phase1,E_project_title,warm,synthetic,flat,50,close_book,PASS,1,10,0,0,10,13.8265,11.897,15.8584,13.8389,1.6193403629599035,11.609,16.042,10,14954.370605468499,14569.651464844199,15189.536621094201,14919.368164062598,314.2947636822353,14366.02734375,15491.41015625,10,1508.384765625,1341.18359375,1662.23818359375,1502.24677734375,130.41446416622082,1281.6376953125,1722.9169921875,10,204224.0,204224.0,204224.0,204224.0,0.0,204224.0,204224.0,10,4.0,4.0,4.0,4.0,0.0,4.0,4.0,10,4.0,4.0,4.0,4.0,0.0,4.0,4.0,10,3.0,3.0,3.0,3.0,0.0,3.0,3.0,10,1.0,1.0,1.0,1.0,0.0,1.0,1.0,10,100.0,100.0,100.0,100.0,0.0,100.0,100.0,10,3.0983009708738,3.0983009708738,3.0983009708738,3.0983009708738,0.0,3.0983009708738,3.0983009708738,10,100.0,100.0,100.0,100.0,0.0,100.0,100.0,,,,,,,,,,,,,,,,,,,,,,,,,,,,,,,,
phase1,E_project_title,warm,synthetic,flat,50,close_quick_settings,PASS,1,10,0,0,10,8.186,7.783899999999999,9.021600000000001,8.3388,0.527186410210953,7.738,9.135,10,21787.383789063,20832.7752929688,22755.3594726567,21790.273535156397,811.1551728506386,20593.483398438,22988.771484375,10,33.91650390625,29.38603515625,52.31630859375,37.1646484375,9.912808062403283,27.4111328125,57.9140625,10,204224.0,204224.0,204224.0,204224.0,0.0,204224.0,204224.0,10,3.0,3.0,3.0,3.0,0.0,3.0,3.0,10,3.0,3.0,3.0,3.0,0.0,3.0,3.0,10,3.0,3.0,3.0,3.0,0.0,3.0,3.0,10,0.0,0.0,0.0,0.0,0.0,0.0,0.0,10,100.0,100.0,100.0,100.0,0.0,100.0,100.0,10,3.0,3.0,3.0,3.0,0.0,3.0,3.0,10,100.0,100.0,100.0,100.0,0.0,100.0,100.0,,,,,,,,,,,,,,,,,,,,,,,,,,,,,,,,
phase1,E_project_title,warm,synthetic,flat,50,home_to_library,PASS,1,10,0,0,10,13.927499999999998,11.763499999999999,15.6703,13.729800000000001,1.749256083152048,11.525,16.024,10,16142.762695312998,12867.961425780799,19500.4797851562,16177.2412109375,2797.079619537924,12050.85546875,20366.653320312,10,908.68798828125,879.7264648437499,961.70224609375,917.96689453125,38.90312300174834,859.16796875,984.677734375,10,179720.0,179712.0,179728.0,179720.0,8.432740427115679,179712.0,179728.0,10,1.0,1.0,1.0,1.0,0.0,1.0,1.0,10,1.0,1.0,1.0,1.0,0.0,1.0,1.0,10,1.0,1.0,1.0,1.0,0.0,1.0,1.0,10,0.0,0.0,0.0,0.0,0.0,0.0,0.0,10,100.0,100.0,100.0,100.0,0.0,100.0,100.0,10,1.0,1.0,1.0,1.0,0.0,1.0,1.0,10,100.0,100.0,100.0,100.0,0.0,100.0,100.0,,,,,,,,,,,,,,,,,,,,,,,,,,,,,,,,
phase1,E_project_title,warm,synthetic,flat,50,library_cached_paging,PASS,1,30,0,0,30,9.171,8.0756,10.7598,9.265433333333334,1.100319254089258,7.785,12.662,30,17727.717773438,13786.726757812501,22038.946289063,17774.60475260423,3250.9315207682826,11850.533203125,24028.596679688,30,678.4423828125,604.6414062499999,719.8082031250001,347.1748046875,1614.4354054044545,-8135.7431640625,743.23828125,30,182352.0,182352.0,182352.0,182372.26666666666,108.02264556111828,182352.0,182944.0,30,1.0,1.0,1.0,1.0,0.0,1.0,1.0,30,1.0,1.0,1.0,1.0,0.0,1.0,1.0,30,1.0,1.0,1.0,1.0,0.0,1.0,1.0,30,0.0,0.0,0.0,0.0,0.0,0.0,0.0,30,100.0,100.0,100.0,100.0,0.0,100.0,100.0,30,1.0,1.0,1.0,1.0,0.0,1.0,1.0,30,100.0,100.0,100.0,100.0,0.0,100.0,100.0,30,14.0,14.0,14.0,14.0,0.0,14.0,14.0,30,14.0,14.0,14.0,14.0,0.0,14.0,14.0,30,4.0,4.0,4.0,4.0,0.0,4.0,4.0,,,,,,,,
phase1,E_project_title,warm,synthetic,flat,50,library_first_render,PASS,1,10,0,0,10,12.057500000000001,11.2516,13.658499999999998,12.3913,1.6005002030615303,10.636,16.453,10,15301.620605469001,11879.3321289062,18926.4431640625,15647.8168945313,3583.182617500859,11049.258789062,23227.421875,10,913.59228515625,-447.3632812500497,983.1453125,-382.45302734380004,4145.770951409146,-12180.858398438,994.4814453125,10,182336.0,182304.0,182336.0,182304.0,101.19288512538814,182016.0,182336.0,10,1.0,1.0,1.0,1.0,0.0,1.0,1.0,10,1.0,1.0,1.0,1.0,0.0,1.0,1.0,10,1.0,1.0,1.0,1.0,0.0,1.0,1.0,10,0.0,0.0,0.0,0.0,0.0,0.0,0.0,10,100.0,100.0,100.0,100.0,0.0,100.0,100.0,10,1.0,1.0,1.0,1.0,0.0,1.0,1.0,10,100.0,100.0,100.0,100.0,0.0,100.0,100.0,,,,,,,,,,,,,,,,,,,,,,,,,,,,,,,,
phase1,E_project_title,warm,synthetic,flat,50,library_folder_back,PASS,1,10,0,0,10,15.949,13.8857,18.2323,16.161099999999998,1.7984590595531744,13.145,19.288,10,17753.3271484375,13265.5173828125,22492.2770507813,17828.4392578125,3866.845964188871,12105.078125,23647.842773438,10,1177.865234375,-130.6574218749497,1234.71083984375,-89.15214843744998,4062.4323005114534,-11650.641601562,1268.7060546875,10,184168.0,184160.0,184176.0,184168.0,8.432740427115679,184160.0,184176.0,10,3.0,3.0,3.0,3.0,0.0,3.0,3.0,10,3.0,3.0,3.0,3.0,0.0,3.0,3.0,10,2.0,2.0,2.0,2.0,0.0,2.0,2.0,10,1.0,1.0,1.0,1.0,0.0,1.0,1.0,10,100.0,100.0,100.0,100.0,0.0,100.0,100.0,10,2.0983009708738,2.0983009708738,2.0983009708738,2.0983009708738,0.0,2.0983009708738,2.0983009708738,10,100.0,100.0,100.0,100.0,0.0,100.0,100.0,,,,,,,,,,,,,,,,,,,,,,,,,,,,,,,,
phase1,E_project_title,warm,synthetic,flat,50,library_folder_enter,PASS,1,10,0,0,10,9.127500000000001,8.529900000000001,9.690299999999997,9.3552,1.3737901182090693,8.466,13.149,10,18246.289550781003,13475.0545898433,23089.340234375,18199.640625,4191.494872701476,11415.029296875,24282.0546875,10,116.93994140625,107.2404296875,125.87421875,117.2931640625,13.126427295724467,96.625,147.611328125,10,184144.0,184144.0,184160.0,184150.4,8.262364471909157,184144.0,184160.0,10,2.0,2.0,2.0,2.0,0.0,2.0,2.0,10,2.0,2.0,2.0,2.0,0.0,2.0,2.0,10,1.0,1.0,1.0,1.0,0.0,1.0,1.0,10,1.0,1.0,1.0,1.0,0.0,1.0,1.0,10,100.0,100.0,100.0,100.0,0.0,100.0,100.0,10,1.0983009708738,1.0983009708738,1.0983009708738,1.0983009708738,0.0,1.0983009708738,1.0983009708738,10,100.0,100.0,100.0,100.0,0.0,100.0,100.0,,,,,,,,,,,,,,,,,,,,,,,,,,,,,,,,
phase1,E_project_title,warm,synthetic,flat,50,library_sequential_paging,PASS,1,3,0,0,3,9.492,8.5632,9.797600000000001,9.232333333333335,0.8036058320677709,8.331,9.874,3,11038.79296875,10431.0140625004,11459.213281249999,10960.726888021001,646.171028274814,10279.069335938,11564.318359375,3,756.9814453125,569.6416015625,771.9345703125,685.1536458333334,140.9069009736095,522.806640625,775.6728515625,3,182336.0,182336.00000000003,182336.0,182336.0,0.0,182336.0,182336.0,3,1.0,1.0,1.0,1.0,0.0,1.0,1.0,3,1.0,1.0,1.0,1.0,0.0,1.0,1.0,3,1.0,1.0,1.0,1.0,0.0,1.0,1.0,3,0.0,0.0,0.0,0.0,0.0,0.0,0.0,3,100.0,100.0,100.0,100.0,0.0,100.0,100.0,3,1.0,1.0,1.0,1.0,0.0,1.0,1.0,3,100.0,100.0,100.0,100.0,0.0,100.0,100.0,3,14.0,14.000000000000002,14.0,14.0,0.0,14.0,14.0,3,14.0,10.0,14.0,12.333333333333334,2.8867513459481287,9.0,14.0,3,4.0,4.0,4.0,4.0,0.0,4.0,4.0,,,,,,,,
phase1,E_project_title,warm,synthetic,flat,50,open_book,PASS,1,10,0,0,10,35.265,33.168499999999995,35.8097,34.6494,1.1911756284351105,32.894,36.203,10,13361.4921875,12872.5082031254,13846.022949218299,13329.9040039062,401.8924082667245,12771.129882812,13944.482421875,10,-1262.63671875,-2623.93154296875,-1120.162890625,-1499.3263671875,605.9716870964478,-2661.240234375,-1111.29296875,10,202368.0,202320.0,203760.0,202636.8,592.3026253529525,202320.0,203760.0,10,9.0,9.0,9.0,9.0,0.0,9.0,9.0,10,9.0,9.0,9.0,9.0,0.0,9.0,9.0,10,9.0,9.0,9.0,9.0,0.0,9.0,9.0,10,0.0,0.0,0.0,0.0,0.0,0.0,0.0,10,100.0,100.0,100.0,100.0,0.0,100.0,100.0,10,9.0,9.0,9.0,9.0,0.0,9.0,9.0,10,100.0,100.0,100.0,100.0,0.0,100.0,100.0,,,,,,,,,,,,,,,,,,,,,,,,,,,,,,,,
phase1,E_project_title,warm,synthetic,flat,50,open_book_minimal,PASS,1,10,0,0,10,33.58,32.1053,37.822,34.2935,2.3843028913663167,31.631,38.299,10,13106.336425780999,12593.983398437998,13438.5364257813,13033.113769531501,382.07913498670393,12471.709960938,13637.303710938,10,-1189.62548828125,-2609.822265625,-1113.2783203125,-1478.77607421875,624.4770496703156,-2712.6806640625,-1096.921875,10,201536.0,198294.40000000002,202160.0,200758.4,1764.377586194822,196912.0,202160.0,10,0.0,0.0,0.0,0.0,0.0,0.0,0.0,10,0.0,0.0,0.0,0.0,0.0,0.0,0.0,10,0.0,0.0,0.0,0.0,0.0,0.0,0.0,10,0.0,0.0,0.0,0.0,0.0,0.0,0.0,10,0.0,0.0,0.0,0.0,0.0,0.0,0.0,10,0.0,0.0,0.0,0.0,0.0,0.0,0.0,10,0.0,0.0,0.0,0.0,0.0,0.0,0.0,,,,,,,,,,,,,,,,,,,,,,,,,,,,,,,,
phase1,E_project_title,warm,synthetic,flat,50,open_quick_settings,PASS,1,10,0,0,10,8.0005,7.8514,9.195599999999999,8.3024,0.5850890150699768,7.639,9.201,10,18601.091796875,17570.3065429688,19535.7989257817,18563.2141601564,837.9994863870361,17243.159179688,19767.119140625,10,235.771484375,226.64677734375,272.9880859375,242.225390625,18.519891605815243,224.28515625,276.87109375,10,204224.0,204224.0,204224.0,204224.0,0.0,204224.0,204224.0,10,2.0,2.0,2.0,2.0,0.0,2.0,2.0,10,2.0,2.0,2.0,2.0,0.0,2.0,2.0,10,2.0,2.0,2.0,2.0,0.0,2.0,2.0,10,0.0,0.0,0.0,0.0,0.0,0.0,0.0,10,100.0,100.0,100.0,100.0,0.0,100.0,100.0,10,2.0,2.0,2.0,2.0,0.0,2.0,2.0,10,100.0,100.0,100.0,100.0,0.0,100.0,100.0,,,,,,,,,,,,,,,,,,,,,,,,,,,,,,,,
phase1,E_project_title,warm,synthetic,flat,50,repeated_nav,PASS,1,2,0,0,2,83.806,82.97,84.642,83.806,1.4778531726798867,82.761,84.851,2,22372.543945312,20065.809570312,24679.278320312,22372.543945312,4077.768797396531,19489.125976562,25255.961914062,2,-2420.994140625,-8560.872265625001,3718.8839843750006,-2420.994140625,10853.873644616111,-10095.841796875,5253.853515625,2,212688.0,212688.0,212688.0,212688.0,0.0,212688.0,212688.0,2,10.0,10.0,10.0,10.0,0.0,10.0,10.0,2,10.0,10.0,10.0,10.0,0.0,10.0,10.0,2,10.0,10.0,10.0,10.0,0.0,10.0,10.0,2,0.0,0.0,0.0,0.0,0.0,0.0,0.0,2,100.0,100.0,100.0,100.0,0.0,100.0,100.0,2,10.0,10.0,10.0,10.0,0.0,10.0,10.0,2,100.0,100.0,100.0,100.0,0.0,100.0,100.0,,,,,,,,,,,,,,,,,,,,,,,,,,,,,,,,
phase1,E_project_title,warm,synthetic,flat,50,start_to_home,UNSUPPORTED,1,0,0,10,,,,,,,,,,,,,,,,,,,,,,,,,,,,,,,,,,,,,,,,,,,,,,,,,,,,,,,,,,,,,,,,,,,,,,,,,,,,,,,,,,,,,,,,,,,,,,,,,,,,,,,,,,,,,,,,,,,,,,,,
phase1,E_project_title,warm,synthetic,hierarchical,2000,change_sort_mode,PASS,1,10,0,0,10,7.7895,7.2223999999999995,8.3551,7.7408,0.45721713781431167,7.136,8.563,10,17950.520019531003,17100.4111328125,18721.1122070317,17926.01640625,685.3086127330675,16866.5078125,18916.791015625,10,220.1103515625,200.91855468749998,243.66884765625,221.98662109375,18.975407082802704,195.6416015625,255.955078125,10,187344.0,187344.0,187360.0,187348.8,7.728734264634367,187344.0,187360.0,10,2.0,2.0,2.0,2.0,0.0,2.0,2.0,10,2.0,2.0,2.0,2.0,0.0,2.0,2.0,10,2.0,2.0,2.0,2.0,0.0,2.0,2.0,10,0.0,0.0,0.0,0.0,0.0,0.0,0.0,10,100.0,100.0,100.0,100.0,0.0,100.0,100.0,10,2.0,2.0,2.0,2.0,0.0,2.0,2.0,10,100.0,100.0,100.0,100.0,0.0,100.0,100.0,,,,,,,,,,,,,,,,,,,,,,,,,,,,,,,,
phase1,E_project_title,warm,synthetic,hierarchical,2000,close_book,PASS,1,10,0,0,10,13.355,11.2005,17.869699999999998,13.8857,2.582802313164693,11.106,19.082,10,15541.886230468499,15069.7443359375,16223.0268554687,15576.570898437401,474.463743309209,14901.330078125,16346.790039062,10,1670.14990234375,1524.93408203125,1844.1859375,1656.27880859375,124.93533772263031,1486.275390625,1852.609375,10,206576.0,206568.0,206576.0,206568.0,25.298221281347036,206496.0,206576.0,10,4.0,4.0,4.0,4.0,0.0,4.0,4.0,10,4.0,4.0,4.0,4.0,0.0,4.0,4.0,10,3.0,3.0,3.0,3.0,0.0,3.0,3.0,10,1.0,1.0,1.0,1.0,0.0,1.0,1.0,10,100.0,100.0,100.0,100.0,0.0,100.0,100.0,10,3.0983009708738,3.0983009708738,3.0983009708738,3.0983009708738,0.0,3.0983009708738,3.0983009708738,10,100.0,100.0,100.0,100.0,0.0,100.0,100.0,,,,,,,,,,,,,,,,,,,,,,,,,,,,,,,,
phase1,E_project_title,warm,synthetic,hierarchical,2000,close_quick_settings,PASS,1,10,0,0,10,8.337,7.886,8.717,8.3131,0.40370876466416566,7.85,9.149,10,21621.65234375,20743.989160156696,22558.8673828125,21637.532128906398,760.001280227005,20526.458984375,22785.328125,10,23.07666015625,20.318945312500002,43.241113281249994,27.440625,11.912926118391608,16.38671875,55.3603515625,10,208528.0,208528.0,208528.0,208528.0,0.0,208528.0,208528.0,10,3.0,3.0,3.0,3.0,0.0,3.0,3.0,10,3.0,3.0,3.0,3.0,0.0,3.0,3.0,10,3.0,3.0,3.0,3.0,0.0,3.0,3.0,10,0.0,0.0,0.0,0.0,0.0,0.0,0.0,10,100.0,100.0,100.0,100.0,0.0,100.0,100.0,10,3.0,3.0,3.0,3.0,0.0,3.0,3.0,10,100.0,100.0,100.0,100.0,0.0,100.0,100.0,,,,,,,,,,,,,,,,,,,,,,,,,,,,,,,,
phase1,E_project_title,warm,synthetic,hierarchical,2000,home_to_library,PASS,1,10,0,0,10,8.0085,7.1446,8.9081,7.9292,0.704098604205721,6.97,9.008,10,15051.256347655999,13849.1509765625,16243.3838867187,15043.1546874999,1007.4937988506058,13509.79296875,16537.633789062,10,334.9482421875,295.052734375,375.15283203125,336.35107421875,34.21742945445015,278.8369140625,386.9873046875,10,175264.0,174240.0,176561.6,175352.0,959.2367336122564,174240.0,176864.0,10,1.0,1.0,1.0,1.0,0.0,1.0,1.0,10,1.0,1.0,1.0,1.0,0.0,1.0,1.0,10,1.0,1.0,1.0,1.0,0.0,1.0,1.0,10,0.0,0.0,0.0,0.0,0.0,0.0,0.0,10,100.0,100.0,100.0,100.0,0.0,100.0,100.0,10,1.0,1.0,1.0,1.0,0.0,1.0,1.0,10,100.0,100.0,100.0,100.0,0.0,100.0,100.0,,,,,,,,,,,,,,,,,,,,,,,,,,,,,,,,
phase1,E_project_title,warm,synthetic,hierarchical,2000,library_cached_paging,UNSUPPORTED,1,0,0,1,,,,,,,,,,,,,,,,,,,,,,,,,,,,,,,,,,,,,,,,,,,,,,,,,,,,,,,,,,,,,,,,,,,,,,,,,,,,,,,,,,,,,,,,,,,,,,,,,,,,,,,,,,,,,,,,,,,,,,,,
phase1,E_project_title,warm,synthetic,hierarchical,2000,library_first_render,PASS,1,10,0,0,10,8.7665,7.847899999999999,9.6018,8.6555,0.77778192459212,7.136,9.636,10,18362.676269531497,15093.605273438,19577.208496093797,17590.863964844,2687.5662081815753,10775.756835938,19880.127929688,10,329.169921875,-4341.1837890625,352.6513671875,-625.54619140625,2027.3222561326872,-4629.501953125,355.4638671875,10,179528.0,178196.8,180576.0,179414.4,1026.751857937339,177952.0,180576.0,10,1.0,1.0,1.0,1.0,0.0,1.0,1.0,10,1.0,1.0,1.0,1.0,0.0,1.0,1.0,10,1.0,1.0,1.0,1.0,0.0,1.0,1.0,10,0.0,0.0,0.0,0.0,0.0,0.0,0.0,10,100.0,100.0,100.0,100.0,0.0,100.0,100.0,10,1.0,1.0,1.0,1.0,0.0,1.0,1.0,10,100.0,100.0,100.0,100.0,0.0,100.0,100.0,,,,,,,,,,,,,,,,,,,,,,,,,,,,,,,,
phase1,E_project_title,warm,synthetic,hierarchical,2000,library_folder_back,PASS,1,10,0,0,10,9.4875,8.8002,11.9738,9.9064,1.201488909645029,8.667,11.999,10,21079.7490234375,13353.294628905798,24172.7124023437,19336.4359374999,4662.742516253456,12534.96875,25356.032226562,10,381.7724609375,-100.41171874999992,403.46250000000003,-71.9205078125,1439.6810549471086,-4168.9443359375,409.8662109375,10,186992.0,183459.2,187344.0,185881.6,1927.0419011762274,182192.0,187344.0,10,3.0,3.0,3.0,3.0,0.0,3.0,3.0,10,3.0,3.0,3.0,3.0,0.0,3.0,3.0,10,2.0,2.0,2.0,2.0,0.0,2.0,2.0,10,1.0,1.0,1.0,1.0,0.0,1.0,1.0,10,100.0,100.0,100.0,100.0,0.0,100.0,100.0,10,2.0983009708738,2.0983009708738,2.0983009708738,2.0983009708738,0.0,2.0983009708738,2.0983009708738,10,100.0,100.0,100.0,100.0,0.0,100.0,100.0,,,,,,,,,,,,,,,,,,,,,,,,,,,,,,,,
phase1,E_project_title,warm,synthetic,hierarchical,2000,library_folder_enter,PASS,1,10,0,0,10,11.527000000000001,8.532399999999999,15.771999999999998,11.9103,2.878508064567091,8.356,17.32,10,15271.677734375,12899.949804688,18350.992675781203,15415.431640625098,2227.162145270915,12138.620117188,18875.915039062,10,1085.2646484375,-617.9208984374999,1390.3736328124999,94.8125,2593.982635031918,-7157.326171875,1445.78515625,10,181192.0,181052.8,181520.0,181259.2,215.198513006015,181024.0,181520.0,10,2.0,2.0,2.0,2.0,0.0,2.0,2.0,10,2.0,2.0,2.0,2.0,0.0,2.0,2.0,10,1.0,1.0,1.0,1.0,0.0,1.0,1.0,10,1.0,1.0,1.0,1.0,0.0,1.0,1.0,10,100.0,100.0,100.0,100.0,0.0,100.0,100.0,10,1.0983009708738,1.0983009708738,1.0983009708738,1.0983009708738,0.0,1.0983009708738,1.0983009708738,10,100.0,100.0,100.0,100.0,0.0,100.0,100.0,,,,,,,,,,,,,,,,,,,,,,,,,,,,,,,,
phase1,E_project_title,warm,synthetic,hierarchical,2000,library_sequential_paging,UNSUPPORTED,1,0,0,1,,,,,,,,,,,,,,,,,,,,,,,,,,,,,,,,,,,,,,,,,,,,,,,,,,,,,,,,,,,,,,,,,,,,,,,,,,,,,,,,,,,,,,,,,,,,,,,,,,,,,,,,,,,,,,,,,,,,,,,,
phase1,E_project_title,warm,synthetic,hierarchical,2000,open_book,PASS,1,10,0,0,10,34.462,32.670300000000005,36.2594,34.400099999999995,1.5567434278004826,32.124,37.406,10,13987.825195312,13261.3189453125,14242.310058593801,13826.5063476563,425.65518953416847,13246.294921875,14344.487304688,10,-1417.54150390625,-2800.10859375,-1342.97685546875,-1675.304296875,599.919404063334,-2817.3544921875,-1257.3037109375,10,206032.0,205883.2,206496.0,206136.0,336.8243854988333,205552.0,206496.0,10,9.0,9.0,9.0,9.0,0.0,9.0,9.0,10,9.0,9.0,9.0,9.0,0.0,9.0,9.0,10,9.0,9.0,9.0,9.0,0.0,9.0,9.0,10,0.0,0.0,0.0,0.0,0.0,0.0,0.0,10,100.0,100.0,100.0,100.0,0.0,100.0,100.0,10,9.0,9.0,9.0,9.0,0.0,9.0,9.0,10,100.0,100.0,100.0,100.0,0.0,100.0,100.0,,,,,,,,,,,,,,,,,,,,,,,,,,,,,,,,
phase1,E_project_title,warm,synthetic,hierarchical,2000,open_book_minimal,PASS,1,10,0,0,10,34.9345,33.3797,39.2331,35.591300000000004,2.520886045729866,32.324,39.801,10,13469.284667968499,12978.060253905798,13732.074121094201,13426.6466796875,324.32635115075544,12963.58203125,13924.03515625,10,-1554.42919921875,-2718.26611328125,-1373.3519531250001,-1769.83125,527.8134733708783,-2771.892578125,-1321.025390625,10,200872.0,199833.6,204096.0,201560.0,1729.1724417574244,199200.0,204096.0,10,0.0,0.0,0.0,0.0,0.0,0.0,0.0,10,0.0,0.0,0.0,0.0,0.0,0.0,0.0,10,0.0,0.0,0.0,0.0,0.0,0.0,0.0,10,0.0,0.0,0.0,0.0,0.0,0.0,0.0,10,0.0,0.0,0.0,0.0,0.0,0.0,0.0,10,0.0,0.0,0.0,0.0,0.0,0.0,0.0,10,0.0,0.0,0.0,0.0,0.0,0.0,0.0,,,,,,,,,,,,,,,,,,,,,,,,,,,,,,,,
phase1,E_project_title,warm,synthetic,hierarchical,2000,open_quick_settings,PASS,1,10,0,0,10,8.138,7.642200000000001,8.9216,8.1207,0.5262029709785631,7.221,8.963,10,18618.580566406003,17647.340625000397,19511.344921875,18591.7815429686,783.0570759176683,17405.833007812,19731.837890625,10,232.693359375,225.29775390625,242.53085937499998,233.76669921875,9.57957760235141,219.9443359375,254.005859375,10,208528.0,208528.0,208528.0,208528.0,0.0,208528.0,208528.0,10,2.0,2.0,2.0,2.0,0.0,2.0,2.0,10,2.0,2.0,2.0,2.0,0.0,2.0,2.0,10,2.0,2.0,2.0,2.0,0.0,2.0,2.0,10,0.0,0.0,0.0,0.0,0.0,0.0,0.0,10,100.0,100.0,100.0,100.0,0.0,100.0,100.0,10,2.0,2.0,2.0,2.0,0.0,2.0,2.0,10,100.0,100.0,100.0,100.0,0.0,100.0,100.0,,,,,,,,,,,,,,,,,,,,,,,,,,,,,,,,
phase1,E_project_title,warm,synthetic,hierarchical,2000,repeated_nav,UNSUPPORTED,1,0,0,2,,,,,,,,,,,,,,,,,,,,,,,,,,,,,,,,,,,,,,,,,,,,,,,,,,,,,,,,,,,,,,,,,,,,,,,,,,,,,,,,,,,,,,,,,,,,,,,,,,,,,,,,,,,,,,,,,,,,,,,,
phase1,E_project_title,warm,synthetic,hierarchical,2000,start_to_home,UNSUPPORTED,1,0,0,10,,,,,,,,,,,,,,,,,,,,,,,,,,,,,,,,,,,,,,,,,,,,,,,,,,,,,,,,,,,,,,,,,,,,,,,,,,,,,,,,,,,,,,,,,,,,,,,,,,,,,,,,,,,,,,,,,,,,,,,,
phase1,E_project_title,warm,synthetic,hierarchical,50,change_sort_mode,PASS,1,10,0,0,10,8.0425,7.1661,8.3707,7.831999999999999,0.488136592905442,7.059,8.44,10,16165.441894531501,15352.7985351562,16979.378222655803,16169.3754882812,688.0124045334536,15169.965820312,17189.45703125,10,220.625,200.88505859375002,242.74082031249998,221.6486328125,20.707487132784227,199.6396484375,262.2138671875,10,188080.0,188080.0,188080.0,188080.0,0.0,188080.0,188080.0,10,2.0,2.0,2.0,2.0,0.0,2.0,2.0,10,2.0,2.0,2.0,2.0,0.0,2.0,2.0,10,2.0,2.0,2.0,2.0,0.0,2.0,2.0,10,0.0,0.0,0.0,0.0,0.0,0.0,0.0,10,100.0,100.0,100.0,100.0,0.0,100.0,100.0,10,2.0,2.0,2.0,2.0,0.0,2.0,2.0,10,100.0,100.0,100.0,100.0,0.0,100.0,100.0,,,,,,,,,,,,,,,,,,,,,,,,,,,,,,,,
phase1,E_project_title,warm,synthetic,hierarchical,50,close_book,PASS,1,10,0,0,10,11.526,10.0561,14.8747,12.0898,2.2590042939312887,9.436,15.646,10,13884.458496094001,13348.2683593746,14483.429882812501,13897.986328124902,404.8930681850179,13336.788085938,14489.07421875,10,1166.73974609375,961.76171875,1263.260546875,1118.7755859375,138.07689363407962,870.6279296875,1272.7685546875,10,205952.0,205190.4,206150.40000000002,205758.4,631.1138654087003,204384.0,206640.0,10,4.0,4.0,4.0,4.0,0.0,4.0,4.0,10,4.0,4.0,4.0,4.0,0.0,4.0,4.0,10,3.0,3.0,3.0,3.0,0.0,3.0,3.0,10,1.0,1.0,1.0,1.0,0.0,1.0,1.0,10,100.0,100.0,100.0,100.0,0.0,100.0,100.0,10,3.0983009708738,3.0983009708738,3.0983009708738,3.0983009708738,0.0,3.0983009708738,3.0983009708738,10,100.0,100.0,100.0,100.0,0.0,100.0,100.0,,,,,,,,,,,,,,,,,,,,,,,,,,,,,,,,
phase1,E_project_title,warm,synthetic,hierarchical,50,close_quick_settings,PASS,1,10,0,0,10,8.277,7.9468000000000005,9.0039,8.414399999999999,0.4493140945436226,7.945,9.12,10,20325.543945313,19434.358984375,21309.9394531246,20361.322363281397,802.8930094379864,19200.373046875,21634.510742188,10,24.27734375,19.158203125,87.16552734375,37.4537109375,30.866382823048216,18.349609375,104.7919921875,10,209280.0,209280.0,209280.0,209280.0,0.0,209280.0,209280.0,10,3.0,3.0,3.0,3.0,0.0,3.0,3.0,10,3.0,3.0,3.0,3.0,0.0,3.0,3.0,10,3.0,3.0,3.0,3.0,0.0,3.0,3.0,10,0.0,0.0,0.0,0.0,0.0,0.0,0.0,10,100.0,100.0,100.0,100.0,0.0,100.0,100.0,10,3.0,3.0,3.0,3.0,0.0,3.0,3.0,10,100.0,100.0,100.0,100.0,0.0,100.0,100.0,,,,,,,,,,,,,,,,,,,,,,,,,,,,,,,,
phase1,E_project_title,warm,synthetic,hierarchical,50,home_to_library,PASS,1,10,0,0,10,8.020999999999999,7.0579,8.3382,7.7844,0.5425696473469763,7.048,8.448,10,14620.031738280999,13488.1452148442,15795.349511718701,14634.7546874999,972.7659253313578,13212.2890625,16041.407226562,10,303.3876953125,281.471484375,363.21884765625,312.51484375,32.39513121470648,270.1318359375,367.7900390625,10,173720.0,173376.0,174971.2,174004.8,720.2587189491164,173376.0,175216.0,10,1.0,1.0,1.0,1.0,0.0,1.0,1.0,10,1.0,1.0,1.0,1.0,0.0,1.0,1.0,10,1.0,1.0,1.0,1.0,0.0,1.0,1.0,10,0.0,0.0,0.0,0.0,0.0,0.0,0.0,10,100.0,100.0,100.0,100.0,0.0,100.0,100.0,10,1.0,1.0,1.0,1.0,0.0,1.0,1.0,10,100.0,100.0,100.0,100.0,0.0,100.0,100.0,,,,,,,,,,,,,,,,,,,,,,,,,,,,,,,,
phase1,E_project_title,warm,synthetic,hierarchical,50,library_cached_paging,UNSUPPORTED,1,0,0,1,,,,,,,,,,,,,,,,,,,,,,,,,,,,,,,,,,,,,,,,,,,,,,,,,,,,,,,,,,,,,,,,,,,,,,,,,,,,,,,,,,,,,,,,,,,,,,,,,,,,,,,,,,,,,,,,,,,,,,,,
phase1,E_project_title,warm,synthetic,hierarchical,50,library_first_render,PASS,1,10,0,0,10,8.012,7.4129000000000005,8.5535,7.9997,0.5103621916508577,7.331,8.954,10,18152.638183593997,17106.541601562498,19263.719238280803,18159.0288085937,910.4487955149222,16816.19140625,19539.0234375,10,290.57568359375,-42.55673828124992,336.30263671874997,-1.40888671875,957.7508897571784,-2725.796875,352.78125,10,177840.0,176648.0,179024.0,177824.0,964.3457194733985,176432.0,179168.0,10,1.0,1.0,1.0,1.0,0.0,1.0,1.0,10,1.0,1.0,1.0,1.0,0.0,1.0,1.0,10,1.0,1.0,1.0,1.0,0.0,1.0,1.0,10,0.0,0.0,0.0,0.0,0.0,0.0,0.0,10,100.0,100.0,100.0,100.0,0.0,100.0,100.0,10,1.0,1.0,1.0,1.0,0.0,1.0,1.0,10,100.0,100.0,100.0,100.0,0.0,100.0,100.0,,,,,,,,,,,,,,,,,,,,,,,,,,,,,,,,
phase1,E_project_title,warm,synthetic,hierarchical,50,library_folder_back,PASS,1,10,0,0,10,8.3955,7.684899999999999,9.5457,8.420300000000001,0.8615115979099371,7.468,10.254,10,13515.9375,11223.901562500001,19018.3977539062,14464.0008789061,3271.5344655689,10793.08984375,19461.254882812,10,374.5234375,-598.1805664062498,404.9083984375,-564.455859375,2983.2736713638424,-9054.646484375,430.1435546875,10,188080.0,188080.0,188080.0,188080.0,0.0,188080.0,188080.0,10,3.0,3.0,3.0,3.0,0.0,3.0,3.0,10,3.0,3.0,3.0,3.0,0.0,3.0,3.0,10,2.0,2.0,2.0,2.0,0.0,2.0,2.0,10,1.0,1.0,1.0,1.0,0.0,1.0,1.0,10,100.0,100.0,100.0,100.0,0.0,100.0,100.0,10,2.0983009708738,2.0983009708738,2.0983009708738,2.0983009708738,0.0,2.0983009708738,2.0983009708738,10,100.0,100.0,100.0,100.0,0.0,100.0,100.0,,,,,,,,,,,,,,,,,,,,,,,,,,,,,,,,
phase1,E_project_title,warm,synthetic,hierarchical,50,library_folder_enter,PASS,1,10,0,0,10,9.030999999999999,8.6008,9.2273,8.9621,0.31973720111644455,8.59,9.5,10,13434.216308594001,11087.952343750001,15653.0488281246,13398.591699218701,1977.4138833237457,10535.04296875,16351.577148438,10,251.5556640625,132.0744140625,383.61708984374997,254.96748046875,129.46425047092887,93.439453125,510.71484375,10,188080.0,187238.4,188080.0,187238.4,2661.372878797708,179664.0,188080.0,10,2.0,2.0,2.0,2.0,0.0,2.0,2.0,10,2.0,2.0,2.0,2.0,0.0,2.0,2.0,10,1.0,1.0,1.0,1.0,0.0,1.0,1.0,10,1.0,1.0,1.0,1.0,0.0,1.0,1.0,10,100.0,100.0,100.0,100.0,0.0,100.0,100.0,10,1.0983009708738,1.0983009708738,1.0983009708738,1.0983009708738,0.0,1.0983009708738,1.0983009708738,10,100.0,100.0,100.0,100.0,0.0,100.0,100.0,,,,,,,,,,,,,,,,,,,,,,,,,,,,,,,,
phase1,E_project_title,warm,synthetic,hierarchical,50,library_sequential_paging,UNSUPPORTED,1,0,0,1,,,,,,,,,,,,,,,,,,,,,,,,,,,,,,,,,,,,,,,,,,,,,,,,,,,,,,,,,,,,,,,,,,,,,,,,,,,,,,,,,,,,,,,,,,,,,,,,,,,,,,,,,,,,,,,,,,,,,,,,
phase1,E_project_title,warm,synthetic,hierarchical,50,open_book,PASS,1,10,0,0,10,31.661,30.448,35.0459,32.1617,2.0270795111303466,30.259,36.314,10,12609.773925781501,12135.536621093299,13121.6555664067,12612.8840820313,377.7658449209951,12104.146484375,13140.291015625,10,-986.44873046875,-2187.49482421875,-892.103515625,-1213.6421875,557.9990744771463,-2351.390625,-809.4072265625,10,199072.0,199072.0,199520.0,199251.2,231.34620521345636,199072.0,199520.0,10,9.0,9.0,9.0,9.0,0.0,9.0,9.0,10,9.0,9.0,9.0,9.0,0.0,9.0,9.0,10,9.0,9.0,9.0,9.0,0.0,9.0,9.0,10,0.0,0.0,0.0,0.0,0.0,0.0,0.0,10,100.0,100.0,100.0,100.0,0.0,100.0,100.0,10,9.0,9.0,9.0,9.0,0.0,9.0,9.0,10,100.0,100.0,100.0,100.0,0.0,100.0,100.0,,,,,,,,,,,,,,,,,,,,,,,,,,,,,,,,
phase1,E_project_title,warm,synthetic,hierarchical,50,open_book_minimal,PASS,1,10,0,0,10,31.96,29.8795,33.5977,31.8959,1.5030656413551025,29.587,33.883,10,12249.663574218499,11833.119042968701,12739.8234375,12294.4318359374,409.7594732074133,11676.461914062,13048.927734375,10,-905.5361328125,-1202.43349609375,-761.030078125,-1039.75859375,516.6970678763685,-2480.4150390625,-728.7548828125,10,198848.0,197905.6,198848.0,198494.4,890.1539442391099,196048.0,198848.0,10,0.0,0.0,0.0,0.0,0.0,0.0,0.0,10,0.0,0.0,0.0,0.0,0.0,0.0,0.0,10,0.0,0.0,0.0,0.0,0.0,0.0,0.0,10,0.0,0.0,0.0,0.0,0.0,0.0,0.0,10,0.0,0.0,0.0,0.0,0.0,0.0,0.0,10,0.0,0.0,0.0,0.0,0.0,0.0,0.0,10,0.0,0.0,0.0,0.0,0.0,0.0,0.0,,,,,,,,,,,,,,,,,,,,,,,,,,,,,,,,
phase1,E_project_title,warm,synthetic,hierarchical,50,open_quick_settings,PASS,1,10,0,0,10,8.2925,7.9380999999999995,8.5348,8.2866,0.32172320746601785,7.669,8.884,10,17168.268066406497,16253.8543945308,18096.937792968303,17169.514355468702,783.8078389628697,15956.765625,18340.458984375,10,231.47021484375,220.6736328125,280.88271484375,240.03486328125,23.318431496470705,218.2900390625,283.7470703125,10,209280.0,209280.0,209280.0,209280.0,0.0,209280.0,209280.0,10,2.0,2.0,2.0,2.0,0.0,2.0,2.0,10,2.0,2.0,2.0,2.0,0.0,2.0,2.0,10,2.0,2.0,2.0,2.0,0.0,2.0,2.0,10,0.0,0.0,0.0,0.0,0.0,0.0,0.0,10,100.0,100.0,100.0,100.0,0.0,100.0,100.0,10,2.0,2.0,2.0,2.0,0.0,2.0,2.0,10,100.0,100.0,100.0,100.0,0.0,100.0,100.0,,,,,,,,,,,,,,,,,,,,,,,,,,,,,,,,
phase1,E_project_title,warm,synthetic,hierarchical,50,repeated_nav,UNSUPPORTED,1,0,0,2,,,,,,,,,,,,,,,,,,,,,,,,,,,,,,,,,,,,,,,,,,,,,,,,,,,,,,,,,,,,,,,,,,,,,,,,,,,,,,,,,,,,,,,,,,,,,,,,,,,,,,,,,,,,,,,,,,,,,,,,
phase1,E_project_title,warm,synthetic,hierarchical,50,start_to_home,UNSUPPORTED,1,0,0,10,,,,,,,,,,,,,,,,,,,,,,,,,,,,,,,,,,,,,,,,,,,,,,,,,,,,,,,,,,,,,,,,,,,,,,,,,,,,,,,,,,,,,,,,,,,,,,,,,,,,,,,,,,,,,,,,,,,,,,,,
phase1,F_vos,paging,paging,flat,2000,library_cached_paging,PASS,3,90,0,0,90,19.198500000000003,16.1458,30.8942,20.957644444444444,5.53787760284298,14.34,34.976,90,14214.411132812,12231.783007813,15950.611523437501,14134.326595052145,1393.07371042631,12115.760742188,17557.528320312,90,794.82373046875,-3379.8029296874997,1086.83125,-26.07476128472222,1853.804252352012,-5236.880859375,1248.404296875,90,198320.0,195824.0,199504.0,197768.17777777778,1514.5643685452646,195824.0,199520.0,90,3.0,3.0,3.0,3.0,0.0,3.0,3.0,90,3.0,3.0,3.0,3.0,0.0,3.0,3.0,90,1.0,1.0,1.0,1.0,0.0,1.0,1.0,90,2.0,2.0,2.0,2.0,0.0,2.0,2.0,90,100.0,100.0,100.0,100.0,0.0,100.0,100.0,90,1.1917475728155,1.1917475728155,1.1917475728155,1.1917475728155,0.0,1.1917475728155,1.1917475728155,90,100.0,100.0,100.0,100.0,0.0,100.0,100.0,90,10.0,10.0,10.0,10.0,0.0,10.0,10.0,90,10.0,10.0,10.0,10.0,0.0,10.0,10.0,90,200.0,200.0,200.0,200.0,0.0,200.0,200.0,,,,,,,,
phase1,F_vos,paging,paging,flat,2000,library_sequential_paging,PASS,3,90,0,0,90,15.482,13.6294,25.364700000000003,16.752188888888888,4.097834017877909,12.112,29.172,90,13738.635253906501,12010.225976563,19192.359960937003,14850.850661892424,2706.5708041893104,11904.358398438,20942.760742188,90,569.333984375,-1730.4881835937501,606.8408203125,12.227625868055556,1827.816076449412,-8993.09375,638.8388671875,90,183544.0,181664.0,183888.0,182905.77777777778,967.181213953321,181328.0,183888.0,90,3.0,3.0,3.0,3.0,0.0,3.0,3.0,90,3.0,3.0,3.0,3.0,0.0,3.0,3.0,90,1.0,1.0,1.0,1.0,0.0,1.0,1.0,90,2.0,2.0,2.0,2.0,0.0,2.0,2.0,90,100.0,100.0,100.0,100.0,0.0,100.0,100.0,90,1.1917475728155,1.1917475728155,1.1917475728155,1.1917475728155,0.0,1.1917475728155,1.1917475728155,90,100.0,100.0,100.0,100.0,0.0,100.0,100.0,90,10.0,10.0,10.0,10.0,0.0,10.0,10.0,90,10.0,10.0,10.0,10.0,0.0,10.0,10.0,90,200.0,200.0,200.0,200.0,0.0,200.0,200.0,,,,,,,,
phase1,F_vos,paging,paging,flat,2000,paging_probe_step_2_to_3,PASS,3,3,0,0,3,25.706,24.341200000000004,26.102,25.302333333333333,1.1546905790441584,24.0,26.201,3,12033.717773438,12026.402148438001,12051.442773438,12038.055013021332,16.0948271850776,12024.573242188,12055.874023438,3,-1713.54296875,-2144.11875,-1615.41796875,-1852.0641276041667,351.53996598834317,-2251.7626953125,-1590.88671875,3,186624.0,185676.8,192320.0,188602.66666666666,4491.708509390756,185440.0,193744.0,3,3.0,3.0000000000000004,3.0,3.0,0.0,3.0,3.0,3,3.0,3.0000000000000004,3.0,3.0,0.0,3.0,3.0,3,1.0,1.0,1.0,1.0,0.0,1.0,1.0,3,2.0,2.0,2.0,2.0,0.0,2.0,2.0,3,100.0,100.0,100.0,100.0,0.0,100.0,100.0,3,1.1917475728155,1.1917475728155,1.1917475728155,1.1917475728155,0.0,1.1917475728155,1.1917475728155,3,100.0,100.0,100.0,100.0,0.0,100.0,100.0,3,10.0,10.0,10.0,10.0,0.0,10.0,10.0,3,10.0,10.0,10.0,10.0,0.0,10.0,10.0,3,200.0,200.0,200.0,200.0,0.0,200.0,200.0,,,,,,,,
phase1,F_vos,paging,paging,hierarchical,2000,library_cached_paging,PASS,3,90,0,0,90,19.183999999999997,16.0794,27.519300000000005,20.374666666666666,4.297052232361209,13.798,32.252,90,11770.692382812,9933.9169921875,14020.821777344201,11896.70731336806,1520.8969535646597,9733.3115234375,15525.586914062,90,868.3525390625,-3561.97568359375,1155.9515625,41.439029947916666,1911.5244759725908,-5704.576171875,1256.234375,90,195280.0,194272.0,196640.0,195324.97777777776,883.2769041406351,194256.0,196704.0,90,3.0,3.0,3.0,3.0,0.0,3.0,3.0,90,3.0,3.0,3.0,3.0,0.0,3.0,3.0,90,1.0,1.0,1.0,1.0,0.0,1.0,1.0,90,2.0,2.0,2.0,2.0,0.0,2.0,2.0,90,100.0,100.0,100.0,100.0,0.0,100.0,100.0,90,1.1953883495146,1.1953883495146,1.1953883495146,1.1953883495146,0.0,1.1953883495146,1.1953883495146,90,100.0,100.0,100.0,100.0,0.0,100.0,100.0,90,10.0,10.0,10.0,10.0,0.0,10.0,10.0,90,10.0,10.0,10.0,10.0,0.0,10.0,10.0,90,17.0,17.0,17.0,17.0,0.0,17.0,17.0,,,,,,,,
phase1,F_vos,paging,paging,hierarchical,2000,library_sequential_paging,PASS,3,48,0,0,48,14.8565,13.5078,16.930400000000002,15.6549375,3.5636425687367645,10.597,29.131,48,14367.839355468499,10263.0632812498,18094.413085937,14257.77866617826,2830.228274813678,9617.2763671875,18710.795898438,48,562.54248046875,333.1322265625,597.1232421875001,-44.32275390625,2345.3513677979026,-9044.75390625,650.1259765625,48,178992.0,175568.0,181537.6,178619.0,2077.408942623868,175456.0,182896.0,48,3.0,3.0,3.0,3.0,0.0,3.0,3.0,48,3.0,3.0,3.0,3.0,0.0,3.0,3.0,48,1.0,1.0,1.0,1.0,0.0,1.0,1.0,48,2.0,2.0,2.0,2.0,0.0,2.0,2.0,48,100.0,100.0,100.0,100.0,0.0,100.0,100.0,48,1.1953883495146,1.1953883495146,1.1953883495146,1.1953883495146,0.0,1.1953883495146,1.1953883495146,48,100.0,100.0,100.0,100.0,0.0,100.0,100.0,48,10.0,10.0,10.0,10.0,0.0,10.0,10.0,48,10.0,10.0,10.0,9.6875,1.223115136975204,5.0,10.0,48,17.0,17.0,17.0,17.0,0.0,17.0,17.0,,,,,,,,
phase1,F_vos,paging,paging,hierarchical,2000,paging_probe_step_2_to_3,PASS,3,3,0,0,3,21.323,15.273400000000002,22.377399999999998,19.241666666666664,4.791926682800284,13.761,22.641,3,9724.5419921875,9667.5482421875,10136.5591796871,9872.468424478999,319.90302478690563,9653.2998046875,10239.563476562,3,-2006.232421875,-2013.422265625,54.083203125000125,-1150.7633463541667,1489.5059156848868,-2015.2197265625,569.162109375,3,191728.0,191164.80000000002,193225.59999999998,192117.33333333334,1331.401266836311,191024.0,193600.0,3,3.0,3.0000000000000004,3.0,3.0,0.0,3.0,3.0,3,3.0,3.0000000000000004,3.0,3.0,0.0,3.0,3.0,3,1.0,1.0,1.0,1.0,0.0,1.0,1.0,3,2.0,2.0,2.0,2.0,0.0,2.0,2.0,3,100.0,100.0,100.0,100.0,0.0,100.0,100.0,3,1.1953883495146,1.1953883495146,1.1953883495146,1.1953883495146,0.0,1.1953883495146,1.1953883495146,3,100.0,100.0,100.0,100.0,0.0,100.0,100.0,3,10.0,10.0,10.0,10.0,0.0,10.0,10.0,3,10.0,10.0,10.0,10.0,0.0,10.0,10.0,3,17.0,17.0,17.0,17.0,0.0,17.0,17.0,,,,,,,,
phase1,F_vos,steady_state_cold,startup,hierarchical,2000,home_to_library,PASS,3,3,0,0,3,18.359,17.8134,19.4198,18.573666666666668,1.0210667624270864,17.677,19.685,3,9345.177734375,9325.687890625,9349.576953125,9338.889973958334,15.892661125194834,9320.8154296875,9350.6767578125,3,479.9443359375,469.7591796875,484.2763671875,477.5055338541667,9.315822051450052,467.212890625,485.359375,3,170320.0,168476.80000000002,176694.4,172208.0,5389.981818151152,168016.0,178288.0,3,3.0,3.0000000000000004,3.0,3.0,0.0,3.0,3.0,3,3.0,3.0000000000000004,3.0,3.0,0.0,3.0,3.0,3,2.0,2.0,2.0,2.0,0.0,2.0,2.0,3,1.0,1.0,1.0,1.0,0.0,1.0,1.0,3,100.0,100.0,100.0,100.0,0.0,100.0,100.0,3,2.0976941747573,2.0976941747573,2.0976941747573,2.0976941747573,0.0,2.0976941747573,2.0976941747573,3,100.0,100.0,100.0,100.0,0.0,100.0,100.0,,,,,,,,,,,,,,,,,,,,,,,,,,,,,,,,
phase1,F_vos,steady_state_cold,startup,hierarchical,2000,library_first_render,PASS,3,3,0,0,3,18.111,16.6958,18.755000000000003,17.789666666666665,1.3167423185017393,16.342,18.916,3,9834.3642578125,9756.584570312501,9846.736132812499,9807.111002604166,61.08832254196218,9737.1396484375,9849.8291015625,3,489.6953125,404.42734375,501.696875,459.1676432291667,66.29327538402727,383.1103515625,504.697265625,3,170496.0,168576.00000000003,176806.4,172325.33333333334,5382.432659433217,168096.0,178384.0,3,3.0,3.0000000000000004,3.0,3.0,0.0,3.0,3.0,3,3.0,3.0000000000000004,3.0,3.0,0.0,3.0,3.0,3,2.0,2.0,2.0,2.0,0.0,2.0,2.0,3,1.0,1.0,1.0,1.0,0.0,1.0,1.0,3,100.0,100.0,100.0,100.0,0.0,100.0,100.0,3,2.0976941747573,2.0976941747573,2.0976941747573,2.0976941747573,0.0,2.0976941747573,2.0976941747573,3,100.0,100.0,100.0,100.0,0.0,100.0,100.0,,,,,,,,,,,,,,,,,,,,,,,,,,,,,,,,
phase1,F_vos,warm,synthetic,flat,2000,change_sort_mode,PASS,1,10,0,0,10,103.287,96.25489999999999,145.6662,114.62750000000001,23.760377509393425,82.808,149.223,10,26734.5595703125,16096.024414062998,37028.3851562504,24640.5109375002,8337.562054426171,16052.764648438,37445.438476562,10,10417.474609375,-20963.117773437498,10783.1050781254,20.023144531300023,14115.288437085643,-21200.814453125,10827.372070312,10,267488.0,267488.0,267488.0,267488.0,0.0,267488.0,267488.0,10,6.0,6.0,6.0,6.0,0.0,6.0,6.0,10,6.0,6.0,6.0,6.0,0.0,6.0,6.0,10,2.0,2.0,2.0,2.0,0.0,2.0,2.0,10,4.0,4.0,4.0,4.0,0.0,4.0,4.0,10,100.0,100.0,100.0,100.0,0.0,100.0,100.0,10,2.3907766990291,2.3907766990291,2.3907766990291,2.3907766990291,0.0,2.3907766990291,2.3907766990291,10,100.0,100.0,100.0,100.0,0.0,100.0,100.0,,,,,,,,,,,,,,,,,,,,,,,,,,,,,,,,
phase1,F_vos,warm,synthetic,flat,2000,close_book,PASS,1,10,0,0,10,60.843,59.3796,85.676,66.701,11.208052878771287,56.523,88.655,10,26525.617675781003,20052.4795898442,27046.0017578125,25267.9158203125,2954.65163711429,19268.390625,27075.689453125,10,6631.29150390625,-837.0582031249999,6859.726171875,5079.37255859375,3413.074228255373,-2027.83203125,6868.494140625,10,276896.0,276886.39999999997,276896.0,276886.4,30.35786553761644,276800.0,276896.0,10,8.0,8.0,8.0,8.0,0.0,8.0,8.0,10,8.0,8.0,8.0,8.0,0.0,8.0,8.0,10,4.0,4.0,4.0,4.0,0.0,4.0,4.0,10,4.0,4.0,4.0,4.0,0.0,4.0,4.0,10,100.0,100.0,100.0,100.0,0.0,100.0,100.0,10,4.3834951456311,4.3834951456311,4.3834951456311,4.3834951456311,0.0,4.3834951456311,4.3834951456311,10,100.0,100.0,100.0,100.0,0.0,100.0,100.0,,,,,,,,,,,,,,,,,,,,,,,,,,,,,,,,
phase1,F_vos,warm,synthetic,flat,2000,close_quick_settings,PASS,1,10,0,0,10,8.431000000000001,7.9497,8.9741,8.393600000000001,0.4219932068963513,7.794,9.065,10,27294.3994140625,25987.2313476563,28966.873339843303,27400.7728515625,1240.7321207035147,25666.561523438,29358.806640625,10,61.21240234375,43.4205078125,116.26972656249998,74.47314453125,35.51901380441086,40.015625,148.8349609375,10,276896.0,276896.0,276896.0,276896.0,0.0,276896.0,276896.0,10,3.0,3.0,3.0,3.0,0.0,3.0,3.0,10,3.0,3.0,3.0,3.0,0.0,3.0,3.0,10,3.0,3.0,3.0,3.0,0.0,3.0,3.0,10,0.0,0.0,0.0,0.0,0.0,0.0,0.0,10,100.0,100.0,100.0,100.0,0.0,100.0,100.0,10,3.0,3.0,3.0,3.0,0.0,3.0,3.0,10,100.0,100.0,100.0,100.0,0.0,100.0,100.0,,,,,,,,,,,,,,,,,,,,,,,,,,,,,,,,
phase1,F_vos,warm,synthetic,flat,2000,home_to_library,PASS,1,10,0,0,10,71.3455,61.5535,163.9717,88.9279,40.19830156846044,58.957,164.149,10,55318.416503906,45764.438671875,64210.0046874996,55445.4993164063,7779.427065277486,44167.16015625,69700.635742188,10,6053.0400390625,-14985.542773438001,6920.94208984375,1237.93076171865,10865.642781648248,-23771.799804688,7251.8916015625,10,246568.0,234972.80000000002,262547.2,248504.0,11675.455432468387,228320.0,262576.0,10,8.0,6.6,11.399999999999999,8.5,3.2058973436118907,3.0,15.0,10,8.0,6.6,11.399999999999999,8.5,3.2058973436118907,3.0,15.0,10,7.0,5.6000000000000005,10.399999999999999,7.5,3.2058973436118907,2.0,14.0,10,1.0,1.0,1.0,1.0,0.0,1.0,1.0,10,100.0,100.0,100.0,100.0,0.0,100.0,100.0,10,7.0976941747573,5.6976941747573004,10.497694174757,7.59769417475721,3.2058973436117717,2.0976941747573,14.097694174757,10,100.0,100.0,100.0,100.0,0.0,100.0,100.0,,,,,,,,,,,,,,,,,,,,,,,,,,,,,,,,
phase1,F_vos,warm,synthetic,flat,2000,library_cached_paging,PASS,1,30,0,0,30,24.2805,14.5746,55.0263,27.1801,15.318560399521656,12.787,61.663,30,21537.797851562,19904.708789062995,23226.733886718797,21543.389257812665,1279.200962469213,19721.795898438,24009.096679688,30,675.77587890625,-3029.9015624999997,1046.26298828125,8.290169270833333,1680.6772218160652,-4260.07421875,1105.962890625,30,267488.0,267488.0,267488.0,267488.0,0.0,267488.0,267488.0,30,3.0,3.0,3.0,3.0,0.0,3.0,3.0,30,3.0,3.0,3.0,3.0,0.0,3.0,3.0,30,1.0,1.0,1.0,1.0,0.0,1.0,1.0,30,2.0,2.0,2.0,2.0,0.0,2.0,2.0,30,100.0,100.0,100.0,100.0,0.0,100.0,100.0,30,1.1953883495146,1.1953883495146,1.1953883495146,1.1953883495146,0.0,1.1953883495146,1.1953883495146,30,100.0,100.0,100.0,100.0,0.0,100.0,100.0,30,10.0,10.0,10.0,10.0,0.0,10.0,10.0,30,10.0,10.0,10.0,10.0,0.0,10.0,10.0,30,200.0,200.0,200.0,200.0,0.0,200.0,200.0,,,,,,,,
phase1,F_vos,warm,synthetic,flat,2000,library_first_render,PASS,1,10,0,0,10,61.62,59.5585,119.4447,74.6164,29.355317319581697,58.654,141.384,10,40464.1259765625,27438.4117187496,54161.40673828119,40482.1518554687,11480.707706987678,21555.932617188,59206.122070312,10,5705.8623046875,-36843.480859375,6535.1185546875,-2652.53671875,18214.767049631126,-37654.486328125,6580.53515625,10,267472.0,267360.0,267488.0,267401.6,218.1065998288197,266784.0,267488.0,10,3.0,3.0,7.399999999999999,4.6,2.6331223544175333,3.0,11.0,10,3.0,3.0,7.399999999999999,4.6,2.6331223544175333,3.0,11.0,10,2.0,2.0,6.399999999999999,3.6,2.6331223544175333,2.0,10.0,10,1.0,1.0,1.0,1.0,0.0,1.0,1.0,10,100.0,100.0,100.0,100.0,0.0,100.0,100.0,10,2.0976941747573,2.0976941747573,6.497694174757268,3.6976941747572702,2.6331223544174525,2.0976941747573,10.097694174757,10,100.0,100.0,100.0,100.0,0.0,100.0,100.0,,,,,,,,,,,,,,,,,,,,,,,,,,,,,,,,
phase1,F_vos,warm,synthetic,flat,2000,library_folder_back,PASS,1,10,0,0,10,103.804,97.69569999999999,133.86860000000001,113.26579999999998,16.10145839357417,96.748,133.919,10,26275.352050781003,16186.2411132813,28049.1248046875,22931.9628906249,5826.415394175494,16142.620117188,28120.15625,10,11608.498046875,-11833.389941406702,11729.171386718299,2587.8945312499,11742.793100145018,-12002.810546875,11765.333984375,10,267488.0,267488.0,267488.0,267488.0,0.0,267488.0,267488.0,10,9.0,9.0,9.0,9.0,0.0,9.0,9.0,10,9.0,9.0,9.0,9.0,0.0,9.0,9.0,10,3.0,3.0,3.0,3.0,0.0,3.0,3.0,10,6.0,6.0,6.0,6.0,0.0,6.0,6.0,10,100.0,100.0,100.0,100.0,0.0,100.0,100.0,10,3.5861650485437,3.5861650485437,3.5861650485437,3.5861650485436996,0.0,3.5861650485437,3.5861650485437,10,100.0,100.0,100.0,100.0,0.0,100.0,100.0,,,,,,,,,,,,,,,,,,,,,,,,,,,,,,,,
phase1,F_vos,warm,synthetic,flat,2000,library_folder_enter,PASS,1,10,0,0,10,8.6145,7.806600000000001,9.2538,8.3735,1.1490416538238386,5.301,9.27,10,18610.459960937,18496.5146484375,30338.9041992183,23257.6607421873,6078.479843891665,18481.318359375,30341.302734375,10,107.0322265625,99.9109375,124.32568359374999,110.707421875,14.327006897032058,87.7978515625,141.6533203125,10,267488.0,267488.0,267488.0,267488.0,0.0,267488.0,267488.0,10,6.0,6.0,6.0,6.0,0.0,6.0,6.0,10,6.0,6.0,6.0,6.0,0.0,6.0,6.0,10,1.0,1.0,1.0,1.0,0.0,1.0,1.0,10,5.0,5.0,5.0,5.0,0.0,5.0,5.0,10,100.0,100.0,100.0,100.0,0.0,100.0,100.0,10,1.4884708737864,1.4884708737864,1.4884708737864,1.4884708737864,0.0,1.4884708737864,1.4884708737864,10,100.0,100.0,100.0,100.0,0.0,100.0,100.0,,,,,,,,,,,,,,,,,,,,,,,,,,,,,,,,
phase1,F_vos,warm,synthetic,flat,2000,library_sequential_paging,PASS,1,30,0,0,30,23.3395,20.7801,56.8461,29.238166666666665,14.385703780042409,18.66,59.218,30,20886.737792968503,19710.679882812998,23122.012890624603,21222.559179687665,1383.0498366932077,19605.038085938,24778.688476562,30,576.4375,-2326.83603515625,619.0373046875001,-8.172591145833334,1356.6403304381465,-5113.912109375,637.9794921875,30,267488.0,267488.0,267488.0,267488.0,0.0,267488.0,267488.0,30,3.0,3.0,3.0,3.0,0.0,3.0,3.0,30,3.0,3.0,3.0,3.0,0.0,3.0,3.0,30,1.0,1.0,1.0,1.0,0.0,1.0,1.0,30,2.0,2.0,2.0,2.0,0.0,2.0,2.0,30,100.0,100.0,100.0,100.0,0.0,100.0,100.0,30,1.1953883495146,1.1953883495146,1.1953883495146,1.1953883495146,0.0,1.1953883495146,1.1953883495146,30,100.0,100.0,100.0,100.0,0.0,100.0,100.0,30,10.0,10.0,10.0,10.0,0.0,10.0,10.0,30,10.0,10.0,10.0,10.0,0.0,10.0,10.0,30,200.0,200.0,200.0,200.0,0.0,200.0,200.0,,,,,,,,
phase1,F_vos,warm,synthetic,flat,2000,open_book,PASS,1,10,0,0,10,83.8545,60.149,90.17540000000001,80.0808,11.556103224414937,59.087,92.663,10,18485.142578125,18069.2859375,21524.8903320312,19048.450878906202,1376.1067729749802,18057.638671875,21719.196289062,10,-6231.1357421875,-7439.4005859375,-1921.7381835937501,-5026.03046875,2222.2041744421836,-7525.5791015625,-1707.732421875,10,276720.0,276720.0,276800.0,276744.0,38.64367132317184,276720.0,276800.0,10,9.0,9.0,9.0,9.0,0.0,9.0,9.0,10,9.0,9.0,9.0,9.0,0.0,9.0,9.0,10,9.0,9.0,9.0,9.0,0.0,9.0,9.0,10,0.0,0.0,0.0,0.0,0.0,0.0,0.0,10,100.0,100.0,100.0,100.0,0.0,100.0,100.0,10,9.0,9.0,9.0,9.0,0.0,9.0,9.0,10,100.0,100.0,100.0,100.0,0.0,100.0,100.0,,,,,,,,,,,,,,,,,,,,,,,,,,,,,,,,
phase1,F_vos,warm,synthetic,flat,2000,open_book_minimal,PASS,1,10,0,0,10,84.46000000000001,80.726,90.3789,85.2144,4.029376356487717,79.97,92.709,10,17349.99609375,17334.24765625,18185.82421875,17544.473046875,418.39993177177956,17325.982421875,18493.951171875,10,-6908.146484375,-6970.9056640625,-6238.8244140625,-6768.32431640625,311.271434484872,-6974.1083984375,-6122.1865234375,10,275648.0,275624.0,275990.4,275747.2,276.1822264777772,275552.0,276480.0,10,0.0,0.0,0.0,0.0,0.0,0.0,0.0,10,0.0,0.0,0.0,0.0,0.0,0.0,0.0,10,0.0,0.0,0.0,0.0,0.0,0.0,0.0,10,0.0,0.0,0.0,0.0,0.0,0.0,0.0,10,0.0,0.0,0.0,0.0,0.0,0.0,0.0,10,0.0,0.0,0.0,0.0,0.0,0.0,0.0,10,0.0,0.0,0.0,0.0,0.0,0.0,0.0,,,,,,,,,,,,,,,,,,,,,,,,,,,,,,,,
phase1,F_vos,warm,synthetic,flat,2000,open_quick_settings,PASS,1,10,0,0,10,8.672,7.3135,9.0066,8.3011,1.0142298063062436,5.725,9.075,10,22969.453613281497,21639.5458007812,24220.2958984375,22945.69453125,1085.6428731119893,21271.801757812,24535.498046875,10,327.60693359375,314.37861328125,338.11845703125,328.245703125,16.353549106219955,313.787109375,367.740234375,10,276896.0,276896.0,276896.0,276896.0,0.0,276896.0,276896.0,10,3.0,3.0,3.0,3.0,0.0,3.0,3.0,10,3.0,3.0,3.0,3.0,0.0,3.0,3.0,10,3.0,3.0,3.0,3.0,0.0,3.0,3.0,10,0.0,0.0,0.0,0.0,0.0,0.0,0.0,10,100.0,100.0,100.0,100.0,0.0,100.0,100.0,10,3.0,3.0,3.0,3.0,0.0,3.0,3.0,10,100.0,100.0,100.0,100.0,0.0,100.0,100.0,,,,,,,,,,,,,,,,,,,,,,,,,,,,,,,,
phase1,F_vos,warm,synthetic,flat,2000,repeated_nav,PASS,1,2,0,0,2,190.4525,186.1113,194.7937,190.4525,7.674229896217586,185.026,195.879,2,20334.998535156003,19207.168457031203,21462.8286132808,20334.998535156003,1993.7407406705006,18925.2109375,21744.786132812,2,-7561.59521484375,-15445.09248046875,321.90205078125064,-7561.59521484375,13936.185939972607,-17415.966796875,2292.7763671875,2,276896.0,276896.0,276896.0,276896.0,0.0,276896.0,276896.0,2,30.0,30.0,30.0,30.0,0.0,30.0,30.0,2,30.0,30.0,30.0,30.0,0.0,30.0,30.0,2,10.0,10.0,10.0,10.0,0.0,10.0,10.0,2,20.0,20.0,20.0,20.0,0.0,20.0,20.0,2,100.0,100.0,100.0,100.0,0.0,100.0,100.0,2,11.917475728155,11.917475728155,11.917475728155,11.917475728155,0.0,11.917475728155,11.917475728155,2,100.0,100.0,100.0,100.0,0.0,100.0,100.0,,,,,,,,,,,,,,,,,,,,,,,,,,,,,,,,
phase1,F_vos,warm,synthetic,flat,2000,start_to_home,UNSUPPORTED,1,0,0,10,,,,,,,,,,,,,,,,,,,,,,,,,,,,,,,,,,,,,,,,,,,,,,,,,,,,,,,,,,,,,,,,,,,,,,,,,,,,,,,,,,,,,,,,,,,,,,,,,,,,,,,,,,,,,,,,,,,,,,,,
phase1,F_vos,warm,synthetic,flat,50,change_sort_mode,PASS,1,10,0,0,10,53.039,28.915399999999998,106.64789999999994,70.7658,69.75585896507586,27.137,261.438,10,15340.295410156501,14622.030273438,16983.750585937498,15709.4160156253,1254.195181551348,14611.764648438,18171.03515625,10,586.828125,-2314.0306640625,2181.5197265625,-13.9201171875,1974.8778808892098,-3507.7998046875,2221.5732421875,10,246368.0,246368.0,246368.0,246368.0,0.0,246368.0,246368.0,10,6.0,6.0,6.0,6.0,0.0,6.0,6.0,10,6.0,6.0,6.0,6.0,0.0,6.0,6.0,10,2.0,2.0,2.0,2.0,0.0,2.0,2.0,10,4.0,4.0,4.0,4.0,0.0,4.0,4.0,10,100.0,100.0,100.0,100.0,0.0,100.0,100.0,10,2.3907766990291,2.3907766990291,2.3907766990291,2.3907766990291,0.0,2.3907766990291,2.3907766990291,10,100.0,100.0,100.0,100.0,0.0,100.0,100.0,,,,,,,,,,,,,,,,,,,,,,,,,,,,,,,,
phase1,F_vos,warm,synthetic,flat,50,close_book,PASS,1,10,0,0,10,31.700499999999998,26.8096,37.01390000000001,31.875,4.0908093738688605,26.59,37.454,10,19987.567871093503,19241.49453125,20420.3701171875,19896.4168945312,509.3013829505859,19216.80078125,20573.02734375,10,2071.1650390625,1765.20244140625,2415.59169921875,2113.22373046875,286.1741724659021,1755.44921875,2619.048828125,10,246368.0,246368.0,246368.0,246368.0,0.0,246368.0,246368.0,10,8.0,8.0,8.0,8.0,0.0,8.0,8.0,10,8.0,8.0,8.0,8.0,0.0,8.0,8.0,10,4.0,4.0,4.0,4.0,0.0,4.0,4.0,10,4.0,4.0,4.0,4.0,0.0,4.0,4.0,10,100.0,100.0,100.0,100.0,0.0,100.0,100.0,10,4.3834951456311,4.3834951456311,4.3834951456311,4.3834951456311,0.0,4.3834951456311,4.3834951456311,10,100.0,100.0,100.0,100.0,0.0,100.0,100.0,,,,,,,,,,,,,,,,,,,,,,,,,,,,,,,,
phase1,F_vos,warm,synthetic,flat,50,close_quick_settings,PASS,1,10,0,0,10,8.0235,7.6505,9.0259,8.2059,0.577304550860674,7.646,9.223,10,22786.537109375,21510.2117187504,24026.1780273442,22775.7432617187,1050.7636874613443,21186.122070312,24319.12890625,10,40.958984375,31.9826171875,62.90693359375,44.57685546875,12.784873998292337,31.5361328125,65.2861328125,10,246368.0,246368.0,246368.0,246368.0,0.0,246368.0,246368.0,10,3.0,3.0,3.0,3.0,0.0,3.0,3.0,10,3.0,3.0,3.0,3.0,0.0,3.0,3.0,10,3.0,3.0,3.0,3.0,0.0,3.0,3.0,10,0.0,0.0,0.0,0.0,0.0,0.0,0.0,10,100.0,100.0,100.0,100.0,0.0,100.0,100.0,10,3.0,3.0,3.0,3.0,0.0,3.0,3.0,10,100.0,100.0,100.0,100.0,0.0,100.0,100.0,,,,,,,,,,,,,,,,,,,,,,,,,,,,,,,,
phase1,F_vos,warm,synthetic,flat,50,home_to_library,PASS,1,10,0,0,10,30.546,28.4559,42.575399999999995,33.779,6.803013270276309,27.807,49.275,10,22360.71875,18798.643066406697,25994.099609375397,22373.7241210938,3214.1404610058994,17105.548828125,27772.364257812,10,1761.49365234375,-2553.95087890625,1885.8233398437499,821.40732421875,2118.5239869451284,-3876.4736328125,1970.990234375,10,205704.0,200734.4,209572.80000000002,205392.0,4089.912142495647,200000.0,212208.0,10,3.0,3.0,3.0,3.0,0.0,3.0,3.0,10,3.0,3.0,3.0,3.0,0.0,3.0,3.0,10,2.0,2.0,2.0,2.0,0.0,2.0,2.0,10,1.0,1.0,1.0,1.0,0.0,1.0,1.0,10,100.0,100.0,100.0,100.0,0.0,100.0,100.0,10,2.0976941747573,2.0976941747573,2.0976941747573,2.0976941747573,0.0,2.0976941747573,2.0976941747573,10,100.0,100.0,100.0,100.0,0.0,100.0,100.0,,,,,,,,,,,,,,,,,,,,,,,,,,,,,,,,
phase1,F_vos,warm,synthetic,flat,50,library_cached_paging,PASS,1,30,0,0,30,23.727,16.8937,42.467800000000004,27.89153333333333,13.805578916618764,14.896,78.895,30,23842.492675781497,19116.9122070313,34921.929394531704,25127.252864583435,5862.98354668947,18003.764648438,38718.741210938,30,957.8037109375,-6745.0591796875,1718.844140625,-386.20517578125,4115.973506289559,-14624.172851562,1905.240234375,30,245528.0,245452.8,245568.0,245501.33333333334,77.02992402568172,245280.0,245568.0,30,3.0,3.0,5.200000000000003,3.933333333333333,1.6174337556830538,3.0,10.0,30,3.0,3.0,5.200000000000003,3.933333333333333,1.6174337556830538,3.0,10.0,30,1.0,1.0,3.200000000000003,1.9333333333333333,1.6174337556830538,1.0,8.0,30,2.0,2.0,2.0,2.0,0.0,2.0,2.0,30,100.0,100.0,100.0,100.0,0.0,100.0,100.0,30,1.1953883495146,1.1953883495146,3.3953883495146027,2.1287216828479334,1.6174337556830538,1.1953883495146,8.1953883495146,30,100.0,100.0,100.0,100.0,0.0,100.0,100.0,30,10.0,10.0,10.0,10.0,0.0,10.0,10.0,30,10.0,10.0,10.0,10.0,0.0,10.0,10.0,30,5.0,5.0,5.0,5.0,0.0,5.0,5.0,,,,,,,,
phase1,F_vos,warm,synthetic,flat,50,library_first_render,PASS,1,10,0,0,10,46.677,31.9425,65.9331,49.5378,17.14393083928602,31.758,90.9,10,33688.564453125,27386.0440429692,41689.3016601562,34195.6303710938,6113.0230451111265,26330.1796875,44404.356445312,10,3112.6279296875,-3290.58603515625,4357.0798828125,1860.27490234375,3254.424431000226,-4922.337890625,4413.2578125,10,228992.0,217529.59999999998,240644.80000000002,229268.8,10084.985151754618,216752.0,244576.0,10,13.0,3.0,19.799999999999997,12.6,8.208396784864739,3.0,27.0,10,13.0,3.0,19.799999999999997,12.6,8.208396784864739,3.0,27.0,10,12.0,2.0,18.799999999999997,11.6,8.208396784864739,2.0,26.0,10,1.0,1.0,1.0,1.0,0.0,1.0,1.0,10,100.0,100.0,100.0,100.0,0.0,100.0,100.0,10,12.097694174757,2.0976941747573,18.897694174756996,11.697694174757121,8.208396784864606,2.0976941747573,26.097694174757,10,100.0,100.0,100.0,100.0,0.0,100.0,100.0,,,,,,,,,,,,,,,,,,,,,,,,,,,,,,,,
phase1,F_vos,warm,synthetic,flat,50,library_folder_back,PASS,1,10,0,0,10,39.108000000000004,36.685500000000005,48.2976,41.1705,5.298781416514556,34.08,50.31,10,17957.5029296875,14958.570410155799,19067.4502929687,17632.833203125,2112.4447019800277,14932.1953125,21436.973632812,10,3629.4833984375,-3184.1328125,3717.7906249999996,1552.2978515625,3417.0683419392003,-3976.888671875,3743.8994140625,10,246360.0,246352.0,246368.0,246360.0,8.432740427115679,246352.0,246368.0,10,9.0,9.0,9.0,9.0,0.0,9.0,9.0,10,9.0,9.0,9.0,9.0,0.0,9.0,9.0,10,3.0,3.0,3.0,3.0,0.0,3.0,3.0,10,6.0,6.0,6.0,6.0,0.0,6.0,6.0,10,100.0,100.0,100.0,100.0,0.0,100.0,100.0,10,3.5861650485437,3.5861650485437,3.5861650485437,3.5861650485436996,0.0,3.5861650485437,3.5861650485437,10,100.0,100.0,100.0,100.0,0.0,100.0,100.0,,,,,,,,,,,,,,,,,,,,,,,,,,,,,,,,
phase1,F_vos,warm,synthetic,flat,50,library_folder_enter,PASS,1,10,0,0,10,8.2515,4.4367,21.4877,10.2297,6.6709205603291535,4.092,23.681,10,16483.215332031003,15511.780664063,20090.081542968703,17605.8598632813,2006.7755820699424,15465.166992188,20153.973632812,10,107.685546875,-4540.43759765625,126.00957031249999,-821.61982421875,1974.1094207991684,-4600.16015625,148.9033203125,10,246352.0,246352.0,246352.0,246352.0,0.0,246352.0,246352.0,10,6.0,6.0,6.0,6.0,0.0,6.0,6.0,10,6.0,6.0,6.0,6.0,0.0,6.0,6.0,10,1.0,1.0,1.0,1.0,0.0,1.0,1.0,10,5.0,5.0,5.0,5.0,0.0,5.0,5.0,10,100.0,100.0,100.0,100.0,0.0,100.0,100.0,10,1.4884708737864,1.4884708737864,1.4884708737864,1.4884708737864,0.0,1.4884708737864,1.4884708737864,10,100.0,100.0,100.0,100.0,0.0,100.0,100.0,,,,,,,,,,,,,,,,,,,,,,,,,,,,,,,,
phase1,F_vos,warm,synthetic,flat,50,library_sequential_paging,PASS,1,4,0,0,4,61.7645,54.5167,93.2526,70.42175,23.78549211003772,52.864,105.294,4,37355.3515625,35100.535156250204,39104.830175781404,37174.873779297,2192.6493951344282,34387.030273438,39601.76171875,4,1401.59326171875,-777.4761718749997,2142.20166015625,887.857177734375,1733.7354638959432,-1605.853515625,2354.095703125,4,244576.0,244576.0,244576.0,244576.0,0.0,244576.0,244576.0,4,14.0,8.2,18.400000000000002,13.5,5.507570547286102,7.0,19.0,4,14.0,8.2,18.400000000000002,13.5,5.507570547286102,7.0,19.0,4,12.0,6.2,16.4,11.5,5.507570547286102,5.0,17.0,4,2.0,2.0,2.0,2.0,0.0,2.0,2.0,4,100.0,100.0,100.0,100.0,0.0,100.0,100.0,4,12.1953883495148,6.3953883495146,16.595388349515,11.6953883495148,5.50757054728632,5.1953883495146,17.195388349515,4,100.0,100.0,100.0,100.0,0.0,100.0,100.0,4,10.0,10.0,10.0,10.0,0.0,10.0,10.0,4,10.0,10.0,10.0,10.0,0.0,10.0,10.0,4,5.0,5.0,5.0,5.0,0.0,5.0,5.0,,,,,,,,
phase1,F_vos,warm,synthetic,flat,50,open_book,PASS,1,10,0,0,10,59.6495,53.9569,64.7968,58.86749999999999,5.905261613359923,46.108,65.209,10,17189.59375,16191.169531250001,17625.5723632813,17125.3004882813,692.2532917495344,16145.990234375,18556.721679688,10,-1690.14111328125,-3082.2257812499997,-1085.4412109375007,-1841.3478515625,1277.2721381082376,-3681.580078125,1051.7353515625,10,246368.0,246368.0,246368.0,246368.0,0.0,246368.0,246368.0,10,9.0,9.0,9.0,9.0,0.0,9.0,9.0,10,9.0,9.0,9.0,9.0,0.0,9.0,9.0,10,9.0,9.0,9.0,9.0,0.0,9.0,9.0,10,0.0,0.0,0.0,0.0,0.0,0.0,0.0,10,100.0,100.0,100.0,100.0,0.0,100.0,100.0,10,9.0,9.0,9.0,9.0,0.0,9.0,9.0,10,100.0,100.0,100.0,100.0,0.0,100.0,100.0,,,,,,,,,,,,,,,,,,,,,,,,,,,,,,,,
phase1,F_vos,warm,synthetic,flat,50,open_book_minimal,PASS,1,10,0,0,10,61.228,45.700900000000004,65.43100000000001,57.7913,9.456426598409735,36.07,66.835,10,17405.375,16736.46328125,18264.03515625,17461.4032226562,646.43055767619,16457.537109375,18486.521484375,10,-1604.330078125,-2805.69033203125,1114.16435546875,-1452.7923828125,1582.8255098687994,-3510.4755859375,1250.494140625,10,246368.0,246368.0,246368.0,246368.0,0.0,246368.0,246368.0,10,0.0,0.0,0.0,0.0,0.0,0.0,0.0,10,0.0,0.0,0.0,0.0,0.0,0.0,0.0,10,0.0,0.0,0.0,0.0,0.0,0.0,0.0,10,0.0,0.0,0.0,0.0,0.0,0.0,0.0,10,0.0,0.0,0.0,0.0,0.0,0.0,0.0,10,0.0,0.0,0.0,0.0,0.0,0.0,0.0,10,0.0,0.0,0.0,0.0,0.0,0.0,0.0,,,,,,,,,,,,,,,,,,,,,,,,,,,,,,,,
phase1,F_vos,warm,synthetic,flat,50,open_quick_settings,PASS,1,10,0,0,10,8.5165,7.5334,10.627999999999993,10.0708,5.79983964912441,7.375,26.513,10,19582.017089843503,18302.872265625,20502.854003906203,19470.2711914061,948.9745683700809,17950.283203125,20861.434570312,10,318.04150390625,-20.409374999999898,349.08417968749995,0.65009765625,1045.8202700824743,-2974.4853515625,415.302734375,10,246368.0,246368.0,246368.0,246368.0,0.0,246368.0,246368.0,10,3.0,3.0,3.0,3.0,0.0,3.0,3.0,10,3.0,3.0,3.0,3.0,0.0,3.0,3.0,10,3.0,3.0,3.0,3.0,0.0,3.0,3.0,10,0.0,0.0,0.0,0.0,0.0,0.0,0.0,10,100.0,100.0,100.0,100.0,0.0,100.0,100.0,10,3.0,3.0,3.0,3.0,0.0,3.0,3.0,10,100.0,100.0,100.0,100.0,0.0,100.0,100.0,,,,,,,,,,,,,,,,,,,,,,,,,,,,,,,,
phase1,F_vos,warm,synthetic,flat,50,repeated_nav,PASS,1,2,0,0,2,180.18150000000003,167.93390000000002,192.4291,180.18150000000003,21.650902533150898,164.872,195.491,2,17467.5625,17398.1742187504,17536.9507812496,17467.5625,122.66231051618107,17380.827148438,17554.297851562,2,-8482.016601562249,-14586.73222656205,-2377.3009765624497,-8482.016601562249,10791.714539132077,-16112.911132812,-851.1220703125,2,246368.0,246368.0,246368.0,246368.0,0.0,246368.0,246368.0,2,30.0,30.0,30.0,30.0,0.0,30.0,30.0,2,30.0,30.0,30.0,30.0,0.0,30.0,30.0,2,10.0,10.0,10.0,10.0,0.0,10.0,10.0,2,20.0,20.0,20.0,20.0,0.0,20.0,20.0,2,100.0,100.0,100.0,100.0,0.0,100.0,100.0,2,11.917475728155,11.917475728155,11.917475728155,11.917475728155,0.0,11.917475728155,11.917475728155,2,100.0,100.0,100.0,100.0,0.0,100.0,100.0,,,,,,,,,,,,,,,,,,,,,,,,,,,,,,,,
phase1,F_vos,warm,synthetic,flat,50,start_to_home,UNSUPPORTED,1,0,0,10,,,,,,,,,,,,,,,,,,,,,,,,,,,,,,,,,,,,,,,,,,,,,,,,,,,,,,,,,,,,,,,,,,,,,,,,,,,,,,,,,,,,,,,,,,,,,,,,,,,,,,,,,,,,,,,,,,,,,,,,
phase1,F_vos,warm,synthetic,hierarchical,2000,change_sort_mode,PASS,1,10,0,0,10,9.329,7.606,50.367799999999995,20.7534,18.84362201087914,7.183,57.521,10,21232.1357421875,18571.631054687998,22404.267968749602,20735.597949218798,1654.479070340234,18515.303710938,22865.565429688,10,229.64599609375,-1243.0051757812498,533.99658203125,-244.977734375,1484.8064092832624,-4299.4921875,593.0634765625,10,193160.0,191289.6,194400.0,192846.4,1340.5978102655877,191088.0,194400.0,10,6.0,6.0,12.2,7.9,3.142893217686178,6.0,14.0,10,6.0,6.0,12.2,7.9,3.142893217686178,6.0,14.0,10,2.0,2.0,8.2,3.9,3.142893217686178,2.0,10.0,10,4.0,4.0,4.0,4.0,0.0,4.0,4.0,10,100.0,100.0,100.0,100.0,0.0,100.0,100.0,10,2.3907766990291,2.3907766990291,8.590776699029089,4.29077669902909,3.1428932176861566,2.3907766990291,10.390776699029,10,100.0,100.0,100.0,100.0,0.0,100.0,100.0,,,,,,,,,,,,,,,,,,,,,,,,,,,,,,,,
phase1,F_vos,warm,synthetic,hierarchical,2000,close_book,PASS,1,10,0,0,10,30.889499999999998,29.0486,35.55219999999999,32.3595,4.29420646530493,28.487,42.952,10,22116.134277343997,21076.770996093703,22829.0147460933,22017.2953125,678.973138788627,20702.176757812,22905.708984375,10,1838.9189453125,1674.25703125,1992.1264648437498,1850.77177734375,163.31571140144888,1632.255859375,2178.8896484375,10,222416.0,222208.0,222577.6,222518.4,539.9693818480205,222208.0,224032.0,10,8.0,8.0,8.0,8.0,0.0,8.0,8.0,10,8.0,8.0,8.0,8.0,0.0,8.0,8.0,10,4.0,4.0,4.0,4.0,0.0,4.0,4.0,10,4.0,4.0,4.0,4.0,0.0,4.0,4.0,10,100.0,100.0,100.0,100.0,0.0,100.0,100.0,10,4.3834951456311,4.3834951456311,4.3834951456311,4.3834951456311,0.0,4.3834951456311,4.3834951456311,10,100.0,100.0,100.0,100.0,0.0,100.0,100.0,,,,,,,,,,,,,,,,,,,,,,,,,,,,,,,,
phase1,F_vos,warm,synthetic,hierarchical,2000,close_quick_settings,PASS,1,10,0,0,10,8.1725,7.9398,9.0553,8.3157,0.5288408813412382,7.533,9.328,10,24546.714355468997,23304.6487304692,25755.5314453125,24536.6685546876,1027.635297592436,22997.0078125,26046.78515625,10,33.1083984375,23.46552734375,44.8751953125,34.1919921875,9.084346717044214,22.8388671875,47.1181640625,10,224480.0,224480.0,224480.0,224480.0,0.0,224480.0,224480.0,10,3.0,3.0,3.0,3.0,0.0,3.0,3.0,10,3.0,3.0,3.0,3.0,0.0,3.0,3.0,10,3.0,3.0,3.0,3.0,0.0,3.0,3.0,10,0.0,0.0,0.0,0.0,0.0,0.0,0.0,10,100.0,100.0,100.0,100.0,0.0,100.0,100.0,10,3.0,3.0,3.0,3.0,0.0,3.0,3.0,10,100.0,100.0,100.0,100.0,0.0,100.0,100.0,,,,,,,,,,,,,,,,,,,,,,,,,,,,,,,,
phase1,F_vos,warm,synthetic,hierarchical,2000,home_to_library,PASS,1,10,0,0,10,17.5865,16.8944,18.5169,17.8996,1.192409717057578,16.88,21.0,10,10080.286621093499,9313.6376953125,10814.4075195312,10056.249902343701,666.0001176605591,8988.451171875,11042.477539062,10,421.767578125,-264.10546874999983,486.6025390625,-223.20712890625,2088.9198584473897,-6167.3759765625,501.4736328125,10,177744.0,177742.4,177744.0,177742.4,5.059644256269407,177728.0,177744.0,10,3.0,3.0,3.0,3.0,0.0,3.0,3.0,10,3.0,3.0,3.0,3.0,0.0,3.0,3.0,10,2.0,2.0,2.0,2.0,0.0,2.0,2.0,10,1.0,1.0,1.0,1.0,0.0,1.0,1.0,10,100.0,100.0,100.0,100.0,0.0,100.0,100.0,10,2.0976941747573,2.0976941747573,2.0976941747573,2.0976941747573,0.0,2.0976941747573,2.0976941747573,10,100.0,100.0,100.0,100.0,0.0,100.0,100.0,,,,,,,,,,,,,,,,,,,,,,,,,,,,,,,,
phase1,F_vos,warm,synthetic,hierarchical,2000,library_cached_paging,UNSUPPORTED,1,0,0,1,,,,,,,,,,,,,,,,,,,,,,,,,,,,,,,,,,,,,,,,,,,,,,,,,,,,,,,,,,,,,,,,,,,,,,,,,,,,,,,,,,,,,,,,,,,,,,,,,,,,,,,,,,,,,,,,,,,,,,,,
phase1,F_vos,warm,synthetic,hierarchical,2000,library_first_render,PASS,1,10,0,0,10,18.378500000000003,16.6984,20.311,18.5747,1.6299532406381072,16.603,21.922,10,9816.779296875,8933.2865234375,10390.8832031254,9750.47734374995,589.1219116307996,8927.111328125,10667.715820312,10,418.548828125,-1461.8853515625,472.6583984375,27.8275390625,855.1808598031669,-1745.1005859375,488.9375,10,177744.0,177744.0,177744.0,177744.0,0.0,177744.0,177744.0,10,3.0,3.0,3.0,3.0,0.0,3.0,3.0,10,3.0,3.0,3.0,3.0,0.0,3.0,3.0,10,2.0,2.0,2.0,2.0,0.0,2.0,2.0,10,1.0,1.0,1.0,1.0,0.0,1.0,1.0,10,100.0,100.0,100.0,100.0,0.0,100.0,100.0,10,2.0976941747573,2.0976941747573,2.0976941747573,2.0976941747573,0.0,2.0976941747573,2.0976941747573,10,100.0,100.0,100.0,100.0,0.0,100.0,100.0,,,,,,,,,,,,,,,,,,,,,,,,,,,,,,,,
phase1,F_vos,warm,synthetic,hierarchical,2000,library_folder_back,PASS,1,10,0,0,10,23.1725,20.5526,31.858499999999992,25.932100000000002,9.01945628380977,18.794,50.088,10,17958.263183593997,16533.8456054688,18940.2001953125,17849.8245117189,1191.2710246433423,15911.350585938,20209.982421875,10,571.63330078125,-192.16249999999997,626.303125,383.71142578125,454.52246419173383,-736.1123046875,630.279296875,10,185064.0,181782.4,188942.4,184976.0,3129.008078537918,180544.0,190512.0,10,9.0,9.0,9.499999999999998,9.5,1.5811388300841898,9.0,14.0,10,9.0,9.0,9.499999999999998,9.5,1.5811388300841898,9.0,14.0,10,3.0,3.0,3.4999999999999982,3.5,1.5811388300841898,3.0,8.0,10,6.0,6.0,6.0,6.0,0.0,6.0,6.0,10,100.0,100.0,100.0,100.0,0.0,100.0,100.0,10,3.5861650485437,3.5861650485437,4.086165048543698,4.0861650485437,1.5811388300841898,3.5861650485437,8.5861650485437,10,100.0,100.0,100.0,100.0,0.0,100.0,100.0,,,,,,,,,,,,,,,,,,,,,,,,,,,,,,,,
phase1,F_vos,warm,synthetic,hierarchical,2000,library_folder_enter,PASS,1,10,0,0,10,18.156,8.3635,28.5727,18.6702,8.116193467383587,4.165,30.919,10,12900.501464844001,11618.4899414063,14440.962109375,13001.7273437502,1192.6865451921171,11427.729492188,15002.083984375,10,558.6796875,-894.626171875,1181.53486328125,344.875390625,994.2713613461451,-1563.4580078125,1415.7607421875,10,177744.0,177744.0,177744.0,177744.0,0.0,177744.0,177744.0,10,6.0,6.0,6.0,6.0,0.0,6.0,6.0,10,6.0,6.0,6.0,6.0,0.0,6.0,6.0,10,1.0,1.0,1.0,1.0,0.0,1.0,1.0,10,5.0,5.0,5.0,5.0,0.0,5.0,5.0,10,100.0,100.0,100.0,100.0,0.0,100.0,100.0,10,1.4884708737864,1.4884708737864,1.4884708737864,1.4884708737864,0.0,1.4884708737864,1.4884708737864,10,100.0,100.0,100.0,100.0,0.0,100.0,100.0,,,,,,,,,,,,,,,,,,,,,,,,,,,,,,,,
phase1,F_vos,warm,synthetic,hierarchical,2000,library_sequential_paging,UNSUPPORTED,1,0,0,1,,,,,,,,,,,,,,,,,,,,,,,,,,,,,,,,,,,,,,,,,,,,,,,,,,,,,,,,,,,,,,,,,,,,,,,,,,,,,,,,,,,,,,,,,,,,,,,,,,,,,,,,,,,,,,,,,,,,,,,,
phase1,F_vos,warm,synthetic,hierarchical,2000,open_book,PASS,1,10,0,0,10,65.74549999999999,62.4771,68.89,65.6572,3.100314958910537,61.47,71.14,10,20128.851074218997,18783.196484375,21165.2833007808,20008.5623046876,989.7878510304319,18526.337890625,21254.5546875,10,-1624.58203125,-2923.0404296875004,104.77832031249999,-1758.52890625,1177.4095273139665,-2956.9697265625,145.0673828125,10,222208.0,222208.0,222208.0,222208.0,0.0,222208.0,222208.0,10,9.0,9.0,9.0,9.0,0.0,9.0,9.0,10,9.0,9.0,9.0,9.0,0.0,9.0,9.0,10,9.0,9.0,9.0,9.0,0.0,9.0,9.0,10,0.0,0.0,0.0,0.0,0.0,0.0,0.0,10,100.0,100.0,100.0,100.0,0.0,100.0,100.0,10,9.0,9.0,9.0,9.0,0.0,9.0,9.0,10,100.0,100.0,100.0,100.0,0.0,100.0,100.0,,,,,,,,,,,,,,,,,,,,,,,,,,,,,,,,
phase1,F_vos,warm,synthetic,hierarchical,2000,open_book_minimal,PASS,1,10,0,0,10,65.261,56.7491,79.55799999999998,69.50370000000001,21.715107931013275,49.145,128.239,10,19013.261230468503,18220.190625000003,20472.983398437995,19123.1326171876,1146.9527765666471,17680.623046875,21624.104492188,10,-2272.67431640625,-3228.827734375,-709.3025390625002,-2130.76923828125,1262.8993821970334,-4372.94921875,-329.0419921875,10,221016.0,217795.19999999998,221968.0,220100.8,2106.633586238164,215808.0,221968.0,10,0.0,0.0,0.0,0.0,0.0,0.0,0.0,10,0.0,0.0,0.0,0.0,0.0,0.0,0.0,10,0.0,0.0,0.0,0.0,0.0,0.0,0.0,10,0.0,0.0,0.0,0.0,0.0,0.0,0.0,10,0.0,0.0,0.0,0.0,0.0,0.0,0.0,10,0.0,0.0,0.0,0.0,0.0,0.0,0.0,10,0.0,0.0,0.0,0.0,0.0,0.0,0.0,,,,,,,,,,,,,,,,,,,,,,,,,,,,,,,,
phase1,F_vos,warm,synthetic,hierarchical,2000,open_quick_settings,PASS,1,10,0,0,10,8.687000000000001,7.8972999999999995,10.958199999999994,10.071200000000001,4.89870971220427,7.792,23.938,10,20374.4375,19744.3581054683,21601.926953125003,20559.546679687403,814.1498916258776,19479.541015625,21900.396484375,10,318.48974609375,206.84755859375002,347.28525390625,225.7369140625,330.87417409041416,-713.0693359375,398.1044921875,10,224480.0,224480.0,224480.0,224480.0,0.0,224480.0,224480.0,10,3.0,3.0,3.0,3.0,0.0,3.0,3.0,10,3.0,3.0,3.0,3.0,0.0,3.0,3.0,10,3.0,3.0,3.0,3.0,0.0,3.0,3.0,10,0.0,0.0,0.0,0.0,0.0,0.0,0.0,10,100.0,100.0,100.0,100.0,0.0,100.0,100.0,10,3.0,3.0,3.0,3.0,0.0,3.0,3.0,10,100.0,100.0,100.0,100.0,0.0,100.0,100.0,,,,,,,,,,,,,,,,,,,,,,,,,,,,,,,,
phase1,F_vos,warm,synthetic,hierarchical,2000,repeated_nav,UNSUPPORTED,1,0,0,2,,,,,,,,,,,,,,,,,,,,,,,,,,,,,,,,,,,,,,,,,,,,,,,,,,,,,,,,,,,,,,,,,,,,,,,,,,,,,,,,,,,,,,,,,,,,,,,,,,,,,,,,,,,,,,,,,,,,,,,,
phase1,F_vos,warm,synthetic,hierarchical,2000,start_to_home,UNSUPPORTED,1,0,0,10,,,,,,,,,,,,,,,,,,,,,,,,,,,,,,,,,,,,,,,,,,,,,,,,,,,,,,,,,,,,,,,,,,,,,,,,,,,,,,,,,,,,,,,,,,,,,,,,,,,,,,,,,,,,,,,,,,,,,,,,
phase1,F_vos,warm,synthetic,hierarchical,50,change_sort_mode,PASS,1,10,0,0,10,7.896000000000001,3.7765000000000004,16.0142,8.765600000000001,4.3725844684046224,3.664,16.808,10,12901.060546875,12587.956054687998,13198.783789063,12891.9313476565,281.4950813535771,12444.307617188,13320.174804688,10,168.45654296875,-620.698046875,187.1998046875,-8.35400390625,391.2316828930062,-885.765625,198.138671875,10,181808.0,181808.0,181808.0,181808.0,0.0,181808.0,181808.0,10,6.0,6.0,6.0,6.0,0.0,6.0,6.0,10,6.0,6.0,6.0,6.0,0.0,6.0,6.0,10,2.0,2.0,2.0,2.0,0.0,2.0,2.0,10,4.0,4.0,4.0,4.0,0.0,4.0,4.0,10,100.0,100.0,100.0,100.0,0.0,100.0,100.0,10,2.3907766990291,2.3907766990291,2.3907766990291,2.3907766990291,0.0,2.3907766990291,2.3907766990291,10,100.0,100.0,100.0,100.0,0.0,100.0,100.0,,,,,,,,,,,,,,,,,,,,,,,,,,,,,,,,
phase1,F_vos,warm,synthetic,hierarchical,50,close_book,PASS,1,10,0,0,10,33.2705,23.3805,46.7297,34.529,9.359880412341461,22.872,48.176,10,13425.936523437,12719.341699218801,14718.3897460938,13605.0797851563,892.9309227426368,12440.358398438,14752.553710938,10,380.931640625,-1255.2578125,1679.53447265625,209.276953125,1419.7911045866665,-2121.8154296875,1754.0419921875,10,208272.0,207376.0,208656.0,208193.6,480.382070162213,207376.0,208656.0,10,8.0,8.0,8.0,8.0,0.0,8.0,8.0,10,8.0,8.0,8.0,8.0,0.0,8.0,8.0,10,4.0,4.0,4.0,4.0,0.0,4.0,4.0,10,4.0,4.0,4.0,4.0,0.0,4.0,4.0,10,100.0,100.0,100.0,100.0,0.0,100.0,100.0,10,4.3834951456311,4.3834951456311,4.3834951456311,4.3834951456311,0.0,4.3834951456311,4.3834951456311,10,100.0,100.0,100.0,100.0,0.0,100.0,100.0,,,,,,,,,,,,,,,,,,,,,,,,,,,,,,,,
phase1,F_vos,warm,synthetic,hierarchical,50,close_quick_settings,PASS,1,10,0,0,10,8.3475,8.0275,9.1416,8.475100000000001,0.4610713249234513,7.978,9.21,10,18279.512207031003,16969.5698242187,19583.6497070317,18276.805078125,1105.3196662890152,16624.594726562,19901.341796875,10,38.36328125,35.294140625,50.259179687499994,40.2263671875,6.563495956816289,32.28125,53.541015625,10,209232.0,209232.0,209232.0,209232.0,0.0,209232.0,209232.0,10,3.0,3.0,3.0,3.0,0.0,3.0,3.0,10,3.0,3.0,3.0,3.0,0.0,3.0,3.0,10,3.0,3.0,3.0,3.0,0.0,3.0,3.0,10,0.0,0.0,0.0,0.0,0.0,0.0,0.0,10,100.0,100.0,100.0,100.0,0.0,100.0,100.0,10,3.0,3.0,3.0,3.0,0.0,3.0,3.0,10,100.0,100.0,100.0,100.0,0.0,100.0,100.0,,,,,,,,,,,,,,,,,,,,,,,,,,,,,,,,
phase1,F_vos,warm,synthetic,hierarchical,50,home_to_library,PASS,1,10,0,0,10,16.1035,15.084,17.452099999999998,16.3051,1.5764153746184197,14.058,20.081,10,10919.4033203125,10443.509375,11634.85703125,11158.1350585938,1091.3983512513216,10150.900390625,14076.296875,10,269.76220703125,-166.76074218749991,306.94697265625,-141.43271484375,1331.4106161910768,-3930.123046875,320.41796875,10,180688.0,180329.6,181014.40000000002,180670.4,327.3337406650555,180128.0,181216.0,10,3.0,3.0,3.0,3.0,0.0,3.0,3.0,10,3.0,3.0,3.0,3.0,0.0,3.0,3.0,10,2.0,2.0,2.0,2.0,0.0,2.0,2.0,10,1.0,1.0,1.0,1.0,0.0,1.0,1.0,10,100.0,100.0,100.0,100.0,0.0,100.0,100.0,10,2.0976941747573,2.0976941747573,2.0976941747573,2.0976941747573,0.0,2.0976941747573,2.0976941747573,10,100.0,100.0,100.0,100.0,0.0,100.0,100.0,,,,,,,,,,,,,,,,,,,,,,,,,,,,,,,,
phase1,F_vos,warm,synthetic,hierarchical,50,library_cached_paging,UNSUPPORTED,1,0,0,1,,,,,,,,,,,,,,,,,,,,,,,,,,,,,,,,,,,,,,,,,,,,,,,,,,,,,,,,,,,,,,,,,,,,,,,,,,,,,,,,,,,,,,,,,,,,,,,,,,,,,,,,,,,,,,,,,,,,,,,,
phase1,F_vos,warm,synthetic,hierarchical,50,library_first_render,PASS,1,10,0,0,10,16.22,15.4178,21.871199999999998,17.1809,2.536897950472409,15.164,21.9,10,11214.918945313,10673.442773438,11702.5668945308,11211.4861328126,425.23648705830226,10594.678710938,11842.51953125,10,267.7802734375,-1033.44599609375,283.65361328125,-7.9142578125,594.5896524677272,-1252.1064453125,296.9541015625,10,181808.0,181526.4,181808.0,181742.4,136.06795687776344,181440.0,181808.0,10,3.0,3.0,3.0,3.0,0.0,3.0,3.0,10,3.0,3.0,3.0,3.0,0.0,3.0,3.0,10,2.0,2.0,2.0,2.0,0.0,2.0,2.0,10,1.0,1.0,1.0,1.0,0.0,1.0,1.0,10,100.0,100.0,100.0,100.0,0.0,100.0,100.0,10,2.0976941747573,2.0976941747573,2.0976941747573,2.0976941747573,0.0,2.0976941747573,2.0976941747573,10,100.0,100.0,100.0,100.0,0.0,100.0,100.0,,,,,,,,,,,,,,,,,,,,,,,,,,,,,,,,
phase1,F_vos,warm,synthetic,hierarchical,50,library_folder_back,PASS,1,10,0,0,10,18.054000000000002,16.0505,21.1586,18.4435,3.047028105839816,14.255,25.268,10,13074.4267578125,12527.109667969202,13855.0029296875,13100.5733398439,650.5231991369235,11854.6171875,14020.615234375,10,381.11328125,-541.5672851562499,500.95224609375,-10.98994140625,913.6871392807045,-2463.6201171875,514.2421875,10,181808.0,181808.0,181808.0,181808.0,0.0,181808.0,181808.0,10,9.0,9.0,9.0,9.0,0.0,9.0,9.0,10,9.0,9.0,9.0,9.0,0.0,9.0,9.0,10,3.0,3.0,3.0,3.0,0.0,3.0,3.0,10,6.0,6.0,6.0,6.0,0.0,6.0,6.0,10,100.0,100.0,100.0,100.0,0.0,100.0,100.0,10,3.5861650485437,3.5861650485437,3.5861650485437,3.5861650485436996,0.0,3.5861650485437,3.5861650485437,10,100.0,100.0,100.0,100.0,0.0,100.0,100.0,,,,,,,,,,,,,,,,,,,,,,,,,,,,,,,,
phase1,F_vos,warm,synthetic,hierarchical,50,library_folder_enter,PASS,1,10,0,0,10,8.973500000000001,4.6894,12.709399999999997,9.567,5.268588931899445,4.063,22.64,10,11478.654785156501,10527.4398437504,12223.036035156201,11383.9404296874,744.5237556383593,10000.266601562,12423.645507812,10,140.20703125,32.39296875000001,451.77734375,188.15615234375,224.82054062268392,-266.73046875,504.7314453125,10,181808.0,181808.0,181808.0,181808.0,0.0,181808.0,181808.0,10,6.0,6.0,6.0,6.0,0.0,6.0,6.0,10,6.0,6.0,6.0,6.0,0.0,6.0,6.0,10,1.0,1.0,1.0,1.0,0.0,1.0,1.0,10,5.0,5.0,5.0,5.0,0.0,5.0,5.0,10,100.0,100.0,100.0,100.0,0.0,100.0,100.0,10,1.4884708737864,1.4884708737864,1.4884708737864,1.4884708737864,0.0,1.4884708737864,1.4884708737864,10,100.0,100.0,100.0,100.0,0.0,100.0,100.0,,,,,,,,,,,,,,,,,,,,,,,,,,,,,,,,
phase1,F_vos,warm,synthetic,hierarchical,50,library_sequential_paging,UNSUPPORTED,1,0,0,1,,,,,,,,,,,,,,,,,,,,,,,,,,,,,,,,,,,,,,,,,,,,,,,,,,,,,,,,,,,,,,,,,,,,,,,,,,,,,,,,,,,,,,,,,,,,,,,,,,,,,,,,,,,,,,,,,,,,,,,,
phase1,F_vos,warm,synthetic,hierarchical,50,open_book,PASS,1,10,0,0,10,36.485,31.5598,42.479800000000004,36.5816,4.770572343952965,30.667,46.276,10,14149.496582031501,13501.0140625,14703.5217773437,14017.7489257813,760.6367332617144,12171.654296875,14798.270507812,10,1154.37548828125,272.79140625,1305.1705078125,952.95693359375,534.4282664239563,-332.5166015625,1359.87890625,10,206688.0,204736.0,207184.0,206043.2,1139.663576090184,204736.0,207184.0,10,9.0,9.0,9.1,9.1,0.31622776601683794,9.0,10.0,10,9.0,9.0,9.1,9.1,0.31622776601683794,9.0,10.0,10,9.0,9.0,9.1,9.1,0.31622776601683794,9.0,10.0,10,0.0,0.0,0.0,0.0,0.0,0.0,0.0,10,100.0,100.0,100.0,100.0,0.0,100.0,100.0,10,9.0,9.0,9.1,9.1,0.31622776601683794,9.0,10.0,10,100.0,100.0,100.0,100.0,0.0,100.0,100.0,,,,,,,,,,,,,,,,,,,,,,,,,,,,,,,,
phase1,F_vos,warm,synthetic,hierarchical,50,open_book_minimal,PASS,1,10,0,0,10,43.32,31.7458,77.18169999999995,58.4605,46.232799581754364,30.565,186.286,10,13548.171875,12829.6525390625,14318.2725585938,13567.609472656299,688.8428790252925,12380.919921875,14457.413085938,10,-480.92919921875,-2189.5947265625,1056.8931640625,-527.0451171875,1386.4451645097329,-2651.240234375,1082.8701171875,10,203816.0,196604.80000000002,204736.0,201832.0,3369.343622197719,195856.0,204736.0,10,0.0,0.0,0.0,0.0,0.0,0.0,0.0,10,0.0,0.0,0.0,0.0,0.0,0.0,0.0,10,0.0,0.0,0.0,0.0,0.0,0.0,0.0,10,0.0,0.0,0.0,0.0,0.0,0.0,0.0,10,0.0,0.0,0.0,0.0,0.0,0.0,0.0,10,0.0,0.0,0.0,0.0,0.0,0.0,0.0,10,0.0,0.0,0.0,0.0,0.0,0.0,0.0,,,,,,,,,,,,,,,,,,,,,,,,,,,,,,,,
phase1,F_vos,warm,synthetic,hierarchical,50,open_quick_settings,PASS,1,10,0,0,10,8.465,8.2482,10.324299999999996,9.8128,4.216909921837184,8.187,21.793,10,14822.580566406501,13586.0904296875,15474.4247070313,14631.0191406251,800.3805753439386,13210.732421875,15624.338867188,10,331.02783203125,20.949902343750068,368.08701171875003,52.6232421875,895.2873850930049,-2494.2802734375,382.51953125,10,209232.0,209232.0,209232.0,209232.0,0.0,209232.0,209232.0,10,3.0,3.0,3.0,3.0,0.0,3.0,3.0,10,3.0,3.0,3.0,3.0,0.0,3.0,3.0,10,3.0,3.0,3.0,3.0,0.0,3.0,3.0,10,0.0,0.0,0.0,0.0,0.0,0.0,0.0,10,100.0,100.0,100.0,100.0,0.0,100.0,100.0,10,3.0,3.0,3.0,3.0,0.0,3.0,3.0,10,100.0,100.0,100.0,100.0,0.0,100.0,100.0,,,,,,,,,,,,,,,,,,,,,,,,,,,,,,,,
phase1,F_vos,warm,synthetic,hierarchical,50,repeated_nav,UNSUPPORTED,1,0,0,2,,,,,,,,,,,,,,,,,,,,,,,,,,,,,,,,,,,,,,,,,,,,,,,,,,,,,,,,,,,,,,,,,,,,,,,,,,,,,,,,,,,,,,,,,,,,,,,,,,,,,,,,,,,,,,,,,,,,,,,,
phase1,F_vos,warm,synthetic,hierarchical,50,start_to_home,UNSUPPORTED,1,0,0,10,,,,,,,,,,,,,,,,,,,,,,,,,,,,,,,,,,,,,,,,,,,,,,,,,,,,,,,,,,,,,,,,,,,,,,,,,,,,,,,,,,,,,,,,,,,,,,,,,,,,,,,,,,,,,,,,,,,,,,,,
phase1,G_simpleui_bookshelf,paging,paging,flat,2000,bookshelf_cached_paging,PASS,3,90,0,0,90,172.175,165.34109999999998,188.2269,175.22696666666667,9.569211094777065,161.783,201.851,90,40806.9267578125,26381.6867187504,48438.7559570317,38937.12209201391,7983.193785886648,24016.950195312,50616.428710938,90,1177.68310546875,979.6786132812499,1648.5880859375002,63.6891167534722,4615.854382767347,-24379.96484375,1891.1279296875,90,240336.0,236880.0,243184.0,240133.33333333334,2592.0244138120597,236880.0,243184.0,90,0.0,0.0,0.0,0.0,0.0,0.0,0.0,90,8.0,8.0,8.0,8.0,0.0,8.0,8.0,90,0.0,0.0,0.0,0.0,0.0,0.0,0.0,90,8.0,8.0,8.0,8.0,0.0,8.0,8.0,90,64.563106796117,64.563106796117,64.563106796117,64.563106796117,0.0,64.563106796117,64.563106796117,90,1.2102970748107,1.2102970748107,1.2102970748107,1.2102970748107,0.0,1.2102970748107,1.2102970748107,90,64.563106796117,64.563106796117,64.563106796117,64.563106796117,0.0,64.563106796117,64.563106796117,90,8.0,8.0,8.0,8.0,0.0,8.0,8.0,90,8.0,8.0,8.0,8.0,0.0,8.0,8.0,90,250.0,250.0,250.0,250.0,0.0,250.0,250.0,,,,,,,,
phase1,G_simpleui_bookshelf,paging,paging,flat,2000,bookshelf_cached_paging_anim_off,PASS,3,90,0,0,90,12.282499999999999,10.495800000000001,15.937999999999999,13.047922222222223,2.7140987339636102,8.709,23.59,90,37447.3041992185,26102.666015625,48042.6523437496,37234.56871744789,7892.3316524378915,22978.145507812,51176.393554688,90,1030.04541015625,967.31416015625,1094.315234375,78.98663194443337,4481.207588725864,-28200.802734375,1134.9296875,90,240336.0,239360.0,244496.0,241401.6,2134.8222818962936,239360.0,244496.0,90,1.0,1.0,1.0,1.0,0.0,1.0,1.0,90,1.0,1.0,1.0,1.0,0.0,1.0,1.0,90,0.0,0.0,0.0,0.0,0.0,0.0,0.0,90,1.0,1.0,1.0,1.0,0.0,1.0,1.0,90,64.563106796117,64.563106796117,64.563106796117,64.563106796117,0.0,64.563106796117,64.563106796117,90,0.64563106796117,0.64563106796117,0.64563106796117,0.64563106796117,0.0,0.64563106796117,0.64563106796117,90,64.563106796117,64.563106796117,64.563106796117,64.563106796117,0.0,64.563106796117,64.563106796117,90,8.0,8.0,8.0,8.0,0.0,8.0,8.0,90,8.0,8.0,8.0,8.0,0.0,8.0,8.0,90,250.0,250.0,250.0,250.0,0.0,250.0,250.0,,,,,,,,
phase1,G_simpleui_bookshelf,paging,paging,flat,2000,bookshelf_sequential_paging,PASS,3,90,0,0,90,183.6215,171.6065,194.4689,182.94431111111112,9.264929786407782,167.643,204.029,90,32653.406738281003,23249.158984375397,43424.38632812501,33190.13489583333,7770.855739821602,18901.0703125,49302.81640625,90,2306.17333984375,-1640.564648437499,2483.83837890625,497.0803385416833,5510.757428148387,-26055.243164062,2657.6591796875,90,227360.0,209235.2,234272.0,225009.42222222223,8852.590115458279,206480.0,237472.0,90,0.0,0.0,0.0,0.0,0.0,0.0,0.0,90,8.0,8.0,8.0,8.0,0.0,8.0,8.0,90,0.0,0.0,0.0,0.0,0.0,0.0,0.0,90,8.0,8.0,8.0,8.0,0.0,8.0,8.0,90,64.563106796117,64.563106796117,64.563106796117,64.563106796117,0.0,64.563106796117,64.563106796117,90,1.2102970748107,1.2102970748107,1.2102970748107,1.2102970748107,0.0,1.2102970748107,1.2102970748107,90,64.563106796117,64.563106796117,64.563106796117,64.563106796117,0.0,64.563106796117,64.563106796117,90,8.0,8.0,8.0,8.0,0.0,8.0,8.0,90,8.0,8.0,8.0,8.0,0.0,8.0,8.0,90,250.0,250.0,250.0,250.0,0.0,250.0,250.0,,,,,,,,
phase1,G_simpleui_bookshelf,paging,paging,flat,2000,bookshelf_sequential_paging_anim_off,PASS,3,90,0,0,90,30.889,25.8795,38.79180000000001,31.78318888888889,6.969300046898209,13.81,59.539,90,34539.3139648435,25765.4249999996,46971.321093750004,35631.05595703119,7819.57563713128,23503.373046875,51062.756835938,90,2234.9892578125,-4469.037890624999,2445.21044921875,-184.38778211804447,7247.5441472970515,-25957.694335938,2548.197265625,90,240336.0,238880.0,244160.0,241139.73333333334,2204.0179692980646,238880.0,244208.0,90,1.0,1.0,1.0,1.0,0.0,1.0,1.0,90,1.0,1.0,1.0,1.0,0.0,1.0,1.0,90,0.0,0.0,0.0,0.0,0.0,0.0,0.0,90,1.0,1.0,1.0,1.0,0.0,1.0,1.0,90,64.563106796117,64.563106796117,64.563106796117,64.563106796117,0.0,64.563106796117,64.563106796117,90,0.64563106796117,0.64563106796117,0.64563106796117,0.64563106796117,0.0,0.64563106796117,0.64563106796117,90,64.563106796117,64.563106796117,64.563106796117,64.563106796117,0.0,64.563106796117,64.563106796117,90,8.0,8.0,8.0,8.0,0.0,8.0,8.0,90,8.0,8.0,8.0,8.0,0.0,8.0,8.0,90,250.0,250.0,250.0,250.0,0.0,250.0,250.0,,,,,,,,
phase1,G_simpleui_bookshelf,paging,paging,flat,2000,close_bookshelf,PASS,3,3,0,0,3,17.594,16.814,20.6708,18.551000000000002,2.5489992153784597,16.619,21.44,3,39269.416015625,38323.1277343746,44142.1730468754,40905.444661458336,3903.1407941290277,38086.555664062,45360.362304688,3,654.7265625,653.69765625,663.29140625,657.8665364583334,6.583898359106684,653.4404296875,665.4326171875,3,245392.0,241347.2,249283.2,245328.0,4960.309667752609,240336.0,250256.0,3,6.0,6.000000000000001,6.0,6.0,0.0,6.0,6.0,3,6.0,6.000000000000001,6.0,6.0,0.0,6.0,6.0,3,5.0,5.0,5.0,5.0,0.0,5.0,5.0,3,1.0,1.0,1.0,1.0,0.0,1.0,1.0,3,100.0,100.0,100.0,100.0,0.0,100.0,100.0,3,5.0625,5.0625,5.0625,5.0625,0.0,5.0625,5.0625,3,100.0,100.0,100.0,100.0,0.0,100.0,100.0,,,,,,,,,,,,,,,,,,,,,,,,,,,,,,,,
phase1,G_simpleui_bookshelf,paging,paging,flat,2000,library_cached_paging,PASS,3,90,0,0,90,19.569499999999998,13.3577,34.61260000000001,21.08392222222222,7.5800072829525025,11.508,45.404,90,17464.565429687,15318.020898437,20469.5151367187,17706.222894965165,1846.3762205003402,15143.563476562,22366.327148438,90,859.70166015625,-3513.6645507812495,1173.5259765624999,47.23914930555556,2064.711827629359,-6906.720703125,1323.83984375,90,198864.0,195728.0,202256.0,198822.75555555554,2905.5070002220914,194400.0,203040.0,90,2.0,2.0,2.0,2.0,0.0,2.0,2.0,90,2.0,2.0,2.0,2.0,0.0,2.0,2.0,90,1.0,1.0,1.0,1.0,0.0,1.0,1.0,90,1.0,1.0,1.0,1.0,0.0,1.0,1.0,90,100.0,100.0,100.0,100.0,0.0,100.0,100.0,90,1.0983009708738,1.0983009708738,1.0983009708738,1.0983009708738,0.0,1.0983009708738,1.0983009708738,90,100.0,100.0,100.0,100.0,0.0,100.0,100.0,90,8.0,8.0,8.0,8.0,0.0,8.0,8.0,90,8.0,8.0,8.0,8.0,0.0,8.0,8.0,90,251.0,251.0,251.0,251.0,0.0,251.0,251.0,,,,,,,,
phase1,G_simpleui_bookshelf,paging,paging,flat,2000,library_sequential_paging,PASS,3,90,0,0,90,17.413,15.0782,30.773100000000003,19.343055555555555,6.169748461285159,11.869,40.242,90,16618.08984375,15127.305664062,19790.478906250002,17032.6196289062,1664.6596356401228,15007.641601562,21024.362304688,90,485.47509765625,-1564.7361328124998,521.4201171875,38.834233940972226,1242.4867560474386,-5989.431640625,563.2275390625,90,187136.0,182240.0,188432.0,185936.0,2681.423737201371,182240.0,188432.0,90,2.0,2.0,2.0,2.0,0.0,2.0,2.0,90,2.0,2.0,2.0,2.0,0.0,2.0,2.0,90,1.0,1.0,1.0,1.0,0.0,1.0,1.0,90,1.0,1.0,1.0,1.0,0.0,1.0,1.0,90,100.0,100.0,100.0,100.0,0.0,100.0,100.0,90,1.0983009708738,1.0983009708738,1.0983009708738,1.0983009708738,0.0,1.0983009708738,1.0983009708738,90,100.0,100.0,100.0,100.0,0.0,100.0,100.0,90,8.0,8.0,8.0,8.0,0.0,8.0,8.0,90,8.0,8.0,8.0,8.0,0.0,8.0,8.0,90,251.0,251.0,251.0,251.0,0.0,251.0,251.0,,,,,,,,
phase1,G_simpleui_bookshelf,paging,paging,flat,2000,open_bookshelf,PASS,3,3,0,0,3,135.126,119.5988,142.8876,131.89033333333333,14.82277755123288,115.717,144.828,3,18901.596679688,18891.765429688,18913.006054687998,18902.254231771334,13.287598628159262,18889.307617188,18915.858398438,3,2420.689453125,-1099.163671875,3207.030078125,1281.7259114583333,2866.4275372329716,-1979.126953125,3403.615234375,3,206192.0,202966.4,215971.2,208922.66666666666,8465.033333267704,202160.0,218416.0,3,1.0,1.0,1.0,1.0,0.0,1.0,1.0,3,1.0,1.0,1.0,1.0,0.0,1.0,1.0,3,1.0,1.0,1.0,1.0,0.0,1.0,1.0,3,0.0,0.0,0.0,0.0,0.0,0.0,0.0,3,100.0,100.0,100.0,100.0,0.0,100.0,100.0,3,1.0,1.0,1.0,1.0,0.0,1.0,1.0,3,100.0,100.0,100.0,100.0,0.0,100.0,100.0,,,,,,,,,,,,,,,,,3,250.0,250.0,250.0,250.0,0.0,250.0,250.0,,,,,,,,
phase1,G_simpleui_bookshelf,paging,paging,flat,2000,paging_probe_step_2_to_3,PASS,3,3,0,0,3,12.373,12.0722,16.6026,14.01,3.166578437367374,11.997,17.66,3,15638.646484375,15633.426953124601,15710.5832031246,15666.445312499665,53.89810487980284,15632.122070312,15728.567382812,3,435.4443359375,430.51621093750003,470.03105468750005,447.8020833333333,26.915910753514964,429.2841796875,478.677734375,3,189344.0,186643.2,190867.19999999998,188853.33333333334,2673.9793068259396,185968.0,191248.0,3,2.0,2.0,2.0,2.0,0.0,2.0,2.0,3,2.0,2.0,2.0,2.0,0.0,2.0,2.0,3,1.0,1.0,1.0,1.0,0.0,1.0,1.0,3,1.0,1.0,1.0,1.0,0.0,1.0,1.0,3,100.0,100.0,100.0,100.0,0.0,100.0,100.0,3,1.0983009708738,1.0983009708738,1.0983009708738,1.0983009708738,0.0,1.0983009708738,1.0983009708738,3,100.0,100.0,100.0,100.0,0.0,100.0,100.0,3,8.0,8.0,8.0,8.0,0.0,8.0,8.0,3,8.0,8.0,8.0,8.0,0.0,8.0,8.0,3,251.0,251.0,251.0,251.0,0.0,251.0,251.0,,,,,,,,
phase1,G_simpleui_bookshelf,paging,paging,hierarchical,2000,bookshelf_cached_paging,PASS,3,90,0,0,90,168.466,165.9228,183.6523,171.2562111111111,7.1781182841326014,160.664,197.173,90,31542.2587890625,22745.6532226558,40028.241894531704,31361.661621093765,6457.143122774879,19860.806640625,42022.509765625,90,1496.3466796875,1130.60703125,1613.4458984375,419.7284722222278,4340.49880850586,-21502.950195312,1706.47265625,90,226576.0,225408.0,226688.0,225896.53333333333,1289.0917558716214,222240.0,226688.0,90,0.0,0.0,0.0,0.011111111111111112,0.10540925533894598,0.0,1.0,90,8.0,8.0,8.0,8.011111111111111,0.10540925533894598,8.0,9.0,90,0.0,0.0,0.0,0.011111111111111112,0.10540925533894598,0.0,1.0,90,8.0,8.0,8.0,8.0,0.0,8.0,8.0,90,64.563106796117,64.563106796117,64.563106796117,64.95685005393791,3.7353765241470627,64.563106796117,100.0,90,1.2102970748107,1.2102970748107,1.2102970748107,1.221408185921811,0.10540925533894598,1.2102970748107,2.2102970748107,90,64.563106796117,64.563106796117,64.563106796117,64.95685005393791,3.7353765241470627,64.563106796117,100.0,90,8.0,8.0,8.0,8.0,0.0,8.0,8.0,90,8.0,8.0,8.0,8.0,0.0,8.0,8.0,90,21.0,21.0,21.0,21.0,0.0,21.0,21.0,,,,,,,,
phase1,G_simpleui_bookshelf,paging,paging,hierarchical,2000,bookshelf_cached_paging_anim_off,PASS,3,90,0,0,90,10.1265,8.6067,14.633600000000012,11.191988888888888,3.223150986344579,8.007,26.257,90,31133.691894531497,21265.6155273433,40226.435937500406,31025.57291666668,7036.855158683454,19356.24609375,42681.670898438,90,843.6123046875,-1860.2041992187487,1061.33818359375,-333.4074218750055,4108.699464232128,-18556.21484375,1467.4208984375,90,226688.0,226576.0,228256.0,227170.48888888888,767.2052483746335,226576.0,228256.0,90,1.0,1.0,1.0,1.0,0.0,1.0,1.0,90,1.0,1.0,1.0,1.0,0.0,1.0,1.0,90,0.0,0.0,0.0,0.0,0.0,0.0,0.0,90,1.0,1.0,1.0,1.0,0.0,1.0,1.0,90,64.563106796117,64.563106796117,64.563106796117,64.563106796117,0.0,64.563106796117,64.563106796117,90,0.64563106796117,0.64563106796117,0.64563106796117,0.64563106796117,0.0,0.64563106796117,0.64563106796117,90,64.563106796117,64.563106796117,64.563106796117,64.563106796117,0.0,64.563106796117,64.563106796117,90,8.0,8.0,8.0,8.0,0.0,8.0,8.0,90,8.0,8.0,8.0,8.0,0.0,8.0,8.0,90,21.0,21.0,21.0,21.0,0.0,21.0,21.0,,,,,,,,
phase1,G_simpleui_bookshelf,paging,paging,hierarchical,2000,bookshelf_sequential_paging,PASS,3,60,0,0,60,173.918,169.5747,184.4422,175.17438333333334,6.0384542502134515,164.699,192.8,60,28022.208984375,19118.9010742188,37180.0999999996,28104.26276041663,6906.021693057122,15817.473632812,40345.658203125,60,2254.23486328125,1195.086035156251,2431.584765625,1105.6427734375166,4316.6922261265145,-17270.516601562,2576.119140625,60,214296.0,200457.59999999998,217904.0,211334.66666666666,6857.518676276443,197680.0,220144.0,60,0.0,0.0,0.0,0.0,0.0,0.0,0.0,60,8.0,8.0,8.0,8.0,0.0,8.0,8.0,60,0.0,0.0,0.0,0.0,0.0,0.0,0.0,60,8.0,8.0,8.0,8.0,0.0,8.0,8.0,60,64.563106796117,64.563106796117,64.563106796117,64.563106796117,0.0,64.563106796117,64.563106796117,60,1.2102970748107,1.2102970748107,1.2102970748107,1.2102970748107,0.0,1.2102970748107,1.2102970748107,60,64.563106796117,64.563106796117,64.563106796117,64.563106796117,0.0,64.563106796117,64.563106796117,60,8.0,8.0,8.0,8.0,0.0,8.0,8.0,60,8.0,8.0,8.0,7.85,0.6593525329532484,5.0,8.0,60,21.0,21.0,21.0,21.0,0.0,21.0,21.0,,,,,,,,
phase1,G_simpleui_bookshelf,paging,paging,hierarchical,2000,bookshelf_sequential_paging_anim_off,PASS,3,60,0,0,60,30.694499999999998,24.273799999999998,40.1915,30.999066666666668,6.8923019840651225,11.395,52.438,60,30497.759765625,21673.6524414063,39012.2722656246,30559.387581380186,6369.692069096305,19780.90625,42304.848632812,60,2163.35205078125,-3385.0826171874983,2413.8109375,179.63168945310835,5789.189582396098,-22148.73046875,2615.1708984375,60,226688.0,226576.0,228131.19999999998,227066.93333333332,632.4537597264249,226576.0,228208.0,60,1.0,1.0,1.0,1.0,0.0,1.0,1.0,60,1.0,1.0,1.0,1.0,0.0,1.0,1.0,60,0.0,0.0,0.0,0.0,0.0,0.0,0.0,60,1.0,1.0,1.0,1.0,0.0,1.0,1.0,60,64.563106796117,64.563106796117,64.563106796117,64.563106796117,0.0,64.563106796117,64.563106796117,60,0.64563106796117,0.64563106796117,0.64563106796117,0.64563106796117,0.0,0.64563106796117,0.64563106796117,60,64.563106796117,64.563106796117,64.563106796117,64.563106796117,0.0,64.563106796117,64.563106796117,60,8.0,8.0,8.0,8.0,0.0,8.0,8.0,60,8.0,8.0,8.0,7.85,0.6593525329532484,5.0,8.0,60,21.0,21.0,21.0,21.0,0.0,21.0,21.0,,,,,,,,
phase1,G_simpleui_bookshelf,paging,paging,hierarchical,2000,close_bookshelf,PASS,3,3,0,0,3,10.18,9.5304,11.830400000000001,10.597,1.4821683440149436,9.368,12.243,3,23279.154296875,22096.883984375003,31941.8597656246,26396.00227864567,6719.138114052041,21801.31640625,34107.536132812,3,-4843.408203125,-5647.829296875,-782.7566406249998,-3486.6455078125,3259.7975860079882,-5848.9345703125,232.40625,3,228176.0,226896.00000000003,230544.0,228629.33333333334,2313.554264186024,226576.0,231136.0,3,1.0,1.0,1.0,1.0,0.0,1.0,1.0,3,1.0,1.0,1.0,1.0,0.0,1.0,1.0,3,1.0,1.0,1.0,1.0,0.0,1.0,1.0,3,0.0,0.0,0.0,0.0,0.0,0.0,0.0,3,100.0,100.0,100.0,100.0,0.0,100.0,100.0,3,1.0,1.0,1.0,1.0,0.0,1.0,1.0,3,100.0,100.0,100.0,100.0,0.0,100.0,100.0,,,,,,,,,,,,,,,,,,,,,,,,,,,,,,,,
phase1,G_simpleui_bookshelf,paging,paging,hierarchical,2000,library_cached_paging,PASS,3,90,0,0,90,20.9255,16.871499999999997,37.3797,23.581377777777778,7.805105241648474,12.276,44.603,90,15263.63671875,13408.256445312001,17453.7185546875,15412.684516058922,1566.140949580394,13317.168945312,20046.259765625,90,852.79345703125,-3271.4839843749996,1144.9449218750003,109.99780815972223,1812.670822092009,-6630.6650390625,1256.0,90,193952.0,190768.0,196624.0,193800.17777777778,2387.246707913626,190720.0,196624.0,90,2.0,2.0,2.0,2.0,0.0,2.0,2.0,90,2.0,2.0,2.0,2.0,0.0,2.0,2.0,90,1.0,1.0,1.0,1.0,0.0,1.0,1.0,90,1.0,1.0,1.0,1.0,0.0,1.0,1.0,90,100.0,100.0,100.0,100.0,0.0,100.0,100.0,90,1.0983009708738,1.0983009708738,1.0983009708738,1.0983009708738,0.0,1.0983009708738,1.0983009708738,90,100.0,100.0,100.0,100.0,0.0,100.0,100.0,90,8.0,8.0,8.0,8.0,0.0,8.0,8.0,90,8.0,8.0,8.0,8.0,0.0,8.0,8.0,90,21.0,21.0,21.0,21.0,0.0,21.0,21.0,,,,,,,,
phase1,G_simpleui_bookshelf,paging,paging,hierarchical,2000,library_sequential_paging,PASS,3,60,0,0,60,18.109,15.8833,33.6647,20.488283333333335,6.763917672051737,14.251,41.404,60,14809.493652344001,13136.798242186998,18383.295214843303,15390.709733072801,1924.9551906128409,13052.348632812,18984.814453125,60,461.38623046875,-1493.38837890625,505.414453125,-80.36442057291667,1434.0229040966267,-5925.2744140625,549.9296875,60,179632.0,178992.0,182256.0,180268.26666666666,1437.3863034378526,178992.0,182256.0,60,2.0,2.0,2.0,2.0,0.0,2.0,2.0,60,2.0,2.0,2.0,2.0,0.0,2.0,2.0,60,1.0,1.0,1.0,1.0,0.0,1.0,1.0,60,1.0,1.0,1.0,1.0,0.0,1.0,1.0,60,100.0,100.0,100.0,100.0,0.0,100.0,100.0,60,1.0983009708738,1.0983009708738,1.0983009708738,1.0983009708738,0.0,1.0983009708738,1.0983009708738,60,100.0,100.0,100.0,100.0,0.0,100.0,100.0,60,8.0,8.0,8.0,8.0,0.0,8.0,8.0,60,8.0,8.0,8.0,7.85,0.6593525329532484,5.0,8.0,60,21.0,21.0,21.0,21.0,0.0,21.0,21.0,,,,,,,,
phase1,G_simpleui_bookshelf,paging,paging,hierarchical,2000,open_bookshelf,PASS,3,3,0,0,3,97.134,95.3908,101.8692,98.38066666666667,4.190469464550879,94.955,103.053,3,15869.250976562,15809.454101562,15873.375976562,15846.054361978668,44.717539403254015,15794.504882812,15874.407226562,3,130.28515625,-2920.2109375000005,278.7796875,-1078.8821614583333,2256.9982636555183,-3682.8349609375,315.9033203125,3,197680.0,196835.2,203811.2,199882.66666666666,4759.0340756642345,196624.0,205344.0,3,1.0,1.0,1.0,1.0,0.0,1.0,1.0,3,1.0,1.0,1.0,1.0,0.0,1.0,1.0,3,1.0,1.0,1.0,1.0,0.0,1.0,1.0,3,0.0,0.0,0.0,0.0,0.0,0.0,0.0,3,100.0,100.0,100.0,100.0,0.0,100.0,100.0,3,1.0,1.0,1.0,1.0,0.0,1.0,1.0,3,100.0,100.0,100.0,100.0,0.0,100.0,100.0,,,,,,,,,,,,,,,,,3,21.0,21.0,21.0,21.0,0.0,21.0,21.0,,,,,,,,
phase1,G_simpleui_bookshelf,paging,paging,hierarchical,2000,paging_probe_step_2_to_3,PASS,3,3,0,0,3,15.471,15.4646,16.546200000000002,15.916333333333334,0.7782784420330136,15.463,16.815,3,14555.439453125,14119.749609375402,14838.062890625,14491.661783854333,452.3306593213555,14010.827148438,14908.71875,3,487.0947265625,461.8837890625,501.5384765625,482.6083984375,25.086867437290014,455.5810546875,505.1494140625,3,189424.0,188272.0,191612.8,189856.0,2121.252460222498,187984.0,192160.0,3,2.0,2.0,2.0,2.0,0.0,2.0,2.0,3,2.0,2.0,2.0,2.0,0.0,2.0,2.0,3,1.0,1.0,1.0,1.0,0.0,1.0,1.0,3,1.0,1.0,1.0,1.0,0.0,1.0,1.0,3,100.0,100.0,100.0,100.0,0.0,100.0,100.0,3,1.0983009708738,1.0983009708738,1.0983009708738,1.0983009708738,0.0,1.0983009708738,1.0983009708738,3,100.0,100.0,100.0,100.0,0.0,100.0,100.0,3,8.0,8.0,8.0,8.0,0.0,8.0,8.0,3,8.0,8.0,8.0,8.0,0.0,8.0,8.0,3,21.0,21.0,21.0,21.0,0.0,21.0,21.0,,,,,,,,
phase1,G_simpleui_bookshelf,steady_state_cold,startup,hierarchical,2000,home_to_library,PASS,3,3,0,0,3,10.468,10.3552,11.6552,10.915666666666667,0.9002557044158805,10.327,11.952,3,12947.647460938,12940.1498046876,12970.753710938001,12954.151041667,19.93944423706587,12938.275390625,12976.530273438,3,408.9853515625,386.6251953125,422.40410156250005,405.259765625,22.593380134900244,381.03515625,425.7587890625,3,172976.0,170492.80000000002,173577.59999999998,172192.0,2044.0587075717763,169872.0,173728.0,3,4.0,4.0,4.0,4.0,0.0,4.0,4.0,3,4.0,4.0,4.0,4.0,0.0,4.0,4.0,3,2.0,2.0,2.0,2.0,0.0,2.0,2.0,3,2.0,2.0,2.0,2.0,0.0,2.0,2.0,3,100.0,100.0,100.0,100.0,0.0,100.0,100.0,3,2.1966019417476,2.1966019417476,2.1966019417476,2.1966019417476,0.0,2.1966019417476,2.1966019417476,3,100.0,100.0,100.0,100.0,0.0,100.0,100.0,,,,,,,,,,,,,,,,,,,,,,,,,,,,,,,,
phase1,G_simpleui_bookshelf,steady_state_cold,startup,hierarchical,2000,library_first_render,PASS,3,3,0,0,3,23.91,21.9172,24.6428,23.385,1.7631310217904963,21.419,24.826,3,13927.241210938,13837.6326171876,13930.3513671876,13891.200195312667,65.82042281248656,13815.23046875,13931.12890625,3,941.09375,880.7140625000001,966.8257812500001,926.6572265625,55.25290386629705,865.619140625,973.2587890625,3,177600.0,173900.80000000002,180697.6,177349.33333333334,4253.543150519733,172976.0,181472.0,3,8.0,8.0,8.0,8.0,0.0,8.0,8.0,3,8.0,8.0,8.0,8.0,0.0,8.0,8.0,3,3.0,3.0000000000000004,3.0,3.0,0.0,3.0,3.0,3,5.0,5.0,5.0,5.0,0.0,5.0,5.0,3,100.0,100.0,100.0,100.0,0.0,100.0,100.0,3,3.4915048543689,3.4915048543689005,3.4915048543689,3.4915048543689,0.0,3.4915048543689,3.4915048543689,3,100.0,100.0,100.0,100.0,0.0,100.0,100.0,,,,,,,,,,,,,,,,,,,,,,,,,,,,,,,,
phase1,G_simpleui_bookshelf,warm,synthetic,flat,2000,bookshelf_cached_paging,PASS,1,30,0,0,30,161.4375,158.5487,176.9721,165.31156666666666,7.435591582722755,157.588,180.681,30,139886.15722656,122166.339550781,156677.37851562502,139563.789908854,13056.333291908519,118608.93652344,160696.86425781,30,1430.7763671875,1302.55615234375,1562.1151367187501,1434.7189453125,151.7765223507664,1127.3349609375,1799.6513671875,30,363488.0,363488.0,363488.0,363488.0,0.0,363488.0,363488.0,30,0.0,0.0,0.0,0.0,0.0,0.0,0.0,30,8.0,8.0,8.0,8.0,0.0,8.0,8.0,30,0.0,0.0,0.0,0.0,0.0,0.0,0.0,30,8.0,8.0,8.0,8.0,0.0,8.0,8.0,30,64.563106796117,64.563106796117,64.563106796117,64.563106796117,0.0,64.563106796117,64.563106796117,30,1.2102970748107,1.2102970748107,1.2102970748107,1.2102970748107,0.0,1.2102970748107,1.2102970748107,30,64.563106796117,64.563106796117,64.563106796117,64.563106796117,0.0,64.563106796117,64.563106796117,30,8.0,8.0,8.0,8.0,0.0,8.0,8.0,30,8.0,8.0,8.0,8.0,0.0,8.0,8.0,30,250.0,250.0,250.0,250.0,0.0,250.0,250.0,,,,,,,,
phase1,G_simpleui_bookshelf,warm,synthetic,flat,2000,bookshelf_cached_paging_anim_off,PASS,1,30,0,0,30,9.404,8.5791,20.1555,12.064866666666665,5.393917664806596,7.262,29.508,30,225094.81933594,111803.746093748,241477.38642578298,201763.133203125,50607.281122518085,108006.39941406,245368.17773438,30,1345.6435546875,-29907.473242187498,1517.1369140625002,-3353.9546549479,12469.996044422145,-42242.844726562,1634.9892578125,30,435360.0,425104.0,443889.6,434914.13333333336,8105.505373566755,421472.0,443904.0,30,1.0,1.0,1.0,1.0,0.0,1.0,1.0,30,1.0,1.0,1.0,1.0,0.0,1.0,1.0,30,0.0,0.0,0.0,0.0,0.0,0.0,0.0,30,1.0,1.0,1.0,1.0,0.0,1.0,1.0,30,64.563106796117,64.563106796117,64.563106796117,64.563106796117,0.0,64.563106796117,64.563106796117,30,0.64563106796117,0.64563106796117,0.64563106796117,0.64563106796117,0.0,0.64563106796117,0.64563106796117,30,64.563106796117,64.563106796117,64.563106796117,64.563106796117,0.0,64.563106796117,64.563106796117,30,8.0,8.0,8.0,8.0,0.0,8.0,8.0,30,8.0,8.0,8.0,8.0,0.0,8.0,8.0,30,250.0,250.0,250.0,250.0,0.0,250.0,250.0,,,,,,,,
phase1,G_simpleui_bookshelf,warm,synthetic,flat,2000,bookshelf_first_render,PASS,1,10,0,0,10,9.9215,9.4067,89.9032,27.063299999999998,34.778080434057564,8.747,96.502,10,101223.7578125,99098.941015625,108591.000488279,102341.778027345,3694.055127353599,99009.341796875,109525.2734375,10,1025.833984375,-3758.16005859375,1094.05595703125,-508.900390625,3741.7700684171527,-10518.556640625,1144.9033203125,10,333936.0,333936.0,333936.0,333936.0,0.0,333936.0,333936.0,10,1.0,1.0,7.199999999999999,2.6,2.9514591494904874,1.0,9.0,10,1.0,1.0,7.199999999999999,2.6,2.9514591494904874,1.0,9.0,10,1.0,1.0,7.199999999999999,2.6,2.9514591494904874,1.0,9.0,10,0.0,0.0,0.0,0.0,0.0,0.0,0.0,10,100.0,100.0,100.0,100.0,0.0,100.0,100.0,10,1.0,1.0,7.199999999999999,2.6,2.9514591494904874,1.0,9.0,10,100.0,100.0,100.0,100.0,0.0,100.0,100.0,,,,,,,,,,,,,,,,,10,250.0,250.0,250.0,250.0,0.0,250.0,250.0,,,,,,,,
phase1,G_simpleui_bookshelf,warm,synthetic,flat,2000,bookshelf_sequential_paging,PASS,1,30,0,0,30,182.7625,178.14999999999998,188.20690000000002,185.56056666666666,12.46940261457492,171.466,232.116,30,118107.0078125,106937.985742188,138049.328417971,120492.04013672001,11882.027186043559,104184.95410156,141513.80761719,30,1718.748046875,1447.70576171875,1821.8623046875,362.3518880208166,6731.643770279497,-35099.413085938,2054.7509765625,30,350592.0,349520.0,358704.0,352781.86666666664,4334.505879911631,345952.0,358736.0,30,0.0,0.0,2.8000000000000114,1.4666666666666666,4.485481047767904,0.0,20.0,30,8.0,8.0,10.800000000000011,9.466666666666667,4.485481047767904,8.0,28.0,30,0.0,0.0,2.8000000000000114,1.4666666666666666,4.485481047767904,0.0,20.0,30,8.0,8.0,8.0,8.0,0.0,8.0,8.0,30,64.563106796117,64.563106796117,100.0,69.28802588996807,12.252160663033086,64.563106796117,100.0,30,1.2102970748107,1.2102970748107,4.010297074810742,2.6769637414773966,4.485481047767991,1.2102970748107,21.210297074811,30,64.563106796117,64.563106796117,100.0,69.28802588996807,12.252160663033086,64.563106796117,100.0,30,8.0,8.0,8.0,8.0,0.0,8.0,8.0,30,8.0,8.0,8.0,8.0,0.0,8.0,8.0,30,250.0,250.0,250.0,250.0,0.0,250.0,250.0,,,,,,,,
phase1,G_simpleui_bookshelf,warm,synthetic,flat,2000,bookshelf_sequential_paging_anim_off,PASS,1,30,0,0,30,15.9915,14.625200000000001,25.1793,17.798366666666666,5.307439817147594,8.566,32.761,30,186311.86230469,167859.351074219,206045.212597658,186668.14007161467,14591.752526383174,163377.95019531,210811.17285156,30,1653.806640625,1477.0011718750002,1756.71083984375,1628.084375,116.66813431687031,1283.623046875,1775.8134765625,30,392672.0,372614.39999999997,413910.4,392883.2,15694.274375246447,367568.0,417760.0,30,1.0,1.0,1.0,1.0,0.0,1.0,1.0,30,1.0,1.0,1.0,1.0,0.0,1.0,1.0,30,0.0,0.0,0.0,0.0,0.0,0.0,0.0,30,1.0,1.0,1.0,1.0,0.0,1.0,1.0,30,64.563106796117,64.563106796117,64.563106796117,64.563106796117,0.0,64.563106796117,64.563106796117,30,0.64563106796117,0.64563106796117,0.64563106796117,0.64563106796117,0.0,0.64563106796117,0.64563106796117,30,64.563106796117,64.563106796117,64.563106796117,64.563106796117,0.0,64.563106796117,64.563106796117,30,8.0,8.0,8.0,8.0,0.0,8.0,8.0,30,8.0,8.0,8.0,8.0,0.0,8.0,8.0,30,250.0,250.0,250.0,250.0,0.0,250.0,250.0,,,,,,,,
phase1,G_simpleui_bookshelf,warm,synthetic,flat,2000,change_sort_mode,PASS,1,10,0,0,10,88.955,66.67150000000001,111.94869999999999,91.9511,19.350830963782634,62.77,117.787,10,17237.541015625,16907.18671875,27222.479980468695,21562.2701171874,6551.981514299553,15642.8203125,35299.571289062,10,12.90625,-10019.0651367187,9150.06396484375,-146.96367187495017,9571.925715490413,-18045.981445312,9161.775390625,10,213264.0,213264.0,214064.0,213424.0,337.3096170846271,213264.0,214064.0,10,9.0,9.0,9.0,9.0,0.0,9.0,9.0,10,9.0,9.0,9.0,9.0,0.0,9.0,9.0,10,3.0,3.0,3.0,3.0,0.0,3.0,3.0,10,6.0,6.0,6.0,6.0,0.0,6.0,6.0,10,100.0,100.0,100.0,100.0,0.0,100.0,100.0,10,3.5898058252427,3.5898058252427,3.5898058252427,3.5898058252427,0.0,3.5898058252427,3.5898058252427,10,100.0,100.0,100.0,100.0,0.0,100.0,100.0,,,,,,,,,,,,,,,,,,,,,,,,,,,,,,,,
phase1,G_simpleui_bookshelf,warm,synthetic,flat,2000,close_book,PASS,1,10,0,0,10,110.45400000000001,101.3906,233.1954,132.763,55.612162324840824,101.234,243.621,10,94749.102539063,77184.1129882817,103326.146582034,92982.0754882826,9954.617718330117,75818.720703125,104947.19335938,10,11974.971191406501,1757.5283203125,12222.6883789067,9888.3392578127,4536.82629123898,734.1650390625,12345.505859375,10,301552.0,288240.0,311208.0,300854.4,9392.580561272818,288240.0,314880.0,10,28.0,28.0,28.0,28.0,0.0,28.0,28.0,10,28.0,28.0,28.0,28.0,0.0,28.0,28.0,10,22.0,22.0,22.0,22.0,0.0,22.0,22.0,10,6.0,6.0,6.0,6.0,0.0,6.0,6.0,10,100.0,100.0,100.0,100.0,0.0,100.0,100.0,10,22.589805825243,22.589805825243,22.589805825243,22.589805825243,0.0,22.589805825243,22.589805825243,10,100.0,100.0,100.0,100.0,0.0,100.0,100.0,,,,,,,,,,,,,,,,,,,,,,,,,,,,,,,,
phase1,G_simpleui_bookshelf,warm,synthetic,flat,2000,close_bookshelf,PASS,1,10,0,0,10,16.661,16.2545,108.9387,35.43,39.00275875712725,15.836,109.98,10,102885.705078125,99067.142773438,105803.65019531,102685.1119140626,2719.3228802666013,98602.897460938,106979.28222656,10,574.68603515625,-9067.537109375,677.7779296875,-1363.09873046875,4163.874551724255,-9499.2294921875,767.23828125,10,450736.0,450736.0,450816.0,450768.0,41.31182235954578,450736.0,450816.0,10,5.0,5.0,5.0,5.0,0.0,5.0,5.0,10,5.0,5.0,5.0,5.0,0.0,5.0,5.0,10,4.0,4.0,4.0,4.0,0.0,4.0,4.0,10,1.0,1.0,1.0,1.0,0.0,1.0,1.0,10,100.0,100.0,100.0,100.0,0.0,100.0,100.0,10,4.0625,4.0625,4.0625,4.0625,0.0,4.0625,4.0625,10,100.0,100.0,100.0,100.0,0.0,100.0,100.0,,,,,,,,,,,,,,,,,,,,,,,,,,,,,,,,
phase1,G_simpleui_bookshelf,warm,synthetic,flat,2000,close_quick_settings,PASS,1,10,0,0,10,8.171,8.0167,8.6387,8.2844,0.3810681478860877,7.762,9.149,10,101307.88671875,100483.88037109599,102121.5921875,101300.459179688,689.5710739422242,100257.25,102315.11328125,10,26.966796875,23.625,31.97060546874999,29.02626953125,9.096997106418339,18.791015625,53.3798828125,10,450816.0,450816.0,450816.0,450816.0,0.0,450816.0,450816.0,10,3.0,3.0,3.0,3.0,0.0,3.0,3.0,10,3.0,3.0,3.0,3.0,0.0,3.0,3.0,10,3.0,3.0,3.0,3.0,0.0,3.0,3.0,10,0.0,0.0,0.0,0.0,0.0,0.0,0.0,10,100.0,100.0,100.0,100.0,0.0,100.0,100.0,10,3.0,3.0,3.0,3.0,0.0,3.0,3.0,10,100.0,100.0,100.0,100.0,0.0,100.0,100.0,,,,,,,,,,,,,,,,,,,,,,,,,,,,,,,,
phase1,G_simpleui_bookshelf,warm,synthetic,flat,2000,home_to_library,PASS,1,10,0,0,10,14.3675,8.3588,17.260799999999996,13.538,5.021793128178642,8.339,24.792,10,17179.333007813,16123.925976561999,18981.5897460938,17515.4447265626,1404.0735697877565,15634.016601562,20145.823242188,10,830.85205078125,633.0037109375,1018.61484375,783.9041015625,258.27056302348313,137.17578125,1054.13671875,10,185256.0,184974.4,185704.0,185297.6,329.2399327744636,184960.0,185776.0,10,4.0,4.0,4.0,4.0,0.0,4.0,4.0,10,4.0,4.0,4.0,4.0,0.0,4.0,4.0,10,2.0,2.0,2.0,2.0,0.0,2.0,2.0,10,2.0,2.0,2.0,2.0,0.0,2.0,2.0,10,100.0,100.0,100.0,100.0,0.0,100.0,100.0,10,2.1966019417476,2.1966019417476,2.1966019417476,2.1966019417476,0.0,2.1966019417476,2.1966019417476,10,100.0,100.0,100.0,100.0,0.0,100.0,100.0,,,,,,,,,,,,,,,,,,,,,,,,,,,,,,,,
phase1,G_simpleui_bookshelf,warm,synthetic,flat,2000,library_cached_paging,PASS,1,30,0,0,30,13.093,8.204,34.216,15.5531,9.48273573704449,6.536,38.852,30,18584.82421875,17451.543359375,20324.4009765625,18692.943912760402,1062.3556849563151,17248.208984375,20706.283203125,30,609.71875,-1590.3816406249994,860.3068359375001,105.82565104166666,1198.7179772447778,-3247.1484375,869.4375,30,206720.0,206720.0,206771.2,206771.2,156.2258312342347,206720.0,207232.0,30,2.0,2.0,2.0,2.0,0.0,2.0,2.0,30,2.0,2.0,2.0,2.0,0.0,2.0,2.0,30,1.0,1.0,1.0,1.0,0.0,1.0,1.0,30,1.0,1.0,1.0,1.0,0.0,1.0,1.0,30,100.0,100.0,100.0,100.0,0.0,100.0,100.0,30,1.0983009708738,1.0983009708738,1.0983009708738,1.0983009708738,0.0,1.0983009708738,1.0983009708738,30,100.0,100.0,100.0,100.0,0.0,100.0,100.0,30,8.0,8.0,8.0,8.0,0.0,8.0,8.0,30,8.0,8.0,8.0,8.0,0.0,8.0,8.0,30,251.0,251.0,251.0,251.0,0.0,251.0,251.0,,,,,,,,
phase1,G_simpleui_bookshelf,warm,synthetic,flat,2000,library_first_render,PASS,1,10,0,0,10,66.97749999999999,48.5881,77.28670000000001,63.982600000000005,12.376400842822692,48.346,80.425,10,19062.354980468997,18330.1640625004,25516.9909179683,21624.2909179687,4378.129295109787,17565.594726562,31072.642578125,10,-746.5849609375,-6735.91777343755,6333.245898437501,-636.8303710938001,6724.283104447629,-12040.229492188,6446.8603515625,10,204744.0,203881.59999999998,206662.40000000002,204694.4,2407.4692659858956,198352.0,206720.0,10,8.0,8.0,8.0,8.0,0.0,8.0,8.0,10,8.0,8.0,8.0,8.0,0.0,8.0,8.0,10,3.0,3.0,3.0,3.0,0.0,3.0,3.0,10,5.0,5.0,5.0,5.0,0.0,5.0,5.0,10,100.0,100.0,100.0,100.0,0.0,100.0,100.0,10,3.4915048543689,3.4915048543689,3.4915048543689,3.4915048543688996,0.0,3.4915048543689,3.4915048543689,10,100.0,100.0,100.0,100.0,0.0,100.0,100.0,,,,,,,,,,,,,,,,,,,,,,,,,,,,,,,,
phase1,G_simpleui_bookshelf,warm,synthetic,flat,2000,library_folder_back,PASS,1,10,0,0,10,92.893,69.526,100.83739999999999,89.4526,11.768694982877243,67.483,101.597,10,16827.99609375,16245.084765625,26551.240136718698,18718.967480468702,4253.234922754549,15976.62109375,27005.352539062,10,-630.6943359375,-10594.974414061999,9426.33740234375,-734.2039062499,6710.581681841229,-10670.497070312,9506.796875,10,213264.0,213217.6,213264.0,213243.2,55.451279917098795,213088.0,213264.0,10,9.0,9.0,9.0,9.0,0.0,9.0,9.0,10,9.0,9.0,9.0,9.0,0.0,9.0,9.0,10,3.0,3.0,3.0,3.0,0.0,3.0,3.0,10,6.0,6.0,6.0,6.0,0.0,6.0,6.0,10,100.0,100.0,100.0,100.0,0.0,100.0,100.0,10,3.5898058252427,3.5898058252427,3.5898058252427,3.5898058252427,0.0,3.5898058252427,3.5898058252427,10,100.0,100.0,100.0,100.0,0.0,100.0,100.0,,,,,,,,,,,,,,,,,,,,,,,,,,,,,,,,
phase1,G_simpleui_bookshelf,warm,synthetic,flat,2000,library_folder_enter,PASS,1,10,0,0,10,7.8525,6.9309,10.831999999999994,9.3742,4.886998210671978,6.615,23.018,10,17766.815917968997,17011.426464844197,27587.7368164067,21094.4997070314,5190.24703725451,15096.796875,27779.650390625,10,674.8681640625,396.94052734375,697.23291015625,420.9716796875,801.6507048104978,-1860.01953125,700.0498046875,10,212752.0,212134.4,212865.6,212611.2,317.3938317681118,212048.0,213024.0,10,9.0,9.0,9.0,9.0,0.0,9.0,9.0,10,9.0,9.0,9.0,9.0,0.0,9.0,9.0,10,3.0,3.0,3.0,3.0,0.0,3.0,3.0,10,6.0,6.0,6.0,6.0,0.0,6.0,6.0,10,100.0,100.0,100.0,100.0,0.0,100.0,100.0,10,3.5898058252427,3.5898058252427,3.5898058252427,3.5898058252427,0.0,3.5898058252427,3.5898058252427,10,100.0,100.0,100.0,100.0,0.0,100.0,100.0,,,,,,,,,,,,,,,,,,,,,,,,,,,,,,,,
phase1,G_simpleui_bookshelf,warm,synthetic,flat,2000,library_sequential_paging,PASS,1,30,0,0,30,13.4055,11.7642,33.082300000000004,17.686266666666665,9.111496046330638,9.95,41.922,30,17635.157714843997,16963.9028320312,18388.3178710938,17633.802669270768,612.737095618334,16598.633789062,19337.098632812,30,343.021484375,-1346.7738281250001,372.86435546875003,-42.26123046875,830.5375034944939,-2745.65234375,378.3251953125,30,206720.0,206720.0,206720.0,206720.0,0.0,206720.0,206720.0,30,2.0,2.0,2.0,2.0,0.0,2.0,2.0,30,2.0,2.0,2.0,2.0,0.0,2.0,2.0,30,1.0,1.0,1.0,1.0,0.0,1.0,1.0,30,1.0,1.0,1.0,1.0,0.0,1.0,1.0,30,100.0,100.0,100.0,100.0,0.0,100.0,100.0,30,1.0983009708738,1.0983009708738,1.0983009708738,1.0983009708738,0.0,1.0983009708738,1.0983009708738,30,100.0,100.0,100.0,100.0,0.0,100.0,100.0,30,8.0,8.0,8.0,8.0,0.0,8.0,8.0,30,8.0,8.0,8.0,8.0,0.0,8.0,8.0,30,251.0,251.0,251.0,251.0,0.0,251.0,251.0,,,,,,,,
phase1,G_simpleui_bookshelf,warm,synthetic,flat,2000,open_book,PASS,1,10,0,0,10,126.43199999999999,112.73949999999999,143.98329999999999,127.9858,21.155965214987894,95.284,176.395,10,59013.5874023435,51404.7546875004,67440.8069335937,59096.05039062489,6726.7481941564,48957.333007812,68919.973632812,10,1132.6318359375,-7.527832031249773,1373.79677734375,224.29755859375,3096.443465380379,-8577.4306640625,1421.3974609375,10,268352.0,262904.0,275905.6,269774.4,6191.117709177309,261248.0,278368.0,10,9.0,9.0,9.0,9.0,0.0,9.0,9.0,10,9.0,9.0,9.0,9.0,0.0,9.0,9.0,10,9.0,9.0,9.0,9.0,0.0,9.0,9.0,10,0.0,0.0,0.0,0.0,0.0,0.0,0.0,10,100.0,100.0,100.0,100.0,0.0,100.0,100.0,10,9.0,9.0,9.0,9.0,0.0,9.0,9.0,10,100.0,100.0,100.0,100.0,0.0,100.0,100.0,,,,,,,,,,,,,,,,,,,,,,,,,,,,,,,,
phase1,G_simpleui_bookshelf,warm,synthetic,flat,2000,open_book_minimal,PASS,1,10,0,0,10,88.265,76.8903,118.44779999999999,94.49929999999999,20.262039455592813,64.995,135.267,10,32407.100097656,24564.4883789058,40619.8258789062,32408.976855468598,6796.68614766404,21215.953125,41907.086914062,10,-3094.4326171875,-9149.0595703125,1423.47841796875,-3640.183984375,5274.905286156192,-10088.232421875,1483.41015625,10,239904.0,235552.0,250665.59999999998,242216.0,5998.377262041608,235552.0,252192.0,10,0.0,0.0,0.0,0.0,0.0,0.0,0.0,10,0.0,0.0,0.0,0.0,0.0,0.0,0.0,10,0.0,0.0,0.0,0.0,0.0,0.0,0.0,10,0.0,0.0,0.0,0.0,0.0,0.0,0.0,10,0.0,0.0,0.0,0.0,0.0,0.0,0.0,10,0.0,0.0,0.0,0.0,0.0,0.0,0.0,10,0.0,0.0,0.0,0.0,0.0,0.0,0.0,,,,,,,,,,,,,,,,,,,,,,,,,,,,,,,,
phase1,G_simpleui_bookshelf,warm,synthetic,flat,2000,open_bookshelf,PASS,1,10,0,0,10,13.4115,11.417100000000001,20.516,15.0886,4.586024838814354,11.049,25.601,10,103866.4609375,100529.3828125,118507.726464848,106213.857324219,7155.382731591225,100007.20703125,120187.57910156,10,1250.71728515625,1140.4642578125,1402.4295898437501,1247.71494140625,107.12697141270849,1138.5078125,1419.91015625,10,333688.0,332211.19999999995,333936.0,333244.8,1155.7666815677903,330224.0,333936.0,10,1.0,1.0,3.1999999999999993,1.6,1.3498971154211057,1.0,5.0,10,1.0,1.0,3.1999999999999993,1.6,1.3498971154211057,1.0,5.0,10,1.0,1.0,3.1999999999999993,1.6,1.3498971154211057,1.0,5.0,10,0.0,0.0,0.0,0.0,0.0,0.0,0.0,10,100.0,100.0,100.0,100.0,0.0,100.0,100.0,10,1.0,1.0,3.1999999999999993,1.6,1.3498971154211057,1.0,5.0,10,100.0,100.0,100.0,100.0,0.0,100.0,100.0,,,,,,,,,,,,,,,,,10,250.0,250.0,250.0,250.0,0.0,250.0,250.0,,,,,,,,
phase1,G_simpleui_bookshelf,warm,synthetic,flat,2000,open_quick_settings,PASS,1,10,0,0,10,8.678,8.331100000000001,11.0811,9.1491,1.1707410236446165,8.062,11.496,10,110304.436035155,107861.37480469,112562.137792966,110249.489062499,1987.6188468040073,107163.63574219,113137.68164062,10,610.02734375,584.5244140625,701.35751953125,630.63212890625,56.806680539667475,578.626953125,760.3681640625,10,450816.0,450816.0,450816.0,450816.0,0.0,450816.0,450816.0,10,5.0,5.0,5.0,5.0,0.0,5.0,5.0,10,5.0,5.0,5.0,5.0,0.0,5.0,5.0,10,3.0,3.0,3.0,3.0,0.0,3.0,3.0,10,2.0,2.0,2.0,2.0,0.0,2.0,2.0,10,100.0,100.0,100.0,100.0,0.0,100.0,100.0,10,3.1966019417476,3.1966019417476,3.1966019417476,3.1966019417476,0.0,3.1966019417476,3.1966019417476,10,100.0,100.0,100.0,100.0,0.0,100.0,100.0,,,,,,,,,,,,,,,,,,,,,,,,,,,,,,,,
phase1,G_simpleui_bookshelf,warm,synthetic,flat,2000,repeated_nav,PASS,1,2,0,0,2,501.99350000000004,227.0739,776.9131,501.99350000000004,485.99378360273295,158.344,845.643,2,104257.125976565,101925.48613281702,106588.76582031301,104257.125976565,4121.795861997378,101342.57617188,107171.67578125,2,-254.66015625,-4812.357031250001,4303.03671875,-254.66015625,8056.945917263091,-5951.78125,5442.4609375,2,450816.0,450816.0,450816.0,450816.0,0.0,450816.0,450816.0,2,20.0,20.0,20.0,20.0,0.0,20.0,20.0,2,20.0,20.0,20.0,20.0,0.0,20.0,20.0,2,10.0,10.0,10.0,10.0,0.0,10.0,10.0,2,10.0,10.0,10.0,10.0,0.0,10.0,10.0,2,100.0,100.0,100.0,100.0,0.0,100.0,100.0,2,10.983009708738,10.983009708738003,10.983009708738,10.983009708738,0.0,10.983009708738,10.983009708738,2,100.0,100.0,100.0,100.0,0.0,100.0,100.0,,,,,,,,,,,,,,,,,,,,,,,,,,,,,,,,
phase1,G_simpleui_bookshelf,warm,synthetic,flat,2000,start_to_home,PASS,1,10,0,0,10,13.672,9.0627,27.177799999999998,17.422900000000002,7.473479339192243,8.691,27.581,10,16407.0673828125,15044.888085937,17916.264257812,16376.0718749997,1310.3607185302203,14988.536132812,18646.649414062,10,390.38671875,-3749.3025390625003,427.33476562499993,-929.0271484375,1943.3776324186545,-4501.6796875,461.8125,10,184440.0,183708.8,184864.0,184044.8,1321.4144610143246,180368.0,184864.0,10,4.0,4.0,4.0,4.0,0.0,4.0,4.0,10,4.0,4.0,4.0,4.0,0.0,4.0,4.0,10,3.0,3.0,3.0,3.0,0.0,3.0,3.0,10,1.0,1.0,1.0,1.0,0.0,1.0,1.0,10,100.0,100.0,100.0,100.0,0.0,100.0,100.0,10,3.0625,3.0625,3.0625,3.0625,0.0,3.0625,3.0625,10,100.0,100.0,100.0,100.0,0.0,100.0,100.0,,,,,,,,,,,,,,,,,,,,,,,,,,,,,,,,
phase1,G_simpleui_bookshelf,warm,synthetic,flat,50,bookshelf_cached_paging,PASS,1,30,0,0,30,159.74400000000003,158.1695,167.48329999999999,161.21933333333334,4.730468033513383,157.855,175.038,30,69796.0209960935,55415.2620117187,86453.4643554687,70709.44820963543,11511.733140988745,52792.690429688,90441.767578125,30,1339.90625,1222.71396484375,1521.3988281250001,777.4772786458333,2883.791940364893,-14255.958984375,1859.474609375,30,277728.0,277728.0,278675.2,278144.0,1258.109364250101,277728.0,283152.0,30,0.0,0.0,0.0,0.0,0.0,0.0,0.0,30,8.0,8.0,8.0,8.0,0.0,8.0,8.0,30,0.0,0.0,0.0,0.0,0.0,0.0,0.0,30,8.0,8.0,8.0,8.0,0.0,8.0,8.0,30,64.563106796117,64.563106796117,64.563106796117,64.563106796117,0.0,64.563106796117,64.563106796117,30,1.2102970748107,1.2102970748107,1.2102970748107,1.2102970748107,0.0,1.2102970748107,1.2102970748107,30,64.563106796117,64.563106796117,64.563106796117,64.563106796117,0.0,64.563106796117,64.563106796117,30,8.0,8.0,8.0,8.0,0.0,8.0,8.0,30,8.0,8.0,8.0,8.0,0.0,8.0,8.0,30,7.0,7.0,7.0,7.0,0.0,7.0,7.0,,,,,,,,
phase1,G_simpleui_bookshelf,warm,synthetic,flat,50,bookshelf_cached_paging_anim_off,PASS,1,30,0,0,30,8.067,7.5095,11.535500000000008,9.199433333333333,3.361340226173476,7.066,20.164,30,71747.98828125,56216.12421875,115793.895996098,83609.9982421875,24917.01031085619,53133.704101562,119576.33203125,30,1224.8310546875,1145.79716796875,1470.7747070312498,-980.2075846354334,8790.232804949535,-36099.014648438,1483.8349609375,30,304672.0,292404.8,304739.2,301554.6666666667,4842.081437117529,291872.0,304768.0,30,1.0,1.0,1.0,1.0,0.0,1.0,1.0,30,1.0,1.0,1.0,1.0,0.0,1.0,1.0,30,0.0,0.0,0.0,0.0,0.0,0.0,0.0,30,1.0,1.0,1.0,1.0,0.0,1.0,1.0,30,64.563106796117,64.563106796117,64.563106796117,64.563106796117,0.0,64.563106796117,64.563106796117,30,0.64563106796117,0.64563106796117,0.64563106796117,0.64563106796117,0.0,0.64563106796117,0.64563106796117,30,64.563106796117,64.563106796117,64.563106796117,64.563106796117,0.0,64.563106796117,64.563106796117,30,8.0,8.0,8.0,8.0,0.0,8.0,8.0,30,8.0,8.0,8.0,8.0,0.0,8.0,8.0,30,7.0,7.0,7.0,7.0,0.0,7.0,7.0,,,,,,,,
phase1,G_simpleui_bookshelf,warm,synthetic,flat,50,bookshelf_first_render,PASS,1,10,0,0,10,10.013,9.3359,50.3692,18.3935,17.59267819450909,9.11,53.395,10,51545.58203125,48805.570703125,60267.613085938,52844.212988281295,4453.312818101135,48722.728515625,61491.620117188,10,1347.22119140625,-4899.7237304687005,1424.1646484374999,-577.93808593745,4608.653839250003,-12771.516601562,1435.982421875,10,272736.0,270870.4,272819.2,272236.8,1109.482041314775,269488.0,272848.0,10,1.0,1.0,1.0,1.0,0.0,1.0,1.0,10,1.0,1.0,1.0,1.0,0.0,1.0,1.0,10,1.0,1.0,1.0,1.0,0.0,1.0,1.0,10,0.0,0.0,0.0,0.0,0.0,0.0,0.0,10,100.0,100.0,100.0,100.0,0.0,100.0,100.0,10,1.0,1.0,1.0,1.0,0.0,1.0,1.0,10,100.0,100.0,100.0,100.0,0.0,100.0,100.0,,,,,,,,,,,,,,,,,10,7.0,7.0,7.0,7.0,0.0,7.0,7.0,,,,,,,,
phase1,G_simpleui_bookshelf,warm,synthetic,flat,50,bookshelf_sequential_paging,PASS,1,6,0,0,6,177.166,171.038,193.447,180.55033333333333,10.476138251601434,169.345,194.997,6,60072.22265625,56902.6162109375,62785.0244140625,59919.954427083336,2744.8742228523565,56053.572265625,63108.111328125,6,1593.62939453125,1061.93798828125,1880.412109375,1511.9931640625,476.00130522332637,635.564453125,2075.857421875,6,277728.0,277640.0,277728.0,277698.6666666667,71.8516991216399,277552.0,277728.0,6,0.0,0.0,0.0,0.0,0.0,0.0,0.0,6,8.0,8.0,8.0,8.0,0.0,8.0,8.0,6,0.0,0.0,0.0,0.0,0.0,0.0,0.0,6,8.0,8.0,8.0,8.0,0.0,8.0,8.0,6,64.563106796117,64.563106796117,64.563106796117,64.563106796117,0.0,64.563106796117,64.563106796117,6,1.2102970748107,1.2102970748107,1.2102970748107,1.2102970748107,0.0,1.2102970748107,1.2102970748107,6,64.563106796117,64.563106796117,64.563106796117,64.563106796117,0.0,64.563106796117,64.563106796117,6,8.0,8.0,8.0,8.0,0.0,8.0,8.0,6,8.0,5.0,8.0,7.0,2.449489742783178,2.0,8.0,6,7.0,7.0,7.0,7.0,0.0,7.0,7.0,,,,,,,,
phase1,G_simpleui_bookshelf,warm,synthetic,flat,50,bookshelf_sequential_paging_anim_off,PASS,1,6,0,0,6,15.946000000000002,10.949,25.636499999999998,17.5105,8.480743829405531,8.481,33.428,6,96692.2143554685,93817.602539063,99114.1752929685,96541.33072916667,2466.166508305403,93116.139648438,99488.243164062,6,1414.29638671875,1037.564453125,1480.56103515625,1310.8072916666667,283.11315740051754,745.4326171875,1506.169921875,6,291872.0,291400.0,291872.0,291714.6666666667,385.3863861978867,290928.0,291872.0,6,1.0,1.0,1.0,1.0,0.0,1.0,1.0,6,1.0,1.0,1.0,1.0,0.0,1.0,1.0,6,0.0,0.0,0.0,0.0,0.0,0.0,0.0,6,1.0,1.0,1.0,1.0,0.0,1.0,1.0,6,64.563106796117,64.563106796117,64.563106796117,64.563106796117,0.0,64.563106796117,64.563106796117,6,0.64563106796117,0.64563106796117,0.64563106796117,0.64563106796117,0.0,0.64563106796117,0.64563106796117,6,64.563106796117,64.563106796117,64.563106796117,64.563106796117,0.0,64.563106796117,64.563106796117,6,8.0,8.0,8.0,8.0,0.0,8.0,8.0,6,8.0,5.0,8.0,7.0,2.449489742783178,2.0,8.0,6,7.0,7.0,7.0,7.0,0.0,7.0,7.0,,,,,,,,
phase1,G_simpleui_bookshelf,warm,synthetic,flat,50,change_sort_mode,PASS,1,10,0,0,10,31.029,20.862199999999998,53.6455,33.8785,13.617296584776945,20.522,56.395,10,15316.86328125,14534.5359375,16508.0518554687,15490.378515624901,928.3829928715662,14414.009765625,17129.254882812,10,688.921875,-1463.7919921875,1472.53349609375,201.671875,1488.9297549990747,-2591.1474609375,1502.09375,10,194560.0,194560.0,194560.0,194560.0,0.0,194560.0,194560.0,10,9.0,9.0,9.0,9.0,0.0,9.0,9.0,10,9.0,9.0,9.0,9.0,0.0,9.0,9.0,10,3.0,3.0,3.0,3.0,0.0,3.0,3.0,10,6.0,6.0,6.0,6.0,0.0,6.0,6.0,10,100.0,100.0,100.0,100.0,0.0,100.0,100.0,10,3.5898058252427,3.5898058252427,3.5898058252427,3.5898058252427,0.0,3.5898058252427,3.5898058252427,10,100.0,100.0,100.0,100.0,0.0,100.0,100.0,,,,,,,,,,,,,,,,,,,,,,,,,,,,,,,,
phase1,G_simpleui_bookshelf,warm,synthetic,flat,50,close_book,PASS,1,10,0,0,10,46.5995,40.6007,104.17909999999999,57.008,25.84481044405025,40.175,107.051,10,47745.677734375,41862.88203125,50857.932031250006,46842.5296874998,3931.271727438766,39655.009765625,50979.013671875,10,5287.1953125,3406.0559570312503,5710.5544921875,4529.06455078125,2085.108553222958,-1101.2626953125,6034.974609375,10,253040.0,247566.4,258132.8,252998.4,4427.7023687988185,247408.0,258464.0,10,24.0,24.0,24.0,24.0,0.0,24.0,24.0,10,24.0,24.0,24.0,24.0,0.0,24.0,24.0,10,18.0,18.0,18.0,18.0,0.0,18.0,18.0,10,6.0,6.0,6.0,6.0,0.0,6.0,6.0,10,100.0,100.0,100.0,100.0,0.0,100.0,100.0,10,18.589805825243,18.589805825243,18.589805825243,18.589805825243,0.0,18.589805825243,18.589805825243,10,100.0,100.0,100.0,100.0,0.0,100.0,100.0,,,,,,,,,,,,,,,,,,,,,,,,,,,,,,,,
phase1,G_simpleui_bookshelf,warm,synthetic,flat,50,close_bookshelf,PASS,1,10,0,0,10,17.115499999999997,16.4269,57.24829999999999,25.0041,17.179311527079438,16.354,58.016,10,52203.248535156,49187.501953125,55349.6899414067,52348.287890625,2553.175844644104,48827.396484375,56670.892578125,10,632.70654296875,-7762.465234375,770.11376953125,-1163.1234375,3918.156306611768,-9521.775390625,804.7470703125,10,311152.0,310588.80000000005,311164.8,310987.2,312.9035350107477,310272.0,311280.0,10,5.0,5.0,5.0,5.0,0.0,5.0,5.0,10,5.0,5.0,5.0,5.0,0.0,5.0,5.0,10,4.0,4.0,4.0,4.0,0.0,4.0,4.0,10,1.0,1.0,1.0,1.0,0.0,1.0,1.0,10,100.0,100.0,100.0,100.0,0.0,100.0,100.0,10,4.0625,4.0625,4.0625,4.0625,0.0,4.0625,4.0625,10,100.0,100.0,100.0,100.0,0.0,100.0,100.0,,,,,,,,,,,,,,,,,,,,,,,,,,,,,,,,
phase1,G_simpleui_bookshelf,warm,synthetic,flat,50,close_quick_settings,PASS,1,10,0,0,10,8.1535,7.731599999999999,8.9207,8.0162,1.1585696929116234,4.875,9.044,10,50929.6674804685,50447.727246094204,51408.60703125,50955.631152343696,426.009110557036,50349.7265625,51619.400390625,10,32.80126953125,26.092871093750002,77.23046874999997,51.0125,43.240923117822476,25.6982421875,167.458984375,10,311824.0,311824.0,311824.0,311824.0,0.0,311824.0,311824.0,10,3.0,3.0,3.0,3.0,0.0,3.0,3.0,10,3.0,3.0,3.0,3.0,0.0,3.0,3.0,10,3.0,3.0,3.0,3.0,0.0,3.0,3.0,10,0.0,0.0,0.0,0.0,0.0,0.0,0.0,10,100.0,100.0,100.0,100.0,0.0,100.0,100.0,10,3.0,3.0,3.0,3.0,0.0,3.0,3.0,10,100.0,100.0,100.0,100.0,0.0,100.0,100.0,,,,,,,,,,,,,,,,,,,,,,,,,,,,,,,,
phase1,G_simpleui_bookshelf,warm,synthetic,flat,50,home_to_library,PASS,1,10,0,0,10,8.0195,6.5868,8.8968,7.806100000000001,0.9949642595479385,6.306,9.012,10,15505.1708984375,14771.713769531201,16772.0291015625,15616.739160156201,846.3629104744793,14688.770507812,17079.732421875,10,441.03662109375,422.19667968749997,516.1526367187499,462.74521484375,45.561628423051616,417.533203125,555.1171875,10,180928.0,180928.0,180928.0,180928.0,0.0,180928.0,180928.0,10,4.0,4.0,4.0,4.0,0.0,4.0,4.0,10,4.0,4.0,4.0,4.0,0.0,4.0,4.0,10,2.0,2.0,2.0,2.0,0.0,2.0,2.0,10,2.0,2.0,2.0,2.0,0.0,2.0,2.0,10,100.0,100.0,100.0,100.0,0.0,100.0,100.0,10,2.1966019417476,2.1966019417476,2.1966019417476,2.1966019417476,0.0,2.1966019417476,2.1966019417476,10,100.0,100.0,100.0,100.0,0.0,100.0,100.0,,,,,,,,,,,,,,,,,,,,,,,,,,,,,,,,
phase1,G_simpleui_bookshelf,warm,synthetic,flat,50,library_cached_paging,PASS,1,30,0,0,30,10.7585,8.3761,27.845600000000005,13.2894,6.989165169425977,5.935,29.27,30,16003.504394530999,14936.288476561998,17089.0545898438,15982.941210937399,832.5273418488441,14527.360351562,17845.63671875,30,404.68017578125,-1852.90029296875,683.0296874999999,48.26126302083333,1035.24449529512,-3081.3896484375,827.5146484375,30,185464.0,183952.0,185568.0,185276.26666666666,533.1607076950486,183952.0,185600.0,30,2.0,2.0,2.0,2.0,0.0,2.0,2.0,30,2.0,2.0,2.0,2.0,0.0,2.0,2.0,30,1.0,1.0,1.0,1.0,0.0,1.0,1.0,30,1.0,1.0,1.0,1.0,0.0,1.0,1.0,30,100.0,100.0,100.0,100.0,0.0,100.0,100.0,30,1.0983009708738,1.0983009708738,1.0983009708738,1.0983009708738,0.0,1.0983009708738,1.0983009708738,30,100.0,100.0,100.0,100.0,0.0,100.0,100.0,30,8.0,8.0,8.0,8.0,0.0,8.0,8.0,30,8.0,8.0,8.0,8.0,0.0,8.0,8.0,30,7.0,7.0,7.0,7.0,0.0,7.0,7.0,,,,,,,,
phase1,G_simpleui_bookshelf,warm,synthetic,flat,50,library_first_render,PASS,1,10,0,0,10,28.264499999999998,20.5664,39.911899999999996,30.369,8.776658412453392,20.507,46.958,10,15811.52734375,14509.1480468754,18009.737597656298,16245.595703125,1746.075773544781,14242.704101562,20045.577148438,10,766.81494140625,-3130.24716796875,1734.28642578125,-398.53408203125,2578.3032880023543,-5515.16015625,1903.0478515625,10,183664.0,182296.0,183952.0,183212.8,980.7766537007518,180928.0,183952.0,10,8.0,8.0,8.0,8.0,0.0,8.0,8.0,10,8.0,8.0,8.0,8.0,0.0,8.0,8.0,10,3.0,3.0,3.0,3.0,0.0,3.0,3.0,10,5.0,5.0,5.0,5.0,0.0,5.0,5.0,10,100.0,100.0,100.0,100.0,0.0,100.0,100.0,10,3.4915048543689,3.4915048543689,3.4915048543689,3.4915048543688996,0.0,3.4915048543689,3.4915048543689,10,100.0,100.0,100.0,100.0,0.0,100.0,100.0,,,,,,,,,,,,,,,,,,,,,,,,,,,,,,,,
phase1,G_simpleui_bookshelf,warm,synthetic,flat,50,library_folder_back,PASS,1,10,0,0,10,18.771,10.621,28.5937,19.5145,8.9207954335175,10.558,33.523,10,15300.510253906501,14059.005859375,17696.2946289062,15865.6344726562,1631.6901456885034,13842.126953125,18803.801757812,10,1089.56298828125,-2385.48173828125,1776.28564453125,148.1076171875,2359.1733355926485,-5452.9287109375,1844.8798828125,10,194552.0,194480.0,194560.0,194532.8,33.77309909117347,194480.0,194560.0,10,9.0,9.0,9.0,9.0,0.0,9.0,9.0,10,9.0,9.0,9.0,9.0,0.0,9.0,9.0,10,3.0,3.0,3.0,3.0,0.0,3.0,3.0,10,6.0,6.0,6.0,6.0,0.0,6.0,6.0,10,100.0,100.0,100.0,100.0,0.0,100.0,100.0,10,3.5898058252427,3.5898058252427,3.5898058252427,3.5898058252427,0.0,3.5898058252427,3.5898058252427,10,100.0,100.0,100.0,100.0,0.0,100.0,100.0,,,,,,,,,,,,,,,,,,,,,,,,,,,,,,,,
phase1,G_simpleui_bookshelf,warm,synthetic,flat,50,library_folder_enter,PASS,1,10,0,0,10,16.3575,12.3726,34.583800000000004,19.8246,8.92409978279789,9.408,35.158,10,14809.856445313,14322.046484375001,16757.3827148442,15179.516894531402,962.0282611985199,14199.857421875,16812.97265625,10,513.8271484375,-4103.2919921875,802.81689453125,-599.0013671875,2054.6393676211933,-4236.859375,868.4404296875,10,192848.0,192692.80000000002,192848.0,192692.8,490.7854928581325,191296.0,192848.0,10,9.0,9.0,9.0,9.0,0.0,9.0,9.0,10,9.0,9.0,9.0,9.0,0.0,9.0,9.0,10,3.0,3.0,3.0,3.0,0.0,3.0,3.0,10,6.0,6.0,6.0,6.0,0.0,6.0,6.0,10,100.0,100.0,100.0,100.0,0.0,100.0,100.0,10,3.5898058252427,3.5898058252427,3.5898058252427,3.5898058252427,0.0,3.5898058252427,3.5898058252427,10,100.0,100.0,100.0,100.0,0.0,100.0,100.0,,,,,,,,,,,,,,,,,,,,,,,,,,,,,,,,
phase1,G_simpleui_bookshelf,warm,synthetic,flat,50,library_sequential_paging,PASS,1,6,0,0,6,22.508000000000003,11.225999999999999,30.4605,21.39816666666667,8.930300026688167,8.199,31.559,6,14275.740722655999,14036.122070312,14455.322265625,14255.728352864333,199.43332032830014,13966.340820312,14499.545898438,6,-83.21630859375,-499.83203125,415.6962890625,-55.784016927083336,447.60103266787644,-690.984375,441.25,6,183952.0,183952.0,183952.0,183952.0,0.0,183952.0,183952.0,6,2.0,2.0,2.0,2.0,0.0,2.0,2.0,6,2.0,2.0,2.0,2.0,0.0,2.0,2.0,6,1.0,1.0,1.0,1.0,0.0,1.0,1.0,6,1.0,1.0,1.0,1.0,0.0,1.0,1.0,6,100.0,100.0,100.0,100.0,0.0,100.0,100.0,6,1.0983009708738,1.0983009708738,1.0983009708738,1.0983009708738,0.0,1.0983009708738,1.0983009708738,6,100.0,100.0,100.0,100.0,0.0,100.0,100.0,6,8.0,8.0,8.0,8.0,0.0,8.0,8.0,6,8.0,5.0,8.0,7.0,2.449489742783178,2.0,8.0,6,7.0,7.0,7.0,7.0,0.0,7.0,7.0,,,,,,,,
phase1,G_simpleui_bookshelf,warm,synthetic,flat,50,open_book,PASS,1,10,0,0,10,119.1465,65.7291,128.0205,106.56120000000001,23.96109606470919,65.46,128.718,10,31334.155761718503,28817.165820312002,34641.3270507812,31649.3857421874,2459.759853243799,28334.653320312,35746.594726562,10,-3209.36474609375,-4070.2130859374997,-313.88837890625,-2559.22841796875,1640.6873908876612,-4800.2080078125,-202.923828125,10,239488.0,234896.0,241244.80000000002,238308.8,3035.683953686,232304.0,241792.0,10,13.0,9.0,13.2,12.4,1.8973665961010275,9.0,15.0,10,13.0,9.0,13.2,12.4,1.8973665961010275,9.0,15.0,10,13.0,9.0,13.2,12.4,1.8973665961010275,9.0,15.0,10,0.0,0.0,0.0,0.0,0.0,0.0,0.0,10,100.0,100.0,100.0,100.0,0.0,100.0,100.0,10,13.0,9.0,13.2,12.4,1.8973665961010275,9.0,15.0,10,100.0,100.0,100.0,100.0,0.0,100.0,100.0,,,,,,,,,,,,,,,,,,,,,,,,,,,,,,,,
phase1,G_simpleui_bookshelf,warm,synthetic,flat,50,open_book_minimal,PASS,1,10,0,0,10,50.465,46.1209,64.75799999999998,55.351800000000004,14.209064476202817,46.003,93.207,10,22106.77734375,18739.912890625,24554.393164062,21979.6255859374,2381.38690202693,18441.14453125,25208.700195312,10,941.74560546875,-634.0847656249999,1325.17275390625,451.670703125,1157.649528133885,-2388.564453125,1449.115234375,10,223680.0,215171.19999999998,228540.8,222326.4,6376.437514614079,214048.0,230240.0,10,0.0,0.0,0.0,0.0,0.0,0.0,0.0,10,0.0,0.0,0.0,0.0,0.0,0.0,0.0,10,0.0,0.0,0.0,0.0,0.0,0.0,0.0,10,0.0,0.0,0.0,0.0,0.0,0.0,0.0,10,0.0,0.0,0.0,0.0,0.0,0.0,0.0,10,0.0,0.0,0.0,0.0,0.0,0.0,0.0,10,0.0,0.0,0.0,0.0,0.0,0.0,0.0,,,,,,,,,,,,,,,,,,,,,,,,,,,,,,,,
phase1,G_simpleui_bookshelf,warm,synthetic,flat,50,open_bookshelf,PASS,1,10,0,0,10,15.4315,12.6644,20.6056,15.676400000000001,3.200188716657538,11.426,21.124,10,54096.583496094,50236.6185546875,56739.4512695308,53756.9239257812,2625.4307266558317,49567.2734375,57282.4140625,10,1561.8837890625,1470.9212890625001,1782.552734375,1594.002734375,125.60183643114175,1464.1923828125,1806.1162109375,10,266560.0,264742.4,266768.0,265985.6,1431.132201362885,262208.0,266768.0,10,1.0,1.0,1.0,1.0,0.0,1.0,1.0,10,1.0,1.0,1.0,1.0,0.0,1.0,1.0,10,1.0,1.0,1.0,1.0,0.0,1.0,1.0,10,0.0,0.0,0.0,0.0,0.0,0.0,0.0,10,100.0,100.0,100.0,100.0,0.0,100.0,100.0,10,1.0,1.0,1.0,1.0,0.0,1.0,1.0,10,100.0,100.0,100.0,100.0,0.0,100.0,100.0,,,,,,,,,,,,,,,,,10,7.0,7.0,7.0,7.0,0.0,7.0,7.0,,,,,,,,
phase1,G_simpleui_bookshelf,warm,synthetic,flat,50,open_quick_settings,PASS,1,10,0,0,10,12.545,9.537700000000001,41.55149999999998,21.3547,22.451849575133995,9.121,80.76,10,59645.2192382815,50937.7391601562,64472.690136719204,58066.1070312501,5884.362965211986,49745.387695312,65612.34765625,10,1274.6376953125,-498.6351562499997,1296.64326171875,-446.47373046875,5427.601529525487,-15893.2265625,1358.8408203125,10,311664.0,311360.0,311824.0,311617.6,188.9310279793484,311360.0,311824.0,10,5.0,5.0,5.0,5.0,0.0,5.0,5.0,10,5.0,5.0,5.0,5.0,0.0,5.0,5.0,10,3.0,3.0,3.0,3.0,0.0,3.0,3.0,10,2.0,2.0,2.0,2.0,0.0,2.0,2.0,10,100.0,100.0,100.0,100.0,0.0,100.0,100.0,10,3.1966019417476,3.1966019417476,3.1966019417476,3.1966019417476,0.0,3.1966019417476,3.1966019417476,10,100.0,100.0,100.0,100.0,0.0,100.0,100.0,,,,,,,,,,,,,,,,,,,,,,,,,,,,,,,,
phase1,G_simpleui_bookshelf,warm,synthetic,flat,50,repeated_nav,PASS,1,2,0,0,2,246.11899999999997,117.8998,374.3382,246.11899999999997,226.66166449578543,85.845,406.393,2,59722.356445312,55752.300195312,63692.412695312,59722.356445312,7018.134240167588,54759.786132812,64684.926757812,2,295.64697265625,-6598.96044921875,7190.25439453125,295.64697265625,12188.059154067281,-8322.6123046875,8913.90625,2,311824.0,311824.00000000006,311824.0,311824.0,0.0,311824.0,311824.0,2,20.0,20.0,20.0,20.0,0.0,20.0,20.0,2,20.0,20.0,20.0,20.0,0.0,20.0,20.0,2,10.0,10.0,10.0,10.0,0.0,10.0,10.0,2,10.0,10.0,10.0,10.0,0.0,10.0,10.0,2,100.0,100.0,100.0,100.0,0.0,100.0,100.0,2,10.983009708738,10.983009708738003,10.983009708738,10.983009708738,0.0,10.983009708738,10.983009708738,2,100.0,100.0,100.0,100.0,0.0,100.0,100.0,,,,,,,,,,,,,,,,,,,,,,,,,,,,,,,,
phase1,G_simpleui_bookshelf,warm,synthetic,flat,50,start_to_home,PASS,1,10,0,0,10,11.18,8.5535,16.602999999999998,12.1796,4.604985732876922,5.93,21.247,10,14206.635253906501,13065.081835937,15437.6975585937,14394.0260742185,1044.8707162683154,13052.379882812,16363.610351562,10,390.3330078125,-2897.62041015625,412.671484375,-472.01923828125,1602.1458191070385,-4006.6005859375,429.455078125,10,180928.0,180928.0,180928.0,180928.0,0.0,180928.0,180928.0,10,4.0,4.0,4.0,4.0,0.0,4.0,4.0,10,4.0,4.0,4.0,4.0,0.0,4.0,4.0,10,3.0,3.0,3.0,3.0,0.0,3.0,3.0,10,1.0,1.0,1.0,1.0,0.0,1.0,1.0,10,100.0,100.0,100.0,100.0,0.0,100.0,100.0,10,3.0625,3.0625,3.0625,3.0625,0.0,3.0625,3.0625,10,100.0,100.0,100.0,100.0,0.0,100.0,100.0,,,,,,,,,,,,,,,,,,,,,,,,,,,,,,,,
phase1,G_simpleui_bookshelf,warm,synthetic,hierarchical,2000,bookshelf_cached_paging,UNSUPPORTED,1,0,0,1,,,,,,,,,,,,,,,,,,,,,,,,,,,,,,,,,,,,,,,,,,,,,,,,,,,,,,,,,,,,,,,,,,,,,,,,,,,,,,,,,,,,,,,,,,,,,,,,,,,,,,,,,,,,,,,,,,,,,,,,
phase1,G_simpleui_bookshelf,warm,synthetic,hierarchical,2000,bookshelf_cached_paging_anim_off,UNSUPPORTED,1,0,0,1,,,,,,,,,,,,,,,,,,,,,,,,,,,,,,,,,,,,,,,,,,,,,,,,,,,,,,,,,,,,,,,,,,,,,,,,,,,,,,,,,,,,,,,,,,,,,,,,,,,,,,,,,,,,,,,,,,,,,,,,
phase1,G_simpleui_bookshelf,warm,synthetic,hierarchical,2000,bookshelf_first_render,PASS,1,10,0,0,10,17.1965,15.761,60.2059,26.5165,19.649095818892025,14.249,67.495,10,52481.352050781,49998.9728515625,59699.488476562,53480.6326171873,3784.3044929801313,49809.658203125,60784.157226562,10,1203.69970703125,-4584.46171874995,1309.2491210937499,-467.66806640619996,3964.439640886787,-10766.774414062,1441.6396484375,10,269408.0,267812.8,269408.0,268856.0,1327.0304358897642,265264.0,269408.0,10,1.0,1.0,1.0,1.0,0.0,1.0,1.0,10,1.0,1.0,1.0,1.0,0.0,1.0,1.0,10,1.0,1.0,1.0,1.0,0.0,1.0,1.0,10,0.0,0.0,0.0,0.0,0.0,0.0,0.0,10,100.0,100.0,100.0,100.0,0.0,100.0,100.0,10,1.0,1.0,1.0,1.0,0.0,1.0,1.0,10,100.0,100.0,100.0,100.0,0.0,100.0,100.0,,,,,,,,,,,,,,,,,10,1.0,1.0,1.0,1.0,0.0,1.0,1.0,,,,,,,,
phase1,G_simpleui_bookshelf,warm,synthetic,hierarchical,2000,bookshelf_sequential_paging,UNSUPPORTED,1,0,0,1,,,,,,,,,,,,,,,,,,,,,,,,,,,,,,,,,,,,,,,,,,,,,,,,,,,,,,,,,,,,,,,,,,,,,,,,,,,,,,,,,,,,,,,,,,,,,,,,,,,,,,,,,,,,,,,,,,,,,,,,
phase1,G_simpleui_bookshelf,warm,synthetic,hierarchical,2000,bookshelf_sequential_paging_anim_off,UNSUPPORTED,1,0,0,1,,,,,,,,,,,,,,,,,,,,,,,,,,,,,,,,,,,,,,,,,,,,,,,,,,,,,,,,,,,,,,,,,,,,,,,,,,,,,,,,,,,,,,,,,,,,,,,,,,,,,,,,,,,,,,,,,,,,,,,,
phase1,G_simpleui_bookshelf,warm,synthetic,hierarchical,2000,change_sort_mode,PASS,1,10,0,0,10,9.782,8.428799999999999,27.6851,13.3519,8.037770993530758,8.103,29.468,10,19196.2578125,18492.083203125,19833.9100585942,19164.1498046875,608.5724609236452,18177.83203125,19970.0078125,10,405.98779296875,-1328.0875,429.24560546875,18.5556640625,830.9638852659547,-1804.01171875,448.33984375,10,189248.0,189248.0,189248.0,189248.0,0.0,189248.0,189248.0,10,9.0,9.0,9.0,9.0,0.0,9.0,9.0,10,9.0,9.0,9.0,9.0,0.0,9.0,9.0,10,3.0,3.0,3.0,3.0,0.0,3.0,3.0,10,6.0,6.0,6.0,6.0,0.0,6.0,6.0,10,100.0,100.0,100.0,100.0,0.0,100.0,100.0,10,3.5898058252427,3.5898058252427,3.5898058252427,3.5898058252427,0.0,3.5898058252427,3.5898058252427,10,100.0,100.0,100.0,100.0,0.0,100.0,100.0,,,,,,,,,,,,,,,,,,,,,,,,,,,,,,,,
phase1,G_simpleui_bookshelf,warm,synthetic,hierarchical,2000,close_book,PASS,1,10,0,0,10,47.242999999999995,44.8831,124.09809999999999,69.76509999999999,36.998304653201494,44.263,127.987,10,47121.71484375,44339.9750976567,49836.768066406294,47110.5444335939,2325.691802516135,43494.603515625,51282.045898438,10,3545.48388671875,118.98486328125003,3715.0202148437497,2484.4892578125,1862.6357355925938,-1018.21875,3795.296875,10,252256.0,250427.19999999998,257088.0,253321.6,2863.5997237354554,249952.0,257232.0,10,25.0,25.0,25.0,25.0,0.0,25.0,25.0,10,25.0,25.0,25.0,25.0,0.0,25.0,25.0,10,18.0,18.0,18.0,18.0,0.0,18.0,18.0,10,7.0,7.0,7.0,7.0,0.0,7.0,7.0,10,100.0,100.0,100.0,100.0,0.0,100.0,100.0,10,18.688106796117,18.688106796117,18.688106796117,18.688106796117,0.0,18.688106796117,18.688106796117,10,100.0,100.0,100.0,100.0,0.0,100.0,100.0,,,,,,,,,,,,,,,,,,,,,,,,,,,,,,,,
phase1,G_simpleui_bookshelf,warm,synthetic,hierarchical,2000,close_bookshelf,PASS,1,10,0,0,10,19.732,18.513399999999997,61.7417,27.9818,18.011063419773723,17.338,62.531,10,52789.54296875,49710.65683593699,55668.7856445317,52767.6621093748,2175.2570322946576,49696.379882812,55848.412109375,10,675.52197265625,-7197.05048828125,738.7060546875,-906.67724609375,3371.3454127189048,-7432.7705078125,744.4365234375,10,269472.0,269456.0,269472.0,269467.2,7.728734264634367,269456.0,269472.0,10,5.0,5.0,5.0,5.0,0.0,5.0,5.0,10,5.0,5.0,5.0,5.0,0.0,5.0,5.0,10,4.0,4.0,4.0,4.0,0.0,4.0,4.0,10,1.0,1.0,1.0,1.0,0.0,1.0,1.0,10,100.0,100.0,100.0,100.0,0.0,100.0,100.0,10,4.0625,4.0625,4.0625,4.0625,0.0,4.0625,4.0625,10,100.0,100.0,100.0,100.0,0.0,100.0,100.0,,,,,,,,,,,,,,,,,,,,,,,,,,,,,,,,
phase1,G_simpleui_bookshelf,warm,synthetic,hierarchical,2000,close_quick_settings,PASS,1,10,0,0,10,8.274000000000001,7.693199999999999,8.8782,8.318299999999999,0.5876739553338889,7.407,9.168,10,51711.271972656,49996.82431640579,52875.247558593706,51514.4519531248,1219.7476673191068,49575.75,53356.040039062,10,152.34423828125,135.49755859375,192.1296875,160.09990234375,31.6978868311987,114.3642578125,222.740234375,10,271200.0,271200.0,271200.0,271200.0,0.0,271200.0,271200.0,10,3.0,3.0,3.0,3.0,0.0,3.0,3.0,10,3.0,3.0,3.0,3.0,0.0,3.0,3.0,10,3.0,3.0,3.0,3.0,0.0,3.0,3.0,10,0.0,0.0,0.0,0.0,0.0,0.0,0.0,10,100.0,100.0,100.0,100.0,0.0,100.0,100.0,10,3.0,3.0,3.0,3.0,0.0,3.0,3.0,10,100.0,100.0,100.0,100.0,0.0,100.0,100.0,,,,,,,,,,,,,,,,,,,,,,,,,,,,,,,,
phase1,G_simpleui_bookshelf,warm,synthetic,hierarchical,2000,home_to_library,PASS,1,10,0,0,10,8.719000000000001,8.1753,10.659699999999996,9.9464,4.00003283875409,7.449,21.205,10,13786.976074219001,13315.203710937,14134.76953125,13758.8157226563,366.3293762335878,13309.997070312,14283.779296875,10,242.212890625,57.30898437500004,317.415234375,113.13466796875,460.2518515729362,-1189.4072265625,320.466796875,10,178352.0,178352.0,178352.0,178352.0,0.0,178352.0,178352.0,10,4.0,4.0,4.0,4.0,0.0,4.0,4.0,10,4.0,4.0,4.0,4.0,0.0,4.0,4.0,10,2.0,2.0,2.0,2.0,0.0,2.0,2.0,10,2.0,2.0,2.0,2.0,0.0,2.0,2.0,10,100.0,100.0,100.0,100.0,0.0,100.0,100.0,10,2.1966019417476,2.1966019417476,2.1966019417476,2.1966019417476,0.0,2.1966019417476,2.1966019417476,10,100.0,100.0,100.0,100.0,0.0,100.0,100.0,,,,,,,,,,,,,,,,,,,,,,,,,,,,,,,,
phase1,G_simpleui_bookshelf,warm,synthetic,hierarchical,2000,library_cached_paging,UNSUPPORTED,1,0,0,1,,,,,,,,,,,,,,,,,,,,,,,,,,,,,,,,,,,,,,,,,,,,,,,,,,,,,,,,,,,,,,,,,,,,,,,,,,,,,,,,,,,,,,,,,,,,,,,,,,,,,,,,,,,,,,,,,,,,,,,,
phase1,G_simpleui_bookshelf,warm,synthetic,hierarchical,2000,library_first_render,PASS,1,10,0,0,10,29.2155,21.7211,37.211099999999995,29.718,7.861844284616399,21.425,41.46,10,15557.6962890625,14527.8649414058,16085.300585937,15383.545996093599,755.4386880652855,13997.22265625,16613.512695312,10,466.38427734375,-1593.5416015625,917.7457031250001,8.1869140625,1099.7390706433164,-2040.41796875,936.4716796875,10,178352.0,178352.0,178352.0,178352.0,0.0,178352.0,178352.0,10,8.0,8.0,8.0,8.0,0.0,8.0,8.0,10,8.0,8.0,8.0,8.0,0.0,8.0,8.0,10,3.0,3.0,3.0,3.0,0.0,3.0,3.0,10,5.0,5.0,5.0,5.0,0.0,5.0,5.0,10,100.0,100.0,100.0,100.0,0.0,100.0,100.0,10,3.4915048543689,3.4915048543689,3.4915048543689,3.4915048543688996,0.0,3.4915048543689,3.4915048543689,10,100.0,100.0,100.0,100.0,0.0,100.0,100.0,,,,,,,,,,,,,,,,,,,,,,,,,,,,,,,,
phase1,G_simpleui_bookshelf,warm,synthetic,hierarchical,2000,library_folder_back,PASS,1,10,0,0,10,16.6065,11.956800000000001,34.6428,20.536099999999998,9.936377581057059,10.677,35.271,10,18634.233398437,17323.874804687002,19790.8803710938,18515.3162109373,963.3866045321871,17185.489257812,20012.342773438,10,469.43115234375,-1217.357421875,544.40302734375,-51.27021484375,900.1624477504029,-1726.419921875,548.513671875,10,187624.0,187376.0,189248.0,188150.4,851.1037539571777,187376.0,189248.0,10,9.0,9.0,9.0,9.0,0.0,9.0,9.0,10,9.0,9.0,9.0,9.0,0.0,9.0,9.0,10,3.0,3.0,3.0,3.0,0.0,3.0,3.0,10,6.0,6.0,6.0,6.0,0.0,6.0,6.0,10,100.0,100.0,100.0,100.0,0.0,100.0,100.0,10,3.5898058252427,3.5898058252427,3.5898058252427,3.5898058252427,0.0,3.5898058252427,3.5898058252427,10,100.0,100.0,100.0,100.0,0.0,100.0,100.0,,,,,,,,,,,,,,,,,,,,,,,,,,,,,,,,
phase1,G_simpleui_bookshelf,warm,synthetic,hierarchical,2000,library_folder_enter,PASS,1,10,0,0,10,31.355999999999998,19.4408,40.425799999999995,29.733600000000003,9.80887324144148,17.657,46.337,10,17082.692382812,16423.531445312,18227.5225585937,17239.2664062496,760.0962436550476,16287.012695312,18670.852539062,10,56.3701171875,-1513.11650390625,1422.98095703125,-59.881640625,1381.1479300861347,-2448.3984375,1460.8486328125,10,186512.0,185952.0,186736.0,186396.8,310.1414730946723,185952.0,186736.0,10,9.0,9.0,9.0,9.0,0.0,9.0,9.0,10,9.0,9.0,9.0,9.0,0.0,9.0,9.0,10,3.0,3.0,3.0,3.0,0.0,3.0,3.0,10,6.0,6.0,6.0,6.0,0.0,6.0,6.0,10,100.0,100.0,100.0,100.0,0.0,100.0,100.0,10,3.5898058252427,3.5898058252427,3.5898058252427,3.5898058252427,0.0,3.5898058252427,3.5898058252427,10,100.0,100.0,100.0,100.0,0.0,100.0,100.0,,,,,,,,,,,,,,,,,,,,,,,,,,,,,,,,
phase1,G_simpleui_bookshelf,warm,synthetic,hierarchical,2000,library_sequential_paging,UNSUPPORTED,1,0,0,1,,,,,,,,,,,,,,,,,,,,,,,,,,,,,,,,,,,,,,,,,,,,,,,,,,,,,,,,,,,,,,,,,,,,,,,,,,,,,,,,,,,,,,,,,,,,,,,,,,,,,,,,,,,,,,,,,,,,,,,,
phase1,G_simpleui_bookshelf,warm,synthetic,hierarchical,2000,open_book,PASS,1,10,0,0,10,135.25549999999998,130.0154,146.4706,135.7074,8.907730989302367,116.438,149.212,10,35871.3579101565,32691.5024414058,37884.399511718795,35549.718457031304,2172.7368616240747,32601.76171875,38162.249023438,10,-2840.5615234375,-3742.0966796875,-1294.77373046875,-2779.68388671875,914.6014753176298,-4053.9765625,-1249.451171875,10,241456.0,236704.0,243924.80000000002,240756.8,3287.2725878251513,236704.0,244256.0,10,13.0,9.0,13.2,12.0,2.160246899469287,9.0,15.0,10,13.0,9.0,13.2,12.0,2.160246899469287,9.0,15.0,10,13.0,9.0,13.2,12.0,2.160246899469287,9.0,15.0,10,0.0,0.0,0.0,0.0,0.0,0.0,0.0,10,100.0,100.0,100.0,100.0,0.0,100.0,100.0,10,13.0,9.0,13.2,12.0,2.160246899469287,9.0,15.0,10,100.0,100.0,100.0,100.0,0.0,100.0,100.0,,,,,,,,,,,,,,,,,,,,,,,,,,,,,,,,
phase1,G_simpleui_bookshelf,warm,synthetic,hierarchical,2000,open_book_minimal,PASS,1,10,0,0,10,104.15899999999999,69.6568,113.7926,97.22659999999999,19.297635780351726,65.155,122.366,10,25047.137207031497,22829.6910156254,28121.6891601563,25398.5902343751,2230.4137608225765,22126.219726562,28859.264648438,10,-2183.9697265625,-2767.46533203125,22.403320312499957,-1718.83515625,1125.50457357009,-2853.5146484375,127.30078125,10,225112.0,216388.8,232963.2,224857.6,7495.241322925426,211968.0,234288.0,10,0.0,0.0,0.0,0.0,0.0,0.0,0.0,10,0.0,0.0,0.0,0.0,0.0,0.0,0.0,10,0.0,0.0,0.0,0.0,0.0,0.0,0.0,10,0.0,0.0,0.0,0.0,0.0,0.0,0.0,10,0.0,0.0,0.0,0.0,0.0,0.0,0.0,10,0.0,0.0,0.0,0.0,0.0,0.0,0.0,10,0.0,0.0,0.0,0.0,0.0,0.0,0.0,,,,,,,,,,,,,,,,,,,,,,,,,,,,,,,,
phase1,G_simpleui_bookshelf,warm,synthetic,hierarchical,2000,open_bookshelf,PASS,1,10,0,0,10,18.9045,17.422400000000003,19.694200000000002,18.6657,0.9231676205086243,17.183,19.813,10,54847.655273437,50966.6319335938,56916.3176757817,54422.758691406205,2403.365678273326,50951.225585938,57585.748046875,10,1280.52197265625,1223.66064453125,1347.34619140625,1278.84912109375,49.818194738826165,1190.1435546875,1354.2763671875,10,265232.0,264180.8,265235.2,264846.4,963.2965621586462,262208.0,265264.0,10,1.0,1.0,1.0,1.0,0.0,1.0,1.0,10,1.0,1.0,1.0,1.0,0.0,1.0,1.0,10,1.0,1.0,1.0,1.0,0.0,1.0,1.0,10,0.0,0.0,0.0,0.0,0.0,0.0,0.0,10,100.0,100.0,100.0,100.0,0.0,100.0,100.0,10,1.0,1.0,1.0,1.0,0.0,1.0,1.0,10,100.0,100.0,100.0,100.0,0.0,100.0,100.0,,,,,,,,,,,,,,,,,10,1.0,1.0,1.0,1.0,0.0,1.0,1.0,,,,,,,,
phase1,G_simpleui_bookshelf,warm,synthetic,hierarchical,2000,open_quick_settings,PASS,1,10,0,0,10,14.071000000000002,13.1449,25.85999999999997,22.5319,24.75861065681101,12.802,92.811,10,58168.2338867185,51189.611230468305,60555.149707031305,57223.41562499989,3693.982452926498,50305.158203125,61125.905273438,10,539.68505859375,295.54853515625007,627.1897460937499,397.4357421875,512.4015066513896,-1041.68359375,748.912109375,10,271200.0,271200.0,271200.0,271200.0,0.0,271200.0,271200.0,10,5.0,5.0,5.0,5.0,0.0,5.0,5.0,10,5.0,5.0,5.0,5.0,0.0,5.0,5.0,10,3.0,3.0,3.0,3.0,0.0,3.0,3.0,10,2.0,2.0,2.0,2.0,0.0,2.0,2.0,10,100.0,100.0,100.0,100.0,0.0,100.0,100.0,10,3.1966019417476,3.1966019417476,3.1966019417476,3.1966019417476,0.0,3.1966019417476,3.1966019417476,10,100.0,100.0,100.0,100.0,0.0,100.0,100.0,,,,,,,,,,,,,,,,,,,,,,,,,,,,,,,,
phase1,G_simpleui_bookshelf,warm,synthetic,hierarchical,2000,repeated_nav,UNSUPPORTED,1,0,0,2,,,,,,,,,,,,,,,,,,,,,,,,,,,,,,,,,,,,,,,,,,,,,,,,,,,,,,,,,,,,,,,,,,,,,,,,,,,,,,,,,,,,,,,,,,,,,,,,,,,,,,,,,,,,,,,,,,,,,,,,
phase1,G_simpleui_bookshelf,warm,synthetic,hierarchical,2000,start_to_home,PASS,1,10,0,0,10,8.7545,8.4754,15.891299999999998,10.8898,3.6140344276783587,8.344,17.064,10,13653.08203125,12892.452148437,14651.485351563,13711.4988281249,741.2477332673794,12743.618164062,14903.432617188,10,388.8359375,-1957.15810546875,413.74765625000003,-296.4798828125,1127.6648513949792,-2188.4150390625,422.3837890625,10,178352.0,178352.0,178352.0,178352.0,0.0,178352.0,178352.0,10,4.0,4.0,4.0,4.0,0.0,4.0,4.0,10,4.0,4.0,4.0,4.0,0.0,4.0,4.0,10,3.0,3.0,3.0,3.0,0.0,3.0,3.0,10,1.0,1.0,1.0,1.0,0.0,1.0,1.0,10,100.0,100.0,100.0,100.0,0.0,100.0,100.0,10,3.0625,3.0625,3.0625,3.0625,0.0,3.0625,3.0625,10,100.0,100.0,100.0,100.0,0.0,100.0,100.0,,,,,,,,,,,,,,,,,,,,,,,,,,,,,,,,
phase1,G_simpleui_bookshelf,warm,synthetic,hierarchical,50,bookshelf_cached_paging,UNSUPPORTED,1,0,0,1,,,,,,,,,,,,,,,,,,,,,,,,,,,,,,,,,,,,,,,,,,,,,,,,,,,,,,,,,,,,,,,,,,,,,,,,,,,,,,,,,,,,,,,,,,,,,,,,,,,,,,,,,,,,,,,,,,,,,,,,
phase1,G_simpleui_bookshelf,warm,synthetic,hierarchical,50,bookshelf_cached_paging_anim_off,UNSUPPORTED,1,0,0,1,,,,,,,,,,,,,,,,,,,,,,,,,,,,,,,,,,,,,,,,,,,,,,,,,,,,,,,,,,,,,,,,,,,,,,,,,,,,,,,,,,,,,,,,,,,,,,,,,,,,,,,,,,,,,,,,,,,,,,,,
phase1,G_simpleui_bookshelf,warm,synthetic,hierarchical,50,bookshelf_first_render,PASS,1,10,0,0,10,17.8965,16.66,59.579499999999996,26.4452,18.636144849309485,15.778,64.264,10,51901.9282226565,49316.606250000004,59334.2241210938,52970.917382812695,3875.7103870915553,49301.197265625,60467.358398438,10,1260.14599609375,-4510.86152343745,1317.78046875,-472.65605468744997,4079.725875035012,-11169.500976562,1343.841796875,10,240784.0,237968.0,240800.0,240224.0,1189.1061068438482,237968.0,240800.0,10,1.0,1.0,1.0,1.0,0.0,1.0,1.0,10,1.0,1.0,1.0,1.0,0.0,1.0,1.0,10,1.0,1.0,1.0,1.0,0.0,1.0,1.0,10,0.0,0.0,0.0,0.0,0.0,0.0,0.0,10,100.0,100.0,100.0,100.0,0.0,100.0,100.0,10,1.0,1.0,1.0,1.0,0.0,1.0,1.0,10,100.0,100.0,100.0,100.0,0.0,100.0,100.0,,,,,,,,,,,,,,,,,10,1.0,1.0,1.0,1.0,0.0,1.0,1.0,,,,,,,,
phase1,G_simpleui_bookshelf,warm,synthetic,hierarchical,50,bookshelf_sequential_paging,UNSUPPORTED,1,0,0,1,,,,,,,,,,,,,,,,,,,,,,,,,,,,,,,,,,,,,,,,,,,,,,,,,,,,,,,,,,,,,,,,,,,,,,,,,,,,,,,,,,,,,,,,,,,,,,,,,,,,,,,,,,,,,,,,,,,,,,,,
phase1,G_simpleui_bookshelf,warm,synthetic,hierarchical,50,bookshelf_sequential_paging_anim_off,UNSUPPORTED,1,0,0,1,,,,,,,,,,,,,,,,,,,,,,,,,,,,,,,,,,,,,,,,,,,,,,,,,,,,,,,,,,,,,,,,,,,,,,,,,,,,,,,,,,,,,,,,,,,,,,,,,,,,,,,,,,,,,,,,,,,,,,,,
phase1,G_simpleui_bookshelf,warm,synthetic,hierarchical,50,change_sort_mode,PASS,1,10,0,0,10,10.8215,10.178600000000001,39.7879,22.962,16.91033105004814,10.031,54.43,10,18414.8671875,17861.755859375,19668.812695312005,18666.413867187403,746.0586995249403,17734.75390625,20042.516601562,10,396.583984375,-1688.4722656249999,465.32558593749997,-136.97294921875,927.3183656728316,-1977.1982421875,489.9560546875,10,190592.0,190592.0,190592.0,190592.0,0.0,190592.0,190592.0,10,9.0,9.0,9.0,9.0,0.0,9.0,9.0,10,9.0,9.0,9.0,9.0,0.0,9.0,9.0,10,3.0,3.0,3.0,3.0,0.0,3.0,3.0,10,6.0,6.0,6.0,6.0,0.0,6.0,6.0,10,100.0,100.0,100.0,100.0,0.0,100.0,100.0,10,3.5898058252427,3.5898058252427,3.5898058252427,3.5898058252427,0.0,3.5898058252427,3.5898058252427,10,100.0,100.0,100.0,100.0,0.0,100.0,100.0,,,,,,,,,,,,,,,,,,,,,,,,,,,,,,,,
phase1,G_simpleui_bookshelf,warm,synthetic,hierarchical,50,close_book,PASS,1,10,0,0,10,41.67,37.286899999999996,52.96519999999998,48.437200000000004,22.259297761709476,36.701,111.179,10,46523.2290039065,43910.47578125,49794.0001953125,46693.8817382814,2617.0540295151945,42747.359375,50479.548828125,10,3147.123046875,2577.9286132812504,3240.7053710937503,2728.3326171875,1342.402175310699,-1083.19140625,3272.498046875,10,223592.0,220824.0,227648.0,223857.6,2950.8080701168396,220320.0,227648.0,10,25.0,25.0,25.0,25.0,0.0,25.0,25.0,10,25.0,25.0,25.0,25.0,0.0,25.0,25.0,10,18.0,18.0,18.0,18.0,0.0,18.0,18.0,10,7.0,7.0,7.0,7.0,0.0,7.0,7.0,10,100.0,100.0,100.0,100.0,0.0,100.0,100.0,10,18.688106796117,18.688106796117,18.688106796117,18.688106796117,0.0,18.688106796117,18.688106796117,10,100.0,100.0,100.0,100.0,0.0,100.0,100.0,,,,,,,,,,,,,,,,,,,,,,,,,,,,,,,,
phase1,G_simpleui_bookshelf,warm,synthetic,hierarchical,50,close_bookshelf,PASS,1,10,0,0,10,19.2125,18.2581,59.6208,27.105400000000003,17.712288384684296,15.586,61.869,10,52327.212890625,49146.865820312,55452.270507813,52340.15703125,2297.3489118213897,49122.446289062,55746.616210938,10,670.5283203125,-7874.2208984375,712.43134765625,-1036.69140625,3629.896118287125,-7984.9736328125,756.62890625,10,240824.0,240816.0,240848.0,240830.4,15.91086281618805,240816.0,240848.0,10,5.0,5.0,5.0,5.0,0.0,5.0,5.0,10,5.0,5.0,5.0,5.0,0.0,5.0,5.0,10,4.0,4.0,4.0,4.0,0.0,4.0,4.0,10,1.0,1.0,1.0,1.0,0.0,1.0,1.0,10,100.0,100.0,100.0,100.0,0.0,100.0,100.0,10,4.0625,4.0625,4.0625,4.0625,0.0,4.0625,4.0625,10,100.0,100.0,100.0,100.0,0.0,100.0,100.0,,,,,,,,,,,,,,,,,,,,,,,,,,,,,,,,
phase1,G_simpleui_bookshelf,warm,synthetic,hierarchical,50,close_quick_settings,PASS,1,10,0,0,10,8.73,7.885400000000001,16.718199999999975,15.8984,23.13982040264502,7.466,81.736,10,51822.5961914065,50582.063769531196,52778.022167968695,51749.5052734375,902.5641659719156,50157.317382812,52907.051757812,10,164.771484375,-218.64306640624991,186.67441406249998,-164.5646484375,1013.3692108003783,-3047.0908203125,208.9599609375,10,242560.0,242560.0,242560.0,242560.0,0.0,242560.0,242560.0,10,3.0,3.0,3.0,3.0,0.0,3.0,3.0,10,3.0,3.0,3.0,3.0,0.0,3.0,3.0,10,3.0,3.0,3.0,3.0,0.0,3.0,3.0,10,0.0,0.0,0.0,0.0,0.0,0.0,0.0,10,100.0,100.0,100.0,100.0,0.0,100.0,100.0,10,3.0,3.0,3.0,3.0,0.0,3.0,3.0,10,100.0,100.0,100.0,100.0,0.0,100.0,100.0,,,,,,,,,,,,,,,,,,,,,,,,,,,,,,,,
phase1,G_simpleui_bookshelf,warm,synthetic,hierarchical,50,home_to_library,PASS,1,10,0,0,10,9.0625,8.4466,9.6997,9.046800000000001,0.6187943115446357,8.326,10.417,10,13784.793457031501,13405.206835938,14607.74609375,13888.631054687701,492.7777552060259,13331.596679688,14756.580078125,10,254.99072265625,220.80068359375002,314.83935546875,260.653125,42.2211268074309,200.8310546875,331.771484375,10,182096.0,182096.0,182096.0,182096.0,0.0,182096.0,182096.0,10,4.0,4.0,4.0,4.0,0.0,4.0,4.0,10,4.0,4.0,4.0,4.0,0.0,4.0,4.0,10,2.0,2.0,2.0,2.0,0.0,2.0,2.0,10,2.0,2.0,2.0,2.0,0.0,2.0,2.0,10,100.0,100.0,100.0,100.0,0.0,100.0,100.0,10,2.1966019417476,2.1966019417476,2.1966019417476,2.1966019417476,0.0,2.1966019417476,2.1966019417476,10,100.0,100.0,100.0,100.0,0.0,100.0,100.0,,,,,,,,,,,,,,,,,,,,,,,,,,,,,,,,
phase1,G_simpleui_bookshelf,warm,synthetic,hierarchical,50,library_cached_paging,UNSUPPORTED,1,0,0,1,,,,,,,,,,,,,,,,,,,,,,,,,,,,,,,,,,,,,,,,,,,,,,,,,,,,,,,,,,,,,,,,,,,,,,,,,,,,,,,,,,,,,,,,,,,,,,,,,,,,,,,,,,,,,,,,,,,,,,,,
phase1,G_simpleui_bookshelf,warm,synthetic,hierarchical,50,library_first_render,PASS,1,10,0,0,10,28.423000000000002,22.0577,38.8717,29.495799999999996,7.6075455495770035,21.92,40.696,10,15430.8203125,14719.1860351558,16156.873046875,15410.5700195313,760.8388301860155,13997.23046875,16671.40234375,10,475.001953125,-1605.0380859375,946.75009765625,-4.01025390625,1096.3785738880415,-1880.3115234375,964.830078125,10,182096.0,182096.0,182096.0,182096.0,0.0,182096.0,182096.0,10,8.0,8.0,8.0,8.0,0.0,8.0,8.0,10,8.0,8.0,8.0,8.0,0.0,8.0,8.0,10,3.0,3.0,3.0,3.0,0.0,3.0,3.0,10,5.0,5.0,5.0,5.0,0.0,5.0,5.0,10,100.0,100.0,100.0,100.0,0.0,100.0,100.0,10,3.4915048543689,3.4915048543689,3.4915048543689,3.4915048543688996,0.0,3.4915048543689,3.4915048543689,10,100.0,100.0,100.0,100.0,0.0,100.0,100.0,,,,,,,,,,,,,,,,,,,,,,,,,,,,,,,,
phase1,G_simpleui_bookshelf,warm,synthetic,hierarchical,50,library_folder_back,PASS,1,10,0,0,10,11.776,9.2471,16.20019999999999,13.8817,8.353799588610363,8.753,37.271,10,17905.184082031003,17336.0756835937,18596.5098632812,17921.827148437304,511.9094794348838,17189.223632812,18862.625976562,10,430.93212890625,332.04658203125,487.5087890625,394.9080078125,153.9809475612315,-24.73046875,521.7509765625,10,190592.0,190238.4,190592.0,190472.0,195.5595959178571,190080.0,190592.0,10,9.0,9.0,9.0,9.0,0.0,9.0,9.0,10,9.0,9.0,9.0,9.0,0.0,9.0,9.0,10,3.0,3.0,3.0,3.0,0.0,3.0,3.0,10,6.0,6.0,6.0,6.0,0.0,6.0,6.0,10,100.0,100.0,100.0,100.0,0.0,100.0,100.0,10,3.5898058252427,3.5898058252427,3.5898058252427,3.5898058252427,0.0,3.5898058252427,3.5898058252427,10,100.0,100.0,100.0,100.0,0.0,100.0,100.0,,,,,,,,,,,,,,,,,,,,,,,,,,,,,,,,
phase1,G_simpleui_bookshelf,warm,synthetic,hierarchical,50,library_folder_enter,PASS,1,10,0,0,10,22.116999999999997,9.6069,37.419399999999996,23.9195,12.802987379253848,9.03,41.815,10,16578.752441406003,16225.103320311999,16970.8928710937,16656.4404296872,476.9202761618185,16071.231445312,17818.231445312,10,120.75927734375,-799.6677734375,589.5233398437499,-61.33125,625.3591738453882,-1047.6318359375,746.08203125,10,189816.0,189628.80000000002,189928.0,189795.2,153.05830406888887,189600.0,190000.0,10,9.0,9.0,9.0,9.0,0.0,9.0,9.0,10,9.0,9.0,9.0,9.0,0.0,9.0,9.0,10,3.0,3.0,3.0,3.0,0.0,3.0,3.0,10,6.0,6.0,6.0,6.0,0.0,6.0,6.0,10,100.0,100.0,100.0,100.0,0.0,100.0,100.0,10,3.5898058252427,3.5898058252427,3.5898058252427,3.5898058252427,0.0,3.5898058252427,3.5898058252427,10,100.0,100.0,100.0,100.0,0.0,100.0,100.0,,,,,,,,,,,,,,,,,,,,,,,,,,,,,,,,
phase1,G_simpleui_bookshelf,warm,synthetic,hierarchical,50,library_sequential_paging,UNSUPPORTED,1,0,0,1,,,,,,,,,,,,,,,,,,,,,,,,,,,,,,,,,,,,,,,,,,,,,,,,,,,,,,,,,,,,,,,,,,,,,,,,,,,,,,,,,,,,,,,,,,,,,,,,,,,,,,,,,,,,,,,,,,,,,,,,
phase1,G_simpleui_bookshelf,warm,synthetic,hierarchical,50,open_book,PASS,1,10,0,0,10,130.5745,123.78540000000001,136.6794,131.9124,8.340466190008009,122.736,152.937,10,34112.1743164065,31374.804003906298,37012.1501953125,34273.4106445313,2632.4983063053755,30538.940429688,38896.27734375,10,-2240.935546875,-2537.5304687499997,-1928.6047851562505,-2129.8890625,519.2928646504485,-2622.9619140625,-753.0,10,213856.0,213856.0,214064.0,214064.0,657.7537533150229,213856.0,215936.0,10,13.0,13.0,13.2,13.2,0.6324555320336759,13.0,15.0,10,13.0,13.0,13.2,13.2,0.6324555320336759,13.0,15.0,10,13.0,13.0,13.2,13.2,0.6324555320336759,13.0,15.0,10,0.0,0.0,0.0,0.0,0.0,0.0,0.0,10,100.0,100.0,100.0,100.0,0.0,100.0,100.0,10,13.0,13.0,13.2,13.2,0.6324555320336759,13.0,15.0,10,100.0,100.0,100.0,100.0,0.0,100.0,100.0,,,,,,,,,,,,,,,,,,,,,,,,,,,,,,,,
phase1,G_simpleui_bookshelf,warm,synthetic,hierarchical,50,open_book_minimal,PASS,1,10,0,0,10,99.29050000000001,66.92219999999999,129.3355,102.84549999999999,33.398497515274215,65.052,180.424,10,25024.0908203125,22845.0055664062,27476.741503906298,25015.3517578125,2246.249128572928,21046.391601562,28205.612304688,10,-1942.626953125,-2189.64150390625,370.19824218749955,-1299.69716796875,1340.3579415549304,-2595.9853515625,1633.037109375,10,213856.0,213856.0,213856.0,213856.0,0.0,213856.0,213856.0,10,0.0,0.0,0.0,0.0,0.0,0.0,0.0,10,0.0,0.0,0.0,0.0,0.0,0.0,0.0,10,0.0,0.0,0.0,0.0,0.0,0.0,0.0,10,0.0,0.0,0.0,0.0,0.0,0.0,0.0,10,0.0,0.0,0.0,0.0,0.0,0.0,0.0,10,0.0,0.0,0.0,0.0,0.0,0.0,0.0,10,0.0,0.0,0.0,0.0,0.0,0.0,0.0,,,,,,,,,,,,,,,,,,,,,,,,,,,,,,,,
phase1,G_simpleui_bookshelf,warm,synthetic,hierarchical,50,open_bookshelf,PASS,1,10,0,0,10,19.164,18.132,21.544800000000002,19.5074,1.5378889715739843,17.457,22.47,10,54853.0703125,50607.759375,57091.133398437,54252.2540039061,2472.5060259905304,50573.443359375,57178.915039062,10,1372.12451171875,1288.4767578125,1445.1419921875001,1370.512890625,67.29872209123883,1278.30078125,1508.1103515625,10,236160.0,234992.0,236449.59999999998,235744.0,1464.8910463846032,231680.0,236464.0,10,1.0,1.0,1.0,1.0,0.0,1.0,1.0,10,1.0,1.0,1.0,1.0,0.0,1.0,1.0,10,1.0,1.0,1.0,1.0,0.0,1.0,1.0,10,0.0,0.0,0.0,0.0,0.0,0.0,0.0,10,100.0,100.0,100.0,100.0,0.0,100.0,100.0,10,1.0,1.0,1.0,1.0,0.0,1.0,1.0,10,100.0,100.0,100.0,100.0,0.0,100.0,100.0,,,,,,,,,,,,,,,,,10,1.0,1.0,1.0,1.0,0.0,1.0,1.0,,,,,,,,
phase1,G_simpleui_bookshelf,warm,synthetic,hierarchical,50,open_quick_settings,PASS,1,10,0,0,10,12.881,11.5191,21.787799999999972,20.4738,25.09791836343759,11.511,91.869,10,57546.2568359375,50589.8062500004,59544.175,56546.7244140625,3495.2313490677307,50009.610351562,60063.671875,10,476.4599609375,-594.9975585937998,529.6619140625,-573.4965820313,3368.0459041817358,-10158.706054688,566.8818359375,10,242560.0,242560.0,242560.0,242560.0,0.0,242560.0,242560.0,10,5.0,5.0,5.0,5.0,0.0,5.0,5.0,10,5.0,5.0,5.0,5.0,0.0,5.0,5.0,10,3.0,3.0,3.0,3.0,0.0,3.0,3.0,10,2.0,2.0,2.0,2.0,0.0,2.0,2.0,10,100.0,100.0,100.0,100.0,0.0,100.0,100.0,10,3.1966019417476,3.1966019417476,3.1966019417476,3.1966019417476,0.0,3.1966019417476,3.1966019417476,10,100.0,100.0,100.0,100.0,0.0,100.0,100.0,,,,,,,,,,,,,,,,,,,,,,,,,,,,,,,,
phase1,G_simpleui_bookshelf,warm,synthetic,hierarchical,50,repeated_nav,UNSUPPORTED,1,0,0,2,,,,,,,,,,,,,,,,,,,,,,,,,,,,,,,,,,,,,,,,,,,,,,,,,,,,,,,,,,,,,,,,,,,,,,,,,,,,,,,,,,,,,,,,,,,,,,,,,,,,,,,,,,,,,,,,,,,,,,,,
phase1,G_simpleui_bookshelf,warm,synthetic,hierarchical,50,start_to_home,PASS,1,10,0,0,10,8.878499999999999,8.3519,17.0741,11.8692,4.338323352530457,8.324,19.118,10,13594.856445313,12867.545898437,14827.801757813,13703.14921875,827.4355039383921,12749.508789062,14963.838867188,10,396.927734375,-2149.15146484375,463.98652343749995,-364.7845703125,1146.1673885658813,-2227.1728515625,465.53515625,10,182096.0,182096.0,182096.0,182096.0,0.0,182096.0,182096.0,10,4.0,4.0,4.0,4.0,0.0,4.0,4.0,10,4.0,4.0,4.0,4.0,0.0,4.0,4.0,10,3.0,3.0,3.0,3.0,0.0,3.0,3.0,10,1.0,1.0,1.0,1.0,0.0,1.0,1.0,10,100.0,100.0,100.0,100.0,0.0,100.0,100.0,10,3.0625,3.0625,3.0625,3.0625,0.0,3.0625,3.0625,10,100.0,100.0,100.0,100.0,0.0,100.0,100.0,,,,,,,,,,,,,,,,,,,,,,,,,,,,,,,,
phase1,H_zenos_bookshelf,paging,paging,flat,2000,bookshelf_cached_paging,PASS,3,90,0,0,90,161.55700000000002,158.80349999999999,174.3976,163.98557777777776,7.721004161242732,157.41,211.969,90,42104.0991210935,32011.1513671875,57424.379785155805,43313.504025607646,9123.51734505004,28818.977539062,61916.682617188,90,887.248046875,704.45302734375,986.9662109375,138.10636935763335,4317.06918392964,-30282.091796875,2297.4873046875,90,242608.0,232992.0,244272.0,240076.8,5071.090663885661,232992.0,244272.0,90,0.0,0.0,0.0,0.03333333333333333,0.18051113445691197,0.0,1.0,90,8.0,8.0,8.0,8.033333333333333,0.18051113445691197,8.0,9.0,90,0.0,0.0,0.0,0.03333333333333333,0.18051113445691197,0.0,1.0,90,8.0,8.0,8.0,8.0,0.0,8.0,8.0,90,64.563106796117,64.563106796117,64.563106796117,65.74433656957977,6.396753793861354,64.563106796117,100.0,90,1.2102970748107,1.2102970748107,1.2102970748107,1.2436304081440335,0.18051113445691197,1.2102970748107,2.2102970748107,90,64.563106796117,64.563106796117,64.563106796117,65.74433656957977,6.396753793861354,64.563106796117,100.0,90,8.0,8.0,8.0,8.0,0.0,8.0,8.0,90,8.0,8.0,8.0,8.0,0.0,8.0,8.0,90,250.0,250.0,250.0,250.0,0.0,250.0,250.0,,,,,,,,
phase1,H_zenos_bookshelf,paging,paging,flat,2000,bookshelf_cached_paging_anim_off,PASS,3,90,0,0,90,9.3415,7.3927000000000005,11.917500000000004,9.714055555555555,2.2595130198267372,6.709,21.051,90,45158.027832031,32376.693847655803,57381.681054687004,44970.164995659725,9019.03778389391,28753.469726562,61502.517578125,90,877.001953125,697.7984375,943.92998046875,456.41753472222223,2883.4272417495777,-25934.3046875,976.5458984375,90,244272.0,232992.0,256832.0,244698.66666666666,9791.865461365529,232992.0,256832.0,90,1.0,1.0,1.0,1.0,0.0,1.0,1.0,90,1.0,1.0,1.0,1.0,0.0,1.0,1.0,90,0.0,0.0,0.0,0.0,0.0,0.0,0.0,90,1.0,1.0,1.0,1.0,0.0,1.0,1.0,90,64.563106796117,64.563106796117,64.563106796117,64.563106796117,0.0,64.563106796117,64.563106796117,90,0.64563106796117,0.64563106796117,0.64563106796117,0.64563106796117,0.0,0.64563106796117,0.64563106796117,90,64.563106796117,64.563106796117,64.563106796117,64.563106796117,0.0,64.563106796117,64.563106796117,90,8.0,8.0,8.0,8.0,0.0,8.0,8.0,90,8.0,8.0,8.0,8.0,0.0,8.0,8.0,90,250.0,250.0,250.0,250.0,0.0,250.0,250.0,,,,,,,,
phase1,H_zenos_bookshelf,paging,paging,flat,2000,bookshelf_sequential_paging,PASS,3,90,0,0,90,176.48000000000002,162.9651,190.0328,176.96623333333332,9.761396050517373,160.617,207.897,90,41684.42578125,29659.6791992188,55473.4854492187,42183.85644531251,10222.973018808978,23935.920898438,62497.060546875,90,2212.63623046875,1483.8377929687504,2530.5101562500004,992.6804361979222,6948.370519433843,-30438.963867188,18499.045898438,90,232992.0,213776.0,243616.0,231584.53333333333,8698.601911685437,211984.0,243616.0,90,0.0,0.0,0.0,0.0,0.0,0.0,0.0,90,8.0,8.0,8.0,8.0,0.0,8.0,8.0,90,0.0,0.0,0.0,0.0,0.0,0.0,0.0,90,8.0,8.0,8.0,8.0,0.0,8.0,8.0,90,64.563106796117,64.563106796117,64.563106796117,64.563106796117,0.0,64.563106796117,64.563106796117,90,1.2102970748107,1.2102970748107,1.2102970748107,1.2102970748107,0.0,1.2102970748107,1.2102970748107,90,64.563106796117,64.563106796117,64.563106796117,64.563106796117,0.0,64.563106796117,64.563106796117,90,8.0,8.0,8.0,8.0,0.0,8.0,8.0,90,8.0,8.0,8.0,8.0,0.0,8.0,8.0,90,250.0,250.0,250.0,250.0,0.0,250.0,250.0,,,,,,,,
phase1,H_zenos_bookshelf,paging,paging,flat,2000,bookshelf_sequential_paging_anim_off,PASS,3,90,0,0,90,17.002499999999998,8.8024,24.358600000000006,17.455655555555555,7.482469788676192,7.2,49.76,90,47338.1357421875,31300.2672851563,59055.31357421831,45951.19453124999,10432.382812259977,28255.142578125,61480.295898438,90,1677.39599609375,681.2378906250001,2307.73828125,-257.31413845485554,7154.416648988994,-33227.856445312,2460.216796875,90,244272.0,232992.0,252800.0,242654.93333333332,7657.149451711302,232992.0,256816.0,90,1.0,1.0,1.0,1.0,0.0,1.0,1.0,90,1.0,1.0,1.0,1.0,0.0,1.0,1.0,90,0.0,0.0,0.0,0.0,0.0,0.0,0.0,90,1.0,1.0,1.0,1.0,0.0,1.0,1.0,90,64.563106796117,64.563106796117,64.563106796117,64.563106796117,0.0,64.563106796117,64.563106796117,90,0.64563106796117,0.64563106796117,0.64563106796117,0.64563106796117,0.0,0.64563106796117,0.64563106796117,90,64.563106796117,64.563106796117,64.563106796117,64.563106796117,0.0,64.563106796117,64.563106796117,90,8.0,8.0,8.0,8.0,0.0,8.0,8.0,90,8.0,8.0,8.0,8.0,0.0,8.0,8.0,90,250.0,250.0,250.0,250.0,0.0,250.0,250.0,,,,,,,,
phase1,H_zenos_bookshelf,paging,paging,flat,2000,close_bookshelf,PASS,3,3,0,0,3,10.834,9.774000000000001,11.8156,10.801333333333332,1.27631357171086,9.509,12.061,3,51009.837890625,37230.500390625006,59035.755078125,48612.579427083336,13785.509268361731,33785.666015625,61042.234375,3,316.7802734375,281.49980468750005,347.4396484375,314.8548177083333,41.24612274828831,272.6796875,355.1044921875,3,244272.0,235248.0,256636.80000000002,245664.0,13422.245415726833,232992.0,259728.0,3,1.0,1.0,1.0,1.0,0.0,1.0,1.0,3,1.0,1.0,1.0,1.0,0.0,1.0,1.0,3,1.0,1.0,1.0,1.0,0.0,1.0,1.0,3,0.0,0.0,0.0,0.0,0.0,0.0,0.0,3,100.0,100.0,100.0,100.0,0.0,100.0,100.0,3,1.0,1.0,1.0,1.0,0.0,1.0,1.0,3,100.0,100.0,100.0,100.0,0.0,100.0,100.0,,,,,,,,,,,,,,,,,,,,,,,,,,,,,,,,
phase1,H_zenos_bookshelf,paging,paging,flat,2000,library_cached_paging,PASS,3,90,0,0,90,8.3665,7.124600000000001,27.320600000000006,10.919766666666666,7.485034847967035,3.108,31.417,90,21991.96875,20373.817773437997,24517.6778320313,22249.643869357787,1475.1905969576364,20293.018554688,25978.536132812,90,318.916015625,-956.76767578125,380.12529296875005,-4.588671875,988.4563093079128,-5671.212890625,394.7314453125,90,211984.0,209600.0,213776.0,211786.66666666666,1720.1285554257308,209600.0,213776.0,90,1.0,1.0,1.0,1.0,0.0,1.0,1.0,90,1.0,1.0,1.0,1.0,0.0,1.0,1.0,90,1.0,1.0,1.0,1.0,0.0,1.0,1.0,90,0.0,0.0,0.0,0.0,0.0,0.0,0.0,90,100.0,100.0,100.0,100.0,0.0,100.0,100.0,90,1.0,1.0,1.0,1.0,0.0,1.0,1.0,90,100.0,100.0,100.0,100.0,0.0,100.0,100.0,90,5.0,5.0,5.0,5.0,0.0,5.0,5.0,90,5.0,5.0,5.0,5.0,0.0,5.0,5.0,90,400.0,400.0,400.0,400.0,0.0,400.0,400.0,,,,,,,,
phase1,H_zenos_bookshelf,paging,paging,flat,2000,library_sequential_paging,PASS,3,90,0,0,90,8.2395,7.2591,11.654100000000012,9.912877777777778,5.702184505166533,3.291,33.74,90,25055.46875,20680.9141601567,34976.100878906196,27542.1149956598,5920.356708260708,20269.288085938,36287.928710938,90,337.4169921875,-1942.19052734375,387.23203125000003,-358.8030490451389,1833.250336128819,-9311.740234375,411.7578125,90,197032.0,195392.0,199120.0,197237.6888888889,1294.609460390019,194336.0,199136.0,90,1.0,1.0,1.0,1.0,0.0,1.0,1.0,90,1.0,1.0,1.0,1.0,0.0,1.0,1.0,90,1.0,1.0,1.0,1.0,0.0,1.0,1.0,90,0.0,0.0,0.0,0.0,0.0,0.0,0.0,90,100.0,100.0,100.0,100.0,0.0,100.0,100.0,90,1.0,1.0,1.0,1.0,0.0,1.0,1.0,90,100.0,100.0,100.0,100.0,0.0,100.0,100.0,90,5.0,5.0,5.0,5.0,0.0,5.0,5.0,90,5.0,5.0,5.0,5.0,0.0,5.0,5.0,90,400.0,400.0,400.0,400.0,0.0,400.0,400.0,,,,,,,,
phase1,H_zenos_bookshelf,paging,paging,flat,2000,open_bookshelf,PASS,3,3,0,0,3,159.455,147.60860000000002,197.1222,170.21366666666665,32.31820844869549,144.647,206.539,3,23338.706054688,23317.543554687996,23484.402929687996,23390.595377604666,113.5569353071656,23312.252929688,23520.827148438,3,2955.3984375,1247.05703125,2957.0484374999996,2244.2770182291665,1233.4850370090758,819.9716796875,2957.4609375,3,211984.0,211984.0,215580.8,213482.66666666666,2595.7668102765574,211984.0,216480.0,3,1.0,1.0,1.0,1.0,0.0,1.0,1.0,3,1.0,1.0,1.0,1.0,0.0,1.0,1.0,3,1.0,1.0,1.0,1.0,0.0,1.0,1.0,3,0.0,0.0,0.0,0.0,0.0,0.0,0.0,3,100.0,100.0,100.0,100.0,0.0,100.0,100.0,3,1.0,1.0,1.0,1.0,0.0,1.0,1.0,3,100.0,100.0,100.0,100.0,0.0,100.0,100.0,,,,,,,,,,,,,,,,,3,250.0,250.0,250.0,250.0,0.0,250.0,250.0,,,,,,,,
phase1,H_zenos_bookshelf,paging,paging,flat,2000,paging_probe_step_2_to_3,PASS,3,3,0,0,3,27.666,26.958800000000004,42.760400000000004,33.660666666666664,11.157392048921349,26.782,46.534,3,20300.874023438,20263.755273438,21276.817773437997,20692.051106771334,718.0956502690879,20254.475585938,21520.803710938,3,-778.8642578125,-1028.0541015625,-222.85410156249998,-651.0224609375,515.2845876514954,-1090.3515625,-83.8515625,3,209328.0,209110.40000000002,211120.0,209984.0,1378.5093398305287,209056.0,211568.0,3,1.0,1.0,1.0,1.0,0.0,1.0,1.0,3,1.0,1.0,1.0,1.0,0.0,1.0,1.0,3,1.0,1.0,1.0,1.0,0.0,1.0,1.0,3,0.0,0.0,0.0,0.0,0.0,0.0,0.0,3,100.0,100.0,100.0,100.0,0.0,100.0,100.0,3,1.0,1.0,1.0,1.0,0.0,1.0,1.0,3,100.0,100.0,100.0,100.0,0.0,100.0,100.0,3,5.0,5.0,5.0,5.0,0.0,5.0,5.0,3,5.0,5.0,5.0,5.0,0.0,5.0,5.0,3,400.0,400.0,400.0,400.0,0.0,400.0,400.0,,,,,,,,
phase1,H_zenos_bookshelf,paging,paging,hierarchical,2000,bookshelf_cached_paging,PASS,3,90,0,0,90,179.838,164.6384,185.3229,177.9729111111111,8.19983362073526,159.366,201.713,90,32837.461914062,22468.1313476562,42996.2489257808,32950.03315972215,7401.028666498999,21107.743164062,45650.215820312,90,882.9296875,207.73007812500214,922.4591796875001,-781.2153754340222,5502.081973574335,-23956.700195312,1429.125,90,223472.0,222288.0,224288.0,223297.6,809.9801745389003,222112.0,224304.0,90,0.0,0.0,0.0,0.0,0.0,0.0,0.0,90,8.0,8.0,8.0,8.0,0.0,8.0,8.0,90,0.0,0.0,0.0,0.0,0.0,0.0,0.0,90,8.0,8.0,8.0,8.0,0.0,8.0,8.0,90,64.563106796117,64.563106796117,64.563106796117,64.563106796117,0.0,64.563106796117,64.563106796117,90,1.2102970748107,1.2102970748107,1.2102970748107,1.2102970748107,0.0,1.2102970748107,1.2102970748107,90,64.563106796117,64.563106796117,64.563106796117,64.563106796117,0.0,64.563106796117,64.563106796117,90,8.0,8.0,8.0,8.0,0.0,8.0,8.0,90,8.0,8.0,8.0,8.0,0.0,8.0,8.0,90,21.0,21.0,21.0,21.0,0.0,21.0,21.0,,,,,,,,
phase1,H_zenos_bookshelf,paging,paging,hierarchical,2000,bookshelf_cached_paging_anim_off,PASS,3,90,0,0,90,9.4455,8.192499999999999,13.4814,10.231211111111111,2.496763556747439,7.563,19.592,90,33611.8178710935,23368.254492187003,43706.3395507808,33599.49570312502,7592.868887059378,20807.2265625,46084.431640625,90,871.1015625,818.34462890625,909.18203125,-8.657747395833333,4171.756194721463,-23919.395507812,1034.6015625,90,236176.0,235168.0,236848.0,236139.2,513.035189453879,235168.0,236848.0,90,1.0,1.0,1.0,1.0,0.0,1.0,1.0,90,1.0,1.0,1.0,1.0,0.0,1.0,1.0,90,0.0,0.0,0.0,0.0,0.0,0.0,0.0,90,1.0,1.0,1.0,1.0,0.0,1.0,1.0,90,64.563106796117,64.563106796117,64.563106796117,64.563106796117,0.0,64.563106796117,64.563106796117,90,0.64563106796117,0.64563106796117,0.64563106796117,0.64563106796117,0.0,0.64563106796117,0.64563106796117,90,64.563106796117,64.563106796117,64.563106796117,64.563106796117,0.0,64.563106796117,64.563106796117,90,8.0,8.0,8.0,8.0,0.0,8.0,8.0,90,8.0,8.0,8.0,8.0,0.0,8.0,8.0,90,21.0,21.0,21.0,21.0,0.0,21.0,21.0,,,,,,,,
phase1,H_zenos_bookshelf,paging,paging,hierarchical,2000,bookshelf_sequential_paging,PASS,3,60,0,0,60,184.878,172.48810000000003,196.18819999999997,184.05538333333334,9.235847698775235,170.457,203.794,60,30626.083496093503,21208.088378906203,40239.7827148442,30503.15979817712,6984.093663789805,17708.401367188,41794.20703125,60,2305.5966796875,-319.27744140624947,2656.68955078125,1109.3653645833251,4314.187812511662,-19406.811523438,3655.00390625,60,216352.0,203155.2,220896.0,212870.66666666666,6731.5505521505365,199440.0,220896.0,60,0.0,0.0,0.0,0.05,0.21978417765108277,0.0,1.0,60,8.0,8.0,8.0,8.05,0.21978417765108277,8.0,9.0,60,0.0,0.0,0.0,0.05,0.21978417765108277,0.0,1.0,60,8.0,8.0,8.0,8.0,0.0,8.0,8.0,60,64.563106796117,64.563106796117,64.563106796117,66.33495145631115,7.788468431324669,64.563106796117,100.0,60,1.2102970748107,1.2102970748107,1.2102970748107,1.2602970748107,0.21978417765108277,1.2102970748107,2.2102970748107,60,64.563106796117,64.563106796117,64.563106796117,66.33495145631115,7.788468431324669,64.563106796117,100.0,60,8.0,8.0,8.0,8.0,0.0,8.0,8.0,60,8.0,8.0,8.0,7.85,0.6593525329532484,5.0,8.0,60,21.0,21.0,21.0,21.0,0.0,21.0,21.0,,,,,,,,
phase1,H_zenos_bookshelf,paging,paging,hierarchical,2000,bookshelf_sequential_paging_anim_off,PASS,3,60,0,0,60,18.444,13.4824,23.0978,18.67888333333333,3.6511726005544505,11.073,27.036,60,30924.269042968997,23675.2613281246,42477.409375,31927.00107421875,6836.61473502323,21344.450195312,45295.208984375,60,2108.35546875,856.1427734375,2323.4515625,463.944873046875,5267.725084681896,-23485.67578125,2363.40234375,60,231056.0,228192.0,235052.80000000002,231270.4,2667.7057952798114,227152.0,236448.0,60,1.0,1.0,1.0,1.0,0.0,1.0,1.0,60,1.0,1.0,1.0,1.0,0.0,1.0,1.0,60,0.0,0.0,0.0,0.0,0.0,0.0,0.0,60,1.0,1.0,1.0,1.0,0.0,1.0,1.0,60,64.563106796117,64.563106796117,64.563106796117,64.563106796117,0.0,64.563106796117,64.563106796117,60,0.64563106796117,0.64563106796117,0.64563106796117,0.64563106796117,0.0,0.64563106796117,0.64563106796117,60,64.563106796117,64.563106796117,64.563106796117,64.563106796117,0.0,64.563106796117,64.563106796117,60,8.0,8.0,8.0,8.0,0.0,8.0,8.0,60,8.0,8.0,8.0,7.85,0.6593525329532484,5.0,8.0,60,21.0,21.0,21.0,21.0,0.0,21.0,21.0,,,,,,,,
phase1,H_zenos_bookshelf,paging,paging,hierarchical,2000,close_bookshelf,PASS,3,3,0,0,3,12.924,11.8432,13.715200000000001,12.803333333333333,1.1746575387462224,11.573,13.913,3,34535.903320312,34514.6236328128,35213.2744140624,34809.274739583336,496.70721430438175,34509.303710938,35382.6171875,3,417.9443359375,409.85136718750005,482.3810546875,441.4208984375,49.68164911910051,407.828125,498.490234375,3,239072.0,238854.4,239584.0,239194.66666666666,468.21077874535666,238800.0,239712.0,3,1.0,1.0,1.0,1.0,0.0,1.0,1.0,3,1.0,1.0,1.0,1.0,0.0,1.0,1.0,3,1.0,1.0,1.0,1.0,0.0,1.0,1.0,3,0.0,0.0,0.0,0.0,0.0,0.0,0.0,3,100.0,100.0,100.0,100.0,0.0,100.0,100.0,3,1.0,1.0,1.0,1.0,0.0,1.0,1.0,3,100.0,100.0,100.0,100.0,0.0,100.0,100.0,,,,,,,,,,,,,,,,,,,,,,,,,,,,,,,,
phase1,H_zenos_bookshelf,paging,paging,hierarchical,2000,library_cached_paging,PASS,3,90,0,0,90,8.235,7.0027,18.4999,9.666177777777778,4.221642660689889,5.408,22.742,90,16068.482910155999,14999.823242188,18619.307910155803,16478.613194444544,1330.3835295372314,14927.342773438,19655.240234375,90,345.73779296875,-1371.9125000000001,379.721875,-12.587098524305556,1038.285589869116,-4681.4326171875,407.5283203125,90,199712.0,199440.0,201376.0,200176.0,860.5574362723243,199440.0,201376.0,90,1.0,1.0,1.0,1.0,0.0,1.0,1.0,90,1.0,1.0,1.0,1.0,0.0,1.0,1.0,90,1.0,1.0,1.0,1.0,0.0,1.0,1.0,90,0.0,0.0,0.0,0.0,0.0,0.0,0.0,90,100.0,100.0,100.0,100.0,0.0,100.0,100.0,90,1.0,1.0,1.0,1.0,0.0,1.0,1.0,90,100.0,100.0,100.0,100.0,0.0,100.0,100.0,90,5.0,5.0,5.0,5.0,0.0,5.0,5.0,90,5.0,5.0,5.0,5.0,0.0,5.0,5.0,90,33.0,33.0,33.0,33.0,0.0,33.0,33.0,,,,,,,,
phase1,H_zenos_bookshelf,paging,paging,hierarchical,2000,library_sequential_paging,PASS,3,90,0,0,90,8.256499999999999,7.3052,9.364600000000001,9.208844444444445,3.763932789376866,6.8,25.897,90,20190.3330078125,15293.1220703125,24696.5360351563,20046.258604600735,3443.4296954556603,14899.557617188,25890.15234375,90,367.97314453125,324.604296875,395.22265625,-58.77470703124444,2005.901754820124,-10963.125976562,429.1845703125,90,185248.0,184528.0,187088.0,185524.8,992.9171548545701,184528.0,187296.0,90,1.0,1.0,1.0,1.0,0.0,1.0,1.0,90,1.0,1.0,1.0,1.0,0.0,1.0,1.0,90,1.0,1.0,1.0,1.0,0.0,1.0,1.0,90,0.0,0.0,0.0,0.0,0.0,0.0,0.0,90,100.0,100.0,100.0,100.0,0.0,100.0,100.0,90,1.0,1.0,1.0,1.0,0.0,1.0,1.0,90,100.0,100.0,100.0,100.0,0.0,100.0,100.0,90,5.0,5.0,5.0,5.0,0.0,5.0,5.0,90,5.0,5.0,5.0,5.0,0.0,5.0,5.0,90,33.0,33.0,33.0,33.0,0.0,33.0,33.0,,,,,,,,
phase1,H_zenos_bookshelf,paging,paging,hierarchical,2000,open_bookshelf,PASS,3,3,0,0,3,106.128,101.328,110.46240000000002,105.93400000000001,5.71147161421643,100.128,111.546,3,17579.545898438,17565.867773438,17582.649023438,17575.139648438,11.1608836064165,17562.448242188,17583.424804688,3,2524.6875,1454.5304687500002,2552.190625,2090.2483723958335,782.4324904380319,1186.9912109375,2559.06640625,3,199712.0,199494.4,203206.4,201077.33333333334,2603.93957943216,199440.0,204080.0,3,1.0,1.0,1.0,1.0,0.0,1.0,1.0,3,1.0,1.0,1.0,1.0,0.0,1.0,1.0,3,1.0,1.0,1.0,1.0,0.0,1.0,1.0,3,0.0,0.0,0.0,0.0,0.0,0.0,0.0,3,100.0,100.0,100.0,100.0,0.0,100.0,100.0,3,1.0,1.0,1.0,1.0,0.0,1.0,1.0,3,100.0,100.0,100.0,100.0,0.0,100.0,100.0,,,,,,,,,,,,,,,,,3,21.0,21.0,21.0,21.0,0.0,21.0,21.0,,,,,,,,
phase1,H_zenos_bookshelf,paging,paging,hierarchical,2000,paging_probe_step_2_to_3,PASS,3,3,0,0,3,20.715,15.863800000000001,21.5302,19.033333333333335,3.8292589796634724,14.651,21.734,3,14931.788085938,14906.769335938003,14967.659960938001,14936.310221354666,38.25761593729285,14900.514648438,14976.627929688,3,-434.85546875,-988.3296875000001,-136.88984374999998,-541.3173828125,540.0778859792827,-1126.6982421875,-62.3984375,3,199072.0,193004.8,199315.2,196645.33333333334,4468.967367673805,191488.0,199376.0,3,1.0,1.0,1.0,1.0,0.0,1.0,1.0,3,1.0,1.0,1.0,1.0,0.0,1.0,1.0,3,1.0,1.0,1.0,1.0,0.0,1.0,1.0,3,0.0,0.0,0.0,0.0,0.0,0.0,0.0,3,100.0,100.0,100.0,100.0,0.0,100.0,100.0,3,1.0,1.0,1.0,1.0,0.0,1.0,1.0,3,100.0,100.0,100.0,100.0,0.0,100.0,100.0,3,5.0,5.0,5.0,5.0,0.0,5.0,5.0,3,5.0,5.0,5.0,5.0,0.0,5.0,5.0,3,33.0,33.0,33.0,33.0,0.0,33.0,33.0,,,,,,,,
phase1,H_zenos_bookshelf,steady_state_cold,startup,hierarchical,2000,home_to_library,PASS,3,3,0,0,3,32.553,31.8122,34.2106,32.934999999999995,1.5350713338473891,31.627,34.625,3,15637.216796875,15585.562109375001,15676.169921875,15631.924479166666,56.81505168000762,15572.6484375,15685.908203125,3,1271.650390625,1266.142578125,1347.0472656250001,1300.7708333333333,56.50542290018277,1264.765625,1365.896484375,3,183824.0,181648.0,188880.0,185024.0,4637.930573003438,181104.0,190144.0,3,9.0,9.0,9.0,9.0,0.0,9.0,9.0,3,9.0,9.0,9.0,9.0,0.0,9.0,9.0,3,6.0,6.000000000000001,6.0,6.0,0.0,6.0,6.0,3,3.0,3.0000000000000004,3.0,3.0,0.0,3.0,3.0,3,100.0,100.0,100.0,100.0,0.0,100.0,100.0,3,6.1328883495146,6.1328883495146,6.1328883495146,6.132888349514599,0.0,6.1328883495146,6.1328883495146,3,100.0,100.0,100.0,100.0,0.0,100.0,100.0,,,,,,,,,,,,,,,,,,,,,,,,,,,,,,,,
phase1,H_zenos_bookshelf,steady_state_cold,startup,hierarchical,2000,library_first_render,PASS,3,3,0,0,3,26.108,24.7648,27.3408,26.062,1.6104927817286248,24.429,27.649,3,16494.919921875,16433.256640624604,16507.7285156246,16474.563802083,49.771562785284445,16417.840820312,16510.930664062,3,831.3251953125,812.3455078125,838.4650390625,826.3919270833334,16.87450476967612,807.6005859375,840.25,3,183824.0,181648.0,188880.0,185024.0,4637.930573003438,181104.0,190144.0,3,8.0,8.0,8.0,8.0,0.0,8.0,8.0,3,8.0,8.0,8.0,8.0,0.0,8.0,8.0,3,5.0,5.0,5.0,5.0,0.0,5.0,5.0,3,3.0,3.0000000000000004,3.0,3.0,0.0,3.0,3.0,3,100.0,100.0,100.0,100.0,0.0,100.0,100.0,3,5.1328883495146,5.132888349514601,5.1328883495146,5.1328883495146,0.0,5.1328883495146,5.1328883495146,3,100.0,100.0,100.0,100.0,0.0,100.0,100.0,,,,,,,,,,,,,,,,,,,,,,,,,,,,,,,,
phase1,H_zenos_bookshelf,warm,synthetic,flat,2000,bookshelf_cached_paging,PASS,1,30,0,0,30,160.06,158.3493,166.29090000000002,162.02820000000003,5.233249721566503,157.473,181.895,30,56097.083984375,47109.438183593804,95134.5915039067,64596.888509114535,19316.943141540403,44977.450195312,97031.0,30,767.45361328125,-1088.414550781195,916.8675781250003,-952.3010416666499,5616.522381253564,-21876.525390625,1932.1806640625,30,294256.0,290283.2,294384.0,293385.06666666665,1969.628407687048,287632.0,294384.0,30,0.0,0.0,0.0,0.0,0.0,0.0,0.0,30,8.0,8.0,8.0,8.0,0.0,8.0,8.0,30,0.0,0.0,0.0,0.0,0.0,0.0,0.0,30,8.0,8.0,8.0,8.0,0.0,8.0,8.0,30,64.563106796117,64.563106796117,64.563106796117,64.563106796117,0.0,64.563106796117,64.563106796117,30,1.2102970748107,1.2102970748107,1.2102970748107,1.2102970748107,0.0,1.2102970748107,1.2102970748107,30,64.563106796117,64.563106796117,64.563106796117,64.563106796117,0.0,64.563106796117,64.563106796117,30,8.0,8.0,8.0,8.0,0.0,8.0,8.0,30,8.0,8.0,8.0,8.0,0.0,8.0,8.0,30,250.0,250.0,250.0,250.0,0.0,250.0,250.0,,,,,,,,
phase1,H_zenos_bookshelf,warm,synthetic,flat,2000,bookshelf_cached_paging_anim_off,PASS,1,30,0,0,30,7.856,7.0916,8.2438,7.884033333333334,0.6467669453591421,6.967,10.339,30,66607.2270507815,57697.876757812504,75211.5168945312,66518.14013671876,6668.588707397756,55106.669921875,77370.131835938,30,752.22900390625,718.76015625,838.5571289062501,763.7732421875,52.79950970356804,706.5849609375,949.16015625,30,300688.0,300688.0,300688.0,300688.0,0.0,300688.0,300688.0,30,1.0,1.0,1.0,1.0,0.0,1.0,1.0,30,1.0,1.0,1.0,1.0,0.0,1.0,1.0,30,0.0,0.0,0.0,0.0,0.0,0.0,0.0,30,1.0,1.0,1.0,1.0,0.0,1.0,1.0,30,64.563106796117,64.563106796117,64.563106796117,64.563106796117,0.0,64.563106796117,64.563106796117,30,0.64563106796117,0.64563106796117,0.64563106796117,0.64563106796117,0.0,0.64563106796117,0.64563106796117,30,64.563106796117,64.563106796117,64.563106796117,64.563106796117,0.0,64.563106796117,64.563106796117,30,8.0,8.0,8.0,8.0,0.0,8.0,8.0,30,8.0,8.0,8.0,8.0,0.0,8.0,8.0,30,250.0,250.0,250.0,250.0,0.0,250.0,250.0,,,,,,,,
phase1,H_zenos_bookshelf,warm,synthetic,flat,2000,bookshelf_first_render,PASS,1,10,0,0,10,13.129,11.539599999999998,52.6714,21.4083,17.853757600448024,10.933,57.958,10,43681.353515625,41110.34296875,74884.631445312,49475.9968749998,13823.101927533742,40241.888671875,76284.954101562,10,1461.8759765625,-8594.597265625049,1659.68193359375,-2861.60468750005,11543.038464919104,-35080.741210938,1661.609375,10,267920.0,265958.4,267920.0,267369.6,1216.6127111323838,264288.0,267920.0,10,1.0,1.0,1.0,1.0,0.0,1.0,1.0,10,1.0,1.0,1.0,1.0,0.0,1.0,1.0,10,1.0,1.0,1.0,1.0,0.0,1.0,1.0,10,0.0,0.0,0.0,0.0,0.0,0.0,0.0,10,100.0,100.0,100.0,100.0,0.0,100.0,100.0,10,1.0,1.0,1.0,1.0,0.0,1.0,1.0,10,100.0,100.0,100.0,100.0,0.0,100.0,100.0,,,,,,,,,,,,,,,,,10,250.0,250.0,250.0,250.0,0.0,250.0,250.0,,,,,,,,
phase1,H_zenos_bookshelf,warm,synthetic,flat,2000,bookshelf_sequential_paging,PASS,1,30,0,0,30,164.27749999999997,160.2423,175.6458,166.07626666666667,5.893920438327392,158.941,178.744,30,57728.8735351565,47269.730078124594,79638.9497070317,61130.3474934895,12740.426201361399,42993.463867188,85263.243164062,30,1771.90234375,1571.08544921875,1959.960546875,1310.4686197916499,2610.2495223967185,-12481.725585938,2159.837890625,30,274032.0,273507.2,275648.0,274537.06666666665,1881.1784812082344,273264.0,281904.0,30,0.0,0.0,0.0,0.0,0.0,0.0,0.0,30,8.0,8.0,8.0,8.0,0.0,8.0,8.0,30,0.0,0.0,0.0,0.0,0.0,0.0,0.0,30,8.0,8.0,8.0,8.0,0.0,8.0,8.0,30,64.563106796117,64.563106796117,64.563106796117,64.563106796117,0.0,64.563106796117,64.563106796117,30,1.2102970748107,1.2102970748107,1.2102970748107,1.2102970748107,0.0,1.2102970748107,1.2102970748107,30,64.563106796117,64.563106796117,64.563106796117,64.563106796117,0.0,64.563106796117,64.563106796117,30,8.0,8.0,8.0,8.0,0.0,8.0,8.0,30,8.0,8.0,8.0,8.0,0.0,8.0,8.0,30,250.0,250.0,250.0,250.0,0.0,250.0,250.0,,,,,,,,
phase1,H_zenos_bookshelf,warm,synthetic,flat,2000,bookshelf_sequential_paging_anim_off,PASS,1,30,0,0,30,11.6715,8.4617,19.741300000000006,13.192666666666668,5.153431587441205,7.743,30.069,30,74126.1762695315,50111.8121093754,92439.8973632808,73826.5329427083,15297.416866323285,45914.975585938,98196.778320312,30,1699.97412109375,793.8607421875,1874.99091796875,-282.33440755208335,7033.6361297614785,-26815.294921875,2123.4013671875,30,297504.0,297417.6,300451.19999999995,298044.8,1090.3293523297098,297184.0,300592.0,30,1.0,1.0,1.0,1.0,0.0,1.0,1.0,30,1.0,1.0,1.0,1.0,0.0,1.0,1.0,30,0.0,0.0,0.0,0.0,0.0,0.0,0.0,30,1.0,1.0,1.0,1.0,0.0,1.0,1.0,30,64.563106796117,64.563106796117,64.563106796117,64.563106796117,0.0,64.563106796117,64.563106796117,30,0.64563106796117,0.64563106796117,0.64563106796117,0.64563106796117,0.0,0.64563106796117,0.64563106796117,30,64.563106796117,64.563106796117,64.563106796117,64.563106796117,0.0,64.563106796117,64.563106796117,30,8.0,8.0,8.0,8.0,0.0,8.0,8.0,30,8.0,8.0,8.0,8.0,0.0,8.0,8.0,30,250.0,250.0,250.0,250.0,0.0,250.0,250.0,,,,,,,,
phase1,H_zenos_bookshelf,warm,synthetic,flat,2000,change_sort_mode,PASS,1,10,0,0,10,99.64349999999999,68.6738,108.7684,91.2825,17.717552898812585,66.323,111.832,10,21040.39453125,20982.71171875,38301.3463867183,26402.707812499903,7432.74352128854,20939.388671875,38457.068359375,10,54.890625,-17361.653027344197,9590.25439453125,-3.59960937504984,10057.502023624831,-17460.4921875,9648.240234375,10,202448.0,202448.0,202448.0,202448.0,0.0,202448.0,202448.0,10,5.0,5.0,5.0,5.0,0.0,5.0,5.0,10,5.0,5.0,5.0,5.0,0.0,5.0,5.0,10,4.0,4.0,4.0,4.0,0.0,4.0,4.0,10,1.0,1.0,1.0,1.0,0.0,1.0,1.0,10,100.0,100.0,100.0,100.0,0.0,100.0,100.0,10,4.0442961165049,4.0442961165049,4.0442961165049,4.0442961165049,0.0,4.0442961165049,4.0442961165049,10,100.0,100.0,100.0,100.0,0.0,100.0,100.0,,,,,,,,,,,,,,,,,,,,,,,,,,,,,,,,
phase1,H_zenos_bookshelf,warm,synthetic,flat,2000,close_book,PASS,1,10,0,0,10,32.35,30.2866,35.9861,33.1157,2.599874870920607,30.04,37.256,10,39475.0161132815,38002.7885742192,41035.4271484375,39554.5695312502,1241.779187031264,37807.0078125,41441.3359375,10,2702.8994140625,2643.93935546875,2900.2175781250003,2734.53466796875,104.6038784169253,2638.3486328125,2926.6357421875,10,231584.0,231584.0,231584.0,231584.0,0.0,231584.0,231584.0,10,7.0,7.0,7.0,7.0,0.0,7.0,7.0,10,7.0,7.0,7.0,7.0,0.0,7.0,7.0,10,7.0,7.0,7.0,7.0,0.0,7.0,7.0,10,0.0,0.0,0.0,0.0,0.0,0.0,0.0,10,100.0,100.0,100.0,100.0,0.0,100.0,100.0,10,7.0,7.0,7.0,7.0,0.0,7.0,7.0,10,100.0,100.0,100.0,100.0,0.0,100.0,100.0,,,,,,,,,,,,,,,,,,,,,,,,,,,,,,,,
phase1,H_zenos_bookshelf,warm,synthetic,flat,2000,close_bookshelf,PASS,1,10,0,0,10,8.5175,7.2952,10.646499999999998,8.7071,1.4853266344851932,7.153,11.461,10,84139.6616210935,80113.16767578082,88284.97988281201,84150.9590820309,3438.252347706546,78999.23046875,89435.594726562,10,96.1015625,73.87861328125,165.37509765625,105.84072265625,38.25669546111888,56.81640625,167.65234375,10,306568.0,306172.8,306704.0,306486.4,247.20445878754785,306000.0,306704.0,10,1.0,1.0,1.0,1.0,0.0,1.0,1.0,10,1.0,1.0,1.0,1.0,0.0,1.0,1.0,10,1.0,1.0,1.0,1.0,0.0,1.0,1.0,10,0.0,0.0,0.0,0.0,0.0,0.0,0.0,10,100.0,100.0,100.0,100.0,0.0,100.0,100.0,10,1.0,1.0,1.0,1.0,0.0,1.0,1.0,10,100.0,100.0,100.0,100.0,0.0,100.0,100.0,,,,,,,,,,,,,,,,,,,,,,,,,,,,,,,,
phase1,H_zenos_bookshelf,warm,synthetic,flat,2000,close_quick_settings,PASS,1,10,0,0,10,17.012999999999998,16.0806,17.2774,16.5059,1.7712434709359788,11.514,17.497,10,43449.564941406,42716.7440429683,44603.7461914063,43501.784863281195,861.9066104423391,42172.568359375,44780.811523438,10,46.234375,38.740625,61.848828125,48.73564453125,9.74550235888121,35.263671875,62.421875,10,309088.0,309088.0,309088.0,309088.0,0.0,309088.0,309088.0,10,3.0,3.0,3.0,3.0,0.0,3.0,3.0,10,3.0,3.0,3.0,3.0,0.0,3.0,3.0,10,2.0,2.0,2.0,2.0,0.0,2.0,2.0,10,1.0,1.0,1.0,1.0,0.0,1.0,1.0,10,100.0,100.0,100.0,100.0,0.0,100.0,100.0,10,2.0442961165049,2.0442961165049,2.0442961165049,2.0442961165049,0.0,2.0442961165049,2.0442961165049,10,100.0,100.0,100.0,100.0,0.0,100.0,100.0,,,,,,,,,,,,,,,,,,,,,,,,,,,,,,,,
phase1,H_zenos_bookshelf,warm,synthetic,flat,2000,home_to_library,PASS,1,10,0,0,10,65.015,63.3189,85.31779999999999,70.0891,9.255323890724853,62.814,87.134,10,29698.4248046875,22001.129882813,37227.4054687496,29405.5000976564,6093.738011269028,20655.963867188,37708.291992188,10,3462.45849609375,-15741.5202148442,4137.070019531249,-179.0022460938,8466.776330786593,-16709.10546875,5905.1806640625,10,202448.0,202448.0,202448.0,202448.0,0.0,202448.0,202448.0,10,6.0,6.0,6.0,6.0,0.0,6.0,6.0,10,6.0,6.0,6.0,6.0,0.0,6.0,6.0,10,4.0,4.0,4.0,4.0,0.0,4.0,4.0,10,2.0,2.0,2.0,2.0,0.0,2.0,2.0,10,100.0,100.0,100.0,100.0,0.0,100.0,100.0,10,4.0885922330097,4.0885922330097,4.0885922330097,4.0885922330097,0.0,4.0885922330097,4.0885922330097,10,100.0,100.0,100.0,100.0,0.0,100.0,100.0,,,,,,,,,,,,,,,,,,,,,,,,,,,,,,,,
phase1,H_zenos_bookshelf,warm,synthetic,flat,2000,library_cached_paging,PASS,1,30,0,0,30,12.019,8.581999999999999,34.9001,16.317566666666668,10.488431751165212,7.955,39.846,30,21580.597167968503,20593.653710937004,22557.920605469197,21570.987207031132,705.6982919478902,20537.790039062,22740.50390625,30,375.4541015625,-1939.30009765625,660.18837890625,10.71630859375,1006.34361968566,-2147.9521484375,691.8115234375,30,202448.0,202448.0,202448.0,202448.0,0.0,202448.0,202448.0,30,1.0,1.0,1.0,1.0,0.0,1.0,1.0,30,1.0,1.0,1.0,1.0,0.0,1.0,1.0,30,1.0,1.0,1.0,1.0,0.0,1.0,1.0,30,0.0,0.0,0.0,0.0,0.0,0.0,0.0,30,100.0,100.0,100.0,100.0,0.0,100.0,100.0,30,1.0,1.0,1.0,1.0,0.0,1.0,1.0,30,100.0,100.0,100.0,100.0,0.0,100.0,100.0,30,5.0,5.0,5.0,5.0,0.0,5.0,5.0,30,5.0,5.0,5.0,5.0,0.0,5.0,5.0,30,400.0,400.0,400.0,400.0,0.0,400.0,400.0,,,,,,,,
phase1,H_zenos_bookshelf,warm,synthetic,flat,2000,library_first_render,PASS,1,10,0,0,10,70.4665,65.1993,89.5763,75.6366,11.250110371804263,63.213,92.162,10,25002.397460938,21269.8608398433,28863.6950195308,24580.5640624999,3229.057558609963,21122.630859375,30075.34375,10,3760.197265625,-7521.88642578125,3827.40400390625,-122.39072265625,5234.326343103214,-8506.900390625,3887.5537109375,10,202448.0,202448.0,202448.0,202448.0,0.0,202448.0,202448.0,10,8.0,8.0,8.0,8.0,0.0,8.0,8.0,10,8.0,8.0,8.0,8.0,0.0,8.0,8.0,10,5.0,5.0,5.0,5.0,0.0,5.0,5.0,10,3.0,3.0,3.0,3.0,0.0,3.0,3.0,10,100.0,100.0,100.0,100.0,0.0,100.0,100.0,10,5.1328883495146,5.1328883495146,5.1328883495146,5.1328883495146,0.0,5.1328883495146,5.1328883495146,10,100.0,100.0,100.0,100.0,0.0,100.0,100.0,,,,,,,,,,,,,,,,,,,,,,,,,,,,,,,,
phase1,H_zenos_bookshelf,warm,synthetic,flat,2000,library_folder_back,PASS,1,10,0,0,10,106.4485,88.10489999999999,111.4563,104.1412,9.841999489715267,84.72,114.231,10,18860.604492187,18816.960742187,25250.8327148437,20125.617480468303,2715.7453457140555,18753.493164062,25311.747070312,10,-593.70849609375,-6257.9626953125,5835.31923828125,-493.88564453125,4149.133422648623,-6980.3515625,5868.9013671875,10,202448.0,202448.0,202448.0,202448.0,0.0,202448.0,202448.0,10,6.0,6.0,6.0,6.0,0.0,6.0,6.0,10,6.0,6.0,6.0,6.0,0.0,6.0,6.0,10,3.0,3.0,3.0,3.0,0.0,3.0,3.0,10,3.0,3.0,3.0,3.0,0.0,3.0,3.0,10,100.0,100.0,100.0,100.0,0.0,100.0,100.0,10,3.1328883495146,3.1328883495146,3.1328883495146,3.1328883495146,0.0,3.1328883495146,3.1328883495146,10,100.0,100.0,100.0,100.0,0.0,100.0,100.0,,,,,,,,,,,,,,,,,,,,,,,,,,,,,,,,
phase1,H_zenos_bookshelf,warm,synthetic,flat,2000,library_folder_enter,PASS,1,10,0,0,10,11.452,10.3254,13.0777,11.5503,1.205502758188466,9.429,13.354,10,19420.4931640625,19341.049218750002,25929.704882812002,21556.4804687499,3167.1420977554485,19308.33984375,26605.942382812,10,607.9140625,538.6240234375,625.1882812499999,593.7306640625,35.477043361000256,537.2880859375,630.8115234375,10,202448.0,202448.0,202448.0,202448.0,0.0,202448.0,202448.0,10,5.0,5.0,5.0,5.0,0.0,5.0,5.0,10,5.0,5.0,5.0,5.0,0.0,5.0,5.0,10,3.0,3.0,3.0,3.0,0.0,3.0,3.0,10,2.0,2.0,2.0,2.0,0.0,2.0,2.0,10,100.0,100.0,100.0,100.0,0.0,100.0,100.0,10,3.0885922330097,3.0885922330096998,3.0885922330097,3.0885922330097,0.0,3.0885922330097,3.0885922330097,10,100.0,100.0,100.0,100.0,0.0,100.0,100.0,,,,,,,,,,,,,,,,,,,,,,,,,,,,,,,,
phase1,H_zenos_bookshelf,warm,synthetic,flat,2000,library_sequential_paging,PASS,1,30,0,0,30,8.600999999999999,7.3781,31.6711,11.918933333333333,8.867523671486184,6.87,36.587,30,22462.588378906003,20843.235253906198,25490.018261718702,22761.000195312467,1841.426557631734,20498.739257812,26592.741210938,30,357.87841796875,-404.3598632812499,397.905859375,-9.803580729166667,1252.3288920686646,-5692.458984375,414.3642578125,30,202448.0,202448.0,202448.0,202448.0,0.0,202448.0,202448.0,30,1.0,1.0,1.0,1.0,0.0,1.0,1.0,30,1.0,1.0,1.0,1.0,0.0,1.0,1.0,30,1.0,1.0,1.0,1.0,0.0,1.0,1.0,30,0.0,0.0,0.0,0.0,0.0,0.0,0.0,30,100.0,100.0,100.0,100.0,0.0,100.0,100.0,30,1.0,1.0,1.0,1.0,0.0,1.0,1.0,30,100.0,100.0,100.0,100.0,0.0,100.0,100.0,30,5.0,5.0,5.0,5.0,0.0,5.0,5.0,30,5.0,5.0,5.0,5.0,0.0,5.0,5.0,30,400.0,400.0,400.0,400.0,0.0,400.0,400.0,,,,,,,,
phase1,H_zenos_bookshelf,warm,synthetic,flat,2000,open_book,PASS,1,10,0,0,10,129.2295,124.8569,141.7349,131.178,6.653358617186428,122.966,142.517,10,31320.053222656497,29760.6317382813,33132.7348632813,31373.255957031302,1446.612690244084,29414.245117188,33925.143554688,10,-1854.0234375,-3108.20869140625,-1728.97509765625,-2280.482421875,664.2924602367979,-3179.0546875,-1674.619140625,10,230720.0,230160.0,230864.0,230707.2,392.773839364193,230160.0,231584.0,10,9.0,9.0,9.0,9.0,0.0,9.0,9.0,10,9.0,9.0,9.0,9.0,0.0,9.0,9.0,10,9.0,9.0,9.0,9.0,0.0,9.0,9.0,10,0.0,0.0,0.0,0.0,0.0,0.0,0.0,10,100.0,100.0,100.0,100.0,0.0,100.0,100.0,10,9.0,9.0,9.0,9.0,0.0,9.0,9.0,10,100.0,100.0,100.0,100.0,0.0,100.0,100.0,,,,,,,,,,,,,,,,,,,,,,,,,,,,,,,,
phase1,H_zenos_bookshelf,warm,synthetic,flat,2000,open_book_minimal,PASS,1,10,0,0,10,108.446,94.0669,114.80189999999999,105.66990000000001,9.011327876622845,91.654,118.005,10,25609.844238281497,23342.5633789067,27995.2879882817,25528.2106445313,1825.892231296852,22814.041015625,28180.806640625,10,-2789.01123046875,-3068.42724609375,-1803.8231445312504,-2572.69384765625,737.3819922525794,-3131.466796875,-699.142578125,10,221168.0,219128.0,227740.8,223104.0,4334.54013964829,216608.0,230160.0,10,0.0,0.0,0.0,0.0,0.0,0.0,0.0,10,0.0,0.0,0.0,0.0,0.0,0.0,0.0,10,0.0,0.0,0.0,0.0,0.0,0.0,0.0,10,0.0,0.0,0.0,0.0,0.0,0.0,0.0,10,0.0,0.0,0.0,0.0,0.0,0.0,0.0,10,0.0,0.0,0.0,0.0,0.0,0.0,0.0,10,0.0,0.0,0.0,0.0,0.0,0.0,0.0,,,,,,,,,,,,,,,,,,,,,,,,,,,,,,,,
phase1,H_zenos_bookshelf,warm,synthetic,flat,2000,open_bookshelf,PASS,1,10,0,0,10,16.1525,12.7762,19.337799999999998,15.912,2.596532260107272,12.139,19.588,10,61809.2934570315,53456.697656250406,69635.7690429688,61645.401757812695,6733.860317790854,51480.137695312,71389.780273438,10,2070.00927734375,1912.26650390625,2226.58720703125,2051.566796875,156.0956776713957,1800.1962890625,2320.9404296875,10,249808.0,240336.0,258270.4,249136.0,7837.891780035979,235872.0,260272.0,10,1.0,1.0,1.0,1.0,0.0,1.0,1.0,10,1.0,1.0,1.0,1.0,0.0,1.0,1.0,10,1.0,1.0,1.0,1.0,0.0,1.0,1.0,10,0.0,0.0,0.0,0.0,0.0,0.0,0.0,10,100.0,100.0,100.0,100.0,0.0,100.0,100.0,10,1.0,1.0,1.0,1.0,0.0,1.0,1.0,10,100.0,100.0,100.0,100.0,0.0,100.0,100.0,,,,,,,,,,,,,,,,,10,250.0,250.0,250.0,250.0,0.0,250.0,250.0,,,,,,,,
phase1,H_zenos_bookshelf,warm,synthetic,flat,2000,open_quick_settings,PASS,1,10,0,0,10,8.8645,8.544400000000001,11.7837,9.668600000000001,1.8132948035122265,7.909,13.716,10,95420.4399414065,87895.3821289067,97767.74414062541,90470.6672851564,16631.371215375053,43397.943359375,98303.340820312,10,594.9609375,540.6421875,650.92783203125,604.81708984375,63.606532556384906,533.6689453125,753.7080078125,10,308664.0,308656.0,309030.39999999997,308774.4,168.6885361316003,308656.0,309088.0,10,6.0,6.0,6.0,6.0,0.0,6.0,6.0,10,6.0,6.0,6.0,6.0,0.0,6.0,6.0,10,5.0,5.0,5.0,5.0,0.0,5.0,5.0,10,1.0,1.0,1.0,1.0,0.0,1.0,1.0,10,100.0,100.0,100.0,100.0,0.0,100.0,100.0,10,5.0442961165049,5.0442961165049,5.0442961165049,5.0442961165049,0.0,5.0442961165049,5.0442961165049,10,100.0,100.0,100.0,100.0,0.0,100.0,100.0,,,,,,,,,,,,,,,,,,,,,,,,,,,,,,,,
phase1,H_zenos_bookshelf,warm,synthetic,flat,2000,repeated_nav,PASS,1,2,0,0,2,242.958,115.36680000000001,370.54920000000004,242.958,225.55150684932255,83.469,402.447,2,42958.983886719,41932.736621094205,43985.2311523438,42958.983886719,1814.166001743619,41676.174804688,44241.79296875,2,-950.4921875,-3568.121875,1667.1375000000003,-950.4921875,4627.359256666183,-4222.529296875,2321.544921875,2,309088.0,309088.0,309088.0,309088.0,0.0,309088.0,309088.0,2,10.0,10.0,10.0,10.0,0.0,10.0,10.0,2,10.0,10.0,10.0,10.0,0.0,10.0,10.0,2,10.0,10.0,10.0,10.0,0.0,10.0,10.0,2,0.0,0.0,0.0,0.0,0.0,0.0,0.0,2,100.0,100.0,100.0,100.0,0.0,100.0,100.0,2,10.0,10.0,10.0,10.0,0.0,10.0,10.0,2,100.0,100.0,100.0,100.0,0.0,100.0,100.0,,,,,,,,,,,,,,,,,,,,,,,,,,,,,,,,
phase1,H_zenos_bookshelf,warm,synthetic,flat,2000,start_to_home,PASS,1,10,0,0,10,8.448,6.3627,17.521899999999988,12.947999999999999,13.814525101420525,6.018,51.748,10,27323.904296875,20591.4989257817,32754.107031250394,27117.7170898439,5238.431021466224,19727.603515625,36162.141601562,10,73.82568359375,-1348.2166015625496,94.23808593749999,-1326.61640625005,4439.760290221587,-13962.303710938,107.82421875,10,202448.0,202188.80000000002,202448.0,202188.8,819.662369515644,199856.0,202448.0,10,1.0,1.0,1.0,1.0,0.0,1.0,1.0,10,1.0,1.0,1.0,1.0,0.0,1.0,1.0,10,1.0,1.0,1.0,1.0,0.0,1.0,1.0,10,0.0,0.0,0.0,0.0,0.0,0.0,0.0,10,100.0,100.0,100.0,100.0,0.0,100.0,100.0,10,1.0,1.0,1.0,1.0,0.0,1.0,1.0,10,100.0,100.0,100.0,100.0,0.0,100.0,100.0,,,,,,,,,,,,,,,,,,,,,,,,,,,,,,,,
phase1,H_zenos_bookshelf,warm,synthetic,flat,50,bookshelf_cached_paging,PASS,1,30,0,0,30,159.8585,158.863,164.0718,161.25523333333334,4.879946796511373,157.24,183.728,30,55036.8115234375,45111.864453125396,64204.056835937,54812.7065755208,7308.102267865362,41937.1484375,66503.8203125,30,802.9306640625,740.08427734375,919.1607421875003,859.9381510416666,214.7084480231442,721.244140625,1611.390625,30,255296.0,255296.0,255800.0,255527.46666666667,704.1220374893552,255296.0,258384.0,30,0.0,0.0,0.0,0.0,0.0,0.0,0.0,30,8.0,8.0,8.0,8.0,0.0,8.0,8.0,30,0.0,0.0,0.0,0.0,0.0,0.0,0.0,30,8.0,8.0,8.0,8.0,0.0,8.0,8.0,30,64.563106796117,64.563106796117,64.563106796117,64.563106796117,0.0,64.563106796117,64.563106796117,30,1.2102970748107,1.2102970748107,1.2102970748107,1.2102970748107,0.0,1.2102970748107,1.2102970748107,30,64.563106796117,64.563106796117,64.563106796117,64.563106796117,0.0,64.563106796117,64.563106796117,30,8.0,8.0,8.0,8.0,0.0,8.0,8.0,30,8.0,8.0,8.0,8.0,0.0,8.0,8.0,30,7.0,7.0,7.0,7.0,0.0,7.0,7.0,,,,,,,,
phase1,H_zenos_bookshelf,warm,synthetic,flat,50,bookshelf_cached_paging_anim_off,PASS,1,30,0,0,30,8.0275,7.412100000000001,9.077900000000005,8.3766,1.367042279193825,6.954,12.431,30,49954.134765625,40610.79140625,82551.915039063,58394.96601562506,17687.988395004933,38544.786132812,84705.092773438,30,763.5478515625,-516.6224609374957,838.4153320312499,-844.6656901041666,5061.948206503709,-20213.352539062,936.9853515625,30,286920.0,281161.6,286944.0,285394.6666666667,2544.8589600283904,278704.0,286944.0,30,1.0,1.0,1.0,1.0,0.0,1.0,1.0,30,1.0,1.0,1.0,1.0,0.0,1.0,1.0,30,0.0,0.0,0.0,0.0,0.0,0.0,0.0,30,1.0,1.0,1.0,1.0,0.0,1.0,1.0,30,64.563106796117,64.563106796117,64.563106796117,64.563106796117,0.0,64.563106796117,64.563106796117,30,0.64563106796117,0.64563106796117,0.64563106796117,0.64563106796117,0.0,0.64563106796117,0.64563106796117,30,64.563106796117,64.563106796117,64.563106796117,64.563106796117,0.0,64.563106796117,64.563106796117,30,8.0,8.0,8.0,8.0,0.0,8.0,8.0,30,8.0,8.0,8.0,8.0,0.0,8.0,8.0,30,7.0,7.0,7.0,7.0,0.0,7.0,7.0,,,,,,,,
phase1,H_zenos_bookshelf,warm,synthetic,flat,50,bookshelf_first_render,PASS,1,10,0,0,10,13.400500000000001,10.4704,48.003499999999995,20.9587,16.91907335950892,9.853,57.719,10,37639.966796875,35154.83515625,52320.130664062504,40154.8396484374,6850.2759523351015,34817.943359375,53576.912109375,10,1313.28466796875,-5200.062402343749,1439.8146484375,-1181.32919921875,6376.6204776297745,-18761.59375,1540.046875,10,243928.0,242272.0,244195.19999999998,243651.2,744.7900226089081,242272.0,244224.0,10,1.0,1.0,1.0,1.0,0.0,1.0,1.0,10,1.0,1.0,1.0,1.0,0.0,1.0,1.0,10,1.0,1.0,1.0,1.0,0.0,1.0,1.0,10,0.0,0.0,0.0,0.0,0.0,0.0,0.0,10,100.0,100.0,100.0,100.0,0.0,100.0,100.0,10,1.0,1.0,1.0,1.0,0.0,1.0,1.0,10,100.0,100.0,100.0,100.0,0.0,100.0,100.0,,,,,,,,,,,,,,,,,10,7.0,7.0,7.0,7.0,0.0,7.0,7.0,,,,,,,,
phase1,H_zenos_bookshelf,warm,synthetic,flat,50,bookshelf_sequential_paging,PASS,1,6,0,0,6,167.176,163.6165,175.6565,168.81633333333335,7.0145894154017805,162.243,182.322,6,44579.149414062,39448.540039062,47708.669921875,43912.11979166634,4051.1912651223834,37159.520507812,48141.202148438,6,1791.583984375,-4949.8134765625,1907.33203125,-416.9658203125,5079.825366813389,-10753.63671875,1925.18359375,6,250344.0,250088.0,250504.0,250312.0,206.08347823151666,249968.0,250528.0,6,0.0,0.0,0.0,0.0,0.0,0.0,0.0,6,8.0,8.0,8.0,8.0,0.0,8.0,8.0,6,0.0,0.0,0.0,0.0,0.0,0.0,0.0,6,8.0,8.0,8.0,8.0,0.0,8.0,8.0,6,64.563106796117,64.563106796117,64.563106796117,64.563106796117,0.0,64.563106796117,64.563106796117,6,1.2102970748107,1.2102970748107,1.2102970748107,1.2102970748107,0.0,1.2102970748107,1.2102970748107,6,64.563106796117,64.563106796117,64.563106796117,64.563106796117,0.0,64.563106796117,64.563106796117,6,8.0,8.0,8.0,8.0,0.0,8.0,8.0,6,8.0,5.0,8.0,7.0,2.449489742783178,2.0,8.0,6,7.0,7.0,7.0,7.0,0.0,7.0,7.0,,,,,,,,
phase1,H_zenos_bookshelf,warm,synthetic,flat,50,bookshelf_sequential_paging_anim_off,PASS,1,6,0,0,6,14.017999999999999,8.3085,20.691499999999998,14.339333333333334,6.215450125828914,8.095,23.015,6,72161.557617188,68922.074707031,74656.170898437,71913.26774088533,2675.2251099405576,67913.411132812,75045.579101562,6,1268.2294921875,751.25830078125,1903.0830078125,1307.5236002604167,578.5791932770734,726.4033203125,2014.6318359375,6,270864.0,266088.0,274784.0,270578.6666666667,4061.5099983462637,264768.0,275232.0,6,1.0,1.0,1.0,1.0,0.0,1.0,1.0,6,1.0,1.0,1.0,1.0,0.0,1.0,1.0,6,0.0,0.0,0.0,0.0,0.0,0.0,0.0,6,1.0,1.0,1.0,1.0,0.0,1.0,1.0,6,64.563106796117,64.563106796117,64.563106796117,64.563106796117,0.0,64.563106796117,64.563106796117,6,0.64563106796117,0.64563106796117,0.64563106796117,0.64563106796117,0.0,0.64563106796117,0.64563106796117,6,64.563106796117,64.563106796117,64.563106796117,64.563106796117,0.0,64.563106796117,64.563106796117,6,8.0,8.0,8.0,8.0,0.0,8.0,8.0,6,8.0,5.0,8.0,7.0,2.449489742783178,2.0,8.0,6,7.0,7.0,7.0,7.0,0.0,7.0,7.0,,,,,,,,
phase1,H_zenos_bookshelf,warm,synthetic,flat,50,change_sort_mode,PASS,1,10,0,0,10,19.67,16.8131,32.9567,24.1613,8.295567505200193,15.95,38.93,10,16759.868652343997,15418.675390625,18154.0620117187,16750.7127929687,1350.136891979629,15414.822265625,19284.313476562,10,1237.32177734375,-1663.74189453125,1342.81435546875,114.35166015625,1770.9870933928105,-3795.8779296875,1377.1259765625,10,197920.0,197920.0,197920.0,197920.0,0.0,197920.0,197920.0,10,5.0,5.0,5.0,5.0,0.0,5.0,5.0,10,5.0,5.0,5.0,5.0,0.0,5.0,5.0,10,4.0,4.0,4.0,4.0,0.0,4.0,4.0,10,1.0,1.0,1.0,1.0,0.0,1.0,1.0,10,100.0,100.0,100.0,100.0,0.0,100.0,100.0,10,4.0442961165049,4.0442961165049,4.0442961165049,4.0442961165049,0.0,4.0442961165049,4.0442961165049,10,100.0,100.0,100.0,100.0,0.0,100.0,100.0,,,,,,,,,,,,,,,,,,,,,,,,,,,,,,,,
phase1,H_zenos_bookshelf,warm,synthetic,flat,50,close_book,PASS,1,10,0,0,10,34.612,30.256300000000003,39.6362,35.2051,5.019877653444909,29.935,44.246,10,33938.2216796875,32745.7288085942,35957.3036132813,34201.7022460938,1277.0735668135703,32619.6171875,36393.249023438,10,2817.66064453125,2702.86611328125,3141.89296875,2902.81357421875,199.8645921005958,2701.8017578125,3178.7666015625,10,240112.0,239024.0,242272.0,240419.2,1333.6277008387478,239024.0,242272.0,10,7.0,7.0,7.0,7.0,0.0,7.0,7.0,10,7.0,7.0,7.0,7.0,0.0,7.0,7.0,10,7.0,7.0,7.0,7.0,0.0,7.0,7.0,10,0.0,0.0,0.0,0.0,0.0,0.0,0.0,10,100.0,100.0,100.0,100.0,0.0,100.0,100.0,10,7.0,7.0,7.0,7.0,0.0,7.0,7.0,10,100.0,100.0,100.0,100.0,0.0,100.0,100.0,,,,,,,,,,,,,,,,,,,,,,,,,,,,,,,,
phase1,H_zenos_bookshelf,warm,synthetic,flat,50,close_bookshelf,PASS,1,10,0,0,10,8.2305,7.5989,9.615999999999996,8.9248,2.591125872837691,7.031,16.141,10,58282.916015625,54393.0214843746,62180.1645507808,58272.757617187395,3263.550931838809,53393.081054688,63148.71484375,10,126.74658203125,120.19570312500001,156.53242187499995,140.80048828125,39.42591365300341,111.1552734375,248.30078125,10,292376.0,292184.0,292518.4,292363.2,147.6187281102533,292112.0,292576.0,10,1.0,1.0,1.0999999999999996,1.1,0.31622776601683794,1.0,2.0,10,1.0,1.0,1.0999999999999996,1.1,0.31622776601683794,1.0,2.0,10,1.0,1.0,1.0999999999999996,1.1,0.31622776601683794,1.0,2.0,10,0.0,0.0,0.0,0.0,0.0,0.0,0.0,10,100.0,100.0,100.0,100.0,0.0,100.0,100.0,10,1.0,1.0,1.0999999999999996,1.1,0.31622776601683794,1.0,2.0,10,100.0,100.0,100.0,100.0,0.0,100.0,100.0,,,,,,,,,,,,,,,,,,,,,,,,,,,,,,,,
phase1,H_zenos_bookshelf,warm,synthetic,flat,50,close_quick_settings,PASS,1,10,0,0,10,17.51,17.200899999999997,21.12179999999999,20.7882,10.788568402609208,16.219,51.468,10,39203.328125,37793.1882812496,40501.8711914062,39147.680957031305,1277.2900177781312,37106.022460938,41091.055664062,10,89.14697265625,-393.1073242187499,94.96083984375,-381.38369140625,1490.8273210178218,-4624.310546875,103.1865234375,10,294864.0,294777.60000000003,294928.0,294856.0,71.65348716023682,294720.0,294928.0,10,3.0,3.0,3.0,3.0,0.0,3.0,3.0,10,3.0,3.0,3.0,3.0,0.0,3.0,3.0,10,2.0,2.0,2.0,2.0,0.0,2.0,2.0,10,1.0,1.0,1.0,1.0,0.0,1.0,1.0,10,100.0,100.0,100.0,100.0,0.0,100.0,100.0,10,2.0442961165049,2.0442961165049,2.0442961165049,2.0442961165049,0.0,2.0442961165049,2.0442961165049,10,100.0,100.0,100.0,100.0,0.0,100.0,100.0,,,,,,,,,,,,,,,,,,,,,,,,,,,,,,,,
phase1,H_zenos_bookshelf,warm,synthetic,flat,50,home_to_library,PASS,1,10,0,0,10,29.823,28.2722,35.8149,31.1787,3.2442483138967986,27.68,36.561,10,18813.487792968997,15608.030859375001,22925.489746093303,19189.1584960937,3015.286442422083,15546.8203125,24075.595703125,10,1190.05224609375,-5564.851171875001,1263.990625,-414.10908203125,3526.2934926316148,-8632.3359375,1318.3017578125,10,197592.0,196496.0,197920.0,197313.6,739.7950466927385,195920.0,197920.0,10,6.0,6.0,6.0,6.0,0.0,6.0,6.0,10,6.0,6.0,6.0,6.0,0.0,6.0,6.0,10,4.0,4.0,4.0,4.0,0.0,4.0,4.0,10,2.0,2.0,2.0,2.0,0.0,2.0,2.0,10,100.0,100.0,100.0,100.0,0.0,100.0,100.0,10,4.0885922330097,4.0885922330097,4.0885922330097,4.0885922330097,0.0,4.0885922330097,4.0885922330097,10,100.0,100.0,100.0,100.0,0.0,100.0,100.0,,,,,,,,,,,,,,,,,,,,,,,,,,,,,,,,
phase1,H_zenos_bookshelf,warm,synthetic,flat,50,library_cached_paging,PASS,1,30,0,0,30,13.065999999999999,8.4307,24.293400000000002,14.102599999999999,5.548043573157584,8.094,27.123,30,16534.862304687,15437.608593750001,18102.301367188,16776.445117187566,965.9967331667596,15411.755859375,18793.463867188,30,639.076171875,-1810.5797851562502,722.77177734375,88.86158854166666,1164.6752418750316,-3285.302734375,939.21875,30,197920.0,197920.0,197920.0,197920.0,0.0,197920.0,197920.0,30,1.0,1.0,1.0,1.0,0.0,1.0,1.0,30,1.0,1.0,1.0,1.0,0.0,1.0,1.0,30,1.0,1.0,1.0,1.0,0.0,1.0,1.0,30,0.0,0.0,0.0,0.0,0.0,0.0,0.0,30,100.0,100.0,100.0,100.0,0.0,100.0,100.0,30,1.0,1.0,1.0,1.0,0.0,1.0,1.0,30,100.0,100.0,100.0,100.0,0.0,100.0,100.0,30,5.0,5.0,5.0,5.0,0.0,5.0,5.0,30,5.0,5.0,5.0,5.0,0.0,5.0,5.0,30,10.0,10.0,10.0,10.0,0.0,10.0,10.0,,,,,,,,
phase1,H_zenos_bookshelf,warm,synthetic,flat,50,library_first_render,PASS,1,10,0,0,10,40.788,35.439,46.3104,40.6308,5.36484997822762,32.613,46.395,10,17051.437988281497,15365.487109375,19135.9112304683,17239.7627929687,2165.859540023702,15359.7109375,22107.494140625,10,1625.53857421875,-3772.264453125,1741.45751953125,-516.46025390625,3099.6720199787624,-6749.654296875,1854.533203125,10,197920.0,197920.0,197920.0,197920.0,0.0,197920.0,197920.0,10,8.0,8.0,8.1,8.1,0.31622776601683794,8.0,9.0,10,8.0,8.0,8.1,8.1,0.31622776601683794,8.0,9.0,10,5.0,5.0,5.1,5.1,0.31622776601683794,5.0,6.0,10,3.0,3.0,3.0,3.0,0.0,3.0,3.0,10,100.0,100.0,100.0,100.0,0.0,100.0,100.0,10,5.1328883495146,5.1328883495146,5.2328883495145995,5.2328883495146,0.31622776601683794,5.1328883495146,6.1328883495146,10,100.0,100.0,100.0,100.0,0.0,100.0,100.0,,,,,,,,,,,,,,,,,,,,,,,,,,,,,,,,
phase1,H_zenos_bookshelf,warm,synthetic,flat,50,library_folder_back,PASS,1,10,0,0,10,41.492999999999995,24.7592,43.373,38.0126,7.447784446099091,23.816,44.291,10,15440.145507812,15392.087695311999,17553.743652343303,15853.867871093298,907.4905363848712,15368.926757812,17601.138671875,10,-677.0146484375,-2797.873046875,1453.6541015625,-673.71171875,1427.5463532417807,-2814.6689453125,1504.4970703125,10,197920.0,197920.0,197920.0,197920.0,0.0,197920.0,197920.0,10,6.0,6.0,6.0,6.0,0.0,6.0,6.0,10,6.0,6.0,6.0,6.0,0.0,6.0,6.0,10,3.0,3.0,3.0,3.0,0.0,3.0,3.0,10,3.0,3.0,3.0,3.0,0.0,3.0,3.0,10,100.0,100.0,100.0,100.0,0.0,100.0,100.0,10,3.1328883495146,3.1328883495146,3.1328883495146,3.1328883495146,0.0,3.1328883495146,3.1328883495146,10,100.0,100.0,100.0,100.0,0.0,100.0,100.0,,,,,,,,,,,,,,,,,,,,,,,,,,,,,,,,
phase1,H_zenos_bookshelf,warm,synthetic,flat,50,library_folder_enter,PASS,1,10,0,0,10,10.677,10.2415,25.448,13.8226,6.430625858602982,9.67,26.474,10,16098.805175781501,15138.442382812,17280.6740234375,16255.657324218599,798.2740953389546,15132.958007812,17319.1015625,10,659.9375,-2390.7755859374997,687.0196289062501,52.035546875,1297.6734563581624,-2433.5625,695.765625,10,197920.0,197920.0,197920.0,197920.0,0.0,197920.0,197920.0,10,5.0,5.0,5.0,5.0,0.0,5.0,5.0,10,5.0,5.0,5.0,5.0,0.0,5.0,5.0,10,3.0,3.0,3.0,3.0,0.0,3.0,3.0,10,2.0,2.0,2.0,2.0,0.0,2.0,2.0,10,100.0,100.0,100.0,100.0,0.0,100.0,100.0,10,3.0885922330097,3.0885922330096998,3.0885922330097,3.0885922330097,0.0,3.0885922330097,3.0885922330097,10,100.0,100.0,100.0,100.0,0.0,100.0,100.0,,,,,,,,,,,,,,,,,,,,,,,,,,,,,,,,
phase1,H_zenos_bookshelf,warm,synthetic,flat,50,library_sequential_paging,PASS,1,9,0,0,9,8.686,8.414,13.562400000000004,10.93511111111111,5.8558834825422466,8.39,26.444,9,16467.936523438,15638.8498046872,17138.3464843746,16423.221245659777,633.171369564696,15308.729492188,17213.681640625,9,380.3544921875,-83.52773437499991,401.251171875,137.84223090277777,731.9997961641558,-1813.517578125,409.931640625,9,197920.0,197920.0,197920.0,197920.0,0.0,197920.0,197920.0,9,1.0,1.0,1.0,1.0,0.0,1.0,1.0,9,1.0,1.0,1.0,1.0,0.0,1.0,1.0,9,1.0,1.0,1.0,1.0,0.0,1.0,1.0,9,0.0,0.0,0.0,0.0,0.0,0.0,0.0,9,100.0,100.0,100.0,100.0,0.0,100.0,100.0,9,1.0,1.0,1.0,1.0,0.0,1.0,1.0,9,100.0,100.0,100.0,100.0,0.0,100.0,100.0,9,5.0,5.0,5.0,5.0,0.0,5.0,5.0,9,5.0,5.0,5.0,5.0,0.0,5.0,5.0,9,10.0,10.0,10.0,10.0,0.0,10.0,10.0,,,,,,,,
phase1,H_zenos_bookshelf,warm,synthetic,flat,50,open_book,PASS,1,10,0,0,10,102.047,64.81190000000001,109.66770000000001,89.93379999999999,22.35002000396818,55.829,113.04,10,26783.1162109375,25521.4750976558,27914.453125,26786.086230468696,1244.5752437384601,24754.73046875,29166.806640625,10,-1495.853515625,-1961.9619140625,-269.66777343750084,-1030.962890625,1151.4071539699648,-2025.97265625,1879.27734375,10,233648.0,233424.0,235518.4,234086.4,1396.4618147303563,231408.0,236512.0,10,9.0,9.0,9.0,9.0,0.0,9.0,9.0,10,9.0,9.0,9.0,9.0,0.0,9.0,9.0,10,9.0,9.0,9.0,9.0,0.0,9.0,9.0,10,0.0,0.0,0.0,0.0,0.0,0.0,0.0,10,100.0,100.0,100.0,100.0,0.0,100.0,100.0,10,9.0,9.0,9.0,9.0,0.0,9.0,9.0,10,100.0,100.0,100.0,100.0,0.0,100.0,100.0,,,,,,,,,,,,,,,,,,,,,,,,,,,,,,,,
phase1,H_zenos_bookshelf,warm,synthetic,flat,50,open_book_minimal,PASS,1,10,0,0,10,54.6745,48.5005,72.3021,58.3246,11.822261404279262,46.84,85.074,10,21547.412597656003,19602.9541992188,24959.8227539058,22029.6113281249,2157.229664836765,19033.116210938,25162.96875,10,1273.482421875,-2983.3439453124997,1859.3248046875,214.0333984375,2272.811775251989,-4490.564453125,1918.4453125,10,221696.0,218416.0,226483.2,222396.8,3935.8756981275606,218416.0,228096.0,10,0.0,0.0,0.0,0.0,0.0,0.0,0.0,10,0.0,0.0,0.0,0.0,0.0,0.0,0.0,10,0.0,0.0,0.0,0.0,0.0,0.0,0.0,10,0.0,0.0,0.0,0.0,0.0,0.0,0.0,10,0.0,0.0,0.0,0.0,0.0,0.0,0.0,10,0.0,0.0,0.0,0.0,0.0,0.0,0.0,10,0.0,0.0,0.0,0.0,0.0,0.0,0.0,,,,,,,,,,,,,,,,,,,,,,,,,,,,,,,,
phase1,H_zenos_bookshelf,warm,synthetic,flat,50,open_bookshelf,PASS,1,10,0,0,10,11.242,9.2326,15.416899999999998,12.501999999999999,4.425814877887837,9.103,24.11,10,43130.829589844,37847.2630859375,48118.374316405796,43034.77421875,4326.578501567804,36402.353515625,49338.703125,10,1343.12353515625,1313.7643554687502,1519.64619140625,1404.18251953125,144.37403545668454,1308.1455078125,1781.0830078125,10,242272.0,242272.0,242272.0,242272.0,0.0,242272.0,242272.0,10,1.0,1.0,1.0,1.0,0.0,1.0,1.0,10,1.0,1.0,1.0,1.0,0.0,1.0,1.0,10,1.0,1.0,1.0,1.0,0.0,1.0,1.0,10,0.0,0.0,0.0,0.0,0.0,0.0,0.0,10,100.0,100.0,100.0,100.0,0.0,100.0,100.0,10,1.0,1.0,1.0,1.0,0.0,1.0,1.0,10,100.0,100.0,100.0,100.0,0.0,100.0,100.0,,,,,,,,,,,,,,,,,10,7.0,7.0,7.0,7.0,0.0,7.0,7.0,,,,,,,,
phase1,H_zenos_bookshelf,warm,synthetic,flat,50,open_quick_settings,PASS,1,10,0,0,10,8.576,7.8854,10.6556,8.9894,1.3630386967686903,7.763,12.146,10,69034.429199219,63706.601171874994,71330.3229492187,66133.1921875001,10224.341049109538,37436.212890625,71883.055664062,10,584.38916015625,549.4650390625,672.026953125,602.00302734375,52.43644427647628,548.2978515625,709.3154296875,10,294120.0,293662.4,294440.0,294081.6,335.9957671691052,293504.0,294512.0,10,6.0,6.0,6.0,6.0,0.0,6.0,6.0,10,6.0,6.0,6.0,6.0,0.0,6.0,6.0,10,5.0,5.0,5.0,5.0,0.0,5.0,5.0,10,1.0,1.0,1.0,1.0,0.0,1.0,1.0,10,100.0,100.0,100.0,100.0,0.0,100.0,100.0,10,5.0442961165049,5.0442961165049,5.0442961165049,5.0442961165049,0.0,5.0442961165049,5.0442961165049,10,100.0,100.0,100.0,100.0,0.0,100.0,100.0,,,,,,,,,,,,,,,,,,,,,,,,,,,,,,,,
phase1,H_zenos_bookshelf,warm,synthetic,flat,50,repeated_nav,PASS,1,2,0,0,2,176.586,129.7028,223.4692,176.586,82.87857160931286,117.982,235.19,2,36368.876953125,35601.5089843754,37136.2449218746,36368.876953125,1356.5277359204692,35409.666992188,37328.086914062,2,-2155.65380859375,-2235.18935546875,-2076.11826171875,-2155.65380859375,140.60031135173256,-2255.0732421875,-2056.234375,2,294928.0,294928.0,294928.0,294928.0,0.0,294928.0,294928.0,2,10.0,10.0,10.0,10.0,0.0,10.0,10.0,2,10.0,10.0,10.0,10.0,0.0,10.0,10.0,2,10.0,10.0,10.0,10.0,0.0,10.0,10.0,2,0.0,0.0,0.0,0.0,0.0,0.0,0.0,2,100.0,100.0,100.0,100.0,0.0,100.0,100.0,2,10.0,10.0,10.0,10.0,0.0,10.0,10.0,2,100.0,100.0,100.0,100.0,0.0,100.0,100.0,,,,,,,,,,,,,,,,,,,,,,,,,,,,,,,,
phase1,H_zenos_bookshelf,warm,synthetic,flat,50,start_to_home,PASS,1,10,0,0,10,9.616,8.8237,10.4424,9.6707,0.7607928685844056,8.677,11.328,10,20078.146972656003,17495.808789062998,22511.349414062497,20147.1415039062,2097.9712669603396,17085.299804688,23489.8515625,10,98.15380859375,86.06240234375,110.52392578125,96.432421875,11.020244039874589,80.9287109375,115.93359375,10,193344.0,191072.0,195712.0,193409.6,1996.540296501815,191072.0,195712.0,10,1.0,1.0,1.0,1.0,0.0,1.0,1.0,10,1.0,1.0,1.0,1.0,0.0,1.0,1.0,10,1.0,1.0,1.0,1.0,0.0,1.0,1.0,10,0.0,0.0,0.0,0.0,0.0,0.0,0.0,10,100.0,100.0,100.0,100.0,0.0,100.0,100.0,10,1.0,1.0,1.0,1.0,0.0,1.0,1.0,10,100.0,100.0,100.0,100.0,0.0,100.0,100.0,,,,,,,,,,,,,,,,,,,,,,,,,,,,,,,,
phase1,H_zenos_bookshelf,warm,synthetic,hierarchical,2000,bookshelf_cached_paging,UNSUPPORTED,1,0,0,1,,,,,,,,,,,,,,,,,,,,,,,,,,,,,,,,,,,,,,,,,,,,,,,,,,,,,,,,,,,,,,,,,,,,,,,,,,,,,,,,,,,,,,,,,,,,,,,,,,,,,,,,,,,,,,,,,,,,,,,,
phase1,H_zenos_bookshelf,warm,synthetic,hierarchical,2000,bookshelf_cached_paging_anim_off,UNSUPPORTED,1,0,0,1,,,,,,,,,,,,,,,,,,,,,,,,,,,,,,,,,,,,,,,,,,,,,,,,,,,,,,,,,,,,,,,,,,,,,,,,,,,,,,,,,,,,,,,,,,,,,,,,,,,,,,,,,,,,,,,,,,,,,,,,
phase1,H_zenos_bookshelf,warm,synthetic,hierarchical,2000,bookshelf_first_render,PASS,1,10,0,0,10,9.794,8.5564,37.4764,15.637899999999998,13.240002034659124,8.515,44.257,10,37643.927734375,36116.286328125,50846.3746093754,40042.85234375,5933.938761233404,36102.111328125,51633.598632812,10,720.2353515625,-3610.2293945312995,875.13193359375,-1158.02812500005,5137.362144779741,-15518.362304688,902.9150390625,10,263248.0,261977.6,263379.2,262937.6,766.0419483727159,261056.0,263408.0,10,1.0,1.0,1.0,1.0,0.0,1.0,1.0,10,1.0,1.0,1.0,1.0,0.0,1.0,1.0,10,1.0,1.0,1.0,1.0,0.0,1.0,1.0,10,0.0,0.0,0.0,0.0,0.0,0.0,0.0,10,100.0,100.0,100.0,100.0,0.0,100.0,100.0,10,1.0,1.0,1.0,1.0,0.0,1.0,1.0,10,100.0,100.0,100.0,100.0,0.0,100.0,100.0,,,,,,,,,,,,,,,,,10,1.0,1.0,1.0,1.0,0.0,1.0,1.0,,,,,,,,
phase1,H_zenos_bookshelf,warm,synthetic,hierarchical,2000,bookshelf_sequential_paging,UNSUPPORTED,1,0,0,1,,,,,,,,,,,,,,,,,,,,,,,,,,,,,,,,,,,,,,,,,,,,,,,,,,,,,,,,,,,,,,,,,,,,,,,,,,,,,,,,,,,,,,,,,,,,,,,,,,,,,,,,,,,,,,,,,,,,,,,,
phase1,H_zenos_bookshelf,warm,synthetic,hierarchical,2000,bookshelf_sequential_paging_anim_off,UNSUPPORTED,1,0,0,1,,,,,,,,,,,,,,,,,,,,,,,,,,,,,,,,,,,,,,,,,,,,,,,,,,,,,,,,,,,,,,,,,,,,,,,,,,,,,,,,,,,,,,,,,,,,,,,,,,,,,,,,,,,,,,,,,,,,,,,,
phase1,H_zenos_bookshelf,warm,synthetic,hierarchical,2000,change_sort_mode,PASS,1,10,0,0,10,21.072499999999998,13.2296,33.379799999999996,22.912799999999997,9.940977593331105,12.974,38.742,10,16830.80078125,16458.660546875,17805.4551757808,16952.0718749999,550.7172318407316,16457.240234375,17808.2421875,10,331.16943359375,-1361.45517578125,692.47998046875,-153.9173828125,968.5105281142503,-1527.138671875,702.9169921875,10,196928.0,196928.0,196928.0,196928.0,0.0,196928.0,196928.0,10,5.0,5.0,5.0,5.0,0.0,5.0,5.0,10,5.0,5.0,5.0,5.0,0.0,5.0,5.0,10,4.0,4.0,4.0,4.0,0.0,4.0,4.0,10,1.0,1.0,1.0,1.0,0.0,1.0,1.0,10,100.0,100.0,100.0,100.0,0.0,100.0,100.0,10,4.0442961165049,4.0442961165049,4.0442961165049,4.0442961165049,0.0,4.0442961165049,4.0442961165049,10,100.0,100.0,100.0,100.0,0.0,100.0,100.0,,,,,,,,,,,,,,,,,,,,,,,,,,,,,,,,
phase1,H_zenos_bookshelf,warm,synthetic,hierarchical,2000,close_book,PASS,1,10,0,0,10,33.7795,29.768900000000002,59.43779999999998,40.584199999999996,18.070209651369417,28.724,86.634,10,35400.0498046875,33402.6880859375,37046.578710937,35118.4940429687,1993.637883620398,30580.068359375,37874.223632812,10,2747.068359375,2162.86630859375,2897.2107421875,2287.54423828125,1539.0379645847738,-2082.6455078125,2985.7060546875,10,244272.0,242772.80000000002,244876.80000000002,243998.4,1624.461018307303,240080.0,246576.0,10,7.0,7.0,7.0,7.0,0.0,7.0,7.0,10,7.0,7.0,7.0,7.0,0.0,7.0,7.0,10,7.0,7.0,7.0,7.0,0.0,7.0,7.0,10,0.0,0.0,0.0,0.0,0.0,0.0,0.0,10,100.0,100.0,100.0,100.0,0.0,100.0,100.0,10,7.0,7.0,7.0,7.0,0.0,7.0,7.0,10,100.0,100.0,100.0,100.0,0.0,100.0,100.0,,,,,,,,,,,,,,,,,,,,,,,,,,,,,,,,
phase1,H_zenos_bookshelf,warm,synthetic,hierarchical,2000,close_bookshelf,PASS,1,10,0,0,10,8.8055,8.4648,9.362,8.9976,0.7634563510771258,8.364,11.036,10,45263.467773438,42196.0628906246,48785.678710937,45388.5752929688,2747.1576224594096,41423.252929688,49562.016601562,10,138.6845703125,122.37734375,149.12900390624998,135.3478515625,22.248052980003173,79.5078125,165.5302734375,10,263808.0,263654.4,263857.6,263793.6,155.02487255634531,263568.0,264160.0,10,1.0,1.0,1.0,1.0,0.0,1.0,1.0,10,1.0,1.0,1.0,1.0,0.0,1.0,1.0,10,1.0,1.0,1.0,1.0,0.0,1.0,1.0,10,0.0,0.0,0.0,0.0,0.0,0.0,0.0,10,100.0,100.0,100.0,100.0,0.0,100.0,100.0,10,1.0,1.0,1.0,1.0,0.0,1.0,1.0,10,100.0,100.0,100.0,100.0,0.0,100.0,100.0,,,,,,,,,,,,,,,,,,,,,,,,,,,,,,,,
phase1,H_zenos_bookshelf,warm,synthetic,hierarchical,2000,close_quick_settings,PASS,1,10,0,0,10,17.2955,16.3243,22.562599999999982,22.1207,16.08944188694354,16.12,67.892,10,38312.252929688,37184.3324218754,39323.803027343805,38325.442089843804,870.0713422019556,37169.614257812,39776.354492188,10,53.8212890625,-182.04033203124993,71.031640625,-169.3365234375,728.089341174716,-2241.126953125,95.416015625,10,267072.0,267072.0,267072.0,267072.0,0.0,267072.0,267072.0,10,3.0,3.0,3.0,3.0,0.0,3.0,3.0,10,3.0,3.0,3.0,3.0,0.0,3.0,3.0,10,2.0,2.0,2.0,2.0,0.0,2.0,2.0,10,1.0,1.0,1.0,1.0,0.0,1.0,1.0,10,100.0,100.0,100.0,100.0,0.0,100.0,100.0,10,2.0442961165049,2.0442961165049,2.0442961165049,2.0442961165049,0.0,2.0442961165049,2.0442961165049,10,100.0,100.0,100.0,100.0,0.0,100.0,100.0,,,,,,,,,,,,,,,,,,,,,,,,,,,,,,,,
phase1,H_zenos_bookshelf,warm,synthetic,hierarchical,2000,home_to_library,PASS,1,10,0,0,10,23.622500000000002,21.058699999999998,24.9353,23.2399,1.4204084271786062,20.813,24.947,10,17054.6201171875,15514.8082031254,18737.3170898433,17102.6212890623,1218.2720451351697,15470.200195312,18750.533203125,10,748.00830078125,677.2228515625,778.20654296875,727.9685546875,56.79227458528666,605.330078125,783.3349609375,10,196896.0,196896.0,196912.0,196899.2,6.7461923416925424,196896.0,196912.0,10,6.0,6.0,6.0,6.0,0.0,6.0,6.0,10,6.0,6.0,6.0,6.0,0.0,6.0,6.0,10,4.0,4.0,4.0,4.0,0.0,4.0,4.0,10,2.0,2.0,2.0,2.0,0.0,2.0,2.0,10,100.0,100.0,100.0,100.0,0.0,100.0,100.0,10,4.0885922330097,4.0885922330097,4.0885922330097,4.0885922330097,0.0,4.0885922330097,4.0885922330097,10,100.0,100.0,100.0,100.0,0.0,100.0,100.0,,,,,,,,,,,,,,,,,,,,,,,,,,,,,,,,
phase1,H_zenos_bookshelf,warm,synthetic,hierarchical,2000,library_cached_paging,UNSUPPORTED,1,0,0,1,,,,,,,,,,,,,,,,,,,,,,,,,,,,,,,,,,,,,,,,,,,,,,,,,,,,,,,,,,,,,,,,,,,,,,,,,,,,,,,,,,,,,,,,,,,,,,,,,,,,,,,,,,,,,,,,,,,,,,,,
phase1,H_zenos_bookshelf,warm,synthetic,hierarchical,2000,library_first_render,PASS,1,10,0,0,10,25.531,24.4934,34.7549,27.8964,4.972749255246594,23.21,38.399,10,16201.0361328125,14909.924023438001,19025.0797851563,16707.5642578126,1773.3457247101828,14850.924804688,19764.377929688,10,815.55322265625,-2769.58125,883.4806640625,-242.6296875,1999.1670908415476,-4921.734375,909.8056640625,10,196920.0,196912.0,196928.0,196920.0,8.432740427115679,196912.0,196928.0,10,8.0,8.0,8.0,8.0,0.0,8.0,8.0,10,8.0,8.0,8.0,8.0,0.0,8.0,8.0,10,5.0,5.0,5.0,5.0,0.0,5.0,5.0,10,3.0,3.0,3.0,3.0,0.0,3.0,3.0,10,100.0,100.0,100.0,100.0,0.0,100.0,100.0,10,5.1328883495146,5.1328883495146,5.1328883495146,5.1328883495146,0.0,5.1328883495146,5.1328883495146,10,100.0,100.0,100.0,100.0,0.0,100.0,100.0,,,,,,,,,,,,,,,,,,,,,,,,,,,,,,,,
phase1,H_zenos_bookshelf,warm,synthetic,hierarchical,2000,library_folder_back,PASS,1,10,0,0,10,15.923,14.406699999999999,27.646600000000003,19.1579,6.320719358673593,14.332,30.865,10,17099.691894531003,16452.134179687,18034.2066406246,17152.0218749999,665.0900103851948,16444.086914062,18523.815429688,10,593.8994140625,-1175.2697265625002,628.4841796875,82.10625,856.5654623930299,-1462.251953125,633.298828125,10,196928.0,196928.0,196928.0,196928.0,0.0,196928.0,196928.0,10,6.0,6.0,6.0,6.0,0.0,6.0,6.0,10,6.0,6.0,6.0,6.0,0.0,6.0,6.0,10,3.0,3.0,3.0,3.0,0.0,3.0,3.0,10,3.0,3.0,3.0,3.0,0.0,3.0,3.0,10,100.0,100.0,100.0,100.0,0.0,100.0,100.0,10,3.1328883495146,3.1328883495146,3.1328883495146,3.1328883495146,0.0,3.1328883495146,3.1328883495146,10,100.0,100.0,100.0,100.0,0.0,100.0,100.0,,,,,,,,,,,,,,,,,,,,,,,,,,,,,,,,
phase1,H_zenos_bookshelf,warm,synthetic,hierarchical,2000,library_folder_enter,PASS,1,10,0,0,10,30.3065,9.7053,37.561,26.0709,11.661832936264064,8.718,41.458,10,16670.2265625,16441.709375,17582.9440429688,16944.7646484375,540.6924642839981,16336.490234375,17668.713867188,10,-552.1923828125,-1683.26748046875,1614.4708984375,-250.13955078125,1309.7877830882196,-1755.697265625,1923.8037109375,10,196928.0,196928.0,196928.0,196928.0,0.0,196928.0,196928.0,10,5.0,5.0,5.0,5.0,0.0,5.0,5.0,10,5.0,5.0,5.0,5.0,0.0,5.0,5.0,10,3.0,3.0,3.0,3.0,0.0,3.0,3.0,10,2.0,2.0,2.0,2.0,0.0,2.0,2.0,10,100.0,100.0,100.0,100.0,0.0,100.0,100.0,10,3.0885922330097,3.0885922330096998,3.0885922330097,3.0885922330097,0.0,3.0885922330097,3.0885922330097,10,100.0,100.0,100.0,100.0,0.0,100.0,100.0,,,,,,,,,,,,,,,,,,,,,,,,,,,,,,,,
phase1,H_zenos_bookshelf,warm,synthetic,hierarchical,2000,library_sequential_paging,UNSUPPORTED,1,0,0,1,,,,,,,,,,,,,,,,,,,,,,,,,,,,,,,,,,,,,,,,,,,,,,,,,,,,,,,,,,,,,,,,,,,,,,,,,,,,,,,,,,,,,,,,,,,,,,,,,,,,,,,,,,,,,,,,,,,,,,,,
phase1,H_zenos_bookshelf,warm,synthetic,hierarchical,2000,open_book,PASS,1,10,0,0,10,67.446,54.6584,117.1991,78.3589,27.20640799701423,51.89,118.802,10,28371.91015625,27308.3916992183,29235.84296875,28382.2995117187,820.9611337280813,27221.099609375,29766.255859375,10,1121.810546875,-1932.7162109375001,1468.9094726562498,132.7921875,1751.750631218701,-3172.109375,1749.0458984375,10,236736.0,234958.4,237360.0,236369.6,1087.0701909260506,234368.0,237360.0,10,9.0,9.0,9.0,9.0,0.0,9.0,9.0,10,9.0,9.0,9.0,9.0,0.0,9.0,9.0,10,9.0,9.0,9.0,9.0,0.0,9.0,9.0,10,0.0,0.0,0.0,0.0,0.0,0.0,0.0,10,100.0,100.0,100.0,100.0,0.0,100.0,100.0,10,9.0,9.0,9.0,9.0,0.0,9.0,9.0,10,100.0,100.0,100.0,100.0,0.0,100.0,100.0,,,,,,,,,,,,,,,,,,,,,,,,,,,,,,,,
phase1,H_zenos_bookshelf,warm,synthetic,hierarchical,2000,open_book_minimal,PASS,1,10,0,0,10,53.108999999999995,50.308499999999995,61.064499999999995,55.3934,7.1539477555325295,47.865,72.787,10,23320.521484375,20770.853515625397,24996.542480468303,23060.2303710937,1827.0046137420632,20233.375976562,25712.416015625,10,1716.66455078125,-1107.4427734375,2029.5594726562501,988.153515625,1598.7398757238732,-2773.5888671875,2040.615234375,10,223144.0,218124.8,231012.80000000002,223998.4,5537.101752922934,215648.0,232352.0,10,0.0,0.0,0.0,0.0,0.0,0.0,0.0,10,0.0,0.0,0.0,0.0,0.0,0.0,0.0,10,0.0,0.0,0.0,0.0,0.0,0.0,0.0,10,0.0,0.0,0.0,0.0,0.0,0.0,0.0,10,0.0,0.0,0.0,0.0,0.0,0.0,0.0,10,0.0,0.0,0.0,0.0,0.0,0.0,0.0,10,0.0,0.0,0.0,0.0,0.0,0.0,0.0,,,,,,,,,,,,,,,,,,,,,,,,,,,,,,,,
phase1,H_zenos_bookshelf,warm,synthetic,hierarchical,2000,open_bookshelf,PASS,1,10,0,0,10,10.365,8.1588,13.5476,10.583400000000001,2.3436538519537775,7.95,15.326,10,43585.0390625,39042.342480468295,47524.205761718695,43427.362890625,3628.1960759216954,37778.666015625,48858.321289062,10,1142.76025390625,994.90673828125,1316.4833007812501,1163.96591796875,138.22286871879945,990.3671875,1376.2919921875,10,253928.0,252939.19999999998,258264.0,254964.8,2305.8023814330277,252752.0,258768.0,10,1.0,1.0,1.0,1.0,0.0,1.0,1.0,10,1.0,1.0,1.0,1.0,0.0,1.0,1.0,10,1.0,1.0,1.0,1.0,0.0,1.0,1.0,10,0.0,0.0,0.0,0.0,0.0,0.0,0.0,10,100.0,100.0,100.0,100.0,0.0,100.0,100.0,10,1.0,1.0,1.0,1.0,0.0,1.0,1.0,10,100.0,100.0,100.0,100.0,0.0,100.0,100.0,,,,,,,,,,,,,,,,,10,1.0,1.0,1.0,1.0,0.0,1.0,1.0,,,,,,,,
phase1,H_zenos_bookshelf,warm,synthetic,hierarchical,2000,open_quick_settings,PASS,1,10,0,0,10,8.475,7.7837000000000005,20.306599999999978,15.4078,20.38731045855076,7.574,73.16,10,43637.9169921875,41365.8018554688,45493.36318359421,43319.140917968805,2226.362741641929,38315.092773438,45959.82421875,10,462.77978515625,-367.9872070312498,517.367578125,-343.30048828125,2589.1765620260385,-7711.810546875,531.22265625,10,266744.0,266368.0,266985.6,266704.0,273.61611388545407,266224.0,267072.0,10,6.0,6.0,6.0,6.0,0.0,6.0,6.0,10,6.0,6.0,6.0,6.0,0.0,6.0,6.0,10,5.0,5.0,5.0,5.0,0.0,5.0,5.0,10,1.0,1.0,1.0,1.0,0.0,1.0,1.0,10,100.0,100.0,100.0,100.0,0.0,100.0,100.0,10,5.0442961165049,5.0442961165049,5.0442961165049,5.0442961165049,0.0,5.0442961165049,5.0442961165049,10,100.0,100.0,100.0,100.0,0.0,100.0,100.0,,,,,,,,,,,,,,,,,,,,,,,,,,,,,,,,
phase1,H_zenos_bookshelf,warm,synthetic,hierarchical,2000,repeated_nav,UNSUPPORTED,1,0,0,2,,,,,,,,,,,,,,,,,,,,,,,,,,,,,,,,,,,,,,,,,,,,,,,,,,,,,,,,,,,,,,,,,,,,,,,,,,,,,,,,,,,,,,,,,,,,,,,,,,,,,,,,,,,,,,,,,,,,,,,,
phase1,H_zenos_bookshelf,warm,synthetic,hierarchical,2000,start_to_home,PASS,1,10,0,0,10,9.039,8.7433,10.137999999999998,9.318999999999999,0.754809026619758,8.737,11.164,10,18912.5234375,15660.890234375,21944.936035155803,18833.835644531202,2646.8755391750933,14946.79296875,22696.484375,10,94.76806640625,80.56640625,131.82978515624998,100.627734375,21.827839608171082,78.87890625,142.294921875,10,195048.0,193524.8,196896.0,195201.6,1414.9615778057957,192992.0,196896.0,10,1.0,1.0,1.0,1.0,0.0,1.0,1.0,10,1.0,1.0,1.0,1.0,0.0,1.0,1.0,10,1.0,1.0,1.0,1.0,0.0,1.0,1.0,10,0.0,0.0,0.0,0.0,0.0,0.0,0.0,10,100.0,100.0,100.0,100.0,0.0,100.0,100.0,10,1.0,1.0,1.0,1.0,0.0,1.0,1.0,10,100.0,100.0,100.0,100.0,0.0,100.0,100.0,,,,,,,,,,,,,,,,,,,,,,,,,,,,,,,,
phase1,H_zenos_bookshelf,warm,synthetic,hierarchical,50,bookshelf_cached_paging,UNSUPPORTED,1,0,0,1,,,,,,,,,,,,,,,,,,,,,,,,,,,,,,,,,,,,,,,,,,,,,,,,,,,,,,,,,,,,,,,,,,,,,,,,,,,,,,,,,,,,,,,,,,,,,,,,,,,,,,,,,,,,,,,,,,,,,,,,
phase1,H_zenos_bookshelf,warm,synthetic,hierarchical,50,bookshelf_cached_paging_anim_off,UNSUPPORTED,1,0,0,1,,,,,,,,,,,,,,,,,,,,,,,,,,,,,,,,,,,,,,,,,,,,,,,,,,,,,,,,,,,,,,,,,,,,,,,,,,,,,,,,,,,,,,,,,,,,,,,,,,,,,,,,,,,,,,,,,,,,,,,,
phase1,H_zenos_bookshelf,warm,synthetic,hierarchical,50,bookshelf_first_render,PASS,1,10,0,0,10,10.6205,9.3372,40.9884,17.3484,15.32273707925578,8.556,51.909,10,35981.648925781,34439.141015625,49694.287304687496,38468.8468749998,6170.639564399424,34264.576171875,50525.998046875,10,780.10888671875,-3698.9209960937496,921.78212890625,-1208.5814453125,5380.197915059625,-16264.046875,924.3388671875,10,264336.0,263360.0,264544.0,264190.4,456.8304329228127,263360.0,264544.0,10,1.0,1.0,1.0,1.0,0.0,1.0,1.0,10,1.0,1.0,1.0,1.0,0.0,1.0,1.0,10,1.0,1.0,1.0,1.0,0.0,1.0,1.0,10,0.0,0.0,0.0,0.0,0.0,0.0,0.0,10,100.0,100.0,100.0,100.0,0.0,100.0,100.0,10,1.0,1.0,1.0,1.0,0.0,1.0,1.0,10,100.0,100.0,100.0,100.0,0.0,100.0,100.0,,,,,,,,,,,,,,,,,10,1.0,1.0,1.0,1.0,0.0,1.0,1.0,,,,,,,,
phase1,H_zenos_bookshelf,warm,synthetic,hierarchical,50,bookshelf_sequential_paging,UNSUPPORTED,1,0,0,1,,,,,,,,,,,,,,,,,,,,,,,,,,,,,,,,,,,,,,,,,,,,,,,,,,,,,,,,,,,,,,,,,,,,,,,,,,,,,,,,,,,,,,,,,,,,,,,,,,,,,,,,,,,,,,,,,,,,,,,,
phase1,H_zenos_bookshelf,warm,synthetic,hierarchical,50,bookshelf_sequential_paging_anim_off,UNSUPPORTED,1,0,0,1,,,,,,,,,,,,,,,,,,,,,,,,,,,,,,,,,,,,,,,,,,,,,,,,,,,,,,,,,,,,,,,,,,,,,,,,,,,,,,,,,,,,,,,,,,,,,,,,,,,,,,,,,,,,,,,,,,,,,,,,
phase1,H_zenos_bookshelf,warm,synthetic,hierarchical,50,change_sort_mode,PASS,1,10,0,0,10,20.752,13.330400000000001,31.2876,21.672900000000002,8.283166134462782,13.226,31.563,10,15484.4619140625,15155.41875,16436.160644530803,15613.4868164063,532.8870355556026,15147.603515625,16503.62109375,10,295.39111328125,-1275.00908203125,639.7794921875,-67.52431640625,829.5988148113701,-1326.287109375,694.8447265625,10,202128.0,202128.0,202128.0,202128.0,0.0,202128.0,202128.0,10,5.0,5.0,5.0,5.0,0.0,5.0,5.0,10,5.0,5.0,5.0,5.0,0.0,5.0,5.0,10,4.0,4.0,4.0,4.0,0.0,4.0,4.0,10,1.0,1.0,1.0,1.0,0.0,1.0,1.0,10,100.0,100.0,100.0,100.0,0.0,100.0,100.0,10,4.0442961165049,4.0442961165049,4.0442961165049,4.0442961165049,0.0,4.0442961165049,4.0442961165049,10,100.0,100.0,100.0,100.0,0.0,100.0,100.0,,,,,,,,,,,,,,,,,,,,,,,,,,,,,,,,
phase1,H_zenos_bookshelf,warm,synthetic,hierarchical,50,close_book,PASS,1,10,0,0,10,34.009,30.898999999999997,40.2705,34.5616,4.218808315152515,28.433,40.779,10,34123.8984375,32293.72265625,35678.6345703125,34036.6193359374,1414.543802369265,32258.49609375,36109.384765625,10,2776.826171875,2656.8577148437503,2961.73896484375,2793.45634765625,138.85846826448005,2604.99609375,3045.6279296875,10,244872.0,244236.8,246566.4,245246.4,1197.768592007655,244208.0,247488.0,10,7.0,7.0,7.0,7.0,0.0,7.0,7.0,10,7.0,7.0,7.0,7.0,0.0,7.0,7.0,10,7.0,7.0,7.0,7.0,0.0,7.0,7.0,10,0.0,0.0,0.0,0.0,0.0,0.0,0.0,10,100.0,100.0,100.0,100.0,0.0,100.0,100.0,10,7.0,7.0,7.0,7.0,0.0,7.0,7.0,10,100.0,100.0,100.0,100.0,0.0,100.0,100.0,,,,,,,,,,,,,,,,,,,,,,,,,,,,,,,,
phase1,H_zenos_bookshelf,warm,synthetic,hierarchical,50,close_bookshelf,PASS,1,10,0,0,10,9.0525,8.2856,9.459499999999998,9.1428,1.0833197742741216,8.183,12.047,10,43457.9931640625,40544.9832031246,46297.004101562496,43443.6254882812,2437.464265170231,39783.690429688,47111.365234375,10,78.0791015625,62.00771484375,108.06337890625,83.16015625,24.28406725533463,56.91796875,135.2998046875,10,265104.0,264920.0,265222.39999999997,265083.2,135.5653184098188,264848.0,265280.0,10,1.0,1.0,1.0,1.0,0.0,1.0,1.0,10,1.0,1.0,1.0,1.0,0.0,1.0,1.0,10,1.0,1.0,1.0,1.0,0.0,1.0,1.0,10,0.0,0.0,0.0,0.0,0.0,0.0,0.0,10,100.0,100.0,100.0,100.0,0.0,100.0,100.0,10,1.0,1.0,1.0,1.0,0.0,1.0,1.0,10,100.0,100.0,100.0,100.0,0.0,100.0,100.0,,,,,,,,,,,,,,,,,,,,,,,,,,,,,,,,
phase1,H_zenos_bookshelf,warm,synthetic,hierarchical,50,close_quick_settings,PASS,1,10,0,0,10,16.633,15.575600000000001,17.140700000000002,16.1798,1.662860574097807,11.666,17.3,10,37491.128417969,36512.2735351562,38466.267578125,37486.7499023438,739.2935427683209,36458.625976562,38480.34765625,10,45.16796875,43.154296875,50.466796875,46.16328125,3.0801177156750623,42.029296875,51.240234375,10,267512.0,267406.4,267553.60000000003,267480.0,94.28090415820634,267248.0,267568.0,10,3.0,3.0,3.0,3.0,0.0,3.0,3.0,10,3.0,3.0,3.0,3.0,0.0,3.0,3.0,10,2.0,2.0,2.0,2.0,0.0,2.0,2.0,10,1.0,1.0,1.0,1.0,0.0,1.0,1.0,10,100.0,100.0,100.0,100.0,0.0,100.0,100.0,10,2.0442961165049,2.0442961165049,2.0442961165049,2.0442961165049,0.0,2.0442961165049,2.0442961165049,10,100.0,100.0,100.0,100.0,0.0,100.0,100.0,,,,,,,,,,,,,,,,,,,,,,,,,,,,,,,,
phase1,H_zenos_bookshelf,warm,synthetic,hierarchical,50,home_to_library,PASS,1,10,0,0,10,23.335,22.477,24.457,23.409100000000002,0.9770892657957788,21.829,25.321,10,16990.4931640625,15469.2739257817,18629.7489257812,17037.152734375,1242.31292149016,15391.345703125,18892.215820312,10,713.11962890625,672.43291015625,812.703125,723.740625,59.965108740393525,639.4677734375,834.060546875,10,197880.0,197712.0,198708.8,198016.0,405.54380500480806,197712.0,198752.0,10,6.0,6.0,6.0,6.0,0.0,6.0,6.0,10,6.0,6.0,6.0,6.0,0.0,6.0,6.0,10,4.0,4.0,4.0,4.0,0.0,4.0,4.0,10,2.0,2.0,2.0,2.0,0.0,2.0,2.0,10,100.0,100.0,100.0,100.0,0.0,100.0,100.0,10,4.0885922330097,4.0885922330097,4.0885922330097,4.0885922330097,0.0,4.0885922330097,4.0885922330097,10,100.0,100.0,100.0,100.0,0.0,100.0,100.0,,,,,,,,,,,,,,,,,,,,,,,,,,,,,,,,
phase1,H_zenos_bookshelf,warm,synthetic,hierarchical,50,library_cached_paging,UNSUPPORTED,1,0,0,1,,,,,,,,,,,,,,,,,,,,,,,,,,,,,,,,,,,,,,,,,,,,,,,,,,,,,,,,,,,,,,,,,,,,,,,,,,,,,,,,,,,,,,,,,,,,,,,,,,,,,,,,,,,,,,,,,,,,,,,,
phase1,H_zenos_bookshelf,warm,synthetic,hierarchical,50,library_first_render,PASS,1,10,0,0,10,26.2935,25.2763,36.4642,29.034499999999998,5.4355906813846415,24.604,40.165,10,16192.389648437002,14894.2762695317,19024.2884765625,16643.3154296875,1759.7083852275498,14822.205078125,19779.685546875,10,823.2451171875,-2250.8570312499996,921.940625,-235.81025390625,1966.451208337859,-4885.6826171875,927.962890625,10,201696.0,200336.0,201696.0,201164.8,980.3125125296638,198752.0,201696.0,10,8.0,8.0,8.0,8.0,0.0,8.0,8.0,10,8.0,8.0,8.0,8.0,0.0,8.0,8.0,10,5.0,5.0,5.0,5.0,0.0,5.0,5.0,10,3.0,3.0,3.0,3.0,0.0,3.0,3.0,10,100.0,100.0,100.0,100.0,0.0,100.0,100.0,10,5.1328883495146,5.1328883495146,5.1328883495146,5.1328883495146,0.0,5.1328883495146,5.1328883495146,10,100.0,100.0,100.0,100.0,0.0,100.0,100.0,,,,,,,,,,,,,,,,,,,,,,,,,,,,,,,,
phase1,H_zenos_bookshelf,warm,synthetic,hierarchical,50,library_folder_back,PASS,1,10,0,0,10,27.335,14.656099999999999,30.6822,23.5028,7.634664844568417,13.424,31.971,10,15126.407226562,15083.749023437,16308.9766601567,15517.6677734372,558.7646064453245,15072.059570312,16365.693359375,10,-301.6650390625,-1035.17080078125,593.55048828125,-213.5892578125,800.1258679727373,-1677.1669921875,665.380859375,10,202120.0,202112.0,202128.0,202120.0,8.432740427115679,202112.0,202128.0,10,6.0,6.0,6.0,6.0,0.0,6.0,6.0,10,6.0,6.0,6.0,6.0,0.0,6.0,6.0,10,3.0,3.0,3.0,3.0,0.0,3.0,3.0,10,3.0,3.0,3.0,3.0,0.0,3.0,3.0,10,100.0,100.0,100.0,100.0,0.0,100.0,100.0,10,3.1328883495146,3.1328883495146,3.1328883495146,3.1328883495146,0.0,3.1328883495146,3.1328883495146,10,100.0,100.0,100.0,100.0,0.0,100.0,100.0,,,,,,,,,,,,,,,,,,,,,,,,,,,,,,,,
phase1,H_zenos_bookshelf,warm,synthetic,hierarchical,50,library_folder_enter,PASS,1,10,0,0,10,13.864,8.4851,22.9578,14.159299999999998,5.793876998847816,7.622,25.116,10,15976.96484375,15396.9974609375,16950.834960937,16114.1556640624,862.4153755455548,15036.376953125,17980.368164062,10,605.97021484375,80.5198242187501,870.0385742187499,343.90400390625,1012.6477378203543,-2440.1982421875,1261.103515625,10,202016.0,201968.0,202016.0,202006.4,20.23857702507763,201968.0,202016.0,10,5.0,5.0,5.0,5.0,0.0,5.0,5.0,10,5.0,5.0,5.0,5.0,0.0,5.0,5.0,10,3.0,3.0,3.0,3.0,0.0,3.0,3.0,10,2.0,2.0,2.0,2.0,0.0,2.0,2.0,10,100.0,100.0,100.0,100.0,0.0,100.0,100.0,10,3.0885922330097,3.0885922330096998,3.0885922330097,3.0885922330097,0.0,3.0885922330097,3.0885922330097,10,100.0,100.0,100.0,100.0,0.0,100.0,100.0,,,,,,,,,,,,,,,,,,,,,,,,,,,,,,,,
phase1,H_zenos_bookshelf,warm,synthetic,hierarchical,50,library_sequential_paging,UNSUPPORTED,1,0,0,1,,,,,,,,,,,,,,,,,,,,,,,,,,,,,,,,,,,,,,,,,,,,,,,,,,,,,,,,,,,,,,,,,,,,,,,,,,,,,,,,,,,,,,,,,,,,,,,,,,,,,,,,,,,,,,,,,,,,,,,,
phase1,H_zenos_bookshelf,warm,synthetic,hierarchical,50,open_book,PASS,1,10,0,0,10,63.1185,58.591100000000004,111.392,76.8265,23.65968142572225,56.783,111.689,10,27407.470214843503,26129.40546875,28254.4398437504,27316.6154296874,1003.9231067738303,25390.625,29019.223632812,10,496.45947265625,-2090.3252929687496,1366.91962890625,-29.0423828125,1647.2076985341348,-3048.333984375,1656.876953125,10,238328.0,235184.0,241057.6,238318.4,2527.025972693329,235040.0,242224.0,10,9.0,9.0,9.0,9.0,0.0,9.0,9.0,10,9.0,9.0,9.0,9.0,0.0,9.0,9.0,10,9.0,9.0,9.0,9.0,0.0,9.0,9.0,10,0.0,0.0,0.0,0.0,0.0,0.0,0.0,10,100.0,100.0,100.0,100.0,0.0,100.0,100.0,10,9.0,9.0,9.0,9.0,0.0,9.0,9.0,10,100.0,100.0,100.0,100.0,0.0,100.0,100.0,,,,,,,,,,,,,,,,,,,,,,,,,,,,,,,,
phase1,H_zenos_bookshelf,warm,synthetic,hierarchical,50,open_book_minimal,PASS,1,10,0,0,10,54.007999999999996,48.73180000000001,73.17739999999999,56.8112,10.290115837810356,41.026,74.783,10,22661.7265625,19513.445117187002,24292.264648438,22320.9547851563,2042.0113254372893,18889.516601562,24957.596679688,10,1631.796875,-2657.4271484375004,1816.61591796875,497.11337890625,2027.9876740772245,-3360.0546875,1882.794921875,10,228184.0,223702.4,231225.6,227740.8,3849.8820992048286,222464.0,233760.0,10,0.0,0.0,0.0,0.0,0.0,0.0,0.0,10,0.0,0.0,0.0,0.0,0.0,0.0,0.0,10,0.0,0.0,0.0,0.0,0.0,0.0,0.0,10,0.0,0.0,0.0,0.0,0.0,0.0,0.0,10,0.0,0.0,0.0,0.0,0.0,0.0,0.0,10,0.0,0.0,0.0,0.0,0.0,0.0,0.0,10,0.0,0.0,0.0,0.0,0.0,0.0,0.0,,,,,,,,,,,,,,,,,,,,,,,,,,,,,,,,
phase1,H_zenos_bookshelf,warm,synthetic,hierarchical,50,open_bookshelf,PASS,1,10,0,0,10,9.6705,8.1204,13.030999999999997,10.7591,2.9787616535884323,7.926,18.062,10,42811.854492188,37902.2879882808,46851.4672851558,42554.5344726561,3777.5377766070915,36519.1875,47843.4140625,10,1154.234375,1009.56611328125,1411.6375,1206.30908203125,197.05174081689955,999.201171875,1594.45703125,10,255512.0,253518.4,260208.0,256336.0,2970.8725242856776,253360.0,261360.0,10,1.0,1.0,1.0,1.0,0.0,1.0,1.0,10,1.0,1.0,1.0,1.0,0.0,1.0,1.0,10,1.0,1.0,1.0,1.0,0.0,1.0,1.0,10,0.0,0.0,0.0,0.0,0.0,0.0,0.0,10,100.0,100.0,100.0,100.0,0.0,100.0,100.0,10,1.0,1.0,1.0,1.0,0.0,1.0,1.0,10,100.0,100.0,100.0,100.0,0.0,100.0,100.0,,,,,,,,,,,,,,,,,10,1.0,1.0,1.0,1.0,0.0,1.0,1.0,,,,,,,,
phase1,H_zenos_bookshelf,warm,synthetic,hierarchical,50,open_quick_settings,PASS,1,10,0,0,10,8.3385,7.9255,19.69419999999998,15.059300000000002,19.436666352541014,7.867,70.123,10,41543.165527344,39218.730273438,43450.5127929687,41234.7513671876,2223.9094402449805,36321.370117188,43895.653320312,10,476.4248046875,-366.65224609374985,527.80625,-327.9662109375,2566.7207490696333,-7632.4375,545.451171875,10,266712.0,266320.0,267014.4,266688.0,295.69954721342106,266176.0,267072.0,10,6.0,6.0,6.0,6.0,0.0,6.0,6.0,10,6.0,6.0,6.0,6.0,0.0,6.0,6.0,10,5.0,5.0,5.0,5.0,0.0,5.0,5.0,10,1.0,1.0,1.0,1.0,0.0,1.0,1.0,10,100.0,100.0,100.0,100.0,0.0,100.0,100.0,10,5.0442961165049,5.0442961165049,5.0442961165049,5.0442961165049,0.0,5.0442961165049,5.0442961165049,10,100.0,100.0,100.0,100.0,0.0,100.0,100.0,,,,,,,,,,,,,,,,,,,,,,,,,,,,,,,,
phase1,H_zenos_bookshelf,warm,synthetic,hierarchical,50,repeated_nav,UNSUPPORTED,1,0,0,2,,,,,,,,,,,,,,,,,,,,,,,,,,,,,,,,,,,,,,,,,,,,,,,,,,,,,,,,,,,,,,,,,,,,,,,,,,,,,,,,,,,,,,,,,,,,,,,,,,,,,,,,,,,,,,,,,,,,,,,,
phase1,H_zenos_bookshelf,warm,synthetic,hierarchical,50,start_to_home,PASS,1,10,0,0,10,9.099499999999999,8.435799999999999,9.9735,9.23,0.812288126221232,7.876,10.833,10,19022.1640625,15554.4543945312,21941.5129882813,18829.842480468702,2668.442888942028,14896.657226562,22619.987304688,10,98.88232421875,79.79677734375001,115.283984375,96.40263671875,17.740208708961674,63.6943359375,121.4169921875,10,195224.0,193065.6,197712.0,195411.2,2019.3524154485215,192576.0,197712.0,10,1.0,1.0,1.0,1.0,0.0,1.0,1.0,10,1.0,1.0,1.0,1.0,0.0,1.0,1.0,10,1.0,1.0,1.0,1.0,0.0,1.0,1.0,10,0.0,0.0,0.0,0.0,0.0,0.0,0.0,10,100.0,100.0,100.0,100.0,0.0,100.0,100.0,10,1.0,1.0,1.0,1.0,0.0,1.0,1.0,10,100.0,100.0,100.0,100.0,0.0,100.0,100.0,,,,,,,,,,,,,,,,,,,,,,,,,,,,,,,,
phase1,I_vos_bookshelf,paging,paging,flat,2000,bookshelf_cached_paging,PASS,3,90,0,0,90,181.464,162.4563,193.6748,179.7579888888889,10.982602083657817,158.978,202.705,90,33622.130859375,25491.824804687003,42334.87714843751,33732.747753906246,6171.622809063239,21486.295898438,46149.346679688,90,938.96923828125,824.9705078125,2051.5339843750003,507.5659722222333,4121.783373960773,-23866.016601562,2243.8017578125,90,228208.0,224708.8,230257.6,227658.3111111111,2103.371288794929,223664.0,230288.0,90,0.0,0.0,0.0,0.0,0.0,0.0,0.0,90,8.0,8.0,8.0,8.0,0.0,8.0,8.0,90,0.0,0.0,0.0,0.0,0.0,0.0,0.0,90,8.0,8.0,8.0,8.0,0.0,8.0,8.0,90,64.199029126214,64.199029126214,64.199029126214,64.199029126214,0.0,64.199029126214,64.199029126214,90,1.2034720913061,1.2034720913061,1.2034720913060997,1.2034720913061,0.0,1.2034720913061,1.2034720913061,90,64.199029126214,64.199029126214,64.199029126214,64.199029126214,0.0,64.199029126214,64.199029126214,90,8.0,8.0,8.0,8.0,0.0,8.0,8.0,90,8.0,8.0,8.0,8.0,0.0,8.0,8.0,90,250.0,250.0,250.0,250.0,0.0,250.0,250.0,,,,,,,,
phase1,I_vos_bookshelf,paging,paging,flat,2000,bookshelf_cached_paging_anim_off,PASS,3,90,0,0,90,9.76,8.712599999999998,11.8719,10.216522222222222,1.7753230896189944,7.771,16.908,90,33231.919433594,23297.998339843303,43760.3168945308,33446.38555772567,7404.626398509774,21098.572265625,46327.40234375,90,850.267578125,793.5228515624999,890.07587890625,-23.544053819449964,3670.357611443176,-21119.819335938,943.7255859375,90,230864.0,230560.0,235152.0,232235.2,2078.571609802908,230560.0,235168.0,90,1.0,1.0,1.0,1.0,0.0,1.0,1.0,90,1.0,1.0,1.0,1.0,0.0,1.0,1.0,90,0.0,0.0,0.0,0.0,0.0,0.0,0.0,90,1.0,1.0,1.0,1.0,0.0,1.0,1.0,90,64.199029126214,64.199029126214,64.199029126214,64.199029126214,0.0,64.199029126214,64.199029126214,90,0.64199029126214,0.64199029126214,0.64199029126214,0.64199029126214,0.0,0.64199029126214,0.64199029126214,90,64.199029126214,64.199029126214,64.199029126214,64.199029126214,0.0,64.199029126214,64.199029126214,90,8.0,8.0,8.0,8.0,0.0,8.0,8.0,90,8.0,8.0,8.0,8.0,0.0,8.0,8.0,90,250.0,250.0,250.0,250.0,0.0,250.0,250.0,,,,,,,,
phase1,I_vos_bookshelf,paging,paging,flat,2000,bookshelf_sequential_paging,PASS,3,90,0,0,90,187.2055,176.1524,194.10430000000002,187.32045555555555,8.08286565625729,170.578,215.384,90,30903.6640625,22581.264648437,41157.170312499606,31421.2168294271,6749.426565244637,20444.868164062,45326.669921875,90,2188.328125,1513.3213867187505,2396.63544921875,505.3304687499944,5774.2334451038005,-22723.20703125,2625.6982421875,90,220648.0,206513.6,227584.0,218359.2888888889,6914.085894628597,201728.0,227600.0,90,0.0,0.0,0.0,0.13333333333333333,0.7220445378276479,0.0,4.0,90,8.0,8.0,8.0,8.133333333333333,0.7220445378276479,8.0,12.0,90,0.0,0.0,0.0,0.13333333333333333,0.7220445378276479,0.0,4.0,90,8.0,8.0,8.0,8.0,0.0,8.0,8.0,90,64.199029126214,64.199029126214,64.199029126214,65.39239482200686,6.462473867085974,64.199029126214,100.0,90,1.2034720913061,1.2034720913061,1.2034720913060997,1.3368054246394332,0.7220445378276479,1.2034720913061,5.2034720913061,90,64.199029126214,64.199029126214,64.199029126214,65.39239482200686,6.462473867085974,64.199029126214,100.0,90,8.0,8.0,8.0,8.0,0.0,8.0,8.0,90,8.0,8.0,8.0,8.0,0.0,8.0,8.0,90,250.0,250.0,250.0,250.0,0.0,250.0,250.0,,,,,,,,
phase1,I_vos_bookshelf,paging,paging,flat,2000,bookshelf_sequential_paging_anim_off,PASS,3,90,0,0,90,30.073999999999998,26.0944,39.47950000000001,31.013844444444445,6.909941323855514,11.522,52.157,90,33362.793457031,23794.979394531303,43544.897265625,33657.6661783854,7289.063614312689,21815.67578125,46495.625,90,2137.36572265625,-9970.8583007813,2314.45625,-403.04676649305554,6833.675166032652,-24682.64453125,2429.6806640625,90,230784.0,230400.0,235062.4,232090.48888888888,2118.1119069673714,230256.0,235152.0,90,1.0,1.0,1.0,1.011111111111111,0.10540925533894598,1.0,2.0,90,1.0,1.0,1.0,1.011111111111111,0.10540925533894598,1.0,2.0,90,0.0,0.0,0.0,0.0,0.0,0.0,0.0,90,1.0,1.0,1.0,1.011111111111111,0.10540925533894598,1.0,2.0,90,64.199029126214,64.199029126214,64.199029126214,64.30555555555596,1.0105984431767137,64.199029126214,73.78640776699,90,0.64199029126214,0.64199029126214,0.64199029126214,0.6430555555555596,0.010105984431767143,0.64199029126214,0.7378640776699,90,64.199029126214,64.199029126214,64.199029126214,64.199029126214,0.0,64.199029126214,64.199029126214,90,8.0,8.0,8.0,8.0,0.0,8.0,8.0,90,8.0,8.0,8.0,8.0,0.0,8.0,8.0,90,250.0,250.0,250.0,250.0,0.0,250.0,250.0,,,,,,,,
phase1,I_vos_bookshelf,paging,paging,flat,2000,close_bookshelf,PASS,3,3,0,0,3,9.075,8.8342,10.2222,9.452666666666666,0.9271085876710099,8.774,10.509,3,27556.952148438,26872.780273438,36612.1794921876,31044.891927083663,6795.3938624452285,26701.737304688,38875.986328125,3,264.10546875,227.94375000000002,282.48828125,256.6975911458333,34.68873341518259,218.9033203125,287.083984375,3,233856.0,233779.2,237209.6,235221.33333333334,2448.4356910756983,233760.0,238048.0,3,1.0,1.0,1.0,1.0,0.0,1.0,1.0,3,1.0,1.0,1.0,1.0,0.0,1.0,1.0,3,1.0,1.0,1.0,1.0,0.0,1.0,1.0,3,0.0,0.0,0.0,0.0,0.0,0.0,0.0,3,100.0,100.0,100.0,100.0,0.0,100.0,100.0,3,1.0,1.0,1.0,1.0,0.0,1.0,1.0,3,100.0,100.0,100.0,100.0,0.0,100.0,100.0,,,,,,,,,,,,,,,,,,,,,,,,,,,,,,,,
phase1,I_vos_bookshelf,paging,paging,flat,2000,library_cached_paging,PASS,3,90,0,0,90,20.031,16.9992,33.084,21.991433333333333,5.958845595632116,15.596,38.973,90,14336.569824219001,12350.970507811999,16500.436523437504,14358.02980685759,1501.5905311542274,12158.071289062,17830.14453125,90,862.8095703125,-3870.6375,1081.4425781250002,-36.112543402777774,1961.380527113045,-5580.1552734375,1289.0439453125,90,196528.0,196208.0,199424.0,197396.6222222222,1440.6076010401935,196192.0,199424.0,90,3.0,3.0,3.0,3.0,0.0,3.0,3.0,90,3.0,3.0,3.0,3.0,0.0,3.0,3.0,90,1.0,1.0,1.0,1.0,0.0,1.0,1.0,90,2.0,2.0,2.0,2.0,0.0,2.0,2.0,90,100.0,100.0,100.0,100.0,0.0,100.0,100.0,90,1.1917475728155,1.1917475728155,1.1917475728155,1.1917475728155,0.0,1.1917475728155,1.1917475728155,90,100.0,100.0,100.0,100.0,0.0,100.0,100.0,90,10.0,10.0,10.0,10.0,0.0,10.0,10.0,90,10.0,10.0,10.0,10.0,0.0,10.0,10.0,90,200.0,200.0,200.0,200.0,0.0,200.0,200.0,,,,,,,,
phase1,I_vos_bookshelf,paging,paging,flat,2000,library_sequential_paging,PASS,3,90,0,0,90,15.533999999999999,13.835199999999999,26.572700000000005,17.0179,4.6109349829350155,12.818,30.772,90,13819.96875,12096.335351562,19164.9766601558,14868.36192491319,2600.657127744866,12033.762695312,20936.385742188,90,564.26220703125,-1704.25810546875,606.1576171874999,23.066156684027778,1778.793728837514,-8905.673828125,643.0849609375,90,182352.0,179752.0,183648.0,182191.64444444445,1391.8645994388378,178544.0,183648.0,90,3.0,3.0,3.0,3.0,0.0,3.0,3.0,90,3.0,3.0,3.0,3.0,0.0,3.0,3.0,90,1.0,1.0,1.0,1.0,0.0,1.0,1.0,90,2.0,2.0,2.0,2.0,0.0,2.0,2.0,90,100.0,100.0,100.0,100.0,0.0,100.0,100.0,90,1.1917475728155,1.1917475728155,1.1917475728155,1.1917475728155,0.0,1.1917475728155,1.1917475728155,90,100.0,100.0,100.0,100.0,0.0,100.0,100.0,90,10.0,10.0,10.0,10.0,0.0,10.0,10.0,90,10.0,10.0,10.0,10.0,0.0,10.0,10.0,90,200.0,200.0,200.0,200.0,0.0,200.0,200.0,,,,,,,,
phase1,I_vos_bookshelf,paging,paging,flat,2000,open_bookshelf,PASS,3,3,0,0,3,147.04,139.8536,154.48160000000001,147.14633333333333,9.142963760911096,138.057,156.342,3,18269.953125,18248.809375,18300.8125,18274.001302083332,32.69048424562133,18243.5234375,18308.52734375,3,4641.5380859375,4503.327929687501,5552.7537109375,4963.623697916667,712.7394394617946,4468.775390625,5780.5576171875,3,197120.0,196646.4,198963.2,197690.66666666666,1530.0161219194174,196528.0,199424.0,3,1.0,1.0,1.0,1.0,0.0,1.0,1.0,3,1.0,1.0,1.0,1.0,0.0,1.0,1.0,3,1.0,1.0,1.0,1.0,0.0,1.0,1.0,3,0.0,0.0,0.0,0.0,0.0,0.0,0.0,3,100.0,100.0,100.0,100.0,0.0,100.0,100.0,3,1.0,1.0,1.0,1.0,0.0,1.0,1.0,3,100.0,100.0,100.0,100.0,0.0,100.0,100.0,,,,,,,,,,,,,,,,,3,250.0,250.0,250.0,250.0,0.0,250.0,250.0,,,,,,,,
phase1,I_vos_bookshelf,paging,paging,flat,2000,paging_probe_step_2_to_3,PASS,3,3,0,0,3,26.964,26.659200000000002,27.4712,27.048333333333332,0.51272832312379,26.583,27.598,3,12113.622070312,12088.565820312,12139.518945311998,12113.972330728668,31.847147741913204,12082.301757812,12145.993164062,3,-2295.1318359375,-2364.9099609375,-2203.0583984375,-2285.8421223958335,101.47664050943756,-2382.3544921875,-2180.0400390625,3,194000.0,193680.0,195472.0,194480.0,1194.6547618454463,193600.0,195840.0,3,3.0,3.0000000000000004,3.0,3.0,0.0,3.0,3.0,3,3.0,3.0000000000000004,3.0,3.0,0.0,3.0,3.0,3,1.0,1.0,1.0,1.0,0.0,1.0,1.0,3,2.0,2.0,2.0,2.0,0.0,2.0,2.0,3,100.0,100.0,100.0,100.0,0.0,100.0,100.0,3,1.1917475728155,1.1917475728155,1.1917475728155,1.1917475728155,0.0,1.1917475728155,1.1917475728155,3,100.0,100.0,100.0,100.0,0.0,100.0,100.0,3,10.0,10.0,10.0,10.0,0.0,10.0,10.0,3,10.0,10.0,10.0,10.0,0.0,10.0,10.0,3,200.0,200.0,200.0,200.0,0.0,200.0,200.0,,,,,,,,
phase1,I_vos_bookshelf,paging,paging,hierarchical,2000,bookshelf_cached_paging,PASS,3,90,0,0,90,184.535,168.1232,193.1525,182.6373888888889,9.321793444763806,164.279,198.906,90,28133.087402343997,20041.984570312998,34930.3575195313,27878.560514322944,5509.7381350150035,17459.219726562,37244.77734375,90,1538.8251953125,812.86142578125,2087.190625,277.2147243923778,4898.9983964773855,-19654.032226562,2178.17578125,90,222832.0,222784.0,222848.0,222821.33333333334,27.347123588036197,222784.0,222848.0,90,0.0,0.0,0.0,0.0,0.0,0.0,0.0,90,8.0,8.0,8.0,8.0,0.0,8.0,8.0,90,0.0,0.0,0.0,0.0,0.0,0.0,0.0,90,8.0,8.0,8.0,8.0,0.0,8.0,8.0,90,64.199029126214,64.199029126214,64.199029126214,64.199029126214,0.0,64.199029126214,64.199029126214,90,1.2034720913061,1.2034720913061,1.2034720913060997,1.2034720913061,0.0,1.2034720913061,1.2034720913061,90,64.199029126214,64.199029126214,64.199029126214,64.199029126214,0.0,64.199029126214,64.199029126214,90,8.0,8.0,8.0,8.0,0.0,8.0,8.0,90,8.0,8.0,8.0,8.0,0.0,8.0,8.0,90,21.0,21.0,21.0,21.0,0.0,21.0,21.0,,,,,,,,
phase1,I_vos_bookshelf,paging,paging,hierarchical,2000,bookshelf_cached_paging_anim_off,PASS,3,90,0,0,90,8.738,8.0383,10.994100000000003,9.182588888888889,1.6623775777816274,6.827,17.115,90,27024.510253906003,18312.7408203125,35298.074023437,26893.22596571179,6306.306426547057,16709.100585938,37080.2890625,90,820.23828125,538.7163085937509,855.11572265625,-145.31157769096112,3447.2923339387457,-18176.981445312,904.54296875,90,223952.0,223760.0,224256.0,224001.42222222223,208.1678761700843,223760.0,224256.0,90,1.0,1.0,1.0,1.0,0.0,1.0,1.0,90,1.0,1.0,1.0,1.0,0.0,1.0,1.0,90,0.0,0.0,0.0,0.0,0.0,0.0,0.0,90,1.0,1.0,1.0,1.0,0.0,1.0,1.0,90,64.199029126214,64.199029126214,64.199029126214,64.199029126214,0.0,64.199029126214,64.199029126214,90,0.64199029126214,0.64199029126214,0.64199029126214,0.64199029126214,0.0,0.64199029126214,0.64199029126214,90,64.199029126214,64.199029126214,64.199029126214,64.199029126214,0.0,64.199029126214,64.199029126214,90,8.0,8.0,8.0,8.0,0.0,8.0,8.0,90,8.0,8.0,8.0,8.0,0.0,8.0,8.0,90,21.0,21.0,21.0,21.0,0.0,21.0,21.0,,,,,,,,
phase1,I_vos_bookshelf,paging,paging,hierarchical,2000,bookshelf_sequential_paging,PASS,3,60,0,0,60,187.037,178.55180000000001,196.0547,188.29276666666667,9.836647262576896,172.666,223.219,60,23898.776367188,17014.0331054688,32650.241406249603,24495.047102864566,6458.918977050616,13933.877929688,37306.921875,60,2189.47314453125,-4088.255957031296,2407.01943359375,54.93460286458333,5828.049919737442,-19496.826171875,2571.4013671875,60,213016.0,199024.0,216126.4,209290.13333333333,6412.572036048728,198960.0,217776.0,60,0.0,0.0,0.0,0.21666666666666667,0.8847419745789847,0.0,4.0,60,8.0,8.0,8.0,8.216666666666667,0.8847419745789847,8.0,12.0,60,0.0,0.0,0.0,0.2,0.8791367106043311,0.0,4.0,60,8.0,8.0,8.0,8.016666666666667,0.12909944487358058,8.0,9.0,60,64.199029126214,64.199029126214,64.199029126214,66.15190129449877,7.931643856796504,64.199029126214,100.0,60,1.2034720913061,1.2034720913061,1.2034720913061,1.405100327552055,0.8788504376402033,1.2034720913061,5.2034720913061,60,64.199029126214,64.199029126214,64.199029126214,65.98907766990331,7.868486942605422,64.199029126214,100.0,60,8.0,8.0,8.0,8.0,0.0,8.0,8.0,60,8.0,8.0,8.0,7.85,0.6593525329532484,5.0,8.0,60,21.0,21.0,21.0,21.0,0.0,21.0,21.0,,,,,,,,
phase1,I_vos_bookshelf,paging,paging,hierarchical,2000,bookshelf_sequential_paging_anim_off,PASS,3,60,0,0,60,27.319000000000003,23.458799999999997,36.3618,28.346799999999998,6.2394395141589,8.802,42.513,60,27961.213378906003,19552.3910156254,35655.194140625,27820.356722005232,5698.771722861629,17410.91796875,36448.645507812,60,2107.0849609375,-6863.042675781198,2287.3903320312497,-28.678564453116692,5347.931032448039,-18804.1484375,2580.9287109375,60,223952.0,223680.0,224192.0,223937.33333333334,201.74784283950964,223632.0,224256.0,60,1.0,1.0,1.0,1.0,0.0,1.0,1.0,60,1.0,1.0,1.0,1.0,0.0,1.0,1.0,60,0.0,0.0,0.0,0.0,0.0,0.0,0.0,60,1.0,1.0,1.0,1.0,0.0,1.0,1.0,60,64.199029126214,64.199029126214,64.199029126214,64.199029126214,0.0,64.199029126214,64.199029126214,60,0.64199029126214,0.64199029126214,0.64199029126214,0.64199029126214,0.0,0.64199029126214,0.64199029126214,60,64.199029126214,64.199029126214,64.199029126214,64.199029126214,0.0,64.199029126214,64.199029126214,60,8.0,8.0,8.0,8.0,0.0,8.0,8.0,60,8.0,8.0,8.0,7.85,0.6593525329532484,5.0,8.0,60,21.0,21.0,21.0,21.0,0.0,21.0,21.0,,,,,,,,
phase1,I_vos_bookshelf,paging,paging,hierarchical,2000,close_bookshelf,PASS,3,3,0,0,3,8.388,8.3664,9.112,8.680666666666667,0.5304680323387383,8.361,9.293,3,20509.26953125,18874.010937499603,32555.74921875,24847.278320312336,9339.958203957402,18465.196289062,35567.369140625,3,256.3798828125,232.08769531250002,285.5064453125,258.3942057291667,33.432261537339315,226.0146484375,292.7880859375,3,227024.0,226729.60000000003,227088.0,226928.0,238.93095236908925,226656.0,227104.0,3,1.0,1.0,1.0,1.0,0.0,1.0,1.0,3,1.0,1.0,1.0,1.0,0.0,1.0,1.0,3,1.0,1.0,1.0,1.0,0.0,1.0,1.0,3,0.0,0.0,0.0,0.0,0.0,0.0,0.0,3,100.0,100.0,100.0,100.0,0.0,100.0,100.0,3,1.0,1.0,1.0,1.0,0.0,1.0,1.0,3,100.0,100.0,100.0,100.0,0.0,100.0,100.0,,,,,,,,,,,,,,,,,,,,,,,,,,,,,,,,
phase1,I_vos_bookshelf,paging,paging,hierarchical,2000,library_cached_paging,PASS,3,90,0,0,90,19.121499999999997,16.4575,27.174200000000006,20.277755555555554,4.138649243117017,14.364,31.624,90,11946.342773437,10102.063867187,14230.9870117188,12125.714811197757,1563.0143192290973,9883.4111328125,15772.125,90,881.3642578125,-3691.20283203125,1132.7265625,61.151226128472224,1922.2404683369796,-5741.3173828125,1244.310546875,90,195680.0,194944.0,195856.0,195492.26666666666,394.389780390421,194912.0,195872.0,90,3.0,3.0,3.0,3.0,0.0,3.0,3.0,90,3.0,3.0,3.0,3.0,0.0,3.0,3.0,90,1.0,1.0,1.0,1.0,0.0,1.0,1.0,90,2.0,2.0,2.0,2.0,0.0,2.0,2.0,90,100.0,100.0,100.0,100.0,0.0,100.0,100.0,90,1.1953883495146,1.1953883495146,1.1953883495146,1.1953883495146,0.0,1.1953883495146,1.1953883495146,90,100.0,100.0,100.0,100.0,0.0,100.0,100.0,90,10.0,10.0,10.0,10.0,0.0,10.0,10.0,90,10.0,10.0,10.0,10.0,0.0,10.0,10.0,90,17.0,17.0,17.0,17.0,0.0,17.0,17.0,,,,,,,,
phase1,I_vos_bookshelf,paging,paging,hierarchical,2000,library_sequential_paging,PASS,3,48,0,0,48,14.6885,13.0137,17.550800000000002,15.526791666666666,3.4190642427569697,11.952,29.514,48,15112.017578125,10510.4760742191,18755.090234375002,14934.505187988303,2997.54170659637,9792.3447265625,19768.984375,48,573.2919921875,349.2158203125,596.9978515625,-78.34820556640625,2488.8694934423597,-9801.9404296875,631.068359375,48,178360.0,175312.0,181502.40000000002,178489.0,2357.4830429660233,175200.0,181952.0,48,3.0,3.0,3.0,3.0,0.0,3.0,3.0,48,3.0,3.0,3.0,3.0,0.0,3.0,3.0,48,1.0,1.0,1.0,1.0,0.0,1.0,1.0,48,2.0,2.0,2.0,2.0,0.0,2.0,2.0,48,100.0,100.0,100.0,100.0,0.0,100.0,100.0,48,1.1953883495146,1.1953883495146,1.1953883495146,1.1953883495146,0.0,1.1953883495146,1.1953883495146,48,100.0,100.0,100.0,100.0,0.0,100.0,100.0,48,10.0,10.0,10.0,10.0,0.0,10.0,10.0,48,10.0,10.0,10.0,9.6875,1.223115136975204,5.0,10.0,48,17.0,17.0,17.0,17.0,0.0,17.0,17.0,,,,,,,,
phase1,I_vos_bookshelf,paging,paging,hierarchical,2000,open_bookshelf,PASS,3,3,0,0,3,92.427,91.539,98.54060000000001,94.60433333333333,4.764972332903241,91.317,100.069,3,15191.818359375,15170.683984375,15197.655859375001,15185.444661458334,17.73811408017829,15165.400390625,15199.115234375,3,2634.4482421875,2615.1435546875,2640.8935546875,2629.0901692708335,16.749343213921485,2610.3173828125,2642.5048828125,3,199024.0,198972.8,199088.0,199029.33333333334,72.14799604516631,198960.0,199104.0,3,1.0,1.0,1.0,1.0,0.0,1.0,1.0,3,1.0,1.0,1.0,1.0,0.0,1.0,1.0,3,1.0,1.0,1.0,1.0,0.0,1.0,1.0,3,0.0,0.0,0.0,0.0,0.0,0.0,0.0,3,100.0,100.0,100.0,100.0,0.0,100.0,100.0,3,1.0,1.0,1.0,1.0,0.0,1.0,1.0,3,100.0,100.0,100.0,100.0,0.0,100.0,100.0,,,,,,,,,,,,,,,,,3,21.0,21.0,21.0,21.0,0.0,21.0,21.0,,,,,,,,
phase1,I_vos_bookshelf,paging,paging,hierarchical,2000,paging_probe_step_2_to_3,PASS,3,3,0,0,3,22.453,15.809000000000001,26.5882,21.407666666666668,6.7975517896764375,14.148,27.622,3,9863.4423828125,9778.7142578125,10305.0259765625,10012.132161458334,353.25088122411603,9757.5322265625,10415.421875,3,-1555.53125,-1637.0664062500002,108.04296875000011,-896.3483072916666,1231.0579264002715,-1657.4501953125,523.9365234375,3,192560.0,192124.80000000002,192739.2,192453.33333333334,394.9548497402372,192016.0,192784.0,3,3.0,3.0000000000000004,3.0,3.0,0.0,3.0,3.0,3,3.0,3.0000000000000004,3.0,3.0,0.0,3.0,3.0,3,1.0,1.0,1.0,1.0,0.0,1.0,1.0,3,2.0,2.0,2.0,2.0,0.0,2.0,2.0,3,100.0,100.0,100.0,100.0,0.0,100.0,100.0,3,1.1953883495146,1.1953883495146,1.1953883495146,1.1953883495146,0.0,1.1953883495146,1.1953883495146,3,100.0,100.0,100.0,100.0,0.0,100.0,100.0,3,10.0,10.0,10.0,10.0,0.0,10.0,10.0,3,10.0,10.0,10.0,10.0,0.0,10.0,10.0,3,17.0,17.0,17.0,17.0,0.0,17.0,17.0,,,,,,,,
phase1,I_vos_bookshelf,steady_state_cold,startup,hierarchical,2000,home_to_library,PASS,3,3,0,0,3,17.936,17.912,18.5224,18.170333333333332,0.43211842512595305,17.906,18.669,3,9516.666015625,9489.503515625001,9555.630078125,9521.583333333334,41.547919876294124,9482.712890625,9565.37109375,3,515.8779296875,493.1419921875,526.3169921875,510.7542317708333,21.20385617986893,487.4580078125,528.9267578125,3,173168.0,170659.2,174460.8,172661.33333333334,2416.1765939875613,170032.0,174784.0,3,3.0,3.0000000000000004,3.0,3.0,0.0,3.0,3.0,3,3.0,3.0000000000000004,3.0,3.0,0.0,3.0,3.0,3,2.0,2.0,2.0,2.0,0.0,2.0,2.0,3,1.0,1.0,1.0,1.0,0.0,1.0,1.0,3,100.0,100.0,100.0,100.0,0.0,100.0,100.0,3,2.0976941747573,2.0976941747573,2.0976941747573,2.0976941747573,0.0,2.0976941747573,2.0976941747573,3,100.0,100.0,100.0,100.0,0.0,100.0,100.0,,,,,,,,,,,,,,,,,,,,,,,,,,,,,,,,
phase1,I_vos_bookshelf,steady_state_cold,startup,hierarchical,2000,library_first_render,PASS,3,3,0,0,3,18.047,16.943,18.451,17.755333333333336,0.9757603872536185,16.667,18.552,3,10021.442382812,9991.1666015624,10023.264257812,10009.586588541333,22.53586086377757,9983.59765625,10023.719726562,3,492.033203125,456.18242187500005,496.968359375,479.1516927083333,27.825380824368576,447.2197265625,498.2021484375,3,173168.0,170787.2,174460.8,172714.66666666666,2329.3237931497056,170192.0,174784.0,3,3.0,3.0000000000000004,3.0,3.0,0.0,3.0,3.0,3,3.0,3.0000000000000004,3.0,3.0,0.0,3.0,3.0,3,2.0,2.0,2.0,2.0,0.0,2.0,2.0,3,1.0,1.0,1.0,1.0,0.0,1.0,1.0,3,100.0,100.0,100.0,100.0,0.0,100.0,100.0,3,2.0976941747573,2.0976941747573,2.0976941747573,2.0976941747573,0.0,2.0976941747573,2.0976941747573,3,100.0,100.0,100.0,100.0,0.0,100.0,100.0,,,,,,,,,,,,,,,,,,,,,,,,,,,,,,,,
phase1,I_vos_bookshelf,warm,synthetic,flat,2000,bookshelf_cached_paging,PASS,1,30,0,0,30,159.5365,158.4848,171.7887,161.9634,5.347545460785951,157.594,176.345,30,44689.386230469,27770.4311523433,52947.4051757813,43672.4694335938,8337.64665434849,25715.735351562,54868.862304688,30,706.3017578125,659.2021484375,845.3676757812502,-271.0039713541334,3948.0552506330037,-17609.516601562,1137.3896484375,30,294048.0,294048.0,294048.0,294048.0,0.0,294048.0,294048.0,30,0.0,0.0,0.0,0.0,0.0,0.0,0.0,30,8.0,8.0,8.0,8.0,0.0,8.0,8.0,30,0.0,0.0,0.0,0.0,0.0,0.0,0.0,30,8.0,8.0,8.0,8.0,0.0,8.0,8.0,30,64.199029126214,64.199029126214,64.199029126214,64.199029126214,0.0,64.199029126214,64.199029126214,30,1.2034720913061,1.2034720913061,1.2034720913061,1.2034720913061,0.0,1.2034720913061,1.2034720913061,30,64.199029126214,64.199029126214,64.199029126214,64.199029126214,0.0,64.199029126214,64.199029126214,30,8.0,8.0,8.0,8.0,0.0,8.0,8.0,30,8.0,8.0,8.0,8.0,0.0,8.0,8.0,30,250.0,250.0,250.0,250.0,0.0,250.0,250.0,,,,,,,,
phase1,I_vos_bookshelf,warm,synthetic,flat,2000,bookshelf_cached_paging_anim_off,PASS,1,30,0,0,30,7.8955,7.047000000000001,8.8785,8.154466666666668,1.3322689935836411,6.738,12.689,30,45291.143066406,28177.4546875,52635.1116210933,41214.61816406247,10074.043454087567,26074.65625,54630.234375,30,705.65771484375,161.9194335937517,790.3360351562501,-298.32591145834994,3719.6431118210435,-18408.581054688,855.43359375,30,294048.0,294048.0,294048.0,294048.0,0.0,294048.0,294048.0,30,1.0,1.0,1.0,1.0,0.0,1.0,1.0,30,1.0,1.0,1.0,1.0,0.0,1.0,1.0,30,0.0,0.0,0.0,0.0,0.0,0.0,0.0,30,1.0,1.0,1.0,1.0,0.0,1.0,1.0,30,64.199029126214,64.199029126214,64.199029126214,64.199029126214,0.0,64.199029126214,64.199029126214,30,0.64199029126214,0.64199029126214,0.64199029126214,0.64199029126214,0.0,0.64199029126214,0.64199029126214,30,64.199029126214,64.199029126214,64.199029126214,64.199029126214,0.0,64.199029126214,64.199029126214,30,8.0,8.0,8.0,8.0,0.0,8.0,8.0,30,8.0,8.0,8.0,8.0,0.0,8.0,8.0,30,250.0,250.0,250.0,250.0,0.0,250.0,250.0,,,,,,,,
phase1,I_vos_bookshelf,warm,synthetic,flat,2000,bookshelf_first_render,PASS,1,10,0,0,10,12.3505,9.446200000000001,34.63269999999999,17.8843,12.5805778885992,9.061,47.23,10,28310.15234375,25926.535546875,41985.9461914058,30653.4215820311,6434.2999654728455,25558.119140625,43324.4140625,10,1212.97900390625,-4872.921875,1397.48154296875,-1102.90869140625,6040.952553830229,-17768.919921875,1484.5380859375,10,294048.0,294048.0,294048.0,294048.0,0.0,294048.0,294048.0,10,1.0,1.0,1.0,1.0,0.0,1.0,1.0,10,1.0,1.0,1.0,1.0,0.0,1.0,1.0,10,1.0,1.0,1.0,1.0,0.0,1.0,1.0,10,0.0,0.0,0.0,0.0,0.0,0.0,0.0,10,100.0,100.0,100.0,100.0,0.0,100.0,100.0,10,1.0,1.0,1.0,1.0,0.0,1.0,1.0,10,100.0,100.0,100.0,100.0,0.0,100.0,100.0,,,,,,,,,,,,,,,,,10,250.0,250.0,250.0,250.0,0.0,250.0,250.0,,,,,,,,
phase1,I_vos_bookshelf,warm,synthetic,flat,2000,bookshelf_sequential_paging,PASS,1,30,0,0,30,160.1995,158.2351,189.36910000000003,170.0836,18.817945940529473,157.418,246.202,30,38671.693847656,29822.326562499602,57164.1537109375,41471.21774088537,10817.41090147171,27276.202148438,62265.79296875,30,1577.76953125,-1120.3197265624997,1717.45859375,58.264290364600065,6361.838152408763,-32884.098632812,2107.17578125,30,294048.0,294048.0,294048.0,294048.0,0.0,294048.0,294048.0,30,0.0,0.0,0.0,0.3333333333333333,1.8257418583505538,0.0,10.0,30,8.0,8.0,8.0,8.333333333333334,1.8257418583505538,8.0,18.0,30,0.0,0.0,0.0,0.3333333333333333,1.8257418583505538,0.0,10.0,30,8.0,8.0,8.0,8.0,0.0,8.0,8.0,30,64.199029126214,64.199029126214,64.199029126214,65.39239482200686,6.5363331093860095,64.199029126214,100.0,30,1.2034720913061,1.2034720913061,1.2034720913061,1.5368054246394298,1.8257418583505356,1.2034720913061,11.203472091306,30,64.199029126214,64.199029126214,64.199029126214,65.39239482200686,6.5363331093860095,64.199029126214,100.0,30,8.0,8.0,8.0,8.0,0.0,8.0,8.0,30,8.0,8.0,8.0,8.0,0.0,8.0,8.0,30,250.0,250.0,250.0,250.0,0.0,250.0,250.0,,,,,,,,
phase1,I_vos_bookshelf,warm,synthetic,flat,2000,bookshelf_sequential_paging_anim_off,PASS,1,30,0,0,30,20.557499999999997,17.204900000000002,27.79990000000001,22.506766666666667,6.397580020296108,9.42,39.994,30,38062.7919921875,29416.6625000004,50142.66796875,38840.01884765636,7790.787977301232,26239.12109375,54718.953125,30,1523.3662109375,1211.87451171875,1665.91083984375,432.82900390625,3986.1670374349305,-14544.927734375,1803.7626953125,30,294048.0,294048.0,294048.0,294048.0,0.0,294048.0,294048.0,30,1.0,1.0,1.0,1.0,0.0,1.0,1.0,30,1.0,1.0,1.0,1.0,0.0,1.0,1.0,30,0.0,0.0,0.0,0.0,0.0,0.0,0.0,30,1.0,1.0,1.0,1.0,0.0,1.0,1.0,30,64.199029126214,64.199029126214,64.199029126214,64.199029126214,0.0,64.199029126214,64.199029126214,30,0.64199029126214,0.64199029126214,0.64199029126214,0.64199029126214,0.0,0.64199029126214,0.64199029126214,30,64.199029126214,64.199029126214,64.199029126214,64.199029126214,0.0,64.199029126214,64.199029126214,30,8.0,8.0,8.0,8.0,0.0,8.0,8.0,30,8.0,8.0,8.0,8.0,0.0,8.0,8.0,30,250.0,250.0,250.0,250.0,0.0,250.0,250.0,,,,,,,,
phase1,I_vos_bookshelf,warm,synthetic,flat,2000,change_sort_mode,PASS,1,10,0,0,10,111.4185,100.6526,153.8078,122.4865,24.581729173649823,96.392,156.677,10,28802.744628906003,18120.613671875,39156.4393554692,26708.475390625,8349.788141364183,18089.134765625,39486.6171875,10,10411.119628905999,-21056.556933593303,10736.9982421875,44.56582031259986,14129.648241038434,-21229.255859375,10981.125,10,284416.0,284416.0,284416.0,284416.0,0.0,284416.0,284416.0,10,6.0,6.0,6.0,6.0,0.0,6.0,6.0,10,6.0,6.0,6.0,6.0,0.0,6.0,6.0,10,2.0,2.0,2.0,2.0,0.0,2.0,2.0,10,4.0,4.0,4.0,4.0,0.0,4.0,4.0,10,100.0,100.0,100.0,100.0,0.0,100.0,100.0,10,2.3907766990291,2.3907766990291,2.3907766990291,2.3907766990291,0.0,2.3907766990291,2.3907766990291,10,100.0,100.0,100.0,100.0,0.0,100.0,100.0,,,,,,,,,,,,,,,,,,,,,,,,,,,,,,,,
phase1,I_vos_bookshelf,warm,synthetic,flat,2000,close_book,PASS,1,10,0,0,10,61.157,58.011599999999994,67.6031,61.7361,4.021967800578332,56.046,69.251,10,29359.249511718997,29036.6413085933,29922.62109375,29420.5310546876,386.49675019596174,28964.779296875,30175.78125,10,6615.37939453125,6549.23818359375,6826.1265625,6652.5744140625,130.7071637322716,6515.232421875,6920.130859375,10,294048.0,293952.0,294048.0,294028.8,40.47715405015526,293952.0,294048.0,10,8.0,8.0,8.0,8.0,0.0,8.0,8.0,10,8.0,8.0,8.0,8.0,0.0,8.0,8.0,10,4.0,4.0,4.0,4.0,0.0,4.0,4.0,10,4.0,4.0,4.0,4.0,0.0,4.0,4.0,10,100.0,100.0,100.0,100.0,0.0,100.0,100.0,10,4.3834951456311,4.3834951456311,4.3834951456311,4.3834951456311,0.0,4.3834951456311,4.3834951456311,10,100.0,100.0,100.0,100.0,0.0,100.0,100.0,,,,,,,,,,,,,,,,,,,,,,,,,,,,,,,,
phase1,I_vos_bookshelf,warm,synthetic,flat,2000,close_bookshelf,PASS,1,10,0,0,10,8.329,7.2901,8.4707,8.117700000000001,0.5517640498135654,6.913,8.612,10,40357.471679687,36881.219140625,43797.8921875004,40344.1579101561,2921.4802209682234,35939.228515625,44669.825195312,10,36.38671875,30.57314453125,63.27695312499999,41.1537109375,15.677278909572216,29.1484375,76.94921875,10,294048.0,294048.0,294048.0,294048.0,0.0,294048.0,294048.0,10,1.0,1.0,1.0,1.0,0.0,1.0,1.0,10,1.0,1.0,1.0,1.0,0.0,1.0,1.0,10,1.0,1.0,1.0,1.0,0.0,1.0,1.0,10,0.0,0.0,0.0,0.0,0.0,0.0,0.0,10,100.0,100.0,100.0,100.0,0.0,100.0,100.0,10,1.0,1.0,1.0,1.0,0.0,1.0,1.0,10,100.0,100.0,100.0,100.0,0.0,100.0,100.0,,,,,,,,,,,,,,,,,,,,,,,,,,,,,,,,
phase1,I_vos_bookshelf,warm,synthetic,flat,2000,close_quick_settings,PASS,1,10,0,0,10,8.3915,7.7762,9.132399999999999,8.447199999999999,0.6041441696960898,7.634,9.307,10,53187.069335937,51817.6286132817,54556.7068359375,53187.2095703125,1147.1493497613983,51455.876953125,54913.576171875,10,56.470703125,49.4041015625,72.17275390625,59.59423828125,10.75935916683418,48.1015625,72.62890625,10,294048.0,294048.0,294048.0,294048.0,0.0,294048.0,294048.0,10,3.0,3.0,3.0,3.0,0.0,3.0,3.0,10,3.0,3.0,3.0,3.0,0.0,3.0,3.0,10,3.0,3.0,3.0,3.0,0.0,3.0,3.0,10,0.0,0.0,0.0,0.0,0.0,0.0,0.0,10,100.0,100.0,100.0,100.0,0.0,100.0,100.0,10,3.0,3.0,3.0,3.0,0.0,3.0,3.0,10,100.0,100.0,100.0,100.0,0.0,100.0,100.0,,,,,,,,,,,,,,,,,,,,,,,,,,,,,,,,
phase1,I_vos_bookshelf,warm,synthetic,flat,2000,home_to_library,PASS,1,10,0,0,10,79.738,64.16390000000001,163.56259999999997,94.4769,39.72784755880383,61.715,172.109,10,55347.360351562,47671.2385742192,69563.92236328119,57220.9427734374,9777.353072672717,42866.19921875,75321.747070312,10,6117.18701171875,-11912.63203125,6688.45712890625,1266.2,11254.046587535595,-27124.787109375,7554.34765625,10,248864.0,236342.40000000002,268230.4,250734.4,14794.434893642347,230496.0,268576.0,10,6.5,4.8,15.399999999999999,8.6,5.211099265563414,3.0,19.0,10,6.5,4.8,15.399999999999999,8.6,5.211099265563414,3.0,19.0,10,5.5,3.8,14.399999999999999,7.6,5.211099265563414,2.0,18.0,10,1.0,1.0,1.0,1.0,0.0,1.0,1.0,10,100.0,100.0,100.0,100.0,0.0,100.0,100.0,10,5.5976941747573,3.8976941747573,14.497694174757,7.69769417475721,5.211099265563279,2.0976941747573,18.097694174757,10,100.0,100.0,100.0,100.0,0.0,100.0,100.0,,,,,,,,,,,,,,,,,,,,,,,,,,,,,,,,
phase1,I_vos_bookshelf,warm,synthetic,flat,2000,library_cached_paging,PASS,1,30,0,0,30,21.8185,14.239800000000002,76.87910000000001,31.660866666666667,23.94115292319804,11.645,80.173,30,29547.623535156497,27755.052343749998,31524.295605468797,29544.0565104167,1394.6938983419452,27686.572265625,32191.221679688,30,780.0732421875,-3704.3594726562496,1117.80185546875,-1.8876302083333334,1826.5859858466715,-4446.1103515625,1174.158203125,30,283728.0,283728.0,283728.0,283728.0,0.0,283728.0,283728.0,30,3.0,3.0,3.0,3.0,0.0,3.0,3.0,30,3.0,3.0,3.0,3.0,0.0,3.0,3.0,30,1.0,1.0,1.0,1.0,0.0,1.0,1.0,30,2.0,2.0,2.0,2.0,0.0,2.0,2.0,30,100.0,100.0,100.0,100.0,0.0,100.0,100.0,30,1.1953883495146,1.1953883495146,1.1953883495146,1.1953883495146,0.0,1.1953883495146,1.1953883495146,30,100.0,100.0,100.0,100.0,0.0,100.0,100.0,30,10.0,10.0,10.0,10.0,0.0,10.0,10.0,30,10.0,10.0,10.0,10.0,0.0,10.0,10.0,30,200.0,200.0,200.0,200.0,0.0,200.0,200.0,,,,,,,,
phase1,I_vos_bookshelf,warm,synthetic,flat,2000,library_first_render,PASS,1,10,0,0,10,77.09649999999999,73.5783,175.3928,100.2831,47.93554577056803,63.366,204.731,10,68641.8388671875,57305.524804687,81437.9407226563,68827.6024414063,10805.110707692385,51600.547851562,87143.143554688,10,5868.15185546875,-14095.8424804688,6437.45322265625,1619.1510742187002,9614.017108123599,-19295.897460938,7382.2783203125,10,272152.0,270390.4,276006.4,273102.4,3776.4553397774125,270016.0,282688.0,10,4.0,3.0,8.1,5.1,2.4244128727957577,3.0,9.0,10,4.0,3.0,8.1,5.1,2.4244128727957577,3.0,9.0,10,3.0,2.0,7.1,4.1,2.4244128727957577,2.0,8.0,10,1.0,1.0,1.0,1.0,0.0,1.0,1.0,10,100.0,100.0,100.0,100.0,0.0,100.0,100.0,10,3.0976941747573,2.0976941747573,7.1976941747573,4.1976941747573004,2.4244128727957577,2.0976941747573,8.0976941747573,10,100.0,100.0,100.0,100.0,0.0,100.0,100.0,,,,,,,,,,,,,,,,,,,,,,,,,,,,,,,,
phase1,I_vos_bookshelf,warm,synthetic,flat,2000,library_folder_back,PASS,1,10,0,0,10,103.481,97.8341,134.2644,113.4734,17.54953797555809,96.062,140.631,10,28526.453613281003,18311.901171875397,30348.866210937,25172.3524414062,5929.748459489685,18273.122070312,30422.922851562,10,11802.0400390625,-12101.2223632808,11953.741015624599,2651.8118164063003,11946.823160614766,-12107.15234375,11986.768554688,10,284408.0,284400.0,284416.0,284408.0,8.432740427115679,284400.0,284416.0,10,9.0,9.0,9.0,9.0,0.0,9.0,9.0,10,9.0,9.0,9.0,9.0,0.0,9.0,9.0,10,3.0,3.0,3.0,3.0,0.0,3.0,3.0,10,6.0,6.0,6.0,6.0,0.0,6.0,6.0,10,100.0,100.0,100.0,100.0,0.0,100.0,100.0,10,3.5861650485437,3.5861650485437,3.5861650485437,3.5861650485436996,0.0,3.5861650485437,3.5861650485437,10,100.0,100.0,100.0,100.0,0.0,100.0,100.0,,,,,,,,,,,,,,,,,,,,,,,,,,,,,,,,
phase1,I_vos_bookshelf,warm,synthetic,flat,2000,library_folder_enter,PASS,1,10,0,0,10,8.596499999999999,8.0067,9.2005,8.560500000000001,0.531393398946999,7.752,9.295,10,22614.700195312,22566.7498046875,34578.851367186995,27378.1186523435,6181.549173686461,22561.984375,34622.856445312,10,119.052734375,95.355078125,123.47060546875,113.33896484375,14.031376725162414,89.2255859375,132.3466796875,10,284400.0,284382.4,284400.0,284392.0,11.313708498984761,284368.0,284400.0,10,6.0,6.0,6.0,6.0,0.0,6.0,6.0,10,6.0,6.0,6.0,6.0,0.0,6.0,6.0,10,1.0,1.0,1.0,1.0,0.0,1.0,1.0,10,5.0,5.0,5.0,5.0,0.0,5.0,5.0,10,100.0,100.0,100.0,100.0,0.0,100.0,100.0,10,1.4884708737864,1.4884708737864,1.4884708737864,1.4884708737864,0.0,1.4884708737864,1.4884708737864,10,100.0,100.0,100.0,100.0,0.0,100.0,100.0,,,,,,,,,,,,,,,,,,,,,,,,,,,,,,,,
phase1,I_vos_bookshelf,warm,synthetic,flat,2000,library_sequential_paging,PASS,1,30,0,0,30,23.459,18.0437,86.56650000000002,41.351533333333336,35.16956610748142,15.244,153.074,30,50686.779785156,28075.064550781695,73020.032226563,46856.358300781234,17182.947979333967,27537.333984375,75758.916015625,30,589.5849609375,-2880.3130859375,1014.8460937500001,-1370.2622721354167,6802.637529016287,-27190.6796875,1404.7763671875,30,283696.0,282880.0,283696.0,283544.0,339.3527307420245,282688.0,283696.0,30,3.0,3.0,6.200000000000003,4.066666666666666,1.7603552410558057,3.0,9.0,30,3.0,3.0,6.200000000000003,4.066666666666666,1.7603552410558057,3.0,9.0,30,1.0,1.0,4.200000000000003,2.066666666666667,1.7603552410558057,1.0,7.0,30,2.0,2.0,2.0,2.0,0.0,2.0,2.0,30,100.0,100.0,100.0,100.0,0.0,100.0,100.0,30,1.1953883495146,1.1953883495146,4.395388349514603,2.2620550161812667,1.7603552410558057,1.1953883495146,7.1953883495146,30,100.0,100.0,100.0,100.0,0.0,100.0,100.0,30,10.0,10.0,10.0,10.0,0.0,10.0,10.0,30,10.0,10.0,10.0,10.0,0.0,10.0,10.0,30,200.0,200.0,200.0,200.0,0.0,200.0,200.0,,,,,,,,
phase1,I_vos_bookshelf,warm,synthetic,flat,2000,open_book,PASS,1,10,0,0,10,89.4245,87.1146,95.0217,90.1276,3.1424232758246378,85.113,95.289,10,20853.671875,20372.396875000002,21305.79921875,20847.359375,400.36709853496706,20287.322265625,21379.103515625,10,-6353.859375,-7716.5765625,-6294.68095703125,-6726.90751953125,680.8716984748964,-7842.087890625,-6098.2919921875,10,293952.0,293760.0,293952.0,293894.4,92.74481117561241,293760.0,293952.0,10,9.0,9.0,9.0,9.0,0.0,9.0,9.0,10,9.0,9.0,9.0,9.0,0.0,9.0,9.0,10,9.0,9.0,9.0,9.0,0.0,9.0,9.0,10,0.0,0.0,0.0,0.0,0.0,0.0,0.0,10,100.0,100.0,100.0,100.0,0.0,100.0,100.0,10,9.0,9.0,9.0,9.0,0.0,9.0,9.0,10,100.0,100.0,100.0,100.0,0.0,100.0,100.0,,,,,,,,,,,,,,,,,,,,,,,,,,,,,,,,
phase1,I_vos_bookshelf,warm,synthetic,flat,2000,open_book_minimal,PASS,1,10,0,0,10,90.6395,86.37519999999999,95.17519999999999,91.1508,3.7032254649756937,85.801,97.094,10,19800.4921875,19758.559765625003,20906.250390625002,20143.46875,531.9043548073897,19744.419921875,21179.294921875,10,-6944.56884765625,-7103.70927734375,-6212.8478515625,-6799.2599609375,474.2914006160725,-7687.1474609375,-6144.2509765625,10,292696.0,292656.0,293760.0,292998.4,493.22232985405947,292512.0,293760.0,10,0.0,0.0,0.0,0.0,0.0,0.0,0.0,10,0.0,0.0,0.0,0.0,0.0,0.0,0.0,10,0.0,0.0,0.0,0.0,0.0,0.0,0.0,10,0.0,0.0,0.0,0.0,0.0,0.0,0.0,10,0.0,0.0,0.0,0.0,0.0,0.0,0.0,10,0.0,0.0,0.0,0.0,0.0,0.0,0.0,10,0.0,0.0,0.0,0.0,0.0,0.0,0.0,,,,,,,,,,,,,,,,,,,,,,,,,,,,,,,,
phase1,I_vos_bookshelf,warm,synthetic,flat,2000,open_bookshelf,PASS,1,10,0,0,10,11.5135,8.968200000000001,14.5523,11.8012,2.2447996099627443,8.718,15.509,10,33488.9848632815,28351.361914062003,38278.075585938,33385.499707031304,4169.928820909913,27042.227539062,39458.010742188,10,1323.474609375,1287.7761718749998,1442.6060546875,1361.5306640625,86.38494155233651,1276.568359375,1550.822265625,10,294048.0,294048.0,294048.0,294048.0,0.0,294048.0,294048.0,10,1.0,1.0,1.0,1.0,0.0,1.0,1.0,10,1.0,1.0,1.0,1.0,0.0,1.0,1.0,10,1.0,1.0,1.0,1.0,0.0,1.0,1.0,10,0.0,0.0,0.0,0.0,0.0,0.0,0.0,10,100.0,100.0,100.0,100.0,0.0,100.0,100.0,10,1.0,1.0,1.0,1.0,0.0,1.0,1.0,10,100.0,100.0,100.0,100.0,0.0,100.0,100.0,,,,,,,,,,,,,,,,,10,250.0,250.0,250.0,250.0,0.0,250.0,250.0,,,,,,,,
phase1,I_vos_bookshelf,warm,synthetic,flat,2000,open_quick_settings,PASS,1,10,0,0,10,8.300999999999998,7.7341,8.757,8.215399999999999,0.504753889424231,7.204,8.865,10,48303.59765625,47105.857128906195,49608.7186523433,48339.5421875,1066.7033655674452,46799.485351562,50081.208984375,10,308.533203125,297.1625,389.22343750000005,324.28994140625,36.47983350262306,296.7265625,394.5654296875,10,294048.0,294048.0,294048.0,294048.0,0.0,294048.0,294048.0,10,3.0,3.0,3.0,3.0,0.0,3.0,3.0,10,3.0,3.0,3.0,3.0,0.0,3.0,3.0,10,3.0,3.0,3.0,3.0,0.0,3.0,3.0,10,0.0,0.0,0.0,0.0,0.0,0.0,0.0,10,100.0,100.0,100.0,100.0,0.0,100.0,100.0,10,3.0,3.0,3.0,3.0,0.0,3.0,3.0,10,100.0,100.0,100.0,100.0,0.0,100.0,100.0,,,,,,,,,,,,,,,,,,,,,,,,,,,,,,,,
phase1,I_vos_bookshelf,warm,synthetic,flat,2000,repeated_nav,PASS,1,2,0,0,2,224.55349999999999,194.8139,254.2931,224.55349999999999,52.57268207443863,187.379,261.728,2,24755.893554687,23365.988867187003,26145.798242187,24755.893554687,2457.0275743355483,23018.512695312,26493.274414062,2,-3711.1787109375,-8850.1998046875,1427.8423828125,-3711.1787109375,9084.591660128333,-10134.955078125,2712.59765625,2,294048.0,294048.0,294048.0,294048.0,0.0,294048.0,294048.0,2,30.0,30.0,30.0,30.0,0.0,30.0,30.0,2,30.0,30.0,30.0,30.0,0.0,30.0,30.0,2,10.0,10.0,10.0,10.0,0.0,10.0,10.0,2,20.0,20.0,20.0,20.0,0.0,20.0,20.0,2,100.0,100.0,100.0,100.0,0.0,100.0,100.0,2,11.917475728155,11.917475728155,11.917475728155,11.917475728155,0.0,11.917475728155,11.917475728155,2,100.0,100.0,100.0,100.0,0.0,100.0,100.0,,,,,,,,,,,,,,,,,,,,,,,,,,,,,,,,
phase1,I_vos_bookshelf,warm,synthetic,flat,2000,start_to_home,UNSUPPORTED,1,0,0,10,,,,,,,,,,,,,,,,,,,,,,,,,,,,,,,,,,,,,,,,,,,,,,,,,,,,,,,,,,,,,,,,,,,,,,,,,,,,,,,,,,,,,,,,,,,,,,,,,,,,,,,,,,,,,,,,,,,,,,,,
phase1,I_vos_bookshelf,warm,synthetic,flat,50,bookshelf_cached_paging,PASS,1,30,0,0,30,158.899,157.8182,160.9124,159.57103333333333,2.953939444238809,157.042,171.506,30,42240.272460937,25590.802929687503,50636.773730468805,41021.04199218753,8409.610381305587,23410.279296875,52004.510742188,30,733.08203125,594.4625000000002,793.01298828125,-270.7924804687334,3924.5999077715787,-18520.922851562,987.08203125,30,241632.0,241632.0,241632.0,241632.0,0.0,241632.0,241632.0,30,0.0,0.0,0.0,0.0,0.0,0.0,0.0,30,8.0,8.0,8.0,8.0,0.0,8.0,8.0,30,0.0,0.0,0.0,0.0,0.0,0.0,0.0,30,8.0,8.0,8.0,8.0,0.0,8.0,8.0,30,64.199029126214,64.199029126214,64.199029126214,64.199029126214,0.0,64.199029126214,64.199029126214,30,1.2034720913061,1.2034720913061,1.2034720913061,1.2034720913061,0.0,1.2034720913061,1.2034720913061,30,64.199029126214,64.199029126214,64.199029126214,64.199029126214,0.0,64.199029126214,64.199029126214,30,8.0,8.0,8.0,8.0,0.0,8.0,8.0,30,8.0,8.0,8.0,8.0,0.0,8.0,8.0,30,7.0,7.0,7.0,7.0,0.0,7.0,7.0,,,,,,,,
phase1,I_vos_bookshelf,warm,synthetic,flat,50,bookshelf_cached_paging_anim_off,PASS,1,30,0,0,30,7.888,7.0199,8.8375,8.035466666666666,1.0319176568770945,6.856,12.223,30,40575.668457031,25229.5455078125,48181.223437500405,37670.85647786463,9233.50754430176,23404.994140625,50276.013671875,30,700.0966796875,415.22812500000083,760.82080078125,-247.78333333331673,3724.7258168139997,-18629.758789062,796.802734375,30,246104.0,245916.8,246176.0,246069.86666666667,101.06049172899243,245840.0,246176.0,30,1.0,1.0,1.0,1.0,0.0,1.0,1.0,30,1.0,1.0,1.0,1.0,0.0,1.0,1.0,30,0.0,0.0,0.0,0.0,0.0,0.0,0.0,30,1.0,1.0,1.0,1.0,0.0,1.0,1.0,30,64.199029126214,64.199029126214,64.199029126214,64.199029126214,0.0,64.199029126214,64.199029126214,30,0.64199029126214,0.64199029126214,0.64199029126214,0.64199029126214,0.0,0.64199029126214,0.64199029126214,30,64.199029126214,64.199029126214,64.199029126214,64.199029126214,0.0,64.199029126214,64.199029126214,30,8.0,8.0,8.0,8.0,0.0,8.0,8.0,30,8.0,8.0,8.0,8.0,0.0,8.0,8.0,30,7.0,7.0,7.0,7.0,0.0,7.0,7.0,,,,,,,,
phase1,I_vos_bookshelf,warm,synthetic,flat,50,bookshelf_first_render,PASS,1,10,0,0,10,11.8505,10.720200000000002,30.534999999999997,15.7667,9.113237905498913,10.371,35.701,10,24861.1591796875,21337.72734375,44103.798632812504,28140.8049804688,8991.982206942106,21258.298828125,45702.10546875,10,1741.23486328125,-7145.395898437499,1810.6823242187502,-1556.8021484375,8336.920654572994,-24446.431640625,1828.7587890625,10,241632.0,241632.0,241632.0,241632.0,0.0,241632.0,241632.0,10,1.0,1.0,1.0,1.0,0.0,1.0,1.0,10,1.0,1.0,1.0,1.0,0.0,1.0,1.0,10,1.0,1.0,1.0,1.0,0.0,1.0,1.0,10,0.0,0.0,0.0,0.0,0.0,0.0,0.0,10,100.0,100.0,100.0,100.0,0.0,100.0,100.0,10,1.0,1.0,1.0,1.0,0.0,1.0,1.0,10,100.0,100.0,100.0,100.0,0.0,100.0,100.0,,,,,,,,,,,,,,,,,10,7.0,7.0,7.0,7.0,0.0,7.0,7.0,,,,,,,,
phase1,I_vos_bookshelf,warm,synthetic,flat,50,bookshelf_sequential_paging,PASS,1,6,0,0,6,163.9855,160.9355,176.2705,167.06383333333335,9.831156542679334,159.241,186.525,6,28427.987792968997,24874.49609375,29836.175292968997,27712.88639322933,2434.9091678765576,23932.157226562,30154.331054688,6,1608.30615234375,-2377.49365234375,1801.40966796875,344.0740559895833,2934.8506253121786,-5600.0068359375,1873.560546875,6,241632.0,241632.0,241632.0,241632.0,0.0,241632.0,241632.0,6,0.0,0.0,0.0,0.0,0.0,0.0,0.0,6,8.0,8.0,8.0,8.0,0.0,8.0,8.0,6,0.0,0.0,0.0,0.0,0.0,0.0,0.0,6,8.0,8.0,8.0,8.0,0.0,8.0,8.0,6,64.199029126214,64.199029126214,64.199029126214,64.199029126214,0.0,64.199029126214,64.199029126214,6,1.2034720913061,1.2034720913061,1.2034720913061,1.2034720913061,0.0,1.2034720913061,1.2034720913061,6,64.199029126214,64.199029126214,64.199029126214,64.199029126214,0.0,64.199029126214,64.199029126214,6,8.0,8.0,8.0,8.0,0.0,8.0,8.0,6,8.0,5.0,8.0,7.0,2.449489742783178,2.0,8.0,6,7.0,7.0,7.0,7.0,0.0,7.0,7.0,,,,,,,,
phase1,I_vos_bookshelf,warm,synthetic,flat,50,bookshelf_sequential_paging_anim_off,PASS,1,6,0,0,6,18.552,10.1005,20.8765,16.509666666666668,5.218144944965276,8.242,21.14,6,31831.773925781497,28262.1640625,34671.6166992185,31588.518229166668,3001.296918577194,27217.889648438,35059.493164062,6,1625.736328125,769.67822265625,1901.39404296875,1432.26953125,540.6880634485276,766.306640625,2085.853515625,6,245520.0,245200.0,245688.0,245469.33333333334,242.95074946718452,245056.0,245728.0,6,1.0,1.0,1.0,1.0,0.0,1.0,1.0,6,1.0,1.0,1.0,1.0,0.0,1.0,1.0,6,0.0,0.0,0.0,0.0,0.0,0.0,0.0,6,1.0,1.0,1.0,1.0,0.0,1.0,1.0,6,64.199029126214,64.199029126214,64.199029126214,64.199029126214,0.0,64.199029126214,64.199029126214,6,0.64199029126214,0.64199029126214,0.64199029126214,0.64199029126214,0.0,0.64199029126214,0.64199029126214,6,64.199029126214,64.199029126214,64.199029126214,64.199029126214,0.0,64.199029126214,64.199029126214,6,8.0,8.0,8.0,8.0,0.0,8.0,8.0,6,8.0,5.0,8.0,7.0,2.449489742783178,2.0,8.0,6,7.0,7.0,7.0,7.0,0.0,7.0,7.0,,,,,,,,
phase1,I_vos_bookshelf,warm,synthetic,flat,50,change_sort_mode,PASS,1,10,0,0,10,44.5505,27.6368,63.701499999999996,46.8806,15.732591904846588,27.005,70.609,10,16333.833984375,14683.631640625,18596.3840820312,16288.837890625,1547.9340463821538,14617.544921875,18649.586914062,10,1456.2900390625,-3825.89736328125,2387.78193359375,172.76875,2543.6849203794836,-3906.263671875,2399.0205078125,10,241632.0,241632.0,241632.0,241632.0,0.0,241632.0,241632.0,10,6.0,6.0,6.0,6.0,0.0,6.0,6.0,10,6.0,6.0,6.0,6.0,0.0,6.0,6.0,10,2.0,2.0,2.0,2.0,0.0,2.0,2.0,10,4.0,4.0,4.0,4.0,0.0,4.0,4.0,10,100.0,100.0,100.0,100.0,0.0,100.0,100.0,10,2.3907766990291,2.3907766990291,2.3907766990291,2.3907766990291,0.0,2.3907766990291,2.3907766990291,10,100.0,100.0,100.0,100.0,0.0,100.0,100.0,,,,,,,,,,,,,,,,,,,,,,,,,,,,,,,,
phase1,I_vos_bookshelf,warm,synthetic,flat,50,close_book,PASS,1,10,0,0,10,31.002499999999998,28.225099999999998,37.2101,31.875799999999998,3.778515458042571,28.073,38.129,10,20216.150878906003,19533.6635742192,20850.3910156254,20251.3982421876,563.5201203561244,19525.0546875,21236.102539062,10,2194.52734375,1786.59296875,2799.32744140625,2242.219140625,397.95406622340516,1674.208984375,2905.765625,10,241632.0,241632.0,241632.0,241632.0,0.0,241632.0,241632.0,10,8.0,8.0,8.0,8.0,0.0,8.0,8.0,10,8.0,8.0,8.0,8.0,0.0,8.0,8.0,10,4.0,4.0,4.0,4.0,0.0,4.0,4.0,10,4.0,4.0,4.0,4.0,0.0,4.0,4.0,10,100.0,100.0,100.0,100.0,0.0,100.0,100.0,10,4.3834951456311,4.3834951456311,4.3834951456311,4.3834951456311,0.0,4.3834951456311,4.3834951456311,10,100.0,100.0,100.0,100.0,0.0,100.0,100.0,,,,,,,,,,,,,,,,,,,,,,,,,,,,,,,,
phase1,I_vos_bookshelf,warm,synthetic,flat,50,close_bookshelf,PASS,1,10,0,0,10,8.5895,7.9334,9.023200000000001,8.583400000000001,0.42240375629642946,7.928,9.07,10,35955.2045898435,32144.634960937,39451.2887695317,35850.1,3093.308667032515,31058.000976562,40330.658203125,10,61.83935546875,38.45673828125,93.10234374999997,66.279296875,29.9545991468832,27.6083984375,132.4228515625,10,252928.0,252928.0,252928.0,252928.0,0.0,252928.0,252928.0,10,1.0,1.0,1.0,1.0,0.0,1.0,1.0,10,1.0,1.0,1.0,1.0,0.0,1.0,1.0,10,1.0,1.0,1.0,1.0,0.0,1.0,1.0,10,0.0,0.0,0.0,0.0,0.0,0.0,0.0,10,100.0,100.0,100.0,100.0,0.0,100.0,100.0,10,1.0,1.0,1.0,1.0,0.0,1.0,1.0,10,100.0,100.0,100.0,100.0,0.0,100.0,100.0,,,,,,,,,,,,,,,,,,,,,,,,,,,,,,,,
phase1,I_vos_bookshelf,warm,synthetic,flat,50,close_quick_settings,PASS,1,10,0,0,10,8.332,7.6636,8.702300000000001,8.2592,0.48854018372198554,7.417,9.146,10,48906.6879882815,47243.9411132813,50296.6770507817,48825.934667969,1276.9438457809604,46813.116210938,50633.283203125,10,69.34033203125,45.113671875,130.2376953125,80.945703125,41.44732243809477,40.5380859375,170.486328125,10,252928.0,252928.0,252928.0,252928.0,0.0,252928.0,252928.0,10,3.0,3.0,3.0,3.0,0.0,3.0,3.0,10,3.0,3.0,3.0,3.0,0.0,3.0,3.0,10,3.0,3.0,3.0,3.0,0.0,3.0,3.0,10,0.0,0.0,0.0,0.0,0.0,0.0,0.0,10,100.0,100.0,100.0,100.0,0.0,100.0,100.0,10,3.0,3.0,3.0,3.0,0.0,3.0,3.0,10,100.0,100.0,100.0,100.0,0.0,100.0,100.0,,,,,,,,,,,,,,,,,,,,,,,,,,,,,,,,
phase1,I_vos_bookshelf,warm,synthetic,flat,50,home_to_library,PASS,1,10,0,0,10,32.6055,31.022899999999996,57.48319999999999,38.5313,13.088122240752831,30.797,68.843,10,22359.712402343503,19625.339257812,25579.140624999996,22367.9486328125,2724.817379873495,18209.758789062,27282.109375,10,1702.5908203125,-3543.52587890625,1886.395703125,636.559375,2371.363415402055,-4221.4482421875,1887.390625,10,199392.0,194921.6,205401.6,199576.0,4529.725623282521,194288.0,207936.0,10,3.0,3.0,3.0,3.0,0.0,3.0,3.0,10,3.0,3.0,3.0,3.0,0.0,3.0,3.0,10,2.0,2.0,2.0,2.0,0.0,2.0,2.0,10,1.0,1.0,1.0,1.0,0.0,1.0,1.0,10,100.0,100.0,100.0,100.0,0.0,100.0,100.0,10,2.0976941747573,2.0976941747573,2.0976941747573,2.0976941747573,0.0,2.0976941747573,2.0976941747573,10,100.0,100.0,100.0,100.0,0.0,100.0,100.0,,,,,,,,,,,,,,,,,,,,,,,,,,,,,,,,
phase1,I_vos_bookshelf,warm,synthetic,flat,50,library_cached_paging,PASS,1,30,0,0,30,24.8215,21.150499999999997,66.8157,31.0424,16.83395775293458,13.958,69.248,30,30756.965332031497,28926.969921875,32732.5103515625,30782.87044270837,1358.7977973449615,28727.419921875,33337.299804688,30,835.36767578125,-3059.9490234375,1046.64345703125,139.82779947916666,1675.0854387363024,-4184.810546875,1170.8134765625,30,240944.0,240944.0,240944.0,240944.0,0.0,240944.0,240944.0,30,3.0,3.0,3.0,3.066666666666667,0.3651483716701107,3.0,5.0,30,3.0,3.0,3.0,3.066666666666667,0.3651483716701107,3.0,5.0,30,1.0,1.0,1.0,1.0666666666666667,0.3651483716701107,1.0,3.0,30,2.0,2.0,2.0,2.0,0.0,2.0,2.0,30,100.0,100.0,100.0,100.0,0.0,100.0,100.0,30,1.1953883495146,1.1953883495146,1.1953883495146,1.2620550161812667,0.3651483716701107,1.1953883495146,3.1953883495146,30,100.0,100.0,100.0,100.0,0.0,100.0,100.0,30,10.0,10.0,10.0,10.0,0.0,10.0,10.0,30,10.0,10.0,10.0,10.0,0.0,10.0,10.0,30,5.0,5.0,5.0,5.0,0.0,5.0,5.0,,,,,,,,
phase1,I_vos_bookshelf,warm,synthetic,flat,50,library_first_render,PASS,1,10,0,0,10,45.0985,32.9182,95.6507,53.546400000000006,26.352817733382683,27.79,107.465,10,35820.034179687,29576.853710937,43151.077734375,36376.7952148436,5433.042178485753,29162.864257812,45130.318359375,10,3017.822265625,-3309.530078125,4321.279687499999,1767.7806640625,3631.853296345255,-6335.646484375,5672.07421875,10,229528.0,215579.2,236288.0,227246.4,9884.787540008692,210496.0,240896.0,10,13.0,3.0,24.5,14.2,8.727988186161676,3.0,29.0,10,13.0,3.0,24.5,14.2,8.727988186161676,3.0,29.0,10,12.0,2.0,23.5,13.2,8.727988186161676,2.0,28.0,10,1.0,1.0,1.0,1.0,0.0,1.0,1.0,10,100.0,100.0,100.0,100.0,0.0,100.0,100.0,10,12.097694174757,2.0976941747573,23.597694174756995,13.29769417475712,8.72798818616155,2.0976941747573,28.097694174757,10,100.0,100.0,100.0,100.0,0.0,100.0,100.0,,,,,,,,,,,,,,,,,,,,,,,,,,,,,,,,
phase1,I_vos_bookshelf,warm,synthetic,flat,50,library_folder_back,PASS,1,10,0,0,10,49.69,37.7671,66.2274,50.297399999999996,12.617011049461048,34.879,66.636,10,22002.742675781497,14972.299902344199,28756.755859375,22213.554785156397,5924.664919515306,14924.03125,33843.953125,10,1635.6298828125,-6723.217675781249,3441.2830078125,-432.0189453125,4534.431542542559,-7671.7587890625,3487.037109375,10,241600.0,241584.0,241632.0,241604.8,22.690183878594823,241584.0,241632.0,10,9.5,9.0,12.1,10.1,1.449137674618944,9.0,13.0,10,9.5,9.0,12.1,10.1,1.449137674618944,9.0,13.0,10,3.5,3.0,6.1,4.1,1.449137674618944,3.0,7.0,10,6.0,6.0,6.0,6.0,0.0,6.0,6.0,10,100.0,100.0,100.0,100.0,0.0,100.0,100.0,10,4.0861650485437,3.5861650485437,6.6861650485437,4.6861650485437,1.449137674618944,3.5861650485437,7.5861650485437,10,100.0,100.0,100.0,100.0,0.0,100.0,100.0,,,,,,,,,,,,,,,,,,,,,,,,,,,,,,,,
phase1,I_vos_bookshelf,warm,synthetic,flat,50,library_folder_enter,PASS,1,10,0,0,10,8.333,7.5478000000000005,19.451699999999988,12.670300000000001,11.722943809754726,5.458,45.009,10,29070.720214843503,27612.3889648433,31555.041406250395,29649.7508789061,2451.406729465858,26946.822265625,34661.512695312,10,107.45654296875,1.2822265625000284,133.50205078124998,27.16484375,278.87574843686167,-763.4365234375,171.05859375,10,241560.0,241532.8,241584.0,241555.2,24.78709341572747,241504.0,241584.0,10,6.0,6.0,6.1,6.1,0.31622776601683794,6.0,7.0,10,6.0,6.0,6.1,6.1,0.31622776601683794,6.0,7.0,10,1.0,1.0,1.0999999999999996,1.1,0.31622776601683794,1.0,2.0,10,5.0,5.0,5.0,5.0,0.0,5.0,5.0,10,100.0,100.0,100.0,100.0,0.0,100.0,100.0,10,1.4884708737864,1.4884708737864,1.5884708737863997,1.5884708737864002,0.31622776601683794,1.4884708737864,2.4884708737864,10,100.0,100.0,100.0,100.0,0.0,100.0,100.0,,,,,,,,,,,,,,,,,,,,,,,,,,,,,,,,
phase1,I_vos_bookshelf,warm,synthetic,flat,50,library_sequential_paging,PASS,1,4,0,0,4,56.775499999999994,28.399700000000003,105.64800000000002,64.09575,44.18945766714802,18.575,124.257,4,35681.0283203125,33614.1918945316,37147.262011719096,35466.52734375025,1913.8922616993977,33061.534179688,37442.518554688,4,1258.42529296875,-1928.9575195312495,1740.70322265625,292.31640625,2337.1193376914503,-3172.83984375,1825.2548828125,4,240944.0,240944.0,240944.0,240944.0,0.0,240944.0,240944.0,4,10.0,6.8999999999999995,15.2,10.75,4.645786621588785,6.0,17.0,4,10.0,6.8999999999999995,15.2,10.75,4.645786621588785,6.0,17.0,4,8.0,4.9,13.200000000000003,8.75,4.645786621588785,4.0,15.0,4,2.0,2.0,2.0,2.0,0.0,2.0,2.0,4,100.0,100.0,100.0,100.0,0.0,100.0,100.0,4,8.1953883495146,5.0953883495146,13.395388349514882,8.9453883495147,4.645786621588964,4.1953883495146,15.195388349515,4,100.0,100.0,100.0,100.0,0.0,100.0,100.0,4,10.0,10.0,10.0,10.0,0.0,10.0,10.0,4,10.0,10.0,10.0,10.0,0.0,10.0,10.0,4,5.0,5.0,5.0,5.0,0.0,5.0,5.0,,,,,,,,
phase1,I_vos_bookshelf,warm,synthetic,flat,50,open_book,PASS,1,10,0,0,10,60.620999999999995,57.686,66.595,60.9895,4.175920876485411,53.258,68.296,10,17624.619140625,16928.617578125002,18097.4479492187,17644.1233398437,711.0221150429185,16640.392578125,19270.688476562,10,-1820.11376953125,-3575.4626953125,-1267.6660156250002,-2073.8162109375,1004.1120634611634,-3619.08984375,-477.5732421875,10,241632.0,241632.0,241632.0,241632.0,0.0,241632.0,241632.0,10,9.0,9.0,9.0,9.0,0.0,9.0,9.0,10,9.0,9.0,9.0,9.0,0.0,9.0,9.0,10,9.0,9.0,9.0,9.0,0.0,9.0,9.0,10,0.0,0.0,0.0,0.0,0.0,0.0,0.0,10,100.0,100.0,100.0,100.0,0.0,100.0,100.0,10,9.0,9.0,9.0,9.0,0.0,9.0,9.0,10,100.0,100.0,100.0,100.0,0.0,100.0,100.0,,,,,,,,,,,,,,,,,,,,,,,,,,,,,,,,
phase1,I_vos_bookshelf,warm,synthetic,flat,50,open_book_minimal,PASS,1,10,0,0,10,59.584,45.5547,65.0375,56.9461,9.968552334996067,33.744,66.806,10,17715.42578125,16856.309765625,18653.4834960942,17789.7948242188,798.2386040429324,16556.138671875,18979.59375,10,-1965.7607421875,-2743.475390625,921.5105468749999,-1409.17587890625,1469.2935551213982,-2897.4931640625,1154.8056640625,10,241632.0,241632.0,241632.0,241632.0,0.0,241632.0,241632.0,10,0.0,0.0,0.0,0.0,0.0,0.0,0.0,10,0.0,0.0,0.0,0.0,0.0,0.0,0.0,10,0.0,0.0,0.0,0.0,0.0,0.0,0.0,10,0.0,0.0,0.0,0.0,0.0,0.0,0.0,10,0.0,0.0,0.0,0.0,0.0,0.0,0.0,10,0.0,0.0,0.0,0.0,0.0,0.0,0.0,10,0.0,0.0,0.0,0.0,0.0,0.0,0.0,,,,,,,,,,,,,,,,,,,,,,,,,,,,,,,,
phase1,I_vos_bookshelf,warm,synthetic,flat,50,open_bookshelf,PASS,1,10,0,0,10,13.100000000000001,11.9669,14.576099999999997,13.6393,2.9409065892453414,11.561,21.75,10,31621.99609375,24239.7848632813,38620.021679688005,31456.8990234375,6079.741046729816,22488.561523438,40367.315429688,10,1876.14013671875,1831.26259765625,2031.2371093749998,1923.12783203125,139.26666637565677,1815.96875,2288.7548828125,10,241632.0,241632.0,241632.0,241632.0,0.0,241632.0,241632.0,10,1.0,1.0,1.0,1.0,0.0,1.0,1.0,10,1.0,1.0,1.0,1.0,0.0,1.0,1.0,10,1.0,1.0,1.0,1.0,0.0,1.0,1.0,10,0.0,0.0,0.0,0.0,0.0,0.0,0.0,10,100.0,100.0,100.0,100.0,0.0,100.0,100.0,10,1.0,1.0,1.0,1.0,0.0,1.0,1.0,10,100.0,100.0,100.0,100.0,0.0,100.0,100.0,,,,,,,,,,,,,,,,,10,7.0,7.0,7.0,7.0,0.0,7.0,7.0,,,,,,,,
phase1,I_vos_bookshelf,warm,synthetic,flat,50,open_quick_settings,PASS,1,10,0,0,10,8.2865,7.4868,8.7017,8.1595,0.527446732434239,7.26,8.753,10,44167.1518554685,42935.59980468699,45381.7416992183,44163.9190429686,1027.009051172437,42621.770507812,45693.564453125,10,313.68115234375,299.2521484375,334.7025390625,316.28837890625,19.333312867964953,296.9775390625,360.80078125,10,252928.0,252928.0,252928.0,252928.0,0.0,252928.0,252928.0,10,3.0,3.0,3.0,3.0,0.0,3.0,3.0,10,3.0,3.0,3.0,3.0,0.0,3.0,3.0,10,3.0,3.0,3.0,3.0,0.0,3.0,3.0,10,0.0,0.0,0.0,0.0,0.0,0.0,0.0,10,100.0,100.0,100.0,100.0,0.0,100.0,100.0,10,3.0,3.0,3.0,3.0,0.0,3.0,3.0,10,100.0,100.0,100.0,100.0,0.0,100.0,100.0,,,,,,,,,,,,,,,,,,,,,,,,,,,,,,,,
phase1,I_vos_bookshelf,warm,synthetic,flat,50,repeated_nav,PASS,1,2,0,0,2,214.75,175.7692,253.7308,214.75,68.90897004019143,166.024,263.476,2,19771.567871093503,19272.2424804683,20270.893261718702,19771.567871093503,882.6909243242505,19147.411132812,20395.724609375,2,-7127.9462890625,-12895.1236328125,-1360.7689453124997,-7127.9462890625,10195.025520177614,-14336.91796875,81.025390625,2,253016.0,252945.6,253086.4,253016.0,124.45079348883236,252928.0,253104.0,2,30.0,30.0,30.0,30.0,0.0,30.0,30.0,2,30.0,30.0,30.0,30.0,0.0,30.0,30.0,2,10.0,10.0,10.0,10.0,0.0,10.0,10.0,2,20.0,20.0,20.0,20.0,0.0,20.0,20.0,2,100.0,100.0,100.0,100.0,0.0,100.0,100.0,2,11.917475728155,11.917475728155,11.917475728155,11.917475728155,0.0,11.917475728155,11.917475728155,2,100.0,100.0,100.0,100.0,0.0,100.0,100.0,,,,,,,,,,,,,,,,,,,,,,,,,,,,,,,,
phase1,I_vos_bookshelf,warm,synthetic,flat,50,start_to_home,UNSUPPORTED,1,0,0,10,,,,,,,,,,,,,,,,,,,,,,,,,,,,,,,,,,,,,,,,,,,,,,,,,,,,,,,,,,,,,,,,,,,,,,,,,,,,,,,,,,,,,,,,,,,,,,,,,,,,,,,,,,,,,,,,,,,,,,,,
phase1,I_vos_bookshelf,warm,synthetic,hierarchical,2000,bookshelf_cached_paging,UNSUPPORTED,1,0,0,1,,,,,,,,,,,,,,,,,,,,,,,,,,,,,,,,,,,,,,,,,,,,,,,,,,,,,,,,,,,,,,,,,,,,,,,,,,,,,,,,,,,,,,,,,,,,,,,,,,,,,,,,,,,,,,,,,,,,,,,,
phase1,I_vos_bookshelf,warm,synthetic,hierarchical,2000,bookshelf_cached_paging_anim_off,UNSUPPORTED,1,0,0,1,,,,,,,,,,,,,,,,,,,,,,,,,,,,,,,,,,,,,,,,,,,,,,,,,,,,,,,,,,,,,,,,,,,,,,,,,,,,,,,,,,,,,,,,,,,,,,,,,,,,,,,,,,,,,,,,,,,,,,,,
phase1,I_vos_bookshelf,warm,synthetic,hierarchical,2000,bookshelf_first_render,PASS,1,10,0,0,10,10.738,8.8844,23.848599999999998,14.2511,7.476643623831336,8.6,31.567,10,24584.0244140625,22772.974218749998,34004.8802734375,26170.5688476562,4485.612073817205,22448.197265625,34985.34765625,10,953.0361328125,-3604.0770507812495,1099.27216796875,-703.9099609375,4312.911871196036,-12539.775390625,1219.6533203125,10,235512.0,234000.0,235720.0,235147.2,935.0855932301955,232848.0,235792.0,10,1.0,1.0,1.0,1.0,0.0,1.0,1.0,10,1.0,1.0,1.0,1.0,0.0,1.0,1.0,10,1.0,1.0,1.0,1.0,0.0,1.0,1.0,10,0.0,0.0,0.0,0.0,0.0,0.0,0.0,10,100.0,100.0,100.0,100.0,0.0,100.0,100.0,10,1.0,1.0,1.0,1.0,0.0,1.0,1.0,10,100.0,100.0,100.0,100.0,0.0,100.0,100.0,,,,,,,,,,,,,,,,,10,1.0,1.0,1.0,1.0,0.0,1.0,1.0,,,,,,,,
phase1,I_vos_bookshelf,warm,synthetic,hierarchical,2000,bookshelf_sequential_paging,UNSUPPORTED,1,0,0,1,,,,,,,,,,,,,,,,,,,,,,,,,,,,,,,,,,,,,,,,,,,,,,,,,,,,,,,,,,,,,,,,,,,,,,,,,,,,,,,,,,,,,,,,,,,,,,,,,,,,,,,,,,,,,,,,,,,,,,,,
phase1,I_vos_bookshelf,warm,synthetic,hierarchical,2000,bookshelf_sequential_paging_anim_off,UNSUPPORTED,1,0,0,1,,,,,,,,,,,,,,,,,,,,,,,,,,,,,,,,,,,,,,,,,,,,,,,,,,,,,,,,,,,,,,,,,,,,,,,,,,,,,,,,,,,,,,,,,,,,,,,,,,,,,,,,,,,,,,,,,,,,,,,,
phase1,I_vos_bookshelf,warm,synthetic,hierarchical,2000,change_sort_mode,PASS,1,10,0,0,10,42.452,7.4575000000000005,68.3223,37.5303,28.19361705165826,6.958,82.212,10,19336.106933593503,18956.138867187998,19834.7336914062,19407.4509765625,452.4299871785993,18839.026367188,20247.110351562,10,244.904296875,-995.54521484375,560.0943359375,-16.3533203125,682.7632825459195,-1288.970703125,577.9765625,10,191168.0,191168.0,191456.0,191254.4,139.1172167634186,191168.0,191456.0,10,8.5,6.0,12.1,8.9,2.5582111805799856,6.0,13.0,10,8.5,6.0,12.1,8.9,2.5582111805799856,6.0,13.0,10,4.5,2.0,8.1,4.9,2.5582111805799856,2.0,9.0,10,4.0,4.0,4.0,4.0,0.0,4.0,4.0,10,100.0,100.0,100.0,100.0,0.0,100.0,100.0,10,4.8907766990291,2.3907766990291,8.4907766990291,5.2907766990291005,2.5582111805799856,2.3907766990291,9.3907766990291,10,100.0,100.0,100.0,100.0,0.0,100.0,100.0,,,,,,,,,,,,,,,,,,,,,,,,,,,,,,,,
phase1,I_vos_bookshelf,warm,synthetic,hierarchical,2000,close_book,PASS,1,10,0,0,10,30.0595,27.170600000000004,33.5469,30.569,3.05503966149923,26.888,37.074,10,23763.5712890625,22871.703320312998,24211.872753905798,23710.8935546875,663.8613345454246,22566.838867188,24879.98828125,10,1893.67822265625,1687.6326171875,2079.1966796875,1882.934765625,170.4799588096104,1665.95703125,2200.814453125,10,221056.0,220644.80000000002,221516.8,221185.6,863.1584378831553,219680.0,223216.0,10,8.0,8.0,8.0,8.0,0.0,8.0,8.0,10,8.0,8.0,8.0,8.0,0.0,8.0,8.0,10,4.0,4.0,4.0,4.0,0.0,4.0,4.0,10,4.0,4.0,4.0,4.0,0.0,4.0,4.0,10,100.0,100.0,100.0,100.0,0.0,100.0,100.0,10,4.3834951456311,4.3834951456311,4.3834951456311,4.3834951456311,0.0,4.3834951456311,4.3834951456311,10,100.0,100.0,100.0,100.0,0.0,100.0,100.0,,,,,,,,,,,,,,,,,,,,,,,,,,,,,,,,
phase1,I_vos_bookshelf,warm,synthetic,hierarchical,2000,close_bookshelf,PASS,1,10,0,0,10,8.312000000000001,7.969599999999999,8.8937,8.3878,0.45898821093550735,7.624,9.215,10,29574.9658203125,25958.9262695313,31585.8646484375,29038.820410156302,2354.6448663263263,25066.049804688,31924.396484375,10,43.9228515625,26.297265625,61.53798828124998,48.14794921875,27.707963617865072,13.4248046875,119.45703125,10,236392.0,236152.0,236448.0,236337.6,136.90158671266175,236080.0,236448.0,10,1.0,1.0,1.0,1.0,0.0,1.0,1.0,10,1.0,1.0,1.0,1.0,0.0,1.0,1.0,10,1.0,1.0,1.0,1.0,0.0,1.0,1.0,10,0.0,0.0,0.0,0.0,0.0,0.0,0.0,10,100.0,100.0,100.0,100.0,0.0,100.0,100.0,10,1.0,1.0,1.0,1.0,0.0,1.0,1.0,10,100.0,100.0,100.0,100.0,0.0,100.0,100.0,,,,,,,,,,,,,,,,,,,,,,,,,,,,,,,,
phase1,I_vos_bookshelf,warm,synthetic,hierarchical,2000,close_quick_settings,PASS,1,10,0,0,10,8.2195,8.0152,8.559199999999999,8.2409,0.26574693475811423,7.765,8.678,10,41043.8525390625,39765.31171875,42323.3821289067,41042.3104492188,1083.650890168967,39398.16796875,42672.556640625,10,38.486328125,32.6001953125,74.11835937499998,48.39453125,19.98007279649349,27.0244140625,83.990234375,10,237496.0,237120.0,239038.4,237862.4,878.6640364148797,237120.0,239456.0,10,3.0,3.0,3.0,3.0,0.0,3.0,3.0,10,3.0,3.0,3.0,3.0,0.0,3.0,3.0,10,3.0,3.0,3.0,3.0,0.0,3.0,3.0,10,0.0,0.0,0.0,0.0,0.0,0.0,0.0,10,100.0,100.0,100.0,100.0,0.0,100.0,100.0,10,3.0,3.0,3.0,3.0,0.0,3.0,3.0,10,100.0,100.0,100.0,100.0,0.0,100.0,100.0,,,,,,,,,,,,,,,,,,,,,,,,,,,,,,,,
phase1,I_vos_bookshelf,warm,synthetic,hierarchical,2000,home_to_library,PASS,1,10,0,0,10,17.403,16.8041,19.843,17.881999999999998,1.4534960918037898,16.49,21.166,10,10074.821289062,9125.24462890625,10933.587304688,10056.5576171875,671.6809435430487,9120.6259765625,10949.323242188,10,431.77880859375,-2244.50380859375,506.7763671875,-432.2033203125,2115.3739750295304,-6100.6689453125,512.6474609375,10,180352.0,180352.0,180352.0,180352.0,0.0,180352.0,180352.0,10,3.0,3.0,3.0,3.0,0.0,3.0,3.0,10,3.0,3.0,3.0,3.0,0.0,3.0,3.0,10,2.0,2.0,2.0,2.0,0.0,2.0,2.0,10,1.0,1.0,1.0,1.0,0.0,1.0,1.0,10,100.0,100.0,100.0,100.0,0.0,100.0,100.0,10,2.0976941747573,2.0976941747573,2.0976941747573,2.0976941747573,0.0,2.0976941747573,2.0976941747573,10,100.0,100.0,100.0,100.0,0.0,100.0,100.0,,,,,,,,,,,,,,,,,,,,,,,,,,,,,,,,
phase1,I_vos_bookshelf,warm,synthetic,hierarchical,2000,library_cached_paging,UNSUPPORTED,1,0,0,1,,,,,,,,,,,,,,,,,,,,,,,,,,,,,,,,,,,,,,,,,,,,,,,,,,,,,,,,,,,,,,,,,,,,,,,,,,,,,,,,,,,,,,,,,,,,,,,,,,,,,,,,,,,,,,,,,,,,,,,,
phase1,I_vos_bookshelf,warm,synthetic,hierarchical,2000,library_first_render,PASS,1,10,0,0,10,18.076500000000003,17.219299999999997,22.919800000000002,19.0962,2.5201889170809753,16.898,24.547,10,10010.07275390625,9155.55556640625,10809.8880859375,10016.87187500005,636.0723368893996,9136.2890625,10930.890625,10,422.8896484375,-1678.17080078125,455.17851562499993,1.82958984375,909.5432825341375,-1777.4599609375,489.3837890625,10,180352.0,180352.0,180352.0,180352.0,0.0,180352.0,180352.0,10,3.0,3.0,3.0,3.0,0.0,3.0,3.0,10,3.0,3.0,3.0,3.0,0.0,3.0,3.0,10,2.0,2.0,2.0,2.0,0.0,2.0,2.0,10,1.0,1.0,1.0,1.0,0.0,1.0,1.0,10,100.0,100.0,100.0,100.0,0.0,100.0,100.0,10,2.0976941747573,2.0976941747573,2.0976941747573,2.0976941747573,0.0,2.0976941747573,2.0976941747573,10,100.0,100.0,100.0,100.0,0.0,100.0,100.0,,,,,,,,,,,,,,,,,,,,,,,,,,,,,,,,
phase1,I_vos_bookshelf,warm,synthetic,hierarchical,2000,library_folder_back,PASS,1,10,0,0,10,24.214,19.153399999999998,34.3213,25.5469,7.204874575976708,19.094,42.244,10,18360.721679688,16195.506445313,18975.9979492183,17960.2631835941,1284.2132358086444,16038.846679688,20290.779296875,10,573.646484375,90.71708984375003,658.6755859374999,434.81083984375,467.480865337625,-786.5869140625,953.5205078125,10,185552.0,182153.6,189286.4,185420.8,3118.2153300316586,181376.0,191072.0,10,9.0,9.0,9.899999999999997,9.9,2.8460498941515415,9.0,18.0,10,9.0,9.0,9.899999999999997,9.9,2.8460498941515415,9.0,18.0,10,3.0,3.0,3.899999999999997,3.9,2.8460498941515415,3.0,12.0,10,6.0,6.0,6.0,6.0,0.0,6.0,6.0,10,100.0,100.0,100.0,100.0,0.0,100.0,100.0,10,3.5861650485437,3.5861650485437,4.486165048543727,4.4861650485437305,2.846049894151636,3.5861650485437,12.586165048544,10,100.0,100.0,100.0,100.0,0.0,100.0,100.0,,,,,,,,,,,,,,,,,,,,,,,,,,,,,,,,
phase1,I_vos_bookshelf,warm,synthetic,hierarchical,2000,library_folder_enter,PASS,1,10,0,0,10,15.595500000000001,7.616200000000001,20.164699999999996,15.4257,7.019024972648742,4.054,30.044,10,13609.7890625,11760.928613281201,14844.4595703125,13515.590429687401,1444.5641967797924,11535.567382812,15910.806640625,10,1088.7578125,16.184765625000026,1332.20068359375,707.54384765625,712.0664393520385,-834.5859375,1391.390625,10,180352.0,180352.0,180352.0,180352.0,0.0,180352.0,180352.0,10,6.0,6.0,6.0,6.0,0.0,6.0,6.0,10,6.0,6.0,6.0,6.0,0.0,6.0,6.0,10,1.0,1.0,1.0,1.0,0.0,1.0,1.0,10,5.0,5.0,5.0,5.0,0.0,5.0,5.0,10,100.0,100.0,100.0,100.0,0.0,100.0,100.0,10,1.4884708737864,1.4884708737864,1.4884708737864,1.4884708737864,0.0,1.4884708737864,1.4884708737864,10,100.0,100.0,100.0,100.0,0.0,100.0,100.0,,,,,,,,,,,,,,,,,,,,,,,,,,,,,,,,
phase1,I_vos_bookshelf,warm,synthetic,hierarchical,2000,library_sequential_paging,UNSUPPORTED,1,0,0,1,,,,,,,,,,,,,,,,,,,,,,,,,,,,,,,,,,,,,,,,,,,,,,,,,,,,,,,,,,,,,,,,,,,,,,,,,,,,,,,,,,,,,,,,,,,,,,,,,,,,,,,,,,,,,,,,,,,,,,,,
phase1,I_vos_bookshelf,warm,synthetic,hierarchical,2000,open_book,PASS,1,10,0,0,10,65.0725,42.685900000000004,71.6897,62.651700000000005,11.132788330472788,42.595,72.38,10,21871.114746093503,19637.956640625,22350.532226563,21272.374316406298,1194.0430720123488,19466.63671875,22383.772460938,10,-1509.6064453125,-4565.56328125,1158.7706054687499,-1718.6107421875,2140.280451424856,-4829.34765625,1255.275390625,10,219536.0,219534.4,219680.0,219563.2,61.76082900998011,219520.0,219680.0,10,9.0,9.0,9.0,9.0,0.0,9.0,9.0,10,9.0,9.0,9.0,9.0,0.0,9.0,9.0,10,9.0,9.0,9.0,9.0,0.0,9.0,9.0,10,0.0,0.0,0.0,0.0,0.0,0.0,0.0,10,100.0,100.0,100.0,100.0,0.0,100.0,100.0,10,9.0,9.0,9.0,9.0,0.0,9.0,9.0,10,100.0,100.0,100.0,100.0,0.0,100.0,100.0,,,,,,,,,,,,,,,,,,,,,,,,,,,,,,,,
phase1,I_vos_bookshelf,warm,synthetic,hierarchical,2000,open_book_minimal,PASS,1,10,0,0,10,59.731,46.6866,69.68979999999999,58.4932,10.022389821461413,44.199,70.066,10,21371.229003906003,20340.3828125,22096.5165039067,21268.0209960937,813.9547993224512,19901.421875,22476.642578125,10,-870.05419921875,-2834.5736328125,1210.96064453125,-676.2650390625,1845.439278202895,-3917.08203125,1400.458984375,10,219520.0,216251.2,219520.0,218534.4,1635.4160326962678,215344.0,219520.0,10,0.0,0.0,0.0,0.0,0.0,0.0,0.0,10,0.0,0.0,0.0,0.0,0.0,0.0,0.0,10,0.0,0.0,0.0,0.0,0.0,0.0,0.0,10,0.0,0.0,0.0,0.0,0.0,0.0,0.0,10,0.0,0.0,0.0,0.0,0.0,0.0,0.0,10,0.0,0.0,0.0,0.0,0.0,0.0,0.0,10,0.0,0.0,0.0,0.0,0.0,0.0,0.0,,,,,,,,,,,,,,,,,,,,,,,,,,,,,,,,
phase1,I_vos_bookshelf,warm,synthetic,hierarchical,2000,open_bookshelf,PASS,1,10,0,0,10,10.5815,9.549199999999999,12.4777,10.965300000000001,1.3683090984455555,9.218,13.474,10,27211.056152343503,23416.90703125,30849.3857421875,27229.3551757812,3006.8771370755294,23324.91015625,31740.359375,10,1004.9951171875,954.24794921875,1187.7502929687498,1042.795703125,112.44275939601933,946.9873046875,1297.58984375,10,228336.0,227800.0,230654.40000000002,228803.2,1324.8541051753587,227584.0,231648.0,10,1.0,1.0,1.0,1.0,0.0,1.0,1.0,10,1.0,1.0,1.0,1.0,0.0,1.0,1.0,10,1.0,1.0,1.0,1.0,0.0,1.0,1.0,10,0.0,0.0,0.0,0.0,0.0,0.0,0.0,10,100.0,100.0,100.0,100.0,0.0,100.0,100.0,10,1.0,1.0,1.0,1.0,0.0,1.0,1.0,10,100.0,100.0,100.0,100.0,0.0,100.0,100.0,,,,,,,,,,,,,,,,,10,1.0,1.0,1.0,1.0,0.0,1.0,1.0,,,,,,,,
phase1,I_vos_bookshelf,warm,synthetic,hierarchical,2000,open_quick_settings,PASS,1,10,0,0,10,8.107,7.3381,8.736,8.0858,0.5751797400233544,7.303,9.105,10,36418.336425781,35202.6143554687,37669.0927734375,36420.9722656249,1039.557106058502,34842.571289062,37953.83203125,10,314.20166015625,305.55595703125005,334.5896484375,319.18154296875,14.5329752925347,302.658203125,350.3994140625,10,237120.0,237120.0,237120.0,237120.0,0.0,237120.0,237120.0,10,3.0,3.0,3.0,3.0,0.0,3.0,3.0,10,3.0,3.0,3.0,3.0,0.0,3.0,3.0,10,3.0,3.0,3.0,3.0,0.0,3.0,3.0,10,0.0,0.0,0.0,0.0,0.0,0.0,0.0,10,100.0,100.0,100.0,100.0,0.0,100.0,100.0,10,3.0,3.0,3.0,3.0,0.0,3.0,3.0,10,100.0,100.0,100.0,100.0,0.0,100.0,100.0,,,,,,,,,,,,,,,,,,,,,,,,,,,,,,,,
phase1,I_vos_bookshelf,warm,synthetic,hierarchical,2000,repeated_nav,UNSUPPORTED,1,0,0,2,,,,,,,,,,,,,,,,,,,,,,,,,,,,,,,,,,,,,,,,,,,,,,,,,,,,,,,,,,,,,,,,,,,,,,,,,,,,,,,,,,,,,,,,,,,,,,,,,,,,,,,,,,,,,,,,,,,,,,,,
phase1,I_vos_bookshelf,warm,synthetic,hierarchical,2000,start_to_home,UNSUPPORTED,1,0,0,10,,,,,,,,,,,,,,,,,,,,,,,,,,,,,,,,,,,,,,,,,,,,,,,,,,,,,,,,,,,,,,,,,,,,,,,,,,,,,,,,,,,,,,,,,,,,,,,,,,,,,,,,,,,,,,,,,,,,,,,,
phase1,I_vos_bookshelf,warm,synthetic,hierarchical,50,bookshelf_cached_paging,UNSUPPORTED,1,0,0,1,,,,,,,,,,,,,,,,,,,,,,,,,,,,,,,,,,,,,,,,,,,,,,,,,,,,,,,,,,,,,,,,,,,,,,,,,,,,,,,,,,,,,,,,,,,,,,,,,,,,,,,,,,,,,,,,,,,,,,,,
phase1,I_vos_bookshelf,warm,synthetic,hierarchical,50,bookshelf_cached_paging_anim_off,UNSUPPORTED,1,0,0,1,,,,,,,,,,,,,,,,,,,,,,,,,,,,,,,,,,,,,,,,,,,,,,,,,,,,,,,,,,,,,,,,,,,,,,,,,,,,,,,,,,,,,,,,,,,,,,,,,,,,,,,,,,,,,,,,,,,,,,,,
phase1,I_vos_bookshelf,warm,synthetic,hierarchical,50,bookshelf_first_render,PASS,1,10,0,0,10,16.950499999999998,14.763399999999999,27.3995,18.853299999999997,5.4970559403294335,14.506,30.626,10,16366.54296875,13856.800390625,27529.789648437,18191.1831054686,5350.629173907772,13780.525390625,28613.653320312,10,1217.59130859375,-4899.78925781255,1285.21572265625,-857.93007812505,5133.479562710264,-14751.002929688,1362.541015625,10,216720.0,215232.0,216720.0,216320.0,895.6189665998221,214080.0,216720.0,10,1.0,1.0,1.0,1.0,0.0,1.0,1.0,10,1.0,1.0,1.0,1.0,0.0,1.0,1.0,10,1.0,1.0,1.0,1.0,0.0,1.0,1.0,10,0.0,0.0,0.0,0.0,0.0,0.0,0.0,10,100.0,100.0,100.0,100.0,0.0,100.0,100.0,10,1.0,1.0,1.0,1.0,0.0,1.0,1.0,10,100.0,100.0,100.0,100.0,0.0,100.0,100.0,,,,,,,,,,,,,,,,,10,1.0,1.0,1.0,1.0,0.0,1.0,1.0,,,,,,,,
phase1,I_vos_bookshelf,warm,synthetic,hierarchical,50,bookshelf_sequential_paging,UNSUPPORTED,1,0,0,1,,,,,,,,,,,,,,,,,,,,,,,,,,,,,,,,,,,,,,,,,,,,,,,,,,,,,,,,,,,,,,,,,,,,,,,,,,,,,,,,,,,,,,,,,,,,,,,,,,,,,,,,,,,,,,,,,,,,,,,,
phase1,I_vos_bookshelf,warm,synthetic,hierarchical,50,bookshelf_sequential_paging_anim_off,UNSUPPORTED,1,0,0,1,,,,,,,,,,,,,,,,,,,,,,,,,,,,,,,,,,,,,,,,,,,,,,,,,,,,,,,,,,,,,,,,,,,,,,,,,,,,,,,,,,,,,,,,,,,,,,,,,,,,,,,,,,,,,,,,,,,,,,,,
phase1,I_vos_bookshelf,warm,synthetic,hierarchical,50,change_sort_mode,PASS,1,10,0,0,10,7.763,6.2608,17.1631,9.3783,4.382294960659565,5.17,17.767,10,12096.405273438,11662.233007812,12548.1582031246,12097.4448242187,352.6410862589704,11561.594726562,12572.600585938,10,220.52001953125,-937.61083984375,250.48164062499998,-52.07744140625,607.0432936048188,-1466.9716796875,254.5439453125,10,185648.0,185648.0,185648.0,185648.0,0.0,185648.0,185648.0,10,6.0,6.0,6.0,6.0,0.0,6.0,6.0,10,6.0,6.0,6.0,6.0,0.0,6.0,6.0,10,2.0,2.0,2.0,2.0,0.0,2.0,2.0,10,4.0,4.0,4.0,4.0,0.0,4.0,4.0,10,100.0,100.0,100.0,100.0,0.0,100.0,100.0,10,2.3907766990291,2.3907766990291,2.3907766990291,2.3907766990291,0.0,2.3907766990291,2.3907766990291,10,100.0,100.0,100.0,100.0,0.0,100.0,100.0,,,,,,,,,,,,,,,,,,,,,,,,,,,,,,,,
phase1,I_vos_bookshelf,warm,synthetic,hierarchical,50,close_book,PASS,1,10,0,0,10,33.188500000000005,30.0637,44.329,36.199200000000005,6.73746173437907,29.944,49.954,10,12426.360351563,11298.7055664067,13663.451660155799,12482.7809570315,1204.7339236113662,11153.576171875,14344.3359375,10,289.5048828125,-1386.21962890625,1845.727734375,253.77685546875,1622.2982230027728,-1480.9736328125,1969.4619140625,10,200960.0,200944.0,200976.0,200963.2,12.620970203945847,200944.0,200976.0,10,8.0,8.0,8.0,8.0,0.0,8.0,8.0,10,8.0,8.0,8.0,8.0,0.0,8.0,8.0,10,4.0,4.0,4.0,4.0,0.0,4.0,4.0,10,4.0,4.0,4.0,4.0,0.0,4.0,4.0,10,100.0,100.0,100.0,100.0,0.0,100.0,100.0,10,4.3834951456311,4.3834951456311,4.3834951456311,4.3834951456311,0.0,4.3834951456311,4.3834951456311,10,100.0,100.0,100.0,100.0,0.0,100.0,100.0,,,,,,,,,,,,,,,,,,,,,,,,,,,,,,,,
phase1,I_vos_bookshelf,warm,synthetic,hierarchical,50,close_bookshelf,PASS,1,10,0,0,10,8.539,8.1701,8.805299999999999,8.5281,0.29205610191650966,8.108,9.015,10,25611.771484375,20433.225976562,30514.656445312,25526.2388671872,4236.025792892385,19112.180664062,31748.141601562,10,119.92041015625,97.63984375000001,135.51552734375,120.33603515625,20.177742328165696,95.1103515625,162.224609375,10,216720.0,216720.0,217417.59999999998,216982.4,661.1268494858691,216720.0,218800.0,10,1.0,1.0,1.0,1.0,0.0,1.0,1.0,10,1.0,1.0,1.0,1.0,0.0,1.0,1.0,10,1.0,1.0,1.0,1.0,0.0,1.0,1.0,10,0.0,0.0,0.0,0.0,0.0,0.0,0.0,10,100.0,100.0,100.0,100.0,0.0,100.0,100.0,10,1.0,1.0,1.0,1.0,0.0,1.0,1.0,10,100.0,100.0,100.0,100.0,0.0,100.0,100.0,,,,,,,,,,,,,,,,,,,,,,,,,,,,,,,,
phase1,I_vos_bookshelf,warm,synthetic,hierarchical,50,close_quick_settings,PASS,1,10,0,0,10,8.9555,8.6304,9.1609,8.8363,0.562662529605644,7.338,9.466,10,24502.659667968997,22476.964648437,26490.2107421875,24502.5793945312,1691.2466315967847,21999.040039062,27012.0859375,10,121.9931640625,113.64482421875,155.38789062499998,129.6138671875,18.05571204927882,113.3134765625,164.36328125,10,223744.0,223744.0,223744.0,223744.0,0.0,223744.0,223744.0,10,3.0,3.0,3.0,3.0,0.0,3.0,3.0,10,3.0,3.0,3.0,3.0,0.0,3.0,3.0,10,3.0,3.0,3.0,3.0,0.0,3.0,3.0,10,0.0,0.0,0.0,0.0,0.0,0.0,0.0,10,100.0,100.0,100.0,100.0,0.0,100.0,100.0,10,3.0,3.0,3.0,3.0,0.0,3.0,3.0,10,100.0,100.0,100.0,100.0,0.0,100.0,100.0,,,,,,,,,,,,,,,,,,,,,,,,,,,,,,,,
phase1,I_vos_bookshelf,warm,synthetic,hierarchical,50,home_to_library,PASS,1,10,0,0,10,17.4375,16.512300000000003,19.9475,17.8566,1.4281553136826541,16.299,20.744,10,10026.439941405999,9132.2138671875,10816.94296875,9991.35537109365,639.7806781949661,9081.45703125,10861.728515625,10,425.76611328125,-2241.7107421875,458.39794921875,-472.5,2179.598185749967,-6351.2109375,465.0205078125,10,178128.0,178128.0,178128.0,178128.0,0.0,178128.0,178128.0,10,3.0,3.0,3.0,3.0,0.0,3.0,3.0,10,3.0,3.0,3.0,3.0,0.0,3.0,3.0,10,2.0,2.0,2.0,2.0,0.0,2.0,2.0,10,1.0,1.0,1.0,1.0,0.0,1.0,1.0,10,100.0,100.0,100.0,100.0,0.0,100.0,100.0,10,2.0976941747573,2.0976941747573,2.0976941747573,2.0976941747573,0.0,2.0976941747573,2.0976941747573,10,100.0,100.0,100.0,100.0,0.0,100.0,100.0,,,,,,,,,,,,,,,,,,,,,,,,,,,,,,,,
phase1,I_vos_bookshelf,warm,synthetic,hierarchical,50,library_cached_paging,UNSUPPORTED,1,0,0,1,,,,,,,,,,,,,,,,,,,,,,,,,,,,,,,,,,,,,,,,,,,,,,,,,,,,,,,,,,,,,,,,,,,,,,,,,,,,,,,,,,,,,,,,,,,,,,,,,,,,,,,,,,,,,,,,,,,,,,,,
phase1,I_vos_bookshelf,warm,synthetic,hierarchical,50,library_first_render,PASS,1,10,0,0,10,17.752499999999998,17.0381,23.6175,18.7618,2.668530132238845,16.256,23.775,10,10024.156738280999,9117.799902343751,10855.3454101567,10008.3176757812,658.4115232566412,9080.74609375,10906.732421875,10,442.9384765625,-1741.8126953125,482.06572265625,2.70634765625,940.9752528038562,-1830.267578125,501.7294921875,10,178128.0,178128.0,178128.0,178128.0,0.0,178128.0,178128.0,10,3.0,3.0,3.0,3.0,0.0,3.0,3.0,10,3.0,3.0,3.0,3.0,0.0,3.0,3.0,10,2.0,2.0,2.0,2.0,0.0,2.0,2.0,10,1.0,1.0,1.0,1.0,0.0,1.0,1.0,10,100.0,100.0,100.0,100.0,0.0,100.0,100.0,10,2.0976941747573,2.0976941747573,2.0976941747573,2.0976941747573,0.0,2.0976941747573,2.0976941747573,10,100.0,100.0,100.0,100.0,0.0,100.0,100.0,,,,,,,,,,,,,,,,,,,,,,,,,,,,,,,,
phase1,I_vos_bookshelf,warm,synthetic,hierarchical,50,library_folder_back,PASS,1,10,0,0,10,21.5925,19.0914,25.2056,22.089499999999997,3.1837851424575327,18.447,28.028,10,12252.657714844001,11600.197460937501,12585.85625,12126.4937500001,560.3316194375499,11240.375,13137.88671875,10,550.9306640625,-1070.0435546875,611.0925781249999,58.02294921875,874.4974227671545,-1814.3330078125,634.21484375,10,185648.0,185648.0,185648.0,185648.0,0.0,185648.0,185648.0,10,9.0,9.0,9.0,9.0,0.0,9.0,9.0,10,9.0,9.0,9.0,9.0,0.0,9.0,9.0,10,3.0,3.0,3.0,3.0,0.0,3.0,3.0,10,6.0,6.0,6.0,6.0,0.0,6.0,6.0,10,100.0,100.0,100.0,100.0,0.0,100.0,100.0,10,3.5861650485437,3.5861650485437,3.5861650485437,3.5861650485436996,0.0,3.5861650485437,3.5861650485437,10,100.0,100.0,100.0,100.0,0.0,100.0,100.0,,,,,,,,,,,,,,,,,,,,,,,,,,,,,,,,
phase1,I_vos_bookshelf,warm,synthetic,hierarchical,50,library_folder_enter,PASS,1,10,0,0,10,10.5915,7.748500000000001,13.936299999999996,10.8342,4.681940784665171,4.72,22.507,10,10742.4658203125,10069.1626953125,11375.555761718699,10699.8365234374,588.5220818859547,9811.89453125,11805.157226562,10,195.7353515625,43.78300781250001,485.38466796875,185.70673828125,260.15741996089156,-432.0498046875,510.810546875,10,185648.0,185648.0,185648.0,185648.0,0.0,185648.0,185648.0,10,6.0,6.0,6.0,6.0,0.0,6.0,6.0,10,6.0,6.0,6.0,6.0,0.0,6.0,6.0,10,1.0,1.0,1.0,1.0,0.0,1.0,1.0,10,5.0,5.0,5.0,5.0,0.0,5.0,5.0,10,100.0,100.0,100.0,100.0,0.0,100.0,100.0,10,1.4884708737864,1.4884708737864,1.4884708737864,1.4884708737864,0.0,1.4884708737864,1.4884708737864,10,100.0,100.0,100.0,100.0,0.0,100.0,100.0,,,,,,,,,,,,,,,,,,,,,,,,,,,,,,,,
phase1,I_vos_bookshelf,warm,synthetic,hierarchical,50,library_sequential_paging,UNSUPPORTED,1,0,0,1,,,,,,,,,,,,,,,,,,,,,,,,,,,,,,,,,,,,,,,,,,,,,,,,,,,,,,,,,,,,,,,,,,,,,,,,,,,,,,,,,,,,,,,,,,,,,,,,,,,,,,,,,,,,,,,,,,,,,,,,
phase1,I_vos_bookshelf,warm,synthetic,hierarchical,50,open_book,PASS,1,10,0,0,10,39.865,37.3436,42.547,40.69,5.144236213688308,35.54,54.616,10,13028.7841796875,12695.9919921875,13164.6535156246,12857.94921875,600.0795934050669,11170.33203125,13187.612304688,10,1252.482421875,-67.43408203124999,1344.0773437500002,945.95966796875,693.313389196173,-655.6904296875,1359.908203125,10,200888.0,200876.8,200900.80000000002,200889.6,24.088724886690592,200848.0,200944.0,10,9.0,9.0,9.0,9.0,0.0,9.0,9.0,10,9.0,9.0,9.0,9.0,0.0,9.0,9.0,10,9.0,9.0,9.0,9.0,0.0,9.0,9.0,10,0.0,0.0,0.0,0.0,0.0,0.0,0.0,10,100.0,100.0,100.0,100.0,0.0,100.0,100.0,10,9.0,9.0,9.0,9.0,0.0,9.0,9.0,10,100.0,100.0,100.0,100.0,0.0,100.0,100.0,,,,,,,,,,,,,,,,,,,,,,,,,,,,,,,,
phase1,I_vos_bookshelf,warm,synthetic,hierarchical,50,open_book_minimal,PASS,1,10,0,0,10,41.0595,38.301,44.9918,41.972699999999996,4.42086778937248,37.239,53.0,10,13220.140136719001,12578.4591796875,13924.050878905799,13246.7724609375,669.4881001797902,12532.828125,14578.6875,10,1259.47119140625,-1756.81455078125,1602.82490234375,707.740234375,1401.8477226406692,-2108.3427734375,1881.8046875,10,197912.0,197100.80000000002,199523.2,198243.2,1484.9632094208037,195920.0,200848.0,10,0.0,0.0,0.0,0.0,0.0,0.0,0.0,10,0.0,0.0,0.0,0.0,0.0,0.0,0.0,10,0.0,0.0,0.0,0.0,0.0,0.0,0.0,10,0.0,0.0,0.0,0.0,0.0,0.0,0.0,10,0.0,0.0,0.0,0.0,0.0,0.0,0.0,10,0.0,0.0,0.0,0.0,0.0,0.0,0.0,10,0.0,0.0,0.0,0.0,0.0,0.0,0.0,,,,,,,,,,,,,,,,,,,,,,,,,,,,,,,,
phase1,I_vos_bookshelf,warm,synthetic,hierarchical,50,open_bookshelf,PASS,1,10,0,0,10,15.9615,15.2363,18.469899999999996,17.197200000000002,3.9171313426480294,15.086,28.162,10,18573.537597656003,14933.723242187,23717.8678710938,18893.5010742186,3900.4041489977994,13643.204101562,24968.909179688,10,1279.83837890625,947.6016601562501,1344.73662109375,1001.18525390625,895.1840091831358,-1543.2705078125,1345.1259765625,10,204408.0,202800.0,209875.2,205507.2,3023.645364272882,202800.0,210048.0,10,1.0,1.0,1.0,1.0,0.0,1.0,1.0,10,1.0,1.0,1.0,1.0,0.0,1.0,1.0,10,1.0,1.0,1.0,1.0,0.0,1.0,1.0,10,0.0,0.0,0.0,0.0,0.0,0.0,0.0,10,100.0,100.0,100.0,100.0,0.0,100.0,100.0,10,1.0,1.0,1.0,1.0,0.0,1.0,1.0,10,100.0,100.0,100.0,100.0,0.0,100.0,100.0,,,,,,,,,,,,,,,,,10,1.0,1.0,1.0,1.0,0.0,1.0,1.0,,,,,,,,
phase1,I_vos_bookshelf,warm,synthetic,hierarchical,50,open_quick_settings,PASS,1,10,0,0,10,8.6435,8.2227,10.6344,9.1923,1.3203653576861891,8.175,12.339,10,19931.019042968503,18115.3572265625,34929.4410156254,24206.6933593749,7603.123434426461,17694.693359375,35293.102539062,10,422.58349609375,-5097.221874999999,459.62265625,-1233.4962890625,3574.939618060918,-10411.345703125,460.796875,10,223744.0,223744.0,223744.0,223744.0,0.0,223744.0,223744.0,10,3.0,3.0,3.0,3.0,0.0,3.0,3.0,10,3.0,3.0,3.0,3.0,0.0,3.0,3.0,10,3.0,3.0,3.0,3.0,0.0,3.0,3.0,10,0.0,0.0,0.0,0.0,0.0,0.0,0.0,10,100.0,100.0,100.0,100.0,0.0,100.0,100.0,10,3.0,3.0,3.0,3.0,0.0,3.0,3.0,10,100.0,100.0,100.0,100.0,0.0,100.0,100.0,,,,,,,,,,,,,,,,,,,,,,,,,,,,,,,,
phase1,I_vos_bookshelf,warm,synthetic,hierarchical,50,repeated_nav,UNSUPPORTED,1,0,0,2,,,,,,,,,,,,,,,,,,,,,,,,,,,,,,,,,,,,,,,,,,,,,,,,,,,,,,,,,,,,,,,,,,,,,,,,,,,,,,,,,,,,,,,,,,,,,,,,,,,,,,,,,,,,,,,,,,,,,,,,
phase1,I_vos_bookshelf,warm,synthetic,hierarchical,50,start_to_home,UNSUPPORTED,1,0,0,10,,,,,,,,,,,,,,,,,,,,,,,,,,,,,,,,,,,,,,,,,,,,,,,,,,,,,,,,,,,,,,,,,,,,,,,,,,,,,,,,,,,,,,,,,,,,,,,,,,,,,,,,,,,,,,,,,,,,,,,,
phase1,J_simpleui_vos,paging,paging,flat,2000,library_cached_paging,PASS,3,90,0,0,90,17.7755,11.7009,33.574600000000004,19.216444444444445,8.059271156595402,10.252,43.494,90,17985.177734375,15884.674023438001,20632.876269531702,18153.53325737852,1764.807446871142,15727.159179688,23502.310546875,90,786.0908203125,-3431.8301757812496,942.5538085937501,-18.913313802083334,1963.0947981896609,-7575.7724609375,1013.9013671875,90,199664.0,198382.4,203168.0,200574.04444444444,2032.1788158465608,198352.0,203808.0,90,4.0,4.0,4.0,4.0,0.0,4.0,4.0,90,4.0,4.0,4.0,4.0,0.0,4.0,4.0,90,1.0,1.0,1.0,1.0,0.0,1.0,1.0,90,3.0,3.0,3.0,3.0,0.0,3.0,3.0,90,100.0,100.0,100.0,100.0,0.0,100.0,100.0,90,1.2876213592233,1.2876213592233001,1.2876213592233,1.2876213592233,0.0,1.2876213592233,1.2876213592233,90,100.0,100.0,100.0,100.0,0.0,100.0,100.0,90,8.0,8.0,8.0,8.0,0.0,8.0,8.0,90,8.0,8.0,8.0,8.0,0.0,8.0,8.0,90,250.0,250.0,250.0,250.0,0.0,250.0,250.0,,,,,,,,
phase1,J_simpleui_vos,paging,paging,flat,2000,library_sequential_paging,PASS,3,90,0,0,90,16.985999999999997,14.8544,30.9005,18.568055555555556,5.741479017769345,11.528,39.609,90,17139.741699218503,15717.268554688,20306.8550781254,17573.76138237852,1657.2124003966182,15558.061523438,21558.529296875,90,463.189453125,-1933.51064453125,515.75859375,19.71674262152778,1107.5794252960638,-4682.09765625,559.744140625,90,184992.0,184864.0,187024.0,185626.66666666666,994.9878888089063,184864.0,187024.0,90,4.0,4.0,4.0,4.0,0.0,4.0,4.0,90,4.0,4.0,4.0,4.0,0.0,4.0,4.0,90,1.0,1.0,1.0,1.0,0.0,1.0,1.0,90,3.0,3.0,3.0,3.0,0.0,3.0,3.0,90,100.0,100.0,100.0,100.0,0.0,100.0,100.0,90,1.2876213592233,1.2876213592233001,1.2876213592233,1.2876213592233,0.0,1.2876213592233,1.2876213592233,90,100.0,100.0,100.0,100.0,0.0,100.0,100.0,90,8.0,8.0,8.0,8.0,0.0,8.0,8.0,90,8.0,8.0,8.0,8.0,0.0,8.0,8.0,90,250.0,250.0,250.0,250.0,0.0,250.0,250.0,,,,,,,,
phase1,J_simpleui_vos,paging,paging,flat,2000,paging_probe_step_2_to_3,PASS,3,3,0,0,3,28.207,26.251800000000003,29.8774,28.088333333333335,2.26832919421616,25.763,30.295,3,15693.334960938,15617.738085938001,15708.575585938,15668.186523438,60.80753355534954,15598.838867188,15712.385742188,3,-2095.5771484375,-2504.2193359375,-2091.3537109374997,-2264.0849609375,296.4478502197863,-2606.3798828125,-2090.2978515625,3,189232.0,188848.0,191446.4,189994.66666666666,1753.1746442763006,188752.0,192000.0,3,4.0,4.0,4.0,4.0,0.0,4.0,4.0,3,4.0,4.0,4.0,4.0,0.0,4.0,4.0,3,1.0,1.0,1.0,1.0,0.0,1.0,1.0,3,3.0,3.0000000000000004,3.0,3.0,0.0,3.0,3.0,3,100.0,100.0,100.0,100.0,0.0,100.0,100.0,3,1.2876213592233,1.2876213592233,1.2876213592233,1.2876213592233,0.0,1.2876213592233,1.2876213592233,3,100.0,100.0,100.0,100.0,0.0,100.0,100.0,3,8.0,8.0,8.0,8.0,0.0,8.0,8.0,3,8.0,8.0,8.0,8.0,0.0,8.0,8.0,3,250.0,250.0,250.0,250.0,0.0,250.0,250.0,,,,,,,,
phase1,J_simpleui_vos,paging,paging,hierarchical,2000,library_cached_paging,PASS,3,90,0,0,90,13.423,10.198699999999999,26.376400000000007,16.043577777777777,6.534989707062341,6.052,34.571,90,16119.793945313,14598.229980468699,18548.5758789058,16313.347113715367,1511.1828965791592,13710.151367188,20271.97265625,90,600.44091796875,-1768.0662109374998,843.01650390625,80.14506293402778,1414.6392713801265,-5302.9306640625,917.6630859375,90,197168.0,196240.0,201216.0,198050.3111111111,1935.251129913173,196160.0,201248.0,90,4.0,4.0,4.0,4.0,0.0,4.0,4.0,90,4.0,4.0,4.0,4.0,0.0,4.0,4.0,90,1.0,1.0,1.0,1.0,0.0,1.0,1.0,90,3.0,3.0,3.0,3.0,0.0,3.0,3.0,90,100.0,100.0,100.0,100.0,0.0,100.0,100.0,90,1.2876213592233,1.2876213592233001,1.2876213592233,1.2876213592233,0.0,1.2876213592233,1.2876213592233,90,100.0,100.0,100.0,100.0,0.0,100.0,100.0,90,8.0,8.0,8.0,8.0,0.0,8.0,8.0,90,8.0,8.0,8.0,8.0,0.0,8.0,8.0,90,21.0,21.0,21.0,21.0,0.0,21.0,21.0,,,,,,,,
phase1,J_simpleui_vos,paging,paging,hierarchical,2000,library_sequential_paging,PASS,3,60,0,0,60,13.752500000000001,10.6568,19.4516,14.848733333333334,4.388500909509802,7.733,27.835,60,16140.79296875,14569.7358398437,19117.0458007812,16559.424951171884,1753.4807926489366,13574.901367188,19723.176757812,60,352.0087890625,-1049.4534179687498,475.7099609375,-24.894938151041668,1119.585244534093,-4410.7041015625,520.662109375,60,184256.0,181088.0,185328.0,183714.66666666666,1619.8341269617877,181088.0,185328.0,60,4.0,4.0,4.0,4.0,0.0,4.0,4.0,60,4.0,4.0,4.0,4.0,0.0,4.0,4.0,60,1.0,1.0,1.0,1.0,0.0,1.0,1.0,60,3.0,3.0,3.0,3.0,0.0,3.0,3.0,60,100.0,100.0,100.0,100.0,0.0,100.0,100.0,60,1.2876213592233,1.2876213592233001,1.2876213592233,1.2876213592233,0.0,1.2876213592233,1.2876213592233,60,100.0,100.0,100.0,100.0,0.0,100.0,100.0,60,8.0,8.0,8.0,8.0,0.0,8.0,8.0,60,8.0,8.0,8.0,7.85,0.6593525329532484,5.0,8.0,60,21.0,21.0,21.0,21.0,0.0,21.0,21.0,,,,,,,,
phase1,J_simpleui_vos,paging,paging,hierarchical,2000,paging_probe_step_2_to_3,PASS,3,3,0,0,3,13.263,10.4374,21.404600000000002,15.478,7.1178535388135105,9.731,23.44,3,14782.358398438,14253.149023438002,14782.502148438001,14561.914388021332,381.9758507716335,14120.846679688,14782.538085938,3,333.640625,-366.8921875,457.990625,93.564453125,555.8966101805034,-542.025390625,489.078125,3,194384.0,193897.60000000003,195395.19999999998,194602.66666666666,954.9645717686774,193776.0,195648.0,3,4.0,4.0,4.0,4.0,0.0,4.0,4.0,3,4.0,4.0,4.0,4.0,0.0,4.0,4.0,3,1.0,1.0,1.0,1.0,0.0,1.0,1.0,3,3.0,3.0000000000000004,3.0,3.0,0.0,3.0,3.0,3,100.0,100.0,100.0,100.0,0.0,100.0,100.0,3,1.2876213592233,1.2876213592233,1.2876213592233,1.2876213592233,0.0,1.2876213592233,1.2876213592233,3,100.0,100.0,100.0,100.0,0.0,100.0,100.0,3,8.0,8.0,8.0,8.0,0.0,8.0,8.0,3,8.0,8.0,8.0,8.0,0.0,8.0,8.0,3,21.0,21.0,21.0,21.0,0.0,21.0,21.0,,,,,,,,
phase1,J_simpleui_vos,steady_state_cold,startup,hierarchical,2000,home_to_library,PASS,3,3,0,0,3,9.136,8.879199999999999,9.2472,9.075333333333333,0.2359244229267786,8.815,9.275,3,13271.375976562,13249.425976562,13297.519726561999,13273.123372395334,30.09666264515556,13243.938476562,13304.055664062,3,343.2119140625,315.8369140625,357.0275390625,337.5621744791667,26.204969844275496,308.9931640625,360.4814453125,3,169808.0,167337.6,179856.0,172965.33333333334,8288.036035957695,166720.0,182368.0,3,6.0,6.000000000000001,6.0,6.0,0.0,6.0,6.0,3,6.0,6.000000000000001,6.0,6.0,0.0,6.0,6.0,3,2.0,2.0,2.0,2.0,0.0,2.0,2.0,3,4.0,4.0,4.0,4.0,0.0,4.0,4.0,3,100.0,100.0,100.0,100.0,0.0,100.0,100.0,3,2.3834951456311,2.3834951456311,2.3834951456311,2.3834951456311,0.0,2.3834951456311,2.3834951456311,3,100.0,100.0,100.0,100.0,0.0,100.0,100.0,,,,,,,,,,,,,,,,,,,,,,,,,,,,,,,,
phase1,J_simpleui_vos,steady_state_cold,startup,hierarchical,2000,library_first_render,PASS,3,3,0,0,3,23.495,22.696600000000004,23.891,23.327333333333332,0.7604908502627317,22.497,23.99,3,14068.381835938,14065.2419921876,14086.291210938001,14074.535807292,14.19428014999343,14064.45703125,14090.768554688,3,781.2021484375,776.5919921875,806.7763671875,789.9371744791666,20.325417043326016,775.439453125,813.169921875,3,178656.0,176172.80000000002,181856.0,178954.66666666666,3561.4049662083266,175552.0,182656.0,3,11.0,11.0,11.0,11.0,0.0,11.0,11.0,3,11.0,11.0,11.0,11.0,0.0,11.0,11.0,3,3.0,3.0000000000000004,3.0,3.0,0.0,3.0,3.0,3,8.0,8.0,8.0,8.0,0.0,8.0,8.0,3,100.0,100.0,100.0,100.0,0.0,100.0,100.0,3,3.7742718446602,3.7742718446602,3.7742718446602,3.7742718446602,0.0,3.7742718446602,3.7742718446602,3,100.0,100.0,100.0,100.0,0.0,100.0,100.0,,,,,,,,,,,,,,,,,,,,,,,,,,,,,,,,
phase1,J_simpleui_vos,warm,synthetic,flat,2000,change_sort_mode,PASS,1,10,0,0,10,112.582,94.0472,140.6995,114.28299999999999,19.799190948678234,84.905,141.676,10,18076.821289062,17907.675976562,30291.658984375394,23446.1623046872,7693.168526428994,17841.364257812,39617.836914062,10,171.50390625,-12253.6810546875,10923.5823242183,-4.016796875,11503.328115711185,-21717.45703125,11159.298828125,10,213536.0,213536.0,213632.0,213571.2,45.75490259099139,213536.0,213632.0,10,15.0,15.0,15.0,15.0,0.0,15.0,15.0,10,15.0,15.0,15.0,15.0,0.0,15.0,15.0,10,3.0,3.0,3.0,3.0,0.0,3.0,3.0,10,12.0,12.0,12.0,12.0,0.0,12.0,12.0,10,100.0,100.0,100.0,100.0,0.0,100.0,100.0,10,4.1723300970874,4.1723300970874,4.1723300970874,4.1723300970874,0.0,4.1723300970874,4.1723300970874,10,100.0,100.0,100.0,100.0,0.0,100.0,100.0,,,,,,,,,,,,,,,,,,,,,,,,,,,,,,,,
phase1,J_simpleui_vos,warm,synthetic,flat,2000,close_book,PASS,1,10,0,0,10,252.469,240.0964,263.1069,251.32240000000002,10.474412231719741,239.002,266.211,10,87628.7446289065,79430.14814453121,95795.77353515581,87595.78095703121,6862.673126369995,77409.504882812,97748.87109375,10,829.87158203125,748.3578125,952.34912109375,846.11318359375,101.93259095653873,747.921875,1086.123046875,10,298208.0,288240.0,308672.0,297696.0,7895.549238512655,288240.0,308672.0,10,31.0,31.0,31.0,31.0,0.0,31.0,31.0,10,31.0,31.0,31.0,31.0,0.0,31.0,31.0,10,22.0,22.0,22.0,22.0,0.0,22.0,22.0,10,9.0,9.0,9.0,9.0,0.0,9.0,9.0,10,100.0,100.0,100.0,100.0,0.0,100.0,100.0,10,22.866504854369,22.866504854368998,22.866504854369,22.866504854369,0.0,22.866504854369,22.866504854369,10,100.0,100.0,100.0,100.0,0.0,100.0,100.0,,,,,,,,,,,,,,,,,,,,,,,,,,,,,,,,
phase1,J_simpleui_vos,warm,synthetic,flat,2000,close_quick_settings,PASS,1,10,0,0,10,9.3155,8.606300000000001,9.7752,9.2289,0.5314484296084934,8.465,10.101,10,103581.19824219,101127.113769534,106069.24345703301,103594.034570314,2102.586210031823,100508.34179688,106780.79101562,10,166.83056640625,153.89150390625,191.06855468749998,168.17568359375,29.86671169783541,101.89453125,219.142578125,10,314576.0,314576.0,314576.0,314576.0,0.0,314576.0,314576.0,10,3.0,3.0,3.0,3.0,0.0,3.0,3.0,10,3.0,3.0,3.0,3.0,0.0,3.0,3.0,10,3.0,3.0,3.0,3.0,0.0,3.0,3.0,10,0.0,0.0,0.0,0.0,0.0,0.0,0.0,10,100.0,100.0,100.0,100.0,0.0,100.0,100.0,10,3.0,3.0,3.0,3.0,0.0,3.0,3.0,10,100.0,100.0,100.0,100.0,0.0,100.0,100.0,,,,,,,,,,,,,,,,,,,,,,,,,,,,,,,,
phase1,J_simpleui_vos,warm,synthetic,flat,2000,home_to_library,PASS,1,10,0,0,10,13.006499999999999,10.99,15.219699999999996,13.6976,3.6683096076773256,10.63,23.65,10,17262.26953125,16357.9851562496,20055.55859375,17630.6049804687,1569.1897413022577,15602.299804688,20067.37109375,10,809.4306640625,419.35917968750016,846.90654296875,470.73447265625,1064.9412504627178,-2558.1484375,853.703125,10,194944.0,194944.0,194944.0,194944.0,0.0,194944.0,194944.0,10,6.0,6.0,6.0,6.0,0.0,6.0,6.0,10,6.0,6.0,6.0,6.0,0.0,6.0,6.0,10,2.0,2.0,2.0,2.0,0.0,2.0,2.0,10,4.0,4.0,4.0,4.0,0.0,4.0,4.0,10,100.0,100.0,100.0,100.0,0.0,100.0,100.0,10,2.3834951456311,2.3834951456311,2.3834951456311,2.3834951456311,0.0,2.3834951456311,2.3834951456311,10,100.0,100.0,100.0,100.0,0.0,100.0,100.0,,,,,,,,,,,,,,,,,,,,,,,,,,,,,,,,
phase1,J_simpleui_vos,warm,synthetic,flat,2000,library_cached_paging,PASS,1,30,0,0,30,15.1905,11.3663,36.7635,18.359366666666666,9.017731722148518,9.895,39.673,30,19057.687011718997,17747.650976563,20614.475781249603,19228.1740234376,1161.112046268127,17672.545898438,21742.65234375,30,607.20703125,-2616.9549804687504,790.0110351562499,-44.46116536458333,1485.7377437614584,-4018.7158203125,823.18359375,30,211616.0,211616.0,211616.0,211616.0,0.0,211616.0,211616.0,30,4.0,4.0,4.0,4.0,0.0,4.0,4.0,30,4.0,4.0,4.0,4.0,0.0,4.0,4.0,30,1.0,1.0,1.0,1.0,0.0,1.0,1.0,30,3.0,3.0,3.0,3.0,0.0,3.0,3.0,30,100.0,100.0,100.0,100.0,0.0,100.0,100.0,30,1.2930825242718,1.2930825242718,1.2930825242718,1.2930825242718,0.0,1.2930825242718,1.2930825242718,30,100.0,100.0,100.0,100.0,0.0,100.0,100.0,30,8.0,8.0,8.0,8.0,0.0,8.0,8.0,30,8.0,8.0,8.0,8.0,0.0,8.0,8.0,30,250.0,250.0,250.0,250.0,0.0,250.0,250.0,,,,,,,,
phase1,J_simpleui_vos,warm,synthetic,flat,2000,library_first_render,PASS,1,10,0,0,10,61.226,60.4761,79.7535,67.6029,9.636786168404669,57.606,83.826,10,26239.736816406497,19224.341992187998,30842.077148437,24545.886914062597,4997.176951061267,19178.983398438,32530.860351562,10,6188.982421875,-11568.7080078125,7038.72763671875,164.901171875,8690.137970514574,-13317.423828125,7101.9921875,10,207936.0,207068.8,211184.0,207841.6,2854.807843309637,200704.0,211184.0,10,11.0,11.0,11.0,11.0,0.0,11.0,11.0,10,11.0,11.0,11.0,11.0,0.0,11.0,11.0,10,3.0,3.0,3.0,3.0,0.0,3.0,3.0,10,8.0,8.0,8.0,8.0,0.0,8.0,8.0,10,100.0,100.0,100.0,100.0,0.0,100.0,100.0,10,3.7815533980583,3.7815533980583,3.7815533980583,3.7815533980583,0.0,3.7815533980583,3.7815533980583,10,100.0,100.0,100.0,100.0,0.0,100.0,100.0,,,,,,,,,,,,,,,,,,,,,,,,,,,,,,,,
phase1,J_simpleui_vos,warm,synthetic,flat,2000,library_folder_back,PASS,1,10,0,0,10,99.45349999999999,80.1073,113.41680000000001,97.52720000000001,14.631269693517527,76.366,116.727,10,17952.061523437,17910.368945312002,29605.9653320312,22186.9899414058,5550.81257348303,17862.352539062,29792.579101562,10,-765.6533203125,-10521.0637695308,11058.274609375,1794.0641601563002,8957.314721892455,-12667.390625,11069.67578125,10,211616.0,211616.0,211808.0,211808.0,607.1573107523288,211616.0,213536.0,10,13.0,13.0,13.0,13.0,0.0,13.0,13.0,10,13.0,13.0,13.0,13.0,0.0,13.0,13.0,10,3.0,3.0,3.0,3.0,0.0,3.0,3.0,10,10.0,10.0,10.0,10.0,0.0,10.0,10.0,10,100.0,100.0,100.0,100.0,0.0,100.0,100.0,10,3.9769417475728,3.9769417475728,3.9769417475728,3.9769417475728006,0.0,3.9769417475728,3.9769417475728,10,100.0,100.0,100.0,100.0,0.0,100.0,100.0,,,,,,,,,,,,,,,,,,,,,,,,,,,,,,,,
phase1,J_simpleui_vos,warm,synthetic,flat,2000,library_folder_enter,PASS,1,10,0,0,10,12.0775,10.7059,26.9099,14.703299999999999,6.547425652710978,10.246,27.188,10,18647.344726562,16261.231054687,27950.065917969197,20037.522753906098,4307.30208744358,16178.750976562,28038.34765625,10,771.140625,-13428.221679687998,826.39599609375,-2058.75908203135,5995.906672095054,-13443.584960938,834.2578125,10,211616.0,211616.0,211616.0,211616.0,0.0,211616.0,211616.0,10,13.0,13.0,13.0,13.0,0.0,13.0,13.0,10,13.0,13.0,13.0,13.0,0.0,13.0,13.0,10,3.0,3.0,3.0,3.0,0.0,3.0,3.0,10,10.0,10.0,10.0,10.0,0.0,10.0,10.0,10,100.0,100.0,100.0,100.0,0.0,100.0,100.0,10,3.9769417475728,3.9769417475728,3.9769417475728,3.9769417475728006,0.0,3.9769417475728,3.9769417475728,10,100.0,100.0,100.0,100.0,0.0,100.0,100.0,,,,,,,,,,,,,,,,,,,,,,,,,,,,,,,,
phase1,J_simpleui_vos,warm,synthetic,flat,2000,library_sequential_paging,PASS,1,30,0,0,30,16.7815,14.9023,37.407000000000004,20.8818,9.420677131384616,12.88,46.842,30,18590.172363281497,17561.960742188,20566.0351562504,18916.3697265626,1200.686083287104,17492.018554688,21827.170898438,30,475.01171875,-2020.5919921875,514.001953125,-80.33030598958334,1245.1509938423635,-4278.95703125,525.888671875,30,211616.0,211616.0,211616.0,211616.0,0.0,211616.0,211616.0,30,4.0,4.0,4.0,4.0,0.0,4.0,4.0,30,4.0,4.0,4.0,4.0,0.0,4.0,4.0,30,1.0,1.0,1.0,1.0,0.0,1.0,1.0,30,3.0,3.0,3.0,3.0,0.0,3.0,3.0,30,100.0,100.0,100.0,100.0,0.0,100.0,100.0,30,1.2930825242718,1.2930825242718,1.2930825242718,1.2930825242718,0.0,1.2930825242718,1.2930825242718,30,100.0,100.0,100.0,100.0,0.0,100.0,100.0,30,8.0,8.0,8.0,8.0,0.0,8.0,8.0,30,8.0,8.0,8.0,8.0,0.0,8.0,8.0,30,250.0,250.0,250.0,250.0,0.0,250.0,250.0,,,,,,,,
phase1,J_simpleui_vos,warm,synthetic,flat,2000,open_book,PASS,1,10,0,0,10,118.2575,98.17739999999999,134.9844,117.9992,17.888612149136172,95.796,152.061,10,61329.873046875,53263.804296874994,69528.843359375,61345.582226562605,6825.725989959613,51182.19921875,71547.740234375,10,1141.36376953125,-302.44208984374984,1441.29833984375,-20.47919921875,3803.66614096579,-10832.017578125,1450.9091796875,10,268752.0,260678.40000000002,276545.6,269444.8,7306.452746260208,258576.0,281456.0,10,9.0,9.0,9.0,9.0,0.0,9.0,9.0,10,9.0,9.0,9.0,9.0,0.0,9.0,9.0,10,9.0,9.0,9.0,9.0,0.0,9.0,9.0,10,0.0,0.0,0.0,0.0,0.0,0.0,0.0,10,100.0,100.0,100.0,100.0,0.0,100.0,100.0,10,9.0,9.0,9.0,9.0,0.0,9.0,9.0,10,100.0,100.0,100.0,100.0,0.0,100.0,100.0,,,,,,,,,,,,,,,,,,,,,,,,,,,,,,,,
phase1,J_simpleui_vos,warm,synthetic,flat,2000,open_book_minimal,PASS,1,10,0,0,10,82.1445,60.057500000000005,114.04539999999999,83.5677,21.78765796423899,54.743,120.574,10,33771.23828125,25092.556152343303,42446.6226562504,34082.0854492187,6986.118332468481,24026.833984375,44337.840820312,10,1029.35888671875,-11468.6018554692,1306.1212890625,-3789.0115234375503,6429.478940203843,-12070.1015625,1393.2578125,10,237448.0,232193.6,248800.0,238625.6,6752.92863545555,230048.0,248800.0,10,0.0,0.0,0.0,0.0,0.0,0.0,0.0,10,0.0,0.0,0.0,0.0,0.0,0.0,0.0,10,0.0,0.0,0.0,0.0,0.0,0.0,0.0,10,0.0,0.0,0.0,0.0,0.0,0.0,0.0,10,0.0,0.0,0.0,0.0,0.0,0.0,0.0,10,0.0,0.0,0.0,0.0,0.0,0.0,0.0,10,0.0,0.0,0.0,0.0,0.0,0.0,0.0,,,,,,,,,,,,,,,,,,,,,,,,,,,,,,,,
phase1,J_simpleui_vos,warm,synthetic,flat,2000,open_quick_settings,PASS,1,10,0,0,10,30.633,28.3937,31.9772,30.113099999999996,2.5046766236160893,23.81,32.987,10,103952.900878905,101206.957128906,106357.124707033,103873.790039061,2278.400024683668,100053.05957031,107470.28320312,10,1118.1767578125,1009.62080078125,1301.76142578125,1156.95556640625,134.5871553445207,962.39453125,1398.025390625,10,314576.0,314576.0,314576.0,314576.0,0.0,314576.0,314576.0,10,8.0,8.0,8.0,8.0,0.0,8.0,8.0,10,8.0,8.0,8.0,8.0,0.0,8.0,8.0,10,4.0,4.0,4.0,4.0,0.0,4.0,4.0,10,4.0,4.0,4.0,4.0,0.0,4.0,4.0,10,100.0,100.0,100.0,100.0,0.0,100.0,100.0,10,4.3834951456311,4.3834951456311,4.3834951456311,4.3834951456311,0.0,4.3834951456311,4.3834951456311,10,100.0,100.0,100.0,100.0,0.0,100.0,100.0,,,,,,,,,,,,,,,,,,,,,,,,,,,,,,,,
phase1,J_simpleui_vos,warm,synthetic,flat,2000,repeated_nav,PASS,1,2,0,0,2,621.2180000000001,620.7972,621.6388000000001,621.2180000000001,0.7438763338082628,620.692,621.744,2,103023.939453125,102421.981640625,103625.897265625,103023.939453125,1064.1211280174257,102271.4921875,103776.38671875,2,677.29541015625,481.15830078125,873.43251953125,677.29541015625,346.72470020347515,432.1240234375,922.466796875,2,316176.0,316176.0,316176.0,316176.0,0.0,316176.0,316176.0,2,40.0,40.0,40.0,40.0,0.0,40.0,40.0,2,40.0,40.0,40.0,40.0,0.0,40.0,40.0,2,10.0,10.0,10.0,10.0,0.0,10.0,10.0,2,30.0,30.0,30.0,30.0,0.0,30.0,30.0,2,100.0,100.0,100.0,100.0,0.0,100.0,100.0,2,12.876213592233,12.876213592233,12.876213592233,12.876213592233,0.0,12.876213592233,12.876213592233,2,100.0,100.0,100.0,100.0,0.0,100.0,100.0,,,,,,,,,,,,,,,,,,,,,,,,,,,,,,,,
phase1,J_simpleui_vos,warm,synthetic,flat,2000,start_to_home,PASS,1,10,0,0,10,13.7705,8.3757,22.058899999999998,14.4913,5.022249851079361,8.292,23.201,10,16750.418457031497,15565.839648438001,18083.802734375,16740.764746094,1112.7624999802497,15480.627929688,18693.04296875,10,390.4970703125,-2566.3580078124996,431.36689453125,-479.207421875,1556.499649015829,-3925.099609375,446.2705078125,10,187304.0,186894.40000000002,187630.4,187041.6,1131.834616894182,183856.0,187760.0,10,4.0,4.0,4.0,4.0,0.0,4.0,4.0,10,4.0,4.0,4.0,4.0,0.0,4.0,4.0,10,3.0,3.0,3.0,3.0,0.0,3.0,3.0,10,1.0,1.0,1.0,1.0,0.0,1.0,1.0,10,100.0,100.0,100.0,100.0,0.0,100.0,100.0,10,3.061286407767,3.061286407767,3.061286407767,3.061286407767,0.0,3.061286407767,3.061286407767,10,100.0,100.0,100.0,100.0,0.0,100.0,100.0,,,,,,,,,,,,,,,,,,,,,,,,,,,,,,,,
phase1,J_simpleui_vos,warm,synthetic,flat,50,change_sort_mode,PASS,1,10,0,0,10,40.2895,24.784499999999998,46.522099999999995,37.942,9.721265829784377,24.087,52.049,10,15126.154296875,14218.469335937,16210.8676757812,15287.709082031,1196.9755887377485,14196.422851562,17596.028320312,10,829.2119140625,-1796.93251953125,1737.49052734375,329.133203125,1607.2348993228716,-1807.759765625,1801.9873046875,10,188736.0,188736.0,188736.0,188736.0,0.0,188736.0,188736.0,10,15.0,15.0,15.1,15.1,0.31622776601683794,15.0,16.0,10,15.0,15.0,15.1,15.1,0.31622776601683794,15.0,16.0,10,3.0,3.0,3.0,3.0,0.0,3.0,3.0,10,12.0,12.0,12.1,12.1,0.31622776601683794,12.0,13.0,10,100.0,100.0,100.0,100.0,0.0,100.0,100.0,10,4.1723300970874,4.1723300970874,4.18209951456313,4.18209951456313,0.030893610636359512,4.1723300970874,4.2700242718447,10,100.0,100.0,100.0,100.0,0.0,100.0,100.0,,,,,,,,,,,,,,,,,,,,,,,,,,,,,,,,
phase1,J_simpleui_vos,warm,synthetic,flat,50,close_book,PASS,1,10,0,0,10,54.7335,44.428399999999996,68.79749999999997,61.632799999999996,28.76195712240583,43.91,142.08,10,45928.630859375,41923.1146484375,49026.1627929687,45897.1063476562,2939.542152148734,41030.6328125,50192.758789062,10,3858.640625,3057.98984375,4482.82958984375,3573.25380859375,1454.5604923850906,-433.2578125,4702.314453125,10,222048.0,218112.0,225459.2,221995.2,3169.1136089870092,216816.0,226496.0,10,27.0,27.0,27.0,27.0,0.0,27.0,27.0,10,27.0,27.0,27.0,27.0,0.0,27.0,27.0,10,18.0,18.0,18.0,18.0,0.0,18.0,18.0,10,9.0,9.0,9.0,9.0,0.0,9.0,9.0,10,100.0,100.0,100.0,100.0,0.0,100.0,100.0,10,18.866504854369,18.866504854369,18.866504854369,18.866504854369,0.0,18.866504854369,18.866504854369,10,100.0,100.0,100.0,100.0,0.0,100.0,100.0,,,,,,,,,,,,,,,,,,,,,,,,,,,,,,,,
phase1,J_simpleui_vos,warm,synthetic,flat,50,close_quick_settings,PASS,1,10,0,0,10,10.041,9.782700000000002,11.4671,10.3523,0.7419865302760631,9.312,11.495,10,54462.2436523435,51877.2659179692,57178.910449218805,54510.8841796874,2231.862748136068,51210.5390625,57857.428710938,10,225.19287109375,182.851953125,254.35810546875,224.181640625,28.00754011900473,170.990234375,256.0166015625,10,235280.0,235280.0,235280.0,235280.0,0.0,235280.0,235280.0,10,3.0,3.0,3.0,3.0,0.0,3.0,3.0,10,3.0,3.0,3.0,3.0,0.0,3.0,3.0,10,3.0,3.0,3.0,3.0,0.0,3.0,3.0,10,0.0,0.0,0.0,0.0,0.0,0.0,0.0,10,100.0,100.0,100.0,100.0,0.0,100.0,100.0,10,3.0,3.0,3.0,3.0,0.0,3.0,3.0,10,100.0,100.0,100.0,100.0,0.0,100.0,100.0,,,,,,,,,,,,,,,,,,,,,,,,,,,,,,,,
phase1,J_simpleui_vos,warm,synthetic,flat,50,home_to_library,PASS,1,10,0,0,10,14.3215,12.842600000000001,15.914399999999997,14.944999999999999,3.4533432110540843,12.362,24.468,10,14889.884765625,14068.016113281301,16739.849121094197,15077.9194335937,1244.4557933574447,13389.557617188,17406.328125,10,683.56689453125,561.72109375,735.8635742187499,617.25654296875,232.22678649511676,-35.2109375,754.2353515625,10,181944.0,181920.0,181952.0,181940.8,13.172361637577033,181920.0,181952.0,10,6.0,6.0,6.0,6.0,0.0,6.0,6.0,10,6.0,6.0,6.0,6.0,0.0,6.0,6.0,10,2.0,2.0,2.0,2.0,0.0,2.0,2.0,10,4.0,4.0,4.0,4.0,0.0,4.0,4.0,10,100.0,100.0,100.0,100.0,0.0,100.0,100.0,10,2.3834951456311,2.3834951456311,2.3834951456311,2.3834951456311,0.0,2.3834951456311,2.3834951456311,10,100.0,100.0,100.0,100.0,0.0,100.0,100.0,,,,,,,,,,,,,,,,,,,,,,,,,,,,,,,,
phase1,J_simpleui_vos,warm,synthetic,flat,50,library_cached_paging,PASS,1,30,0,0,30,12.636,10.0135,26.9798,15.847966666666668,7.097495519831131,9.387,35.608,30,15244.423339843499,14000.377148438,17035.6328125,15465.279654947966,1147.8780335868732,13931.163085938,17665.552734375,30,588.10595703125,-2539.72880859375,638.5724609375001,-84.95374348958333,1428.6581224243898,-3669.4755859375,675.1826171875,30,187184.0,187184.0,187184.0,187184.0,0.0,187184.0,187184.0,30,4.0,4.0,4.0,4.0,0.0,4.0,4.0,30,4.0,4.0,4.0,4.0,0.0,4.0,4.0,30,1.0,1.0,1.0,1.0,0.0,1.0,1.0,30,3.0,3.0,3.0,3.0,0.0,3.0,3.0,30,100.0,100.0,100.0,100.0,0.0,100.0,100.0,30,1.2930825242718,1.2930825242718,1.2930825242718,1.2930825242718,0.0,1.2930825242718,1.2930825242718,30,100.0,100.0,100.0,100.0,0.0,100.0,100.0,30,8.0,8.0,8.0,8.0,0.0,8.0,8.0,30,8.0,8.0,8.0,8.0,0.0,8.0,8.0,30,7.0,7.0,7.0,7.0,0.0,7.0,7.0,,,,,,,,
phase1,J_simpleui_vos,warm,synthetic,flat,50,library_first_render,PASS,1,10,0,0,10,34.0115,32.03210000000001,47.774100000000004,37.7294,7.480495069772379,31.484,50.583,10,15967.12890625,14223.521289063001,17980.4669921875,16156.8628906251,1749.1025371022947,14219.538085938,19544.060546875,10,1677.69091796875,-2115.89599609375,1770.3552734375,327.310546875,2437.4927871890386,-5281.791015625,1787.685546875,10,186752.0,184046.4,186768.0,185936.0,1395.3981510665692,183024.0,186768.0,10,11.0,11.0,11.0,11.0,0.0,11.0,11.0,10,11.0,11.0,11.0,11.0,0.0,11.0,11.0,10,3.0,3.0,3.0,3.0,0.0,3.0,3.0,10,8.0,8.0,8.0,8.0,0.0,8.0,8.0,10,100.0,100.0,100.0,100.0,0.0,100.0,100.0,10,3.7815533980583,3.7815533980583,3.7815533980583,3.7815533980583,0.0,3.7815533980583,3.7815533980583,10,100.0,100.0,100.0,100.0,0.0,100.0,100.0,,,,,,,,,,,,,,,,,,,,,,,,,,,,,,,,
phase1,J_simpleui_vos,warm,synthetic,flat,50,library_folder_back,PASS,1,10,0,0,10,36.7085,20.4176,39.3254,32.1683,8.610378337925821,18.128,40.193,10,14224.374023438,14138.065039063,16099.5413085942,14676.872265625401,824.0912719229689,14124.280273438,16133.3203125,10,-691.2509765625,-2533.8603515625,1269.40048828125,-554.31669921875,1463.2392611631428,-2545.681640625,1343.5986328125,10,188736.0,188736.0,188736.0,188736.0,0.0,188736.0,188736.0,10,13.0,13.0,13.0,13.0,0.0,13.0,13.0,10,13.0,13.0,13.0,13.0,0.0,13.0,13.0,10,3.0,3.0,3.0,3.0,0.0,3.0,3.0,10,10.0,10.0,10.0,10.0,0.0,10.0,10.0,10,100.0,100.0,100.0,100.0,0.0,100.0,100.0,10,3.9769417475728,3.9769417475728,3.9769417475728,3.9769417475728006,0.0,3.9769417475728,3.9769417475728,10,100.0,100.0,100.0,100.0,0.0,100.0,100.0,,,,,,,,,,,,,,,,,,,,,,,,,,,,,,,,
phase1,J_simpleui_vos,warm,synthetic,flat,50,library_folder_enter,PASS,1,10,0,0,10,11.524000000000001,10.9312,14.168699999999994,13.2471,5.834816239132509,9.664,29.7,10,14773.379882813,14659.107031249601,16723.650390625,15165.5744140626,946.492245687694,13802.530273438,16731.3671875,10,661.12646484375,300.62089843750016,680.0126953125,368.17890625,903.6711185959398,-2202.083984375,689.548828125,10,188736.0,188734.4,188736.0,188734.4,5.059644256269407,188720.0,188736.0,10,13.0,13.0,13.0,13.0,0.0,13.0,13.0,10,13.0,13.0,13.0,13.0,0.0,13.0,13.0,10,3.0,3.0,3.0,3.0,0.0,3.0,3.0,10,10.0,10.0,10.0,10.0,0.0,10.0,10.0,10,100.0,100.0,100.0,100.0,0.0,100.0,100.0,10,3.9769417475728,3.9769417475728,3.9769417475728,3.9769417475728006,0.0,3.9769417475728,3.9769417475728,10,100.0,100.0,100.0,100.0,0.0,100.0,100.0,,,,,,,,,,,,,,,,,,,,,,,,,,,,,,,,
phase1,J_simpleui_vos,warm,synthetic,flat,50,library_sequential_paging,PASS,1,6,0,0,6,16.183,12.8935,28.6515,19.24266666666667,8.959630855491016,11.792,36.405,6,14681.574707031501,14173.053222656501,15569.788085938,14808.138671875335,676.0632891113497,13912.866210938,15834.959960938,6,509.68701171875,-878.138671875,534.0234375,55.190592447916664,981.3519623193635,-1927.1875,545.9765625,6,187184.0,187184.0,187184.0,187184.0,0.0,187184.0,187184.0,6,4.0,4.0,4.0,4.0,0.0,4.0,4.0,6,4.0,4.0,4.0,4.0,0.0,4.0,4.0,6,1.0,1.0,1.0,1.0,0.0,1.0,1.0,6,3.0,3.0,3.0,3.0,0.0,3.0,3.0,6,100.0,100.0,100.0,100.0,0.0,100.0,100.0,6,1.2930825242718,1.2930825242718,1.2930825242718,1.2930825242718,0.0,1.2930825242718,1.2930825242718,6,100.0,100.0,100.0,100.0,0.0,100.0,100.0,6,8.0,8.0,8.0,8.0,0.0,8.0,8.0,6,8.0,5.0,8.0,7.0,2.449489742783178,2.0,8.0,6,7.0,7.0,7.0,7.0,0.0,7.0,7.0,,,,,,,,
phase1,J_simpleui_vos,warm,synthetic,flat,50,open_book,PASS,1,10,0,0,10,125.5555,111.71209999999999,141.8661,125.33160000000001,12.130568258192467,108.779,142.551,10,31225.6494140625,28079.0040039058,35676.9168945313,31596.8467773439,3166.0331543739903,27289.28125,36400.299804688,10,-3032.775390625,-3389.5065429687497,-2412.6583984375,-2950.8751953125,423.62457603192496,-3663.72265625,-2185.3662109375,10,207696.0,205024.0,213737.6,209334.4,4131.87208579033,205024.0,216416.0,10,13.0,13.0,13.0,13.0,0.0,13.0,13.0,10,13.0,13.0,13.0,13.0,0.0,13.0,13.0,10,13.0,13.0,13.0,13.0,0.0,13.0,13.0,10,0.0,0.0,0.0,0.0,0.0,0.0,0.0,10,100.0,100.0,100.0,100.0,0.0,100.0,100.0,10,13.0,13.0,13.0,13.0,0.0,13.0,13.0,10,100.0,100.0,100.0,100.0,0.0,100.0,100.0,,,,,,,,,,,,,,,,,,,,,,,,,,,,,,,,
phase1,J_simpleui_vos,warm,synthetic,flat,50,open_book_minimal,PASS,1,10,0,0,10,83.2145,60.912,94.68679999999999,79.9733,15.63287300708208,60.048,103.181,10,21152.885253906003,17822.6758789062,23763.1028320312,20932.8504882812,2429.251803194834,17386.985351562,24644.868164062,10,-1091.734375,-3078.84033203125,-126.96757812500002,-1529.48359375,1382.9168406368344,-3345.0654296875,-84.6904296875,10,194584.0,188736.0,199760.0,194638.4,4837.950420029815,188736.0,202208.0,10,0.0,0.0,0.0,0.0,0.0,0.0,0.0,10,0.0,0.0,0.0,0.0,0.0,0.0,0.0,10,0.0,0.0,0.0,0.0,0.0,0.0,0.0,10,0.0,0.0,0.0,0.0,0.0,0.0,0.0,10,0.0,0.0,0.0,0.0,0.0,0.0,0.0,10,0.0,0.0,0.0,0.0,0.0,0.0,0.0,10,0.0,0.0,0.0,0.0,0.0,0.0,0.0,,,,,,,,,,,,,,,,,,,,,,,,,,,,,,,,
phase1,J_simpleui_vos,warm,synthetic,flat,50,open_quick_settings,PASS,1,10,0,0,10,28.766,26.4524,103.4936,43.974900000000005,33.3317252827126,24.764,111.41,10,50066.1474609375,47278.894921875,54130.220996093296,50536.693749999904,2747.3430073184195,47173.412109375,55387.630859375,10,1299.16357421875,-3827.4005859375,1521.8009765625002,-65.3984375,3264.833118216941,-8344.751953125,1538.2470703125,10,234424.0,231760.0,235280.0,233739.2,1706.0673947870746,231760.0,235280.0,10,8.0,8.0,8.0,8.0,0.0,8.0,8.0,10,8.0,8.0,8.0,8.0,0.0,8.0,8.0,10,4.0,4.0,4.0,4.0,0.0,4.0,4.0,10,4.0,4.0,4.0,4.0,0.0,4.0,4.0,10,100.0,100.0,100.0,100.0,0.0,100.0,100.0,10,4.3834951456311,4.3834951456311,4.3834951456311,4.3834951456311,0.0,4.3834951456311,4.3834951456311,10,100.0,100.0,100.0,100.0,0.0,100.0,100.0,,,,,,,,,,,,,,,,,,,,,,,,,,,,,,,,
phase1,J_simpleui_vos,warm,synthetic,flat,50,repeated_nav,PASS,1,2,0,0,2,294.871,228.6734,361.0686,294.871,117.0219296456865,212.124,377.618,2,52978.978027344,49076.1706054688,56881.785449219205,52978.978027344,6899.253984182853,48100.46875,57857.487304688,2,-545.1982421877501,-8755.16386718795,7664.767382812452,-545.1982421877501,14513.305916865233,-10807.655273438,9717.2587890625,2,245232.0,245232.00000000003,245232.0,245232.0,0.0,245232.0,245232.0,2,40.0,40.0,40.0,40.0,0.0,40.0,40.0,2,40.0,40.0,40.0,40.0,0.0,40.0,40.0,2,10.0,10.0,10.0,10.0,0.0,10.0,10.0,2,30.0,30.0,30.0,30.0,0.0,30.0,30.0,2,100.0,100.0,100.0,100.0,0.0,100.0,100.0,2,12.876213592233,12.876213592233,12.876213592233,12.876213592233,0.0,12.876213592233,12.876213592233,2,100.0,100.0,100.0,100.0,0.0,100.0,100.0,,,,,,,,,,,,,,,,,,,,,,,,,,,,,,,,
phase1,J_simpleui_vos,warm,synthetic,flat,50,start_to_home,PASS,1,10,0,0,10,9.275500000000001,8.536999999999999,22.4288,12.947299999999998,7.261780360979745,7.997,29.249,10,14578.815917968499,13430.459960938,16722.3083007813,14882.110937500202,1280.647774791656,13391.506835938,16758.112304688,10,390.896484375,-3939.2155273437497,437.883984375,-780.2576171875,1947.3559343792544,-3999.55859375,451.728515625,10,181904.0,181838.4,181904.0,181886.4,29.646809833999566,181824.0,181904.0,10,4.0,4.0,4.0,4.0,0.0,4.0,4.0,10,4.0,4.0,4.0,4.0,0.0,4.0,4.0,10,3.0,3.0,3.0,3.0,0.0,3.0,3.0,10,1.0,1.0,1.0,1.0,0.0,1.0,1.0,10,100.0,100.0,100.0,100.0,0.0,100.0,100.0,10,3.061286407767,3.061286407767,3.061286407767,3.061286407767,0.0,3.061286407767,3.061286407767,10,100.0,100.0,100.0,100.0,0.0,100.0,100.0,,,,,,,,,,,,,,,,,,,,,,,,,,,,,,,,
phase1,J_simpleui_vos,warm,synthetic,hierarchical,2000,change_sort_mode,PASS,1,10,0,0,10,9.494,8.6199,23.6379,13.5338,7.018446754406878,8.601,24.96,10,18869.207519531003,18293.003320312997,19636.953808593702,18899.51796875,578.4548620846098,18101.651367188,19996.590820312,10,414.29833984375,-825.37861328125,443.30380859375003,11.85654296875,780.8794575033297,-1912.697265625,454.4228515625,10,194912.0,194912.0,194912.0,194912.0,0.0,194912.0,194912.0,10,15.0,15.0,15.0,15.0,0.0,15.0,15.0,10,15.0,15.0,15.0,15.0,0.0,15.0,15.0,10,3.0,3.0,3.0,3.0,0.0,3.0,3.0,10,12.0,12.0,12.0,12.0,0.0,12.0,12.0,10,100.0,100.0,100.0,100.0,0.0,100.0,100.0,10,4.1723300970874,4.1723300970874,4.1723300970874,4.1723300970874,0.0,4.1723300970874,4.1723300970874,10,100.0,100.0,100.0,100.0,0.0,100.0,100.0,,,,,,,,,,,,,,,,,,,,,,,,,,,,,,,,
phase1,J_simpleui_vos,warm,synthetic,hierarchical,2000,close_book,PASS,1,10,0,0,10,38.38,37.8339,41.813300000000005,39.5223,2.9740884336399818,37.491,47.468,10,51087.8647460935,48591.8210937504,54617.112695312506,51335.6770507811,2871.72414732502,46807.762695312,55859.828125,10,3450.4296875,3155.5509765625,3546.8853515624996,3399.714453125,187.84801585036578,3081.7158203125,3692.3232421875,10,251456.0,244595.19999999998,256395.2,251009.6,4961.974947314605,244192.0,257360.0,10,28.0,28.0,28.0,28.0,0.0,28.0,28.0,10,28.0,28.0,28.0,28.0,0.0,28.0,28.0,10,18.0,18.0,18.0,18.0,0.0,18.0,18.0,10,10.0,10.0,10.0,10.0,0.0,10.0,10.0,10,100.0,100.0,100.0,100.0,0.0,100.0,100.0,10,18.962378640777,18.962378640777,18.962378640777,18.962378640777,0.0,18.962378640777,18.962378640777,10,100.0,100.0,100.0,100.0,0.0,100.0,100.0,,,,,,,,,,,,,,,,,,,,,,,,,,,,,,,,
phase1,J_simpleui_vos,warm,synthetic,hierarchical,2000,close_quick_settings,PASS,1,10,0,0,10,8.306000000000001,4.8053,8.613999999999999,7.6683,1.7125936827578871,4.142,9.433,10,55605.2690429685,54278.8364257817,56908.951953125004,55626.215039062394,1061.4408738671907,54256.384765625,57232.677734375,10,23.74169921875,20.257519531249997,34.32978515625,25.8974609375,6.140766447388652,19.7890625,37.25390625,10,263488.0,263488.0,263488.0,263488.0,0.0,263488.0,263488.0,10,3.0,3.0,3.0,3.0,0.0,3.0,3.0,10,3.0,3.0,3.0,3.0,0.0,3.0,3.0,10,3.0,3.0,3.0,3.0,0.0,3.0,3.0,10,0.0,0.0,0.0,0.0,0.0,0.0,0.0,10,100.0,100.0,100.0,100.0,0.0,100.0,100.0,10,3.0,3.0,3.0,3.0,0.0,3.0,3.0,10,100.0,100.0,100.0,100.0,0.0,100.0,100.0,,,,,,,,,,,,,,,,,,,,,,,,,,,,,,,,
phase1,J_simpleui_vos,warm,synthetic,hierarchical,2000,home_to_library,PASS,1,10,0,0,10,8.6365,7.4132,16.5144,10.1281,3.8325286822149156,6.605,17.985,10,14390.3837890625,13644.7522460938,15606.5520507813,14461.224316406402,840.533338406602,13350.268554688,15695.104492188,10,217.43603515625,-166.09443359374995,270.4794921875,-1.19814453125,658.4354088203862,-1864.4990234375,270.7080078125,10,182720.0,182720.0,182720.0,182720.0,0.0,182720.0,182720.0,10,6.0,6.0,6.0,6.0,0.0,6.0,6.0,10,6.0,6.0,6.0,6.0,0.0,6.0,6.0,10,2.0,2.0,2.0,2.0,0.0,2.0,2.0,10,4.0,4.0,4.0,4.0,0.0,4.0,4.0,10,100.0,100.0,100.0,100.0,0.0,100.0,100.0,10,2.3834951456311,2.3834951456311,2.3834951456311,2.3834951456311,0.0,2.3834951456311,2.3834951456311,10,100.0,100.0,100.0,100.0,0.0,100.0,100.0,,,,,,,,,,,,,,,,,,,,,,,,,,,,,,,,
phase1,J_simpleui_vos,warm,synthetic,hierarchical,2000,library_cached_paging,UNSUPPORTED,1,0,0,1,,,,,,,,,,,,,,,,,,,,,,,,,,,,,,,,,,,,,,,,,,,,,,,,,,,,,,,,,,,,,,,,,,,,,,,,,,,,,,,,,,,,,,,,,,,,,,,,,,,,,,,,,,,,,,,,,,,,,,,,
phase1,J_simpleui_vos,warm,synthetic,hierarchical,2000,library_first_render,PASS,1,10,0,0,10,21.403,20.2226,31.7339,23.9924,4.855209966852331,20.174,33.236,10,15967.705078125,15052.061718750001,16712.859375,15808.1741210937,705.7528266115428,14561.537109375,16808.783203125,10,713.34033203125,-1758.8976562500002,779.18310546875,72.663671875,1133.937067042975,-2152.95703125,786.6669921875,10,184096.0,183440.0,184740.8,184094.4,542.0330453230894,183296.0,184928.0,10,11.0,11.0,11.0,11.0,0.0,11.0,11.0,10,11.0,11.0,11.0,11.0,0.0,11.0,11.0,10,3.0,3.0,3.0,3.0,0.0,3.0,3.0,10,8.0,8.0,8.0,8.0,0.0,8.0,8.0,10,100.0,100.0,100.0,100.0,0.0,100.0,100.0,10,3.7815533980583,3.7815533980583,3.7815533980583,3.7815533980583,0.0,3.7815533980583,3.7815533980583,10,100.0,100.0,100.0,100.0,0.0,100.0,100.0,,,,,,,,,,,,,,,,,,,,,,,,,,,,,,,,
phase1,J_simpleui_vos,warm,synthetic,hierarchical,2000,library_folder_back,PASS,1,10,0,0,10,17.659,11.2294,30.002200000000002,19.5512,8.194508117568065,8.902,31.345,10,18570.110839843503,17696.945898438,20366.5407226563,18809.040527344,1212.829140655181,17394.791992188,20900.280273438,10,376.39404296875,-489.26191406249995,451.5236328125,-3.13837890625,695.450542993771,-1759.0986328125,478.7099609375,10,194016.0,192604.80000000002,194336.0,193745.6,837.2297175805455,192576.0,194912.0,10,13.0,13.0,13.0,13.0,0.0,13.0,13.0,10,13.0,13.0,13.0,13.0,0.0,13.0,13.0,10,3.0,3.0,3.0,3.0,0.0,3.0,3.0,10,10.0,10.0,10.0,10.0,0.0,10.0,10.0,10,100.0,100.0,100.0,100.0,0.0,100.0,100.0,10,3.9769417475728,3.9769417475728,3.9769417475728,3.9769417475728006,0.0,3.9769417475728,3.9769417475728,10,100.0,100.0,100.0,100.0,0.0,100.0,100.0,,,,,,,,,,,,,,,,,,,,,,,,,,,,,,,,
phase1,J_simpleui_vos,warm,synthetic,hierarchical,2000,library_folder_enter,PASS,1,10,0,0,10,19.384999999999998,8.878400000000001,36.9841,21.8921,10.60893439459821,8.657,37.111,10,17758.8916015625,16475.702539062997,18444.621582031297,17627.339746094,868.5636344389636,16374.772460938,18999.444335938,10,803.95947265625,-287.6888671874999,1501.8330078125,518.72490234375,1152.3885888352074,-2270.5751953125,1557.7314453125,10,189408.0,188139.2,190121.6,189449.6,1131.3507364601346,188096.0,192224.0,10,13.0,13.0,13.0,13.0,0.0,13.0,13.0,10,13.0,13.0,13.0,13.0,0.0,13.0,13.0,10,3.0,3.0,3.0,3.0,0.0,3.0,3.0,10,10.0,10.0,10.0,10.0,0.0,10.0,10.0,10,100.0,100.0,100.0,100.0,0.0,100.0,100.0,10,3.9769417475728,3.9769417475728,3.9769417475728,3.9769417475728006,0.0,3.9769417475728,3.9769417475728,10,100.0,100.0,100.0,100.0,0.0,100.0,100.0,,,,,,,,,,,,,,,,,,,,,,,,,,,,,,,,
phase1,J_simpleui_vos,warm,synthetic,hierarchical,2000,library_sequential_paging,UNSUPPORTED,1,0,0,1,,,,,,,,,,,,,,,,,,,,,,,,,,,,,,,,,,,,,,,,,,,,,,,,,,,,,,,,,,,,,,,,,,,,,,,,,,,,,,,,,,,,,,,,,,,,,,,,,,,,,,,,,,,,,,,,,,,,,,,,
phase1,J_simpleui_vos,warm,synthetic,hierarchical,2000,open_book,PASS,1,10,0,0,10,64.368,56.2692,139.4648,86.1417,36.52438415345136,56.244,148.913,10,38069.5595703125,35436.3032226567,40680.4125976562,38177.7323242187,2620.6895286250688,34236.345703125,42832.418945312,10,45.52587890625,-3370.85107421875,1379.36357421875,-457.21826171875,1996.3170867551855,-3666.958984375,1395.634765625,10,232416.0,229097.59999999998,236145.59999999998,232624.0,3029.417839196905,228752.0,238464.0,10,11.0,9.0,13.2,11.2,2.3944379994757297,9.0,15.0,10,11.0,9.0,13.2,11.2,2.3944379994757297,9.0,15.0,10,11.0,9.0,13.2,11.2,2.3944379994757297,9.0,15.0,10,0.0,0.0,0.0,0.0,0.0,0.0,0.0,10,100.0,100.0,100.0,100.0,0.0,100.0,100.0,10,11.0,9.0,13.2,11.2,2.3944379994757297,9.0,15.0,10,100.0,100.0,100.0,100.0,0.0,100.0,100.0,,,,,,,,,,,,,,,,,,,,,,,,,,,,,,,,
phase1,J_simpleui_vos,warm,synthetic,hierarchical,2000,open_book_minimal,PASS,1,10,0,0,10,50.9875,48.4077,55.6405,51.642100000000006,3.757080913274145,47.874,60.73,10,27078.377441406003,23709.912109375,30584.161523437997,27348.025097656402,2896.4658106318007,23328.080078125,31978.268554688,10,1208.845703125,-448.236328125,1422.1357421875,533.45693359375,1186.067496427029,-2173.986328125,1512.162109375,10,218896.0,212579.2,222798.4,218259.2,4690.385741066506,210592.0,224512.0,10,0.0,0.0,0.0,0.0,0.0,0.0,0.0,10,0.0,0.0,0.0,0.0,0.0,0.0,0.0,10,0.0,0.0,0.0,0.0,0.0,0.0,0.0,10,0.0,0.0,0.0,0.0,0.0,0.0,0.0,10,0.0,0.0,0.0,0.0,0.0,0.0,0.0,10,0.0,0.0,0.0,0.0,0.0,0.0,0.0,10,0.0,0.0,0.0,0.0,0.0,0.0,0.0,,,,,,,,,,,,,,,,,,,,,,,,,,,,,,,,
phase1,J_simpleui_vos,warm,synthetic,hierarchical,2000,open_quick_settings,PASS,1,10,0,0,10,8.938,8.3048,10.622100000000001,9.1854,0.9315116985011215,8.141,10.776,10,57854.266113281,55723.797656250405,59607.3440429688,57742.7120117187,1628.2448188497638,55185.782226562,60022.717773438,10,484.0458984375,444.46689453125003,599.7133789062499,512.85087890625,81.96653861251339,439.4404296875,696.212890625,10,261904.0,261904.0,263027.2,262219.2,568.6969120522616,261904.0,263488.0,10,8.0,8.0,8.0,8.0,0.0,8.0,8.0,10,8.0,8.0,8.0,8.0,0.0,8.0,8.0,10,4.0,4.0,4.0,4.0,0.0,4.0,4.0,10,4.0,4.0,4.0,4.0,0.0,4.0,4.0,10,100.0,100.0,100.0,100.0,0.0,100.0,100.0,10,4.3834951456311,4.3834951456311,4.3834951456311,4.3834951456311,0.0,4.3834951456311,4.3834951456311,10,100.0,100.0,100.0,100.0,0.0,100.0,100.0,,,,,,,,,,,,,,,,,,,,,,,,,,,,,,,,
phase1,J_simpleui_vos,warm,synthetic,hierarchical,2000,repeated_nav,UNSUPPORTED,1,0,0,2,,,,,,,,,,,,,,,,,,,,,,,,,,,,,,,,,,,,,,,,,,,,,,,,,,,,,,,,,,,,,,,,,,,,,,,,,,,,,,,,,,,,,,,,,,,,,,,,,,,,,,,,,,,,,,,,,,,,,,,,
phase1,J_simpleui_vos,warm,synthetic,hierarchical,2000,start_to_home,PASS,1,10,0,0,10,9.2805,8.345500000000001,15.219000000000001,10.695400000000001,3.0936902523972525,7.945,15.921,10,13920.129394530999,13132.188476562998,15008.858593750401,14015.268652343799,715.01339513126,13086.749023438,15081.563476562,10,397.3359375,-1989.3804687499999,417.45498046875,-272.42734375,1103.3970529103779,-2111.7294921875,427.728515625,10,182720.0,182720.0,182720.0,182720.0,0.0,182720.0,182720.0,10,4.0,4.0,4.0,4.0,0.0,4.0,4.0,10,4.0,4.0,4.0,4.0,0.0,4.0,4.0,10,3.0,3.0,3.0,3.0,0.0,3.0,3.0,10,1.0,1.0,1.0,1.0,0.0,1.0,1.0,10,100.0,100.0,100.0,100.0,0.0,100.0,100.0,10,3.061286407767,3.061286407767,3.061286407767,3.061286407767,0.0,3.061286407767,3.061286407767,10,100.0,100.0,100.0,100.0,0.0,100.0,100.0,,,,,,,,,,,,,,,,,,,,,,,,,,,,,,,,
phase1,J_simpleui_vos,warm,synthetic,hierarchical,50,change_sort_mode,PASS,1,10,0,0,10,8.2725,6.6354999999999995,20.285199999999996,10.7326,5.860434572433837,4.3,21.394,10,19012.310058593997,18368.6043945313,19507.3395507813,18957.229589844,548.6357923875446,17898.467773438,19731.264648438,10,322.14453125,-695.126171875,409.16884765624997,25.56201171875,722.7511821318068,-1849.5625,496.7685546875,10,193648.0,193648.0,193648.0,193648.0,0.0,193648.0,193648.0,10,15.0,15.0,15.0,15.0,0.0,15.0,15.0,10,15.0,15.0,15.0,15.0,0.0,15.0,15.0,10,3.0,3.0,3.0,3.0,0.0,3.0,3.0,10,12.0,12.0,12.0,12.0,0.0,12.0,12.0,10,100.0,100.0,100.0,100.0,0.0,100.0,100.0,10,4.1723300970874,4.1723300970874,4.1723300970874,4.1723300970874,0.0,4.1723300970874,4.1723300970874,10,100.0,100.0,100.0,100.0,0.0,100.0,100.0,,,,,,,,,,,,,,,,,,,,,,,,,,,,,,,,
phase1,J_simpleui_vos,warm,synthetic,hierarchical,50,close_book,PASS,1,10,0,0,10,32.795500000000004,30.3419,38.022400000000005,33.4471,3.4969768038502442,28.451,39.682,10,47459.69140625,44665.5309570313,50353.4239257812,47439.765917968805,2191.9292686300255,44334.866210938,50795.602539062,10,3094.74169921875,2858.55244140625,3486.17626953125,3132.8681640625,291.7591597942338,2747.8603515625,3751.4609375,10,251144.0,246156.8,256276.8,251286.4,4850.215555347343,241952.0,257904.0,10,28.0,28.0,28.0,28.0,0.0,28.0,28.0,10,28.0,28.0,28.0,28.0,0.0,28.0,28.0,10,18.0,18.0,18.0,18.0,0.0,18.0,18.0,10,10.0,10.0,10.0,10.0,0.0,10.0,10.0,10,100.0,100.0,100.0,100.0,0.0,100.0,100.0,10,18.962378640777,18.962378640777,18.962378640777,18.962378640777,0.0,18.962378640777,18.962378640777,10,100.0,100.0,100.0,100.0,0.0,100.0,100.0,,,,,,,,,,,,,,,,,,,,,,,,,,,,,,,,
phase1,J_simpleui_vos,warm,synthetic,hierarchical,50,close_quick_settings,PASS,1,10,0,0,10,8.291,4.1782,8.6682,7.5436000000000005,1.8271435630513548,4.072,9.183,10,51419.7080078125,50432.6909179683,52727.279492188,51545.8305664064,936.9091893014858,50414.431640625,53058.409179688,10,34.478515625,23.98544921875,50.875,36.7646484375,10.8515824983817,19.8203125,50.9453125,10,264208.0,264208.0,264208.0,264208.0,0.0,264208.0,264208.0,10,3.0,3.0,3.0,3.0,0.0,3.0,3.0,10,3.0,3.0,3.0,3.0,0.0,3.0,3.0,10,3.0,3.0,3.0,3.0,0.0,3.0,3.0,10,0.0,0.0,0.0,0.0,0.0,0.0,0.0,10,100.0,100.0,100.0,100.0,0.0,100.0,100.0,10,3.0,3.0,3.0,3.0,0.0,3.0,3.0,10,100.0,100.0,100.0,100.0,0.0,100.0,100.0,,,,,,,,,,,,,,,,,,,,,,,,,,,,,,,,
phase1,J_simpleui_vos,warm,synthetic,hierarchical,50,home_to_library,PASS,1,10,0,0,10,8.5565,7.206,13.326899999999998,9.4006,3.494033937378908,5.613,17.907,10,14364.740234375,13631.812597656299,15506.1966796875,14493.683984375099,749.068377430105,13406.303710938,15561.03515625,10,210.01416015625,-149.21455078124995,276.69404296875,0.553125,648.1744091964372,-1833.7587890625,278.765625,10,184928.0,184928.0,185094.4,184974.4,82.08829934216502,184928.0,185152.0,10,6.0,6.0,6.0,6.0,0.0,6.0,6.0,10,6.0,6.0,6.0,6.0,0.0,6.0,6.0,10,2.0,2.0,2.0,2.0,0.0,2.0,2.0,10,4.0,4.0,4.0,4.0,0.0,4.0,4.0,10,100.0,100.0,100.0,100.0,0.0,100.0,100.0,10,2.3834951456311,2.3834951456311,2.3834951456311,2.3834951456311,0.0,2.3834951456311,2.3834951456311,10,100.0,100.0,100.0,100.0,0.0,100.0,100.0,,,,,,,,,,,,,,,,,,,,,,,,,,,,,,,,
phase1,J_simpleui_vos,warm,synthetic,hierarchical,50,library_cached_paging,UNSUPPORTED,1,0,0,1,,,,,,,,,,,,,,,,,,,,,,,,,,,,,,,,,,,,,,,,,,,,,,,,,,,,,,,,,,,,,,,,,,,,,,,,,,,,,,,,,,,,,,,,,,,,,,,,,,,,,,,,,,,,,,,,,,,,,,,,
phase1,J_simpleui_vos,warm,synthetic,hierarchical,50,library_first_render,PASS,1,10,0,0,10,16.3825,15.9038,22.714699999999997,18.4464,4.82996786738794,15.389,31.1,10,16830.943359375,15918.562304688,17984.8405273433,16928.3993164062,876.7974514786523,15902.538085938,18581.333984375,10,489.01953125,-1462.308203125,543.016796875,11.08369140625,1112.7404869418813,-2689.6708984375,650.4736328125,10,187520.0,186612.8,188144.0,187443.2,656.966226089456,186368.0,188144.0,10,11.0,11.0,11.0,11.0,0.0,11.0,11.0,10,11.0,11.0,11.0,11.0,0.0,11.0,11.0,10,3.0,3.0,3.0,3.0,0.0,3.0,3.0,10,8.0,8.0,8.0,8.0,0.0,8.0,8.0,10,100.0,100.0,100.0,100.0,0.0,100.0,100.0,10,3.7815533980583,3.7815533980583,3.7815533980583,3.7815533980583,0.0,3.7815533980583,3.7815533980583,10,100.0,100.0,100.0,100.0,0.0,100.0,100.0,,,,,,,,,,,,,,,,,,,,,,,,,,,,,,,,
phase1,J_simpleui_vos,warm,synthetic,hierarchical,50,library_folder_back,PASS,1,10,0,0,10,9.979,7.674900000000001,21.9332,12.8904,6.707727189178495,4.587,24.293,10,18734.4248046875,18258.8572265625,19099.6750976567,18716.1418945315,387.0843282840018,18139.236328125,19373.369140625,10,255.66015625,-587.53212890625,296.98046875,24.94375,402.1376595950791,-597.09375,317.3974609375,10,193312.0,192884.8,193648.0,193276.8,317.2145435926081,192784.0,193648.0,10,13.0,13.0,13.0,13.0,0.0,13.0,13.0,10,13.0,13.0,13.0,13.0,0.0,13.0,13.0,10,3.0,3.0,3.0,3.0,0.0,3.0,3.0,10,10.0,10.0,10.0,10.0,0.0,10.0,10.0,10,100.0,100.0,100.0,100.0,0.0,100.0,100.0,10,3.9769417475728,3.9769417475728,3.9769417475728,3.9769417475728006,0.0,3.9769417475728,3.9769417475728,10,100.0,100.0,100.0,100.0,0.0,100.0,100.0,,,,,,,,,,,,,,,,,,,,,,,,,,,,,,,,
phase1,J_simpleui_vos,warm,synthetic,hierarchical,50,library_folder_enter,PASS,1,10,0,0,10,9.004,7.5017000000000005,32.1596,15.9834,12.604981327501706,5.24,41.57,10,18107.831054688,17436.2883789063,18701.5973632808,18016.9082031251,516.0460967134732,17210.420898438,18776.1171875,10,256.0478515625,-1048.70361328125,425.22626953125,-91.6365234375,778.5582738238414,-1941.4482421875,490.412109375,10,190224.0,189875.2,190400.0,190168.0,243.1497024011705,189760.0,190400.0,10,13.0,13.0,13.0,13.0,0.0,13.0,13.0,10,13.0,13.0,13.0,13.0,0.0,13.0,13.0,10,3.0,3.0,3.0,3.0,0.0,3.0,3.0,10,10.0,10.0,10.0,10.0,0.0,10.0,10.0,10,100.0,100.0,100.0,100.0,0.0,100.0,100.0,10,3.9769417475728,3.9769417475728,3.9769417475728,3.9769417475728006,0.0,3.9769417475728,3.9769417475728,10,100.0,100.0,100.0,100.0,0.0,100.0,100.0,,,,,,,,,,,,,,,,,,,,,,,,,,,,,,,,
phase1,J_simpleui_vos,warm,synthetic,hierarchical,50,library_sequential_paging,UNSUPPORTED,1,0,0,1,,,,,,,,,,,,,,,,,,,,,,,,,,,,,,,,,,,,,,,,,,,,,,,,,,,,,,,,,,,,,,,,,,,,,,,,,,,,,,,,,,,,,,,,,,,,,,,,,,,,,,,,,,,,,,,,,,,,,,,,
phase1,J_simpleui_vos,warm,synthetic,hierarchical,50,open_book,PASS,1,10,0,0,10,61.83,57.9525,109.0871,70.7278,21.0711424190632,54.15,111.311,10,35671.308105469,32934.028320312,38083.493066406205,35488.4765624998,2192.481901136586,31807.762695312,38574.915039062,10,-522.01806640625,-1212.43212890625,1333.46982421875,-322.25205078125,1026.0084166988636,-1816.306640625,1361.806640625,10,235184.0,231472.0,237840.0,234483.2,2668.168110645704,230320.0,237840.0,10,13.0,9.0,15.0,12.2,2.3475755815545347,9.0,15.0,10,13.0,9.0,15.0,12.2,2.3475755815545347,9.0,15.0,10,13.0,9.0,15.0,12.2,2.3475755815545347,9.0,15.0,10,0.0,0.0,0.0,0.0,0.0,0.0,0.0,10,100.0,100.0,100.0,100.0,0.0,100.0,100.0,10,13.0,9.0,15.0,12.2,2.3475755815545347,9.0,15.0,10,100.0,100.0,100.0,100.0,0.0,100.0,100.0,,,,,,,,,,,,,,,,,,,,,,,,,,,,,,,,
phase1,J_simpleui_vos,warm,synthetic,hierarchical,50,open_book_minimal,PASS,1,10,0,0,10,48.438,41.3458,61.5461,50.7106,9.530707997485461,33.235,62.159,10,26041.920410156003,23026.6247070308,29108.343945312998,26072.1040039063,2699.0117338319087,22211.12890625,30169.299804688,10,1270.0947265625,-2129.85419921875,1440.3517578125,184.86611328125,1643.0173305792298,-2674.03515625,1469.357421875,10,218512.0,213950.4,225552.0,219323.2,4710.949062202506,212640.0,225552.0,10,0.0,0.0,0.0,0.0,0.0,0.0,0.0,10,0.0,0.0,0.0,0.0,0.0,0.0,0.0,10,0.0,0.0,0.0,0.0,0.0,0.0,0.0,10,0.0,0.0,0.0,0.0,0.0,0.0,0.0,10,0.0,0.0,0.0,0.0,0.0,0.0,0.0,10,0.0,0.0,0.0,0.0,0.0,0.0,0.0,10,0.0,0.0,0.0,0.0,0.0,0.0,0.0,,,,,,,,,,,,,,,,,,,,,,,,,,,,,,,,
phase1,J_simpleui_vos,warm,synthetic,hierarchical,50,open_quick_settings,PASS,1,10,0,0,10,7.968,7.075099999999999,9.014499999999998,8.2185,1.4395930945158697,6.851,11.818,10,53412.4248046875,50995.6760742188,55328.572656250406,53273.3025390625,1798.2838120607837,50560.233398438,55747.454101562,10,484.5546875,438.3361328125,583.6620117187499,507.79384765625,77.71375470440414,436.7998046875,680.1298828125,10,262160.0,262160.0,263732.8,262648.0,757.8308225161837,262160.0,264208.0,10,8.0,8.0,8.0,8.0,0.0,8.0,8.0,10,8.0,8.0,8.0,8.0,0.0,8.0,8.0,10,4.0,4.0,4.0,4.0,0.0,4.0,4.0,10,4.0,4.0,4.0,4.0,0.0,4.0,4.0,10,100.0,100.0,100.0,100.0,0.0,100.0,100.0,10,4.3834951456311,4.3834951456311,4.3834951456311,4.3834951456311,0.0,4.3834951456311,4.3834951456311,10,100.0,100.0,100.0,100.0,0.0,100.0,100.0,,,,,,,,,,,,,,,,,,,,,,,,,,,,,,,,
phase1,J_simpleui_vos,warm,synthetic,hierarchical,50,repeated_nav,UNSUPPORTED,1,0,0,2,,,,,,,,,,,,,,,,,,,,,,,,,,,,,,,,,,,,,,,,,,,,,,,,,,,,,,,,,,,,,,,,,,,,,,,,,,,,,,,,,,,,,,,,,,,,,,,,,,,,,,,,,,,,,,,,,,,,,,,,
phase1,J_simpleui_vos,warm,synthetic,hierarchical,50,start_to_home,PASS,1,10,0,0,10,9.0025,8.5195,15.2841,10.7729,3.211437907438557,8.515,15.807,10,13949.990722656501,13182.740039063,15028.425976562,14037.226367187599,736.1591280142261,13090.268554688,15175.372070312,10,396.9541015625,-2043.197265625,445.799609375,-265.53291015625,1111.2649411454224,-2100.044921875,447.72265625,10,184928.0,184928.0,184928.0,184928.0,0.0,184928.0,184928.0,10,4.0,4.0,4.0,4.0,0.0,4.0,4.0,10,4.0,4.0,4.0,4.0,0.0,4.0,4.0,10,3.0,3.0,3.0,3.0,0.0,3.0,3.0,10,1.0,1.0,1.0,1.0,0.0,1.0,1.0,10,100.0,100.0,100.0,100.0,0.0,100.0,100.0,10,3.061286407767,3.061286407767,3.061286407767,3.061286407767,0.0,3.061286407767,3.061286407767,10,100.0,100.0,100.0,100.0,0.0,100.0,100.0,,,,,,,,,,,,,,,,,,,,,,,,,,,,,,,,
phase1,K_simpleui_vos_bookshelf,paging,paging,flat,2000,bookshelf_cached_paging,PASS,3,90,0,0,90,180.08550000000002,159.1114,189.09949999999998,176.7318111111111,11.648142846518876,157.452,197.577,90,39538.688964844,26986.138183594197,48769.055078124606,38806.19433593748,7884.252378539809,24557.765625,52492.2421875,90,1217.25927734375,807.016015625,1628.3673828125002,25.125759548605533,4584.424924635074,-25742.145507812,1737.23046875,90,239216.0,227216.0,239328.0,235253.33333333334,5715.277063285065,227216.0,239328.0,90,0.0,0.0,0.0,0.022222222222222223,0.21081851067789195,0.0,2.0,90,8.0,8.0,8.0,8.022222222222222,0.21081851067789195,8.0,10.0,90,0.0,0.0,0.0,0.011111111111111112,0.10540925533894598,0.0,1.0,90,8.0,8.0,8.0,8.011111111111111,0.10540925533894598,8.0,9.0,90,64.199029126214,64.199029126214,64.199029126214,64.5968176914783,3.773753680217076,64.199029126214,100.0,90,1.2034720913061,1.2034720913061,1.2034720913060997,1.215648466710631,0.11551523977071734,1.2034720913061,2.2993458777139,90,64.199029126214,64.199029126214,64.199029126214,64.5968176914783,3.773753680217076,64.199029126214,100.0,90,8.0,8.0,8.0,8.0,0.0,8.0,8.0,90,8.0,8.0,8.0,8.0,0.0,8.0,8.0,90,250.0,250.0,250.0,250.0,0.0,250.0,250.0,,,,,,,,
phase1,K_simpleui_vos_bookshelf,paging,paging,flat,2000,bookshelf_cached_paging_anim_off,PASS,3,90,0,0,90,11.233,7.6907,14.073900000000002,11.1319,2.816784281147006,6.903,21.23,90,36495.1577148435,26977.17109375,48121.438867188,37066.10448133683,7902.719351699695,24286.543945312,52279.297851562,90,1017.267578125,777.55771484375,1097.3558593750001,9.21891276041113,3968.4978526564228,-20805.043945312,1142.0517578125,90,240512.0,227216.0,241376.0,236413.86666666667,6549.844130918372,227216.0,241408.0,90,1.0,1.0,1.0,1.0,0.0,1.0,1.0,90,1.0,1.0,1.0,1.0,0.0,1.0,1.0,90,0.0,0.0,0.0,0.0,0.0,0.0,0.0,90,1.0,1.0,1.0,1.0,0.0,1.0,1.0,90,64.199029126214,64.199029126214,64.199029126214,64.199029126214,0.0,64.199029126214,64.199029126214,90,0.64199029126214,0.64199029126214,0.64199029126214,0.64199029126214,0.0,0.64199029126214,0.64199029126214,90,64.199029126214,64.199029126214,64.199029126214,64.199029126214,0.0,64.199029126214,64.199029126214,90,8.0,8.0,8.0,8.0,0.0,8.0,8.0,90,8.0,8.0,8.0,8.0,0.0,8.0,8.0,90,250.0,250.0,250.0,250.0,0.0,250.0,250.0,,,,,,,,
phase1,K_simpleui_vos_bookshelf,paging,paging,flat,2000,bookshelf_sequential_paging,PASS,3,90,0,0,90,172.026,159.39569999999998,187.0458,173.5987888888889,11.385248831489426,158.149,232.453,90,34363.6137695315,25543.5905273442,46037.9659179692,35185.85328776043,7679.688515435953,22494.185546875,50914.586914062,90,2016.087890625,1546.4128906249998,2260.35107421875,481.00598958333336,5734.116213652879,-26689.509765625,2390.5068359375,90,227216.0,212528.0,233940.8,224743.2888888889,7593.969519406363,207648.0,234448.0,90,0.0,0.0,0.0,0.0,0.0,0.0,0.0,90,8.0,8.0,8.0,8.0,0.0,8.0,8.0,90,0.0,0.0,0.0,0.0,0.0,0.0,0.0,90,8.0,8.0,8.0,8.0,0.0,8.0,8.0,90,64.199029126214,64.199029126214,64.199029126214,64.199029126214,0.0,64.199029126214,64.199029126214,90,1.2034720913061,1.2034720913061,1.2034720913060997,1.2034720913061,0.0,1.2034720913061,1.2034720913061,90,64.199029126214,64.199029126214,64.199029126214,64.199029126214,0.0,64.199029126214,64.199029126214,90,8.0,8.0,8.0,8.0,0.0,8.0,8.0,90,8.0,8.0,8.0,8.0,0.0,8.0,8.0,90,250.0,250.0,250.0,250.0,0.0,250.0,250.0,,,,,,,,
phase1,K_simpleui_vos_bookshelf,paging,paging,flat,2000,bookshelf_sequential_paging_anim_off,PASS,3,90,0,0,90,25.6655,14.6295,33.4298,25.528333333333336,8.22663450785573,8.168,51.635,90,38481.000976562,26569.7130859375,49312.3,38159.658279079835,8265.90169964642,23948.103515625,51906.118164062,90,1964.5498046875,981.3173828125,2181.09814453125,-30.531770833344428,6842.029934223745,-27479.073242188,2278.59375,90,240224.0,227216.0,240816.0,236070.04444444444,6302.326853891616,227216.0,241344.0,90,1.0,1.0,1.0,1.0,0.0,1.0,1.0,90,1.0,1.0,1.0,1.0,0.0,1.0,1.0,90,0.0,0.0,0.0,0.0,0.0,0.0,0.0,90,1.0,1.0,1.0,1.0,0.0,1.0,1.0,90,64.199029126214,64.199029126214,64.199029126214,64.199029126214,0.0,64.199029126214,64.199029126214,90,0.64199029126214,0.64199029126214,0.64199029126214,0.64199029126214,0.0,0.64199029126214,0.64199029126214,90,64.199029126214,64.199029126214,64.199029126214,64.199029126214,0.0,64.199029126214,64.199029126214,90,8.0,8.0,8.0,8.0,0.0,8.0,8.0,90,8.0,8.0,8.0,8.0,0.0,8.0,8.0,90,250.0,250.0,250.0,250.0,0.0,250.0,250.0,,,,,,,,
phase1,K_simpleui_vos_bookshelf,paging,paging,flat,2000,close_bookshelf,PASS,3,3,0,0,3,19.421,18.713,19.9154,19.332,0.7554422545767479,18.536,20.039,3,32956.749023438,29045.227929687604,44690.8982421876,36216.17740885433,10177.810508166825,28067.34765625,47624.435546875,3,734.236328125,663.846484375,747.426171875,710.4029947916666,56.16722206365598,646.2490234375,750.7236328125,3,247120.0,231196.80000000002,247132.8,240490.66666666666,11496.20134363231,227216.0,247136.0,3,6.0,6.000000000000001,6.0,6.0,0.0,6.0,6.0,3,6.0,6.000000000000001,6.0,6.0,0.0,6.0,6.0,3,5.0,5.0,5.0,5.0,0.0,5.0,5.0,3,1.0,1.0,1.0,1.0,0.0,1.0,1.0,3,100.0,100.0,100.0,100.0,0.0,100.0,100.0,3,5.061286407767,5.061286407767,5.061286407767,5.061286407767,0.0,5.061286407767,5.061286407767,3,100.0,100.0,100.0,100.0,0.0,100.0,100.0,,,,,,,,,,,,,,,,,,,,,,,,,,,,,,,,
phase1,K_simpleui_vos_bookshelf,paging,paging,flat,2000,library_cached_paging,PASS,3,90,0,0,90,15.396,11.682,34.230500000000006,18.343877777777777,7.826421066824284,9.07,42.745,90,18237.082519531497,16068.517382811999,20454.136328125,18401.369270833246,1555.0036614724966,15789.422851562,22310.71875,90,681.0166015625,-3045.57958984375,904.7791992187501,12.453559027777779,1724.7893314654425,-6253.5654296875,956.59375,90,200016.0,199230.4,201280.0,200215.64444444445,729.9062939874522,199216.0,201440.0,90,4.0,4.0,4.0,4.0,0.0,4.0,4.0,90,4.0,4.0,4.0,4.0,0.0,4.0,4.0,90,1.0,1.0,1.0,1.0,0.0,1.0,1.0,90,3.0,3.0,3.0,3.0,0.0,3.0,3.0,90,100.0,100.0,100.0,100.0,0.0,100.0,100.0,90,1.2876213592233,1.2876213592233001,1.2876213592233,1.2876213592233,0.0,1.2876213592233,1.2876213592233,90,100.0,100.0,100.0,100.0,0.0,100.0,100.0,90,8.0,8.0,8.0,8.0,0.0,8.0,8.0,90,8.0,8.0,8.0,8.0,0.0,8.0,8.0,90,250.0,250.0,250.0,250.0,0.0,250.0,250.0,,,,,,,,
phase1,K_simpleui_vos_bookshelf,paging,paging,flat,2000,library_sequential_paging,PASS,3,90,0,0,90,16.354999999999997,13.227500000000001,31.72640000000001,18.353866666666665,7.189469929672349,10.288,45.701,90,17454.901855468997,16147.5051757812,20993.253515625398,17971.475434027725,1733.2095375222038,15676.247070312,21860.647460938,90,432.92333984375,-1089.8607421875,494.58759765624995,31.014496527777776,1208.768169359485,-6101.3193359375,521.353515625,90,186640.0,185456.0,186672.0,186256.0,569.0062300956295,185456.0,186672.0,90,4.0,4.0,4.0,4.0,0.0,4.0,4.0,90,4.0,4.0,4.0,4.0,0.0,4.0,4.0,90,1.0,1.0,1.0,1.0,0.0,1.0,1.0,90,3.0,3.0,3.0,3.0,0.0,3.0,3.0,90,100.0,100.0,100.0,100.0,0.0,100.0,100.0,90,1.2876213592233,1.2876213592233001,1.2876213592233,1.2876213592233,0.0,1.2876213592233,1.2876213592233,90,100.0,100.0,100.0,100.0,0.0,100.0,100.0,90,8.0,8.0,8.0,8.0,0.0,8.0,8.0,90,8.0,8.0,8.0,8.0,0.0,8.0,8.0,90,250.0,250.0,250.0,250.0,0.0,250.0,250.0,,,,,,,,
phase1,K_simpleui_vos_bookshelf,paging,paging,flat,2000,open_bookshelf,PASS,3,3,0,0,3,148.829,147.0162,154.66819999999998,150.50666666666666,4.998322752017249,146.563,156.128,3,19595.213867188,19590.482617187998,21074.210742188,20209.491210938,1069.0853871785619,19589.299804688,21443.959960938,3,2668.67578125,1143.0109375000002,3338.96171875,2312.2679036458335,1406.7486418838457,761.5947265625,3506.533203125,3,208464.0,202870.40000000002,209616.0,206613.33333333334,4510.363769512758,201472.0,209904.0,3,1.0,1.0,1.0,1.0,0.0,1.0,1.0,3,1.0,1.0,1.0,1.0,0.0,1.0,1.0,3,1.0,1.0,1.0,1.0,0.0,1.0,1.0,3,0.0,0.0,0.0,0.0,0.0,0.0,0.0,3,100.0,100.0,100.0,100.0,0.0,100.0,100.0,3,1.0,1.0,1.0,1.0,0.0,1.0,1.0,3,100.0,100.0,100.0,100.0,0.0,100.0,100.0,,,,,,,,,,,,,,,,,3,250.0,250.0,250.0,250.0,0.0,250.0,250.0,,,,,,,,
phase1,K_simpleui_vos_bookshelf,paging,paging,flat,2000,paging_probe_step_2_to_3,PASS,3,3,0,0,3,12.46,8.0576,26.088800000000003,16.304333333333332,11.75099163191487,6.957,29.496,3,16273.17578125,15829.3484374996,16982.72890625,16383.894856770667,727.2119371614996,15718.391601562,17160.1171875,3,316.4052734375,-1980.8837890625,415.7849609375,-599.3902994791666,1694.9245970350569,-2555.2060546875,440.6298828125,3,190176.0,189664.00000000003,190483.19999999998,190090.66666666666,517.3058411939047,189536.0,190560.0,3,4.0,4.0,4.0,4.0,0.0,4.0,4.0,3,4.0,4.0,4.0,4.0,0.0,4.0,4.0,3,1.0,1.0,1.0,1.0,0.0,1.0,1.0,3,3.0,3.0000000000000004,3.0,3.0,0.0,3.0,3.0,3,100.0,100.0,100.0,100.0,0.0,100.0,100.0,3,1.2876213592233,1.2876213592233,1.2876213592233,1.2876213592233,0.0,1.2876213592233,1.2876213592233,3,100.0,100.0,100.0,100.0,0.0,100.0,100.0,3,8.0,8.0,8.0,8.0,0.0,8.0,8.0,3,8.0,8.0,8.0,8.0,0.0,8.0,8.0,3,250.0,250.0,250.0,250.0,0.0,250.0,250.0,,,,,,,,
phase1,K_simpleui_vos_bookshelf,paging,paging,hierarchical,2000,bookshelf_cached_paging,PASS,3,90,0,0,90,168.535,158.8326,174.11960000000002,167.91621111111112,7.595812546122384,156.748,201.621,90,32990.8491210935,23071.9442382813,41538.495703125,32507.7860134548,6842.952048634033,20667.013671875,44174.90234375,90,1514.06201171875,-2148.496289062498,1741.6103515625005,-323.8374348958334,5684.6000620745335,-23518.744140625,1862.947265625,90,226528.0,225632.0,227056.0,226379.02222222224,590.180718424027,225584.0,227504.0,90,0.0,0.0,0.0,0.0,0.0,0.0,0.0,90,8.0,8.0,8.0,8.0,0.0,8.0,8.0,90,0.0,0.0,0.0,0.0,0.0,0.0,0.0,90,8.0,8.0,8.0,8.0,0.0,8.0,8.0,90,64.199029126214,64.199029126214,64.199029126214,64.199029126214,0.0,64.199029126214,64.199029126214,90,1.2034720913061,1.2034720913061,1.2034720913060997,1.2034720913061,0.0,1.2034720913061,1.2034720913061,90,64.199029126214,64.199029126214,64.199029126214,64.199029126214,0.0,64.199029126214,64.199029126214,90,8.0,8.0,8.0,8.0,0.0,8.0,8.0,90,8.0,8.0,8.0,8.0,0.0,8.0,8.0,90,21.0,21.0,21.0,21.0,0.0,21.0,21.0,,,,,,,,
phase1,K_simpleui_vos_bookshelf,paging,paging,hierarchical,2000,bookshelf_cached_paging_anim_off,PASS,3,90,0,0,90,10.1685,7.7181999999999995,15.523100000000014,10.920122222222222,3.6011991162363577,6.841,25.194,90,33691.4462890625,23644.0812499996,42057.6046875,33358.5281684028,6866.039620959758,20710.30078125,44398.404296875,90,1028.5556640625,808.2244140625,1264.4085937500001,22.622732204855573,3785.1659760873417,-20480.077148438,1426.3525390625,90,231704.0,231568.0,234256.0,232431.64444444445,1163.7453127977258,231440.0,234400.0,90,1.0,1.0,1.0,1.0,0.0,1.0,1.0,90,1.0,1.0,1.0,1.0,0.0,1.0,1.0,90,0.0,0.0,0.0,0.0,0.0,0.0,0.0,90,1.0,1.0,1.0,1.0,0.0,1.0,1.0,90,64.199029126214,64.199029126214,64.199029126214,64.199029126214,0.0,64.199029126214,64.199029126214,90,0.64199029126214,0.64199029126214,0.64199029126214,0.64199029126214,0.0,0.64199029126214,0.64199029126214,90,64.199029126214,64.199029126214,64.199029126214,64.199029126214,0.0,64.199029126214,64.199029126214,90,8.0,8.0,8.0,8.0,0.0,8.0,8.0,90,8.0,8.0,8.0,8.0,0.0,8.0,8.0,90,21.0,21.0,21.0,21.0,0.0,21.0,21.0,,,,,,,,
phase1,K_simpleui_vos_bookshelf,paging,paging,hierarchical,2000,bookshelf_sequential_paging,PASS,3,60,0,0,60,171.60750000000002,159.7963,181.00489999999996,171.52893333333336,9.15741505578702,158.247,197.373,60,27209.84375,19863.1786132817,37189.320703125006,27917.844775390735,6532.897569148324,16419.700195312,39130.294921875,60,1989.45068359375,-1343.7556640624998,2370.98984375,736.313818359375,4265.078871610916,-17946.08203125,2547.7373046875,60,217768.0,203534.4,223110.40000000002,214865.06666666668,7318.032665763056,201632.0,224176.0,60,0.0,0.0,0.0,0.0,0.0,0.0,0.0,60,8.0,8.0,8.0,8.0,0.0,8.0,8.0,60,0.0,0.0,0.0,0.0,0.0,0.0,0.0,60,8.0,8.0,8.0,8.0,0.0,8.0,8.0,60,64.199029126214,64.199029126214,64.199029126214,64.199029126214,0.0,64.199029126214,64.199029126214,60,1.2034720913061,1.2034720913061,1.2034720913061,1.2034720913061,0.0,1.2034720913061,1.2034720913061,60,64.199029126214,64.199029126214,64.199029126214,64.199029126214,0.0,64.199029126214,64.199029126214,60,8.0,8.0,8.0,8.0,0.0,8.0,8.0,60,8.0,8.0,8.0,7.85,0.6593525329532484,5.0,8.0,60,21.0,21.0,21.0,21.0,0.0,21.0,21.0,,,,,,,,
phase1,K_simpleui_vos_bookshelf,paging,paging,hierarchical,2000,bookshelf_sequential_paging_anim_off,PASS,3,60,0,0,60,28.923499999999997,7.852799999999999,35.378099999999996,23.397683333333337,11.888585347970913,7.234,47.516,60,30506.020996093503,23277.3283203125,40574.4106445317,31142.44625651045,6669.281348006053,21396.920898438,44393.612304688,60,1803.03515625,603.1446289062508,2332.12255859375,246.3195638020667,5535.825271160459,-22998.90625,2476.32421875,60,231616.0,231408.0,233472.0,232068.8,814.5779566484887,231408.0,233584.0,60,1.0,1.0,1.0,1.0,0.0,1.0,1.0,60,1.0,1.0,1.0,1.0,0.0,1.0,1.0,60,0.0,0.0,0.0,0.0,0.0,0.0,0.0,60,1.0,1.0,1.0,1.0,0.0,1.0,1.0,60,64.199029126214,64.199029126214,64.199029126214,64.199029126214,0.0,64.199029126214,64.199029126214,60,0.64199029126214,0.64199029126214,0.64199029126214,0.64199029126214,0.0,0.64199029126214,0.64199029126214,60,64.199029126214,64.199029126214,64.199029126214,64.199029126214,0.0,64.199029126214,64.199029126214,60,8.0,8.0,8.0,8.0,0.0,8.0,8.0,60,8.0,8.0,8.0,7.85,0.6593525329532484,5.0,8.0,60,21.0,21.0,21.0,21.0,0.0,21.0,21.0,,,,,,,,
phase1,K_simpleui_vos_bookshelf,paging,paging,hierarchical,2000,close_bookshelf,PASS,3,3,0,0,3,12.895,11.2238,14.279,12.775333333333334,1.9123102084477128,10.806,14.625,3,42008.344726562,26673.890039062797,42099.060351561995,35656.786783854,11099.568416173235,22840.276367188,42121.739257812,3,187.7216796875,-4111.5197265625,225.0810546875,-1588.0625,3116.2786103134504,-5186.330078125,234.4208984375,3,234592.0,234451.2,235590.4,234949.33333333334,776.3435665562853,234416.0,235840.0,3,1.0,1.0,1.0,1.0,0.0,1.0,1.0,3,1.0,1.0,1.0,1.0,0.0,1.0,1.0,3,1.0,1.0,1.0,1.0,0.0,1.0,1.0,3,0.0,0.0,0.0,0.0,0.0,0.0,0.0,3,100.0,100.0,100.0,100.0,0.0,100.0,100.0,3,1.0,1.0,1.0,1.0,0.0,1.0,1.0,3,100.0,100.0,100.0,100.0,0.0,100.0,100.0,,,,,,,,,,,,,,,,,,,,,,,,,,,,,,,,
phase1,K_simpleui_vos_bookshelf,paging,paging,hierarchical,2000,library_cached_paging,PASS,3,90,0,0,90,19.5,13.65,36.105900000000005,21.51781111111111,8.135715635179512,10.075,41.513,90,15881.995605468499,13985.526757812,17414.158496093703,15859.642263454722,1232.3516564248482,13767.344726562,18687.837890625,90,608.8828125,-2640.32158203125,894.5966796875001,36.616937934027774,1429.952549353872,-4644.6728515625,1039.9306640625,90,198896.0,196336.0,200208.0,198453.33333333334,1592.9281919531404,196240.0,200208.0,90,4.0,4.0,4.0,4.0,0.0,4.0,4.0,90,4.0,4.0,4.0,4.0,0.0,4.0,4.0,90,1.0,1.0,1.0,1.0,0.0,1.0,1.0,90,3.0,3.0,3.0,3.0,0.0,3.0,3.0,90,100.0,100.0,100.0,100.0,0.0,100.0,100.0,90,1.2876213592233,1.2876213592233001,1.2876213592233,1.2876213592233,0.0,1.2876213592233,1.2876213592233,90,100.0,100.0,100.0,100.0,0.0,100.0,100.0,90,8.0,8.0,8.0,8.0,0.0,8.0,8.0,90,8.0,8.0,8.0,8.0,0.0,8.0,8.0,90,21.0,21.0,21.0,21.0,0.0,21.0,21.0,,,,,,,,
phase1,K_simpleui_vos_bookshelf,paging,paging,hierarchical,2000,library_sequential_paging,PASS,3,60,0,0,60,16.753999999999998,12.4659,28.426700000000004,18.128766666666664,6.492751745813816,9.214,37.492,60,16131.897949219001,13990.3624023437,19230.012207031297,16368.201692708351,1930.8336637658704,13574.473632812,19864.578125,60,423.8515625,-1982.71533203125,485.46005859375003,-77.03455403645833,1074.376763353933,-3894.73046875,530.080078125,60,182560.0,182416.0,184288.0,183108.8,846.38054509697,182416.0,184288.0,60,4.0,4.0,4.0,4.0,0.0,4.0,4.0,60,4.0,4.0,4.0,4.0,0.0,4.0,4.0,60,1.0,1.0,1.0,1.0,0.0,1.0,1.0,60,3.0,3.0,3.0,3.0,0.0,3.0,3.0,60,100.0,100.0,100.0,100.0,0.0,100.0,100.0,60,1.2876213592233,1.2876213592233001,1.2876213592233,1.2876213592233,0.0,1.2876213592233,1.2876213592233,60,100.0,100.0,100.0,100.0,0.0,100.0,100.0,60,8.0,8.0,8.0,8.0,0.0,8.0,8.0,60,8.0,8.0,8.0,7.85,0.6593525329532484,5.0,8.0,60,21.0,21.0,21.0,21.0,0.0,21.0,21.0,,,,,,,,
phase1,K_simpleui_vos_bookshelf,paging,paging,hierarchical,2000,open_bookshelf,PASS,3,3,0,0,3,100.219,68.33420000000001,104.4446,88.69433333333332,24.677382708328963,60.363,105.501,3,16463.821289062,16429.624414062004,21035.8267578124,18354.574869791333,3311.969433299963,16421.075195312,22178.828125,3,424.822265625,-273.01835937500005,5462.341796875,2233.0218098958335,3911.719194170657,-447.478515625,6721.7216796875,3,200208.0,197161.6,204009.59999999998,200522.66666666666,4288.66661485051,196400.0,204960.0,3,1.0,1.0,1.0,1.0,0.0,1.0,1.0,3,1.0,1.0,1.0,1.0,0.0,1.0,1.0,3,1.0,1.0,1.0,1.0,0.0,1.0,1.0,3,0.0,0.0,0.0,0.0,0.0,0.0,0.0,3,100.0,100.0,100.0,100.0,0.0,100.0,100.0,3,1.0,1.0,1.0,1.0,0.0,1.0,1.0,3,100.0,100.0,100.0,100.0,0.0,100.0,100.0,,,,,,,,,,,,,,,,,3,21.0,21.0,21.0,21.0,0.0,21.0,21.0,,,,,,,,
phase1,K_simpleui_vos_bookshelf,paging,paging,hierarchical,2000,paging_probe_step_2_to_3,PASS,3,3,0,0,3,16.68,14.691200000000002,22.528,18.288,5.092116652238045,14.194,23.99,3,14655.250976562,14544.9994140628,14888.439257812399,14706.474609375,219.1859393186407,14517.436523438,14946.736328125,3,458.5205078125,-345.77714843750005,460.24785156250005,124.1162109375,581.0761398112884,-546.8515625,460.6796875,3,194752.0,192025.6,195417.6,193893.33333333334,2246.637784186257,191344.0,195584.0,3,4.0,4.0,4.0,4.0,0.0,4.0,4.0,3,4.0,4.0,4.0,4.0,0.0,4.0,4.0,3,1.0,1.0,1.0,1.0,0.0,1.0,1.0,3,3.0,3.0000000000000004,3.0,3.0,0.0,3.0,3.0,3,100.0,100.0,100.0,100.0,0.0,100.0,100.0,3,1.2876213592233,1.2876213592233,1.2876213592233,1.2876213592233,0.0,1.2876213592233,1.2876213592233,3,100.0,100.0,100.0,100.0,0.0,100.0,100.0,3,8.0,8.0,8.0,8.0,0.0,8.0,8.0,3,8.0,8.0,8.0,8.0,0.0,8.0,8.0,3,21.0,21.0,21.0,21.0,0.0,21.0,21.0,,,,,,,,
phase1,K_simpleui_vos_bookshelf,steady_state_cold,startup,hierarchical,2000,home_to_library,PASS,3,3,0,0,3,9.779,9.1822,10.8454,9.974666666666666,1.053220932821473,9.033,11.112,3,13382.849609375,13353.6097656254,13401.599609375,13378.478841146001,30.231554576079326,13346.299804688,13406.287109375,3,356.2890625,333.29921875,378.8671875,356.1175130208333,28.480367964937415,327.5517578125,384.51171875,3,178224.0,172182.40000000002,182371.19999999998,177434.66666666666,6404.585024287939,170672.0,183408.0,3,6.0,6.000000000000001,6.0,6.0,0.0,6.0,6.0,3,6.0,6.000000000000001,6.0,6.0,0.0,6.0,6.0,3,2.0,2.0,2.0,2.0,0.0,2.0,2.0,3,4.0,4.0,4.0,4.0,0.0,4.0,4.0,3,100.0,100.0,100.0,100.0,0.0,100.0,100.0,3,2.3834951456311,2.3834951456311,2.3834951456311,2.3834951456311,0.0,2.3834951456311,2.3834951456311,3,100.0,100.0,100.0,100.0,0.0,100.0,100.0,,,,,,,,,,,,,,,,,,,,,,,,,,,,,,,,
phase1,K_simpleui_vos_bookshelf,steady_state_cold,startup,hierarchical,2000,library_first_render,PASS,3,3,0,0,3,23.978,23.326,24.126,23.768,0.5320479301717095,23.163,24.163,3,14216.360351562,14186.644726562,14216.6376953124,14204.094401041331,21.54618019582561,14179.215820312,14216.70703125,3,815.935546875,799.420703125,821.254296875,811.2705078125,14.231484514330486,795.2919921875,822.583984375,3,179296.0,178579.2,182739.19999999998,180432.0,2779.9050343491954,178400.0,183600.0,3,11.0,11.0,11.0,11.0,0.0,11.0,11.0,3,11.0,11.0,11.0,11.0,0.0,11.0,11.0,3,3.0,3.0000000000000004,3.0,3.0,0.0,3.0,3.0,3,8.0,8.0,8.0,8.0,0.0,8.0,8.0,3,100.0,100.0,100.0,100.0,0.0,100.0,100.0,3,3.7742718446602,3.7742718446602,3.7742718446602,3.7742718446602,0.0,3.7742718446602,3.7742718446602,3,100.0,100.0,100.0,100.0,0.0,100.0,100.0,,,,,,,,,,,,,,,,,,,,,,,,,,,,,,,,
phase1,K_simpleui_vos_bookshelf,warm,synthetic,flat,2000,bookshelf_cached_paging,PASS,1,30,0,0,30,163.1255,159.37269999999998,180.6348,166.9013,8.408861566105786,158.714,184.758,30,140627.350097655,123072.73349609801,159141.74169921599,140916.3453125,13603.001275668677,119249.31542969,163518.92480469,30,1536.3232421875,1363.18603515625,1644.6911132812502,1507.8897135416667,134.1736959800414,1220.873046875,1920.1669921875,30,345792.0,345792.0,352979.2,347410.13333333336,3446.389532423084,345792.0,357984.0,30,0.0,0.0,0.0,0.0,0.0,0.0,0.0,30,8.0,8.0,8.0,8.0,0.0,8.0,8.0,30,0.0,0.0,0.0,0.0,0.0,0.0,0.0,30,8.0,8.0,8.0,8.0,0.0,8.0,8.0,30,64.199029126214,64.199029126214,64.199029126214,64.199029126214,0.0,64.199029126214,64.199029126214,30,1.2034720913061,1.2034720913061,1.2034720913061,1.2034720913061,0.0,1.2034720913061,1.2034720913061,30,64.199029126214,64.199029126214,64.199029126214,64.199029126214,0.0,64.199029126214,64.199029126214,30,8.0,8.0,8.0,8.0,0.0,8.0,8.0,30,8.0,8.0,8.0,8.0,0.0,8.0,8.0,30,250.0,250.0,250.0,250.0,0.0,250.0,250.0,,,,,,,,
phase1,K_simpleui_vos_bookshelf,warm,synthetic,flat,2000,bookshelf_cached_paging_anim_off,PASS,1,30,0,0,30,9.7925,8.7445,19.979599999999998,12.237066666666667,4.84099327890845,8.401,25.986,30,234317.51953125,216648.407910161,251224.056054683,229839.7971028647,25971.421269060804,129110.12207031,255468.34179688,30,1504.38525390625,-11228.63925781249,1628.5615234375,-2891.2008789062666,12484.667324918804,-42994.130859375,1799.2880859375,30,445176.0,426918.4,464577.6,445412.26666666666,13938.36722969678,422288.0,464640.0,30,1.0,1.0,1.0,1.0,0.0,1.0,1.0,30,1.0,1.0,1.0,1.0,0.0,1.0,1.0,30,0.0,0.0,0.0,0.0,0.0,0.0,0.0,30,1.0,1.0,1.0,1.0,0.0,1.0,1.0,30,64.199029126214,64.199029126214,64.199029126214,64.199029126214,0.0,64.199029126214,64.199029126214,30,0.64199029126214,0.64199029126214,0.64199029126214,0.64199029126214,0.0,0.64199029126214,0.64199029126214,30,64.199029126214,64.199029126214,64.199029126214,64.199029126214,0.0,64.199029126214,64.199029126214,30,8.0,8.0,8.0,8.0,0.0,8.0,8.0,30,8.0,8.0,8.0,8.0,0.0,8.0,8.0,30,250.0,250.0,250.0,250.0,0.0,250.0,250.0,,,,,,,,
phase1,K_simpleui_vos_bookshelf,warm,synthetic,flat,2000,bookshelf_first_render,PASS,1,10,0,0,10,12.859000000000002,9.092600000000001,107.4605,32.9082,45.35868809047379,8.369,131.234,10,105079.896972655,103102.75048828301,112123.857910156,106128.06591796801,3655.9497431772775,102367.40039062,113265.40332031,10,1098.5185546875,-3515.16992187505,1250.2244140625,-449.94277343755004,3865.0617583242774,-10900.627929688,1265.7353515625,10,310016.0,310016.0,310016.0,310016.0,0.0,310016.0,310016.0,10,1.0,1.0,1.5999999999999979,1.6,1.8973665961010275,1.0,7.0,10,1.0,1.0,1.5999999999999979,1.6,1.8973665961010275,1.0,7.0,10,1.0,1.0,1.5999999999999979,1.6,1.8973665961010275,1.0,7.0,10,0.0,0.0,0.0,0.0,0.0,0.0,0.0,10,100.0,100.0,100.0,100.0,0.0,100.0,100.0,10,1.0,1.0,1.5999999999999979,1.6,1.8973665961010275,1.0,7.0,10,100.0,100.0,100.0,100.0,0.0,100.0,100.0,,,,,,,,,,,,,,,,,10,250.0,250.0,250.0,250.0,0.0,250.0,250.0,,,,,,,,
phase1,K_simpleui_vos_bookshelf,warm,synthetic,flat,2000,bookshelf_sequential_paging,PASS,1,30,0,0,30,185.88150000000002,179.8697,201.7652,188.3265,12.526180973299967,166.061,225.455,30,124106.89111328,110278.231933596,143741.041406252,125594.17307942701,12796.010044778723,108666.96875,148346.0234375,30,1616.5810546875,1335.42626953125,1756.0791015625,241.62822265626673,7419.1467170424385,-39022.731445312,1914.1201171875,30,322728.0,315643.19999999995,340897.6,325895.4666666667,10315.294502401004,315216.0,341024.0,30,0.0,0.0,0.0,0.0,0.0,0.0,0.0,30,8.0,8.0,8.0,8.0,0.0,8.0,8.0,30,0.0,0.0,0.0,0.0,0.0,0.0,0.0,30,8.0,8.0,8.0,8.0,0.0,8.0,8.0,30,64.199029126214,64.199029126214,64.199029126214,64.199029126214,0.0,64.199029126214,64.199029126214,30,1.2034720913061,1.2034720913061,1.2034720913061,1.2034720913061,0.0,1.2034720913061,1.2034720913061,30,64.199029126214,64.199029126214,64.199029126214,64.199029126214,0.0,64.199029126214,64.199029126214,30,8.0,8.0,8.0,8.0,0.0,8.0,8.0,30,8.0,8.0,8.0,8.0,0.0,8.0,8.0,30,250.0,250.0,250.0,250.0,0.0,250.0,250.0,,,,,,,,
phase1,K_simpleui_vos_bookshelf,warm,synthetic,flat,2000,bookshelf_sequential_paging_anim_off,PASS,1,30,0,0,30,16.9625,15.344100000000001,19.1355,17.193233333333335,2.863732850708998,8.55,26.813,30,188964.39892578,170983.17988281502,207189.179003904,189033.95224609334,13764.796516791923,166391.51757812,211689.09082031,30,1555.6005859375,1504.0572265625,1612.41162109375,1558.53662109375,44.66962513463584,1471.4794921875,1648.3388671875,30,390888.0,371019.19999999995,410942.4,390877.3333333333,15236.596862620701,365920.0,415888.0,30,1.0,1.0,1.0,1.0,0.0,1.0,1.0,30,1.0,1.0,1.0,1.0,0.0,1.0,1.0,30,0.0,0.0,0.0,0.0,0.0,0.0,0.0,30,1.0,1.0,1.0,1.0,0.0,1.0,1.0,30,64.199029126214,64.199029126214,64.199029126214,64.199029126214,0.0,64.199029126214,64.199029126214,30,0.64199029126214,0.64199029126214,0.64199029126214,0.64199029126214,0.0,0.64199029126214,0.64199029126214,30,64.199029126214,64.199029126214,64.199029126214,64.199029126214,0.0,64.199029126214,64.199029126214,30,8.0,8.0,8.0,8.0,0.0,8.0,8.0,30,8.0,8.0,8.0,8.0,0.0,8.0,8.0,30,250.0,250.0,250.0,250.0,0.0,250.0,250.0,,,,,,,,
phase1,K_simpleui_vos_bookshelf,warm,synthetic,flat,2000,change_sort_mode,PASS,1,10,0,0,10,89.805,66.19529999999999,131.1121,95.2105,25.079919689088143,64.722,138.988,10,19175.5703125,18376.048828125,29523.505371093303,23030.2462890624,5475.114341278613,18277.83984375,29652.744140625,10,-5090.004394531,-10554.4888671875,10534.3948242187,-1085.4515625,10535.399225393661,-11663.19921875,10635.946289062,10,214768.0,214768.0,214768.0,214768.0,0.0,214768.0,214768.0,10,15.0,15.0,15.0,15.0,0.0,15.0,15.0,10,15.0,15.0,15.0,15.0,0.0,15.0,15.0,10,3.0,3.0,3.0,3.0,0.0,3.0,3.0,10,12.0,12.0,12.0,12.0,0.0,12.0,12.0,10,100.0,100.0,100.0,100.0,0.0,100.0,100.0,10,4.1723300970874,4.1723300970874,4.1723300970874,4.1723300970874,0.0,4.1723300970874,4.1723300970874,10,100.0,100.0,100.0,100.0,0.0,100.0,100.0,,,,,,,,,,,,,,,,,,,,,,,,,,,,,,,,
phase1,K_simpleui_vos_bookshelf,warm,synthetic,flat,2000,close_book,PASS,1,10,0,0,10,259.943,237.8899,274.17929999999996,247.76590000000002,51.746388753118694,103.204,284.766,10,88850.857421875,80973.8754882812,97775.2272460938,89963.5308593755,9208.654604871683,78504.012695312,110144.31835938,10,1064.44091796875,485.4986328125,2967.745898437446,2227.95117187495,3839.7154318883026,317.8525390625,13029.032226562,10,277328.0,267894.39999999997,280192.0,274329.6,5876.3130390861015,266800.0,281920.0,10,31.0,31.0,31.0,31.0,0.0,31.0,31.0,10,31.0,31.0,31.0,31.0,0.0,31.0,31.0,10,22.0,22.0,22.0,22.0,0.0,22.0,22.0,10,9.0,9.0,9.0,9.0,0.0,9.0,9.0,10,100.0,100.0,100.0,100.0,0.0,100.0,100.0,10,22.866504854369,22.866504854368998,22.866504854369,22.866504854369,0.0,22.866504854369,22.866504854369,10,100.0,100.0,100.0,100.0,0.0,100.0,100.0,,,,,,,,,,,,,,,,,,,,,,,,,,,,,,,,
phase1,K_simpleui_vos_bookshelf,warm,synthetic,flat,2000,close_bookshelf,PASS,1,10,0,0,10,18.055,15.9611,122.93249999999999,39.012,45.685757021928254,15.818,128.976,10,107617.921875,103411.400976565,110519.782226563,107310.11201172,3019.961342354421,102604.52636719,112303.16210938,10,642.06494140625,-9540.354785156249,794.22841796875,-1447.9041015625,4511.814798346266,-10553.33203125,832.556640625,10,470864.0,470860.80000000005,470864.0,470860.8,10.119288512538814,470832.0,470864.0,10,5.0,5.0,5.0,5.0,0.0,5.0,5.0,10,5.0,5.0,5.0,5.0,0.0,5.0,5.0,10,4.0,4.0,4.0,4.0,0.0,4.0,4.0,10,1.0,1.0,1.0,1.0,0.0,1.0,1.0,10,100.0,100.0,100.0,100.0,0.0,100.0,100.0,10,4.061286407767,4.061286407767,4.061286407767,4.061286407767,0.0,4.061286407767,4.061286407767,10,100.0,100.0,100.0,100.0,0.0,100.0,100.0,,,,,,,,,,,,,,,,,,,,,,,,,,,,,,,,
phase1,K_simpleui_vos_bookshelf,warm,synthetic,flat,2000,close_quick_settings,PASS,1,10,0,0,10,8.4315,7.763,8.968999999999998,8.4592,0.5574628637357328,7.421,9.401,10,110740.51220703,109362.905371096,112082.467675783,110731.30058593601,1142.2394359540056,109024.52734375,112414.65820312,10,31.4013671875,23.66240234375,42.184375,32.43876953125,7.388213740203492,23.1376953125,43.8525390625,10,473008.0,473008.0,473008.0,473008.0,0.0,473008.0,473008.0,10,3.0,3.0,3.0,3.0,0.0,3.0,3.0,10,3.0,3.0,3.0,3.0,0.0,3.0,3.0,10,3.0,3.0,3.0,3.0,0.0,3.0,3.0,10,0.0,0.0,0.0,0.0,0.0,0.0,0.0,10,100.0,100.0,100.0,100.0,0.0,100.0,100.0,10,3.0,3.0,3.0,3.0,0.0,3.0,3.0,10,100.0,100.0,100.0,100.0,0.0,100.0,100.0,,,,,,,,,,,,,,,,,,,,,,,,,,,,,,,,
phase1,K_simpleui_vos_bookshelf,warm,synthetic,flat,2000,home_to_library,PASS,1,10,0,0,10,9.716999999999999,7.7954,14.7252,10.6714,2.9470085472861762,7.745,15.438,10,17576.411621093997,16607.9086914062,19033.424609374997,17751.5666992187,1088.754154322787,16562.965820312,20069.15234375,10,688.6357421875,597.48173828125,838.86123046875,714.04619140625,101.84682342578036,579.9326171875,893.1240234375,10,190600.0,190144.0,190888.0,190520.0,339.93463423951897,190144.0,190960.0,10,6.0,6.0,6.0,6.0,0.0,6.0,6.0,10,6.0,6.0,6.0,6.0,0.0,6.0,6.0,10,2.0,2.0,2.0,2.0,0.0,2.0,2.0,10,4.0,4.0,4.0,4.0,0.0,4.0,4.0,10,100.0,100.0,100.0,100.0,0.0,100.0,100.0,10,2.3834951456311,2.3834951456311,2.3834951456311,2.3834951456311,0.0,2.3834951456311,2.3834951456311,10,100.0,100.0,100.0,100.0,0.0,100.0,100.0,,,,,,,,,,,,,,,,,,,,,,,,,,,,,,,,
phase1,K_simpleui_vos_bookshelf,warm,synthetic,flat,2000,library_cached_paging,PASS,1,30,0,0,30,12.3745,10.077100000000002,33.4678,16.308566666666668,9.115324216086218,7.571,37.825,30,20687.6650390625,19621.12890625,21956.4506835942,20703.2654947917,891.6329590617574,19423.603515625,22435.778320312,30,504.931640625,-2403.52529296875,590.12734375,-19.070833333333333,1118.0089425659983,-2781.8779296875,682.2431640625,30,210928.0,210928.0,210928.0,210928.0,0.0,210928.0,210928.0,30,4.0,4.0,4.0,4.0,0.0,4.0,4.0,30,4.0,4.0,4.0,4.0,0.0,4.0,4.0,30,1.0,1.0,1.0,1.0,0.0,1.0,1.0,30,3.0,3.0,3.0,3.0,0.0,3.0,3.0,30,100.0,100.0,100.0,100.0,0.0,100.0,100.0,30,1.2930825242718,1.2930825242718,1.2930825242718,1.2930825242718,0.0,1.2930825242718,1.2930825242718,30,100.0,100.0,100.0,100.0,0.0,100.0,100.0,30,8.0,8.0,8.0,8.0,0.0,8.0,8.0,30,8.0,8.0,8.0,8.0,0.0,8.0,8.0,30,250.0,250.0,250.0,250.0,0.0,250.0,250.0,,,,,,,,
phase1,K_simpleui_vos_bookshelf,warm,synthetic,flat,2000,library_first_render,PASS,1,10,0,0,10,59.191500000000005,52.819900000000004,78.5378,63.799400000000006,12.699697093500562,51.955,89.237,10,26471.462402343503,19991.6625000004,28061.812792968798,24684.056640625,4340.482891563989,19737.583007812,32520.506835938,10,6028.9052734375,-8081.44873046875,6635.651171875,579.23173828125,7767.6155194747025,-12794.095703125,6868.55078125,10,208448.0,204372.80000000002,210372.8,207553.6,3804.8274365892366,197936.0,210416.0,10,11.0,11.0,11.0,11.0,0.0,11.0,11.0,10,11.0,11.0,11.0,11.0,0.0,11.0,11.0,10,3.0,3.0,3.0,3.0,0.0,3.0,3.0,10,8.0,8.0,8.0,8.0,0.0,8.0,8.0,10,100.0,100.0,100.0,100.0,0.0,100.0,100.0,10,3.7815533980583,3.7815533980583,3.7815533980583,3.7815533980583,0.0,3.7815533980583,3.7815533980583,10,100.0,100.0,100.0,100.0,0.0,100.0,100.0,,,,,,,,,,,,,,,,,,,,,,,,,,,,,,,,
phase1,K_simpleui_vos_bookshelf,warm,synthetic,flat,2000,library_folder_back,PASS,1,10,0,0,10,85.83449999999999,67.8467,94.0787,82.796,11.074393085953842,66.413,95.264,10,19331.67578125,19043.551171875,29732.827539062997,22198.8662109376,4850.856398691578,18965.296875,30247.518554688,10,-542.23486328125,-9423.4157226563,10567.7588867188,827.7982421875,7797.373351680205,-11520.624023438,10697.389648438,10,214768.0,214768.0,214768.0,214768.0,0.0,214768.0,214768.0,10,13.0,13.0,13.0,13.0,0.0,13.0,13.0,10,13.0,13.0,13.0,13.0,0.0,13.0,13.0,10,3.0,3.0,3.0,3.0,0.0,3.0,3.0,10,10.0,10.0,10.0,10.0,0.0,10.0,10.0,10,100.0,100.0,100.0,100.0,0.0,100.0,100.0,10,3.9769417475728,3.9769417475728,3.9769417475728,3.9769417475728006,0.0,3.9769417475728,3.9769417475728,10,100.0,100.0,100.0,100.0,0.0,100.0,100.0,,,,,,,,,,,,,,,,,,,,,,,,,,,,,,,,
phase1,K_simpleui_vos_bookshelf,warm,synthetic,flat,2000,library_folder_enter,PASS,1,10,0,0,10,6.179,5.9293,10.424999999999995,8.3574,5.348653978131113,5.896,23.205,10,19865.732421875,19307.219140625,28591.576757812,21491.129785156103,4370.029484894537,17208.1484375,30778.204101562,10,588.17919921875,-768.7037109375497,600.76025390625,-733.3791992188001,4175.873020557221,-12618.026367188,611.0478515625,10,212600.0,212355.2,214692.8,213347.2,1148.879724872113,212240.0,214736.0,10,13.0,13.0,13.0,13.0,0.0,13.0,13.0,10,13.0,13.0,13.0,13.0,0.0,13.0,13.0,10,3.0,3.0,3.0,3.0,0.0,3.0,3.0,10,10.0,10.0,10.0,10.0,0.0,10.0,10.0,10,100.0,100.0,100.0,100.0,0.0,100.0,100.0,10,3.9769417475728,3.9769417475728,3.9769417475728,3.9769417475728006,0.0,3.9769417475728,3.9769417475728,10,100.0,100.0,100.0,100.0,0.0,100.0,100.0,,,,,,,,,,,,,,,,,,,,,,,,,,,,,,,,
phase1,K_simpleui_vos_bookshelf,warm,synthetic,flat,2000,library_sequential_paging,PASS,1,30,0,0,30,13.506,11.766000000000002,34.4181,17.146400000000003,9.4419529160532,8.67,46.332,30,19976.667480468503,19219.4796875,21308.203515625,20122.168782552068,778.4662879960875,18841.801757812,21723.999023438,30,344.02294921875,-1375.32734375,375.66298828125,-11.051595052083334,889.1701630604948,-2834.1279296875,437.787109375,30,210928.0,210928.0,210928.0,210928.0,0.0,210928.0,210928.0,30,4.0,4.0,4.0,4.0,0.0,4.0,4.0,30,4.0,4.0,4.0,4.0,0.0,4.0,4.0,30,1.0,1.0,1.0,1.0,0.0,1.0,1.0,30,3.0,3.0,3.0,3.0,0.0,3.0,3.0,30,100.0,100.0,100.0,100.0,0.0,100.0,100.0,30,1.2930825242718,1.2930825242718,1.2930825242718,1.2930825242718,0.0,1.2930825242718,1.2930825242718,30,100.0,100.0,100.0,100.0,0.0,100.0,100.0,30,8.0,8.0,8.0,8.0,0.0,8.0,8.0,30,8.0,8.0,8.0,8.0,0.0,8.0,8.0,30,250.0,250.0,250.0,250.0,0.0,250.0,250.0,,,,,,,,
phase1,K_simpleui_vos_bookshelf,warm,synthetic,flat,2000,open_book,PASS,1,10,0,0,10,135.835,109.74929999999999,149.2709,131.9831,19.304876749728862,104.784,162.896,10,62747.328125,54001.4163085938,70625.05,62469.5299804689,6779.013705127836,52364.807617188,72195.103515625,10,1067.12890625,138.79462890625,1325.4761718749999,945.64462890625,535.3466401737365,-177.763671875,1603.13671875,10,247200.0,238833.6,254288.0,246588.8,6239.5113198960635,237840.0,254288.0,10,9.0,9.0,9.0,9.0,0.0,9.0,9.0,10,9.0,9.0,9.0,9.0,0.0,9.0,9.0,10,9.0,9.0,9.0,9.0,0.0,9.0,9.0,10,0.0,0.0,0.0,0.0,0.0,0.0,0.0,10,100.0,100.0,100.0,100.0,0.0,100.0,100.0,10,9.0,9.0,9.0,9.0,0.0,9.0,9.0,10,100.0,100.0,100.0,100.0,0.0,100.0,100.0,,,,,,,,,,,,,,,,,,,,,,,,,,,,,,,,
phase1,K_simpleui_vos_bookshelf,warm,synthetic,flat,2000,open_book_minimal,PASS,1,10,0,0,10,94.65,59.7609,125.5255,94.9649,26.903392604940283,53.262,128.059,10,35699.3676757815,27372.5169921875,43903.980273437504,35515.818847656294,6937.044147823077,25687.912109375,45757.310546875,10,496.4345703125,-10420.0100585942,1279.35478515625,-3500.2679687501004,5806.4341808589015,-10628.1640625,1368.5576171875,10,227792.0,227792.0,227792.0,227792.0,0.0,227792.0,227792.0,10,0.0,0.0,0.0,0.0,0.0,0.0,0.0,10,0.0,0.0,0.0,0.0,0.0,0.0,0.0,10,0.0,0.0,0.0,0.0,0.0,0.0,0.0,10,0.0,0.0,0.0,0.0,0.0,0.0,0.0,10,0.0,0.0,0.0,0.0,0.0,0.0,0.0,10,0.0,0.0,0.0,0.0,0.0,0.0,0.0,10,0.0,0.0,0.0,0.0,0.0,0.0,0.0,,,,,,,,,,,,,,,,,,,,,,,,,,,,,,,,
phase1,K_simpleui_vos_bookshelf,warm,synthetic,flat,2000,open_bookshelf,PASS,1,10,0,0,10,14.328,13.0812,18.0401,15.007499999999999,2.0987623469294685,13.011,18.167,10,108739.961914065,105121.942480467,124533.082128902,111224.87666015599,7799.86312650585,104122.16992188,126423.66308594,10,1302.61328125,1219.16298828125,1424.53369140625,1313.16162109375,83.02337324053559,1212.2626953125,1425.935546875,10,309920.0,308356.8,309920.0,309393.6,1228.8085647849664,306096.0,309920.0,10,1.0,1.0,1.0,1.0,0.0,1.0,1.0,10,1.0,1.0,1.0,1.0,0.0,1.0,1.0,10,1.0,1.0,1.0,1.0,0.0,1.0,1.0,10,0.0,0.0,0.0,0.0,0.0,0.0,0.0,10,100.0,100.0,100.0,100.0,0.0,100.0,100.0,10,1.0,1.0,1.0,1.0,0.0,1.0,1.0,10,100.0,100.0,100.0,100.0,0.0,100.0,100.0,,,,,,,,,,,,,,,,,10,250.0,250.0,250.0,250.0,0.0,250.0,250.0,,,,,,,,
phase1,K_simpleui_vos_bookshelf,warm,synthetic,flat,2000,open_quick_settings,PASS,1,10,0,0,10,28.987000000000002,21.886000000000003,90.10489999999983,76.99510000000001,152.1108968369605,18.889,509.459,10,109832.80566406,104816.565429685,114997.136816404,109852.422363279,4474.070877446164,103890.98925781,115834.5859375,10,878.35205078125,-505.8803710937498,989.63701171875,-380.21494140625,4073.9199456327005,-11970.830078125,1139.2822265625,10,473008.0,473008.0,473008.0,473008.0,0.0,473008.0,473008.0,10,8.0,8.0,8.0,8.0,0.0,8.0,8.0,10,8.0,8.0,8.0,8.0,0.0,8.0,8.0,10,4.0,4.0,4.0,4.0,0.0,4.0,4.0,10,4.0,4.0,4.0,4.0,0.0,4.0,4.0,10,100.0,100.0,100.0,100.0,0.0,100.0,100.0,10,4.3834951456311,4.3834951456311,4.3834951456311,4.3834951456311,0.0,4.3834951456311,4.3834951456311,10,100.0,100.0,100.0,100.0,0.0,100.0,100.0,,,,,,,,,,,,,,,,,,,,,,,,,,,,,,,,
phase1,K_simpleui_vos_bookshelf,warm,synthetic,flat,2000,repeated_nav,PASS,1,2,0,0,2,353.1965,241.9353,464.4577,353.1965,196.68387250738178,214.12,492.273,2,108976.50830078,105637.87431640399,112315.142285156,108976.50830078,5901.926825630331,104803.21582031,113149.80078125,2,3806.669921875,208.83242187500002,7404.507421875,3806.669921875,6360.138234643138,-690.626953125,8303.966796875,2,473008.0,473008.0,473008.0,473008.0,0.0,473008.0,473008.0,2,40.0,40.0,40.0,40.0,0.0,40.0,40.0,2,40.0,40.0,40.0,40.0,0.0,40.0,40.0,2,10.0,10.0,10.0,10.0,0.0,10.0,10.0,2,30.0,30.0,30.0,30.0,0.0,30.0,30.0,2,100.0,100.0,100.0,100.0,0.0,100.0,100.0,2,12.876213592233,12.876213592233,12.876213592233,12.876213592233,0.0,12.876213592233,12.876213592233,2,100.0,100.0,100.0,100.0,0.0,100.0,100.0,,,,,,,,,,,,,,,,,,,,,,,,,,,,,,,,
phase1,K_simpleui_vos_bookshelf,warm,synthetic,flat,2000,start_to_home,PASS,1,10,0,0,10,15.378499999999999,13.9292,27.000899999999998,19.599600000000002,7.938999547941933,8.585,34.425,10,17023.943847656003,15761.582617187,18164.3495117187,16849.5429687497,1135.0678860500825,15659.731445312,19125.450195312,10,383.8623046875,-2788.728515625,443.19326171874997,-833.962109375,1705.6906572663986,-4061.7275390625,448.720703125,10,189856.0,189630.4,190144.0,189708.8,700.5491179543849,187744.0,190144.0,10,4.0,4.0,4.0,4.0,0.0,4.0,4.0,10,4.0,4.0,4.0,4.0,0.0,4.0,4.0,10,3.0,3.0,3.0,3.0,0.0,3.0,3.0,10,1.0,1.0,1.0,1.0,0.0,1.0,1.0,10,100.0,100.0,100.0,100.0,0.0,100.0,100.0,10,3.061286407767,3.061286407767,3.061286407767,3.061286407767,0.0,3.061286407767,3.061286407767,10,100.0,100.0,100.0,100.0,0.0,100.0,100.0,,,,,,,,,,,,,,,,,,,,,,,,,,,,,,,,
phase1,K_simpleui_vos_bookshelf,warm,synthetic,flat,50,bookshelf_cached_paging,PASS,1,30,0,0,30,188.47,183.1431,192.5592,187.73013333333333,4.88836198313514,174.157,200.953,30,79304.876953125,61820.77265625,98725.7508789058,79598.12500000023,14279.182084052474,57053.21875,103501.92089844,30,1634.708984375,1544.03212890625,1734.79697265625,1136.7460286458333,1945.9477295784068,-6247.5693359375,1847.068359375,30,289456.0,280240.0,310438.4,292396.8,12323.612475300386,280240.0,315696.0,30,0.0,0.0,0.0,0.0,0.0,0.0,0.0,30,8.0,8.0,8.0,8.0,0.0,8.0,8.0,30,0.0,0.0,0.0,0.0,0.0,0.0,0.0,30,8.0,8.0,8.0,8.0,0.0,8.0,8.0,30,64.199029126214,64.199029126214,64.199029126214,64.199029126214,0.0,64.199029126214,64.199029126214,30,1.2034720913061,1.2034720913061,1.2034720913061,1.2034720913061,0.0,1.2034720913061,1.2034720913061,30,64.199029126214,64.199029126214,64.199029126214,64.199029126214,0.0,64.199029126214,64.199029126214,30,8.0,8.0,8.0,8.0,0.0,8.0,8.0,30,8.0,8.0,8.0,8.0,0.0,8.0,8.0,30,7.0,7.0,7.0,7.0,0.0,7.0,7.0,,,,,,,,
phase1,K_simpleui_vos_bookshelf,warm,synthetic,flat,50,bookshelf_cached_paging_anim_off,PASS,1,30,0,0,30,17.998,15.8928,22.257000000000012,19.252299999999998,4.584991040114586,15.445,35.565,30,82191.413085938,63192.8572265625,125009.734472652,87341.936393229,22520.039390605805,58496.350585938,129728.515625,30,1608.8203125,1540.99013671875,1703.97978515625,-851.4883789062167,10126.098292673054,-49500.934570312,1774.0830078125,30,349504.0,345123.2,349504.0,348485.86666666664,2487.4707793582056,339968.0,349504.0,30,1.0,1.0,1.0,1.0,0.0,1.0,1.0,30,1.0,1.0,1.0,1.0,0.0,1.0,1.0,30,0.0,0.0,0.0,0.0,0.0,0.0,0.0,30,1.0,1.0,1.0,1.0,0.0,1.0,1.0,30,64.199029126214,64.199029126214,64.199029126214,64.199029126214,0.0,64.199029126214,64.199029126214,30,0.64199029126214,0.64199029126214,0.64199029126214,0.64199029126214,0.0,0.64199029126214,0.64199029126214,30,64.199029126214,64.199029126214,64.199029126214,64.199029126214,0.0,64.199029126214,64.199029126214,30,8.0,8.0,8.0,8.0,0.0,8.0,8.0,30,8.0,8.0,8.0,8.0,0.0,8.0,8.0,30,7.0,7.0,7.0,7.0,0.0,7.0,7.0,,,,,,,,
phase1,K_simpleui_vos_bookshelf,warm,synthetic,flat,50,bookshelf_first_render,PASS,1,10,0,0,10,17.351,16.1752,48.8191,23.8084,14.563546715458198,16.042,54.346,10,51402.8583984375,48809.633984374996,59721.2493164067,52646.9715820313,4228.49388890412,48795.916015625,60863.162109375,10,1253.828125,-4647.85849609375,1335.7779296874999,-574.91630859375,4344.511725204203,-12069.87109375,1344.30859375,10,264816.0,263350.4,264832.0,264416.0,911.485234841099,262112.0,264832.0,10,1.0,1.0,1.0,1.0,0.0,1.0,1.0,10,1.0,1.0,1.0,1.0,0.0,1.0,1.0,10,1.0,1.0,1.0,1.0,0.0,1.0,1.0,10,0.0,0.0,0.0,0.0,0.0,0.0,0.0,10,100.0,100.0,100.0,100.0,0.0,100.0,100.0,10,1.0,1.0,1.0,1.0,0.0,1.0,1.0,10,100.0,100.0,100.0,100.0,0.0,100.0,100.0,,,,,,,,,,,,,,,,,10,7.0,7.0,7.0,7.0,0.0,7.0,7.0,,,,,,,,
phase1,K_simpleui_vos_bookshelf,warm,synthetic,flat,50,bookshelf_sequential_paging,PASS,1,6,0,0,6,190.17700000000002,181.415,203.206,191.59933333333333,10.495301780638163,176.69,206.319,6,61348.9521484375,56978.154785156,64715.0268554685,61014.044596354004,3632.88712573625,55793.504882812,65181.525390625,6,2040.859375,1339.5498046875,2301.66845703125,1894.02587890625,518.9143060461226,921.1103515625,2355.4287109375,6,271048.0,270752.0,273768.0,271856.0,1531.1924764705448,270752.0,274304.0,6,0.0,0.0,0.5,0.16666666666666666,0.408248290463863,0.0,1.0,6,8.0,8.0,8.5,8.166666666666666,0.408248290463863,8.0,9.0,6,0.0,0.0,0.5,0.16666666666666666,0.408248290463863,0.0,1.0,6,8.0,8.0,8.0,8.0,0.0,8.0,8.0,6,64.199029126214,64.199029126214,82.099514563107,70.16585760517833,14.615685156169686,64.199029126214,100.0,6,1.2034720913061,1.2034720913061,1.7034720913061001,1.3701387579727664,0.40824829046386313,1.2034720913061,2.2034720913061,6,64.199029126214,64.199029126214,82.099514563107,70.16585760517833,14.615685156169686,64.199029126214,100.0,6,8.0,8.0,8.0,8.0,0.0,8.0,8.0,6,8.0,5.0,8.0,7.0,2.449489742783178,2.0,8.0,6,7.0,7.0,7.0,7.0,0.0,7.0,7.0,,,,,,,,
phase1,K_simpleui_vos_bookshelf,warm,synthetic,flat,50,bookshelf_sequential_paging_anim_off,PASS,1,6,0,0,6,26.7055,19.5605,37.667500000000004,27.977833333333336,8.920741884320309,17.888,40.917,6,111514.90869141,107656.20800781,114679.22802734,111283.44824218667,3263.550710415996,106718.10253906,115200.93945312,6,1746.67724609375,1372.13232421875,1967.23876953125,1695.3494466145833,347.09503714614533,1040.7197265625,2061.8173828125,6,329104.0,324904.0,332536.0,328848.0,3548.8851207104462,323888.0,333120.0,6,1.0,1.0,1.0,1.0,0.0,1.0,1.0,6,1.0,1.0,1.0,1.0,0.0,1.0,1.0,6,0.0,0.0,0.0,0.0,0.0,0.0,0.0,6,1.0,1.0,1.0,1.0,0.0,1.0,1.0,6,64.199029126214,64.199029126214,64.199029126214,64.199029126214,0.0,64.199029126214,64.199029126214,6,0.64199029126214,0.64199029126214,0.64199029126214,0.64199029126214,0.0,0.64199029126214,0.64199029126214,6,64.199029126214,64.199029126214,64.199029126214,64.199029126214,0.0,64.199029126214,64.199029126214,6,8.0,8.0,8.0,8.0,0.0,8.0,8.0,6,8.0,5.0,8.0,7.0,2.449489742783178,2.0,8.0,6,7.0,7.0,7.0,7.0,0.0,7.0,7.0,,,,,,,,
phase1,K_simpleui_vos_bookshelf,warm,synthetic,flat,50,change_sort_mode,PASS,1,10,0,0,10,38.55,22.0138,49.7404,37.2952,11.446405790077124,21.283,49.924,10,14449.390625,14396.3537109375,16451.6856445317,15332.0607421876,1298.2635413397045,14395.177734375,18095.302734375,10,43.6796875,-1789.2322265625,1809.87607421875,361.1412109375,1432.0859922399136,-1890.9462890625,1832.869140625,10,189840.0,189840.0,189840.0,189840.0,0.0,189840.0,189840.0,10,15.0,15.0,15.0,15.0,0.0,15.0,15.0,10,15.0,15.0,15.0,15.0,0.0,15.0,15.0,10,3.0,3.0,3.0,3.0,0.0,3.0,3.0,10,12.0,12.0,12.0,12.0,0.0,12.0,12.0,10,100.0,100.0,100.0,100.0,0.0,100.0,100.0,10,4.1723300970874,4.1723300970874,4.1723300970874,4.1723300970874,0.0,4.1723300970874,4.1723300970874,10,100.0,100.0,100.0,100.0,0.0,100.0,100.0,,,,,,,,,,,,,,,,,,,,,,,,,,,,,,,,
phase1,K_simpleui_vos_bookshelf,warm,synthetic,flat,50,close_book,PASS,1,10,0,0,10,44.504,39.9726,51.26289999999999,47.5334,13.675864296879622,37.854,85.552,10,46579.955078125,42320.609667968296,49737.128613281704,45877.4584960938,3533.374057277346,38553.998046875,49820.068359375,10,4310.08984375,3186.9128906250003,4638.0158203125,3755.4611328125,1635.2101461103473,-786.0,4664.560546875,10,246776.0,243204.80000000002,250812.8,246715.2,3294.4466674154014,242240.0,251792.0,10,27.0,27.0,27.3,27.3,0.9486832980505138,27.0,30.0,10,27.0,27.0,27.3,27.3,0.9486832980505138,27.0,30.0,10,18.0,18.0,18.299999999999997,18.3,0.9486832980505138,18.0,21.0,10,9.0,9.0,9.0,9.0,0.0,9.0,9.0,10,100.0,100.0,100.0,100.0,0.0,100.0,100.0,10,18.866504854369,18.866504854369,19.166504854369002,19.166504854369002,0.9486832980505138,18.866504854369,21.866504854369,10,100.0,100.0,100.0,100.0,0.0,100.0,100.0,,,,,,,,,,,,,,,,,,,,,,,,,,,,,,,,
phase1,K_simpleui_vos_bookshelf,warm,synthetic,flat,50,close_bookshelf,PASS,1,10,0,0,10,20.362000000000002,19.734800000000003,58.7329,28.451299999999996,16.227472487865892,19.481,59.623,10,53305.507324219,49095.678515625,57356.05703125,53258.96914062511,2973.7088514875613,49006.564453125,57388.333984375,10,914.93017578125,-10005.53203125,990.5201171875,-1274.7810546875,4659.291382495865,-10249.294921875,1017.2529296875,10,355296.0,355280.0,355312.0,355299.2,12.620970203945847,355280.0,355312.0,10,5.0,5.0,5.0,5.0,0.0,5.0,5.0,10,5.0,5.0,5.0,5.0,0.0,5.0,5.0,10,4.0,4.0,4.0,4.0,0.0,4.0,4.0,10,1.0,1.0,1.0,1.0,0.0,1.0,1.0,10,100.0,100.0,100.0,100.0,0.0,100.0,100.0,10,4.061286407767,4.061286407767,4.061286407767,4.061286407767,0.0,4.061286407767,4.061286407767,10,100.0,100.0,100.0,100.0,0.0,100.0,100.0,,,,,,,,,,,,,,,,,,,,,,,,,,,,,,,,
phase1,K_simpleui_vos_bookshelf,warm,synthetic,flat,50,close_quick_settings,PASS,1,10,0,0,10,9.440999999999999,8.3592,10.2887,9.4116,0.8374647189915262,8.136,10.547,10,55466.3618164065,52969.953808593695,57985.5053710938,55481.2187500001,2119.337350002956,52324.016601562,58665.018554688,10,199.99755859375,175.1943359375,216.34082031249997,198.7751953125,22.104095664046643,160.4990234375,239.939453125,10,357840.0,357840.0,357840.0,357840.0,0.0,357840.0,357840.0,10,3.0,3.0,3.0,3.0,0.0,3.0,3.0,10,3.0,3.0,3.0,3.0,0.0,3.0,3.0,10,3.0,3.0,3.0,3.0,0.0,3.0,3.0,10,0.0,0.0,0.0,0.0,0.0,0.0,0.0,10,100.0,100.0,100.0,100.0,0.0,100.0,100.0,10,3.0,3.0,3.0,3.0,0.0,3.0,3.0,10,100.0,100.0,100.0,100.0,0.0,100.0,100.0,,,,,,,,,,,,,,,,,,,,,,,,,,,,,,,,
phase1,K_simpleui_vos_bookshelf,warm,synthetic,flat,50,home_to_library,PASS,1,10,0,0,10,13.603,11.9685,16.152299999999997,14.693999999999999,5.085664361713227,11.334,28.872,10,14563.2734375,14247.7194335937,16569.6778320312,15039.8916015625,1176.91692182071,13587.895507812,17492.829101562,10,680.88623046875,346.8635742187501,733.4453125,401.47783203125,898.6548372967848,-2153.26171875,734.25390625,10,184032.0,184032.0,184032.0,184032.0,0.0,184032.0,184032.0,10,6.0,6.0,6.0,6.0,0.0,6.0,6.0,10,6.0,6.0,6.0,6.0,0.0,6.0,6.0,10,2.0,2.0,2.0,2.0,0.0,2.0,2.0,10,4.0,4.0,4.0,4.0,0.0,4.0,4.0,10,100.0,100.0,100.0,100.0,0.0,100.0,100.0,10,2.3834951456311,2.3834951456311,2.3834951456311,2.3834951456311,0.0,2.3834951456311,2.3834951456311,10,100.0,100.0,100.0,100.0,0.0,100.0,100.0,,,,,,,,,,,,,,,,,,,,,,,,,,,,,,,,
phase1,K_simpleui_vos_bookshelf,warm,synthetic,flat,50,library_cached_paging,PASS,1,30,0,0,30,14.1415,10.6196,25.040300000000002,16.166533333333334,5.949092818314364,10.036,31.083,30,15649.765136718499,14178.552148437,17371.4786132812,15758.041731770767,1212.5131634474503,14096.954101562,18485.4296875,30,584.7900390625,-2558.4486328125,656.96298828125,-3.460677083333333,1418.3118859213946,-4322.2880859375,716.744140625,30,188320.0,188320.0,188320.0,188320.0,0.0,188320.0,188320.0,30,4.0,4.0,4.0,4.0,0.0,4.0,4.0,30,4.0,4.0,4.0,4.0,0.0,4.0,4.0,30,1.0,1.0,1.0,1.0,0.0,1.0,1.0,30,3.0,3.0,3.0,3.0,0.0,3.0,3.0,30,100.0,100.0,100.0,100.0,0.0,100.0,100.0,30,1.2930825242718,1.2930825242718,1.2930825242718,1.2930825242718,0.0,1.2930825242718,1.2930825242718,30,100.0,100.0,100.0,100.0,0.0,100.0,100.0,30,8.0,8.0,8.0,8.0,0.0,8.0,8.0,30,8.0,8.0,8.0,8.0,0.0,8.0,8.0,30,7.0,7.0,7.0,7.0,0.0,7.0,7.0,,,,,,,,
phase1,K_simpleui_vos_bookshelf,warm,synthetic,flat,50,library_first_render,PASS,1,10,0,0,10,33.6045,31.5354,43.8456,36.1942,5.395216910478309,30.99,45.165,10,16132.694824219001,14333.9190429683,17992.089453125398,16262.495117187402,1719.1537969577107,14306.041015625,19542.590820312,10,1677.837890625,-2075.7076171875,1760.4416015625,328.62490234375,2420.8389566954534,-5247.3779296875,1770.9375,10,187744.0,185025.6,187776.0,186820.8,1357.1431431912815,184176.0,187776.0,10,11.0,11.0,11.0,11.0,0.0,11.0,11.0,10,11.0,11.0,11.0,11.0,0.0,11.0,11.0,10,3.0,3.0,3.0,3.0,0.0,3.0,3.0,10,8.0,8.0,8.0,8.0,0.0,8.0,8.0,10,100.0,100.0,100.0,100.0,0.0,100.0,100.0,10,3.7815533980583,3.7815533980583,3.7815533980583,3.7815533980583,0.0,3.7815533980583,3.7815533980583,10,100.0,100.0,100.0,100.0,0.0,100.0,100.0,,,,,,,,,,,,,,,,,,,,,,,,,,,,,,,,
phase1,K_simpleui_vos_bookshelf,warm,synthetic,flat,50,library_folder_back,PASS,1,10,0,0,10,26.308,17.1921,30.245900000000002,24.0601,5.659330770211851,17.067,30.488,10,14367.818359375,14298.713671874999,16212.896484375,15082.4518554687,975.2296761135593,14296.9453125,16253.625,10,-148.625,-2494.2278320312503,1243.4361328125,-175.107421875,1484.4228688759738,-2540.91796875,1248.22265625,10,189840.0,189840.0,189840.0,189840.0,0.0,189840.0,189840.0,10,13.0,13.0,13.0,13.0,0.0,13.0,13.0,10,13.0,13.0,13.0,13.0,0.0,13.0,13.0,10,3.0,3.0,3.0,3.0,0.0,3.0,3.0,10,10.0,10.0,10.0,10.0,0.0,10.0,10.0,10,100.0,100.0,100.0,100.0,0.0,100.0,100.0,10,3.9769417475728,3.9769417475728,3.9769417475728,3.9769417475728006,0.0,3.9769417475728,3.9769417475728,10,100.0,100.0,100.0,100.0,0.0,100.0,100.0,,,,,,,,,,,,,,,,,,,,,,,,,,,,,,,,
phase1,K_simpleui_vos_bookshelf,warm,synthetic,flat,50,library_folder_enter,PASS,1,10,0,0,10,11.0685,10.1697,25.308099999999996,15.2427,7.0273963575898195,10.005,26.83,10,14915.6689453125,13954.61875,16725.5429687496,15104.460546874901,1077.7400683572623,13923.8359375,16872.698242188,10,610.623046875,-2180.16826171875,665.78076171875,-128.613671875,1249.241300428814,-2224.6611328125,680.708984375,10,189808.0,189808.0,189825.6,189814.4,11.187294380481616,189808.0,189840.0,10,13.0,13.0,13.0,13.0,0.0,13.0,13.0,10,13.0,13.0,13.0,13.0,0.0,13.0,13.0,10,3.0,3.0,3.0,3.0,0.0,3.0,3.0,10,10.0,10.0,10.0,10.0,0.0,10.0,10.0,10,100.0,100.0,100.0,100.0,0.0,100.0,100.0,10,3.9769417475728,3.9769417475728,3.9769417475728,3.9769417475728006,0.0,3.9769417475728,3.9769417475728,10,100.0,100.0,100.0,100.0,0.0,100.0,100.0,,,,,,,,,,,,,,,,,,,,,,,,,,,,,,,,
phase1,K_simpleui_vos_bookshelf,warm,synthetic,flat,50,library_sequential_paging,PASS,1,6,0,0,6,17.574,13.187999999999999,28.780500000000004,19.8475,9.310354789158145,12.36,37.883,6,14828.188964844001,14275.240722655999,15698.679199219001,14934.036295573,684.7329832790365,14025.254882812,15962.686523438,6,487.07861328125,-873.3544921875,510.375,41.366373697916664,980.2750108425731,-1944.255859375,522.9365234375,6,188320.0,188320.0,188320.0,188320.0,0.0,188320.0,188320.0,6,4.0,4.0,4.0,4.0,0.0,4.0,4.0,6,4.0,4.0,4.0,4.0,0.0,4.0,4.0,6,1.0,1.0,1.0,1.0,0.0,1.0,1.0,6,3.0,3.0,3.0,3.0,0.0,3.0,3.0,6,100.0,100.0,100.0,100.0,0.0,100.0,100.0,6,1.2930825242718,1.2930825242718,1.2930825242718,1.2930825242718,0.0,1.2930825242718,1.2930825242718,6,100.0,100.0,100.0,100.0,0.0,100.0,100.0,6,8.0,8.0,8.0,8.0,0.0,8.0,8.0,6,8.0,5.0,8.0,7.0,2.449489742783178,2.0,8.0,6,7.0,7.0,7.0,7.0,0.0,7.0,7.0,,,,,,,,
phase1,K_simpleui_vos_bookshelf,warm,synthetic,flat,50,open_book,PASS,1,10,0,0,10,85.381,58.624399999999994,105.42809999999999,81.2495,20.583270009349285,55.793,107.337,10,32381.659179688,29653.5625976567,35034.5993164063,32294.2766601564,2529.200962015997,27874.912109375,35811.022460938,10,-1857.16552734375,-3320.8666015625,78.29541015624949,-1469.98857421875,1634.9895198768095,-3543.646484375,1370.546875,10,234824.0,229696.0,237920.0,234433.6,3226.269507237939,229696.0,237920.0,10,13.0,9.0,13.0,11.4,2.0655911179772892,9.0,13.0,10,13.0,9.0,13.0,11.4,2.0655911179772892,9.0,13.0,10,13.0,9.0,13.0,11.4,2.0655911179772892,9.0,13.0,10,0.0,0.0,0.0,0.0,0.0,0.0,0.0,10,100.0,100.0,100.0,100.0,0.0,100.0,100.0,10,13.0,9.0,13.0,11.4,2.0655911179772892,9.0,13.0,10,100.0,100.0,100.0,100.0,0.0,100.0,100.0,,,,,,,,,,,,,,,,,,,,,,,,,,,,,,,,
phase1,K_simpleui_vos_bookshelf,warm,synthetic,flat,50,open_book_minimal,PASS,1,10,0,0,10,57.1815,47.103300000000004,79.44239999999999,60.85510000000001,14.960833112943053,40.653,81.687,10,22177.4248046875,19200.296191405803,25221.7972656254,22013.8394531249,2373.1899523165516,18313.11328125,25516.875976562,10,1168.00146484375,-3317.86201171875,1330.7771484375,-87.110546875,1976.7228329182103,-3433.41796875,1427.2001953125,10,213856.0,210409.59999999998,218384.0,214049.6,3123.6896701746086,210352.0,219680.0,10,0.0,0.0,0.0,0.0,0.0,0.0,0.0,10,0.0,0.0,0.0,0.0,0.0,0.0,0.0,10,0.0,0.0,0.0,0.0,0.0,0.0,0.0,10,0.0,0.0,0.0,0.0,0.0,0.0,0.0,10,0.0,0.0,0.0,0.0,0.0,0.0,0.0,10,0.0,0.0,0.0,0.0,0.0,0.0,0.0,10,0.0,0.0,0.0,0.0,0.0,0.0,0.0,,,,,,,,,,,,,,,,,,,,,,,,,,,,,,,,
phase1,K_simpleui_vos_bookshelf,warm,synthetic,flat,50,open_bookshelf,PASS,1,10,0,0,10,18.6385,17.5079,24.080599999999997,19.8989,2.8905680891094367,17.165,25.76,10,53071.732421875,50326.044140625,57114.7825195313,53454.7916992189,2601.37111545578,50323.400390625,57391.420898438,10,1353.64892578125,1288.2173828125,1418.7140625,1358.132421875,66.00104478561404,1246.66796875,1482.69140625,10,258672.0,257728.0,260784.0,259145.6,1516.8847608759795,257728.0,260784.0,10,1.0,1.0,3.0,1.4,0.8432740427115678,1.0,3.0,10,1.0,1.0,3.0,1.4,0.8432740427115678,1.0,3.0,10,1.0,1.0,3.0,1.4,0.8432740427115678,1.0,3.0,10,0.0,0.0,0.0,0.0,0.0,0.0,0.0,10,100.0,100.0,100.0,100.0,0.0,100.0,100.0,10,1.0,1.0,3.0,1.4,0.8432740427115678,1.0,3.0,10,100.0,100.0,100.0,100.0,0.0,100.0,100.0,,,,,,,,,,,,,,,,,10,7.0,7.0,7.0,7.0,0.0,7.0,7.0,,,,,,,,
phase1,K_simpleui_vos_bookshelf,warm,synthetic,flat,50,open_quick_settings,PASS,1,10,0,0,10,28.052999999999997,22.3933,81.67349999999999,37.875299999999996,25.750306324175813,19.939,91.416,10,57943.15234375,50026.609570312,65647.5471679692,57988.7560546875,6558.454814100479,49987.051757812,67182.97265625,10,1510.05615234375,-6646.170703125,1661.29560546875,-1036.25302734375,6117.590598360861,-17275.740234375,1676.0498046875,10,357840.0,357840.0,357840.0,357840.0,0.0,357840.0,357840.0,10,8.0,8.0,8.0,8.0,0.0,8.0,8.0,10,8.0,8.0,8.0,8.0,0.0,8.0,8.0,10,4.0,4.0,4.0,4.0,0.0,4.0,4.0,10,4.0,4.0,4.0,4.0,0.0,4.0,4.0,10,100.0,100.0,100.0,100.0,0.0,100.0,100.0,10,4.3834951456311,4.3834951456311,4.3834951456311,4.3834951456311,0.0,4.3834951456311,4.3834951456311,10,100.0,100.0,100.0,100.0,0.0,100.0,100.0,,,,,,,,,,,,,,,,,,,,,,,,,,,,,,,,
phase1,K_simpleui_vos_bookshelf,warm,synthetic,flat,50,repeated_nav,PASS,1,2,0,0,2,288.044,196.16080000000002,379.9272,288.044,162.42808449279948,173.19,402.898,2,58654.5400390625,56609.2283203125,60699.8517578125,58654.5400390625,3615.634464921094,56097.900390625,61211.1796875,2,2004.053222656,-4631.3299804687995,8639.4364257808,2004.053222656,11729.811146752152,-6290.17578125,10298.282226562,2,357840.0,357840.0,357840.0,357840.0,0.0,357840.0,357840.0,2,40.0,40.0,40.0,40.0,0.0,40.0,40.0,2,40.0,40.0,40.0,40.0,0.0,40.0,40.0,2,10.0,10.0,10.0,10.0,0.0,10.0,10.0,2,30.0,30.0,30.0,30.0,0.0,30.0,30.0,2,100.0,100.0,100.0,100.0,0.0,100.0,100.0,2,12.876213592233,12.876213592233,12.876213592233,12.876213592233,0.0,12.876213592233,12.876213592233,2,100.0,100.0,100.0,100.0,0.0,100.0,100.0,,,,,,,,,,,,,,,,,,,,,,,,,,,,,,,,
phase1,K_simpleui_vos_bookshelf,warm,synthetic,flat,50,start_to_home,PASS,1,10,0,0,10,9.323,8.6599,22.869999999999997,13.302600000000002,6.37667139222686,8.614,25.84,10,14722.502441405999,13573.479882812,16790.061328125,15002.488574218598,1254.505575775932,13559.543945312,16853.314453125,10,386.42578125,-3869.80302734375,428.26289062499995,-768.7291015625,1924.0790454145997,-3985.3994140625,442.986328125,10,184032.0,184032.0,184032.0,184032.0,0.0,184032.0,184032.0,10,4.0,4.0,4.0,4.0,0.0,4.0,4.0,10,4.0,4.0,4.0,4.0,0.0,4.0,4.0,10,3.0,3.0,3.0,3.0,0.0,3.0,3.0,10,1.0,1.0,1.0,1.0,0.0,1.0,1.0,10,100.0,100.0,100.0,100.0,0.0,100.0,100.0,10,3.061286407767,3.061286407767,3.061286407767,3.061286407767,0.0,3.061286407767,3.061286407767,10,100.0,100.0,100.0,100.0,0.0,100.0,100.0,,,,,,,,,,,,,,,,,,,,,,,,,,,,,,,,
phase1,K_simpleui_vos_bookshelf,warm,synthetic,hierarchical,2000,bookshelf_cached_paging,UNSUPPORTED,1,0,0,1,,,,,,,,,,,,,,,,,,,,,,,,,,,,,,,,,,,,,,,,,,,,,,,,,,,,,,,,,,,,,,,,,,,,,,,,,,,,,,,,,,,,,,,,,,,,,,,,,,,,,,,,,,,,,,,,,,,,,,,,
phase1,K_simpleui_vos_bookshelf,warm,synthetic,hierarchical,2000,bookshelf_cached_paging_anim_off,UNSUPPORTED,1,0,0,1,,,,,,,,,,,,,,,,,,,,,,,,,,,,,,,,,,,,,,,,,,,,,,,,,,,,,,,,,,,,,,,,,,,,,,,,,,,,,,,,,,,,,,,,,,,,,,,,,,,,,,,,,,,,,,,,,,,,,,,,
phase1,K_simpleui_vos_bookshelf,warm,synthetic,hierarchical,2000,bookshelf_first_render,PASS,1,10,0,0,10,15.9045,15.3507,61.56,25.0599,19.386123986272015,14.124,62.1,10,56362.736328125,53885.204296875,64600.4932617187,57596.532714843706,4166.701347601056,53823.638671875,65705.727539062,10,1223.498046875,-4542.6517578125495,1261.64765625,-574.8616210938001,4246.433442415335,-11816.307617188,1289.4140625,10,245376.0,244976.0,245380.8,245300.8,171.8376494769926,244976.0,245424.0,10,1.0,1.0,1.0,1.0,0.0,1.0,1.0,10,1.0,1.0,1.0,1.0,0.0,1.0,1.0,10,1.0,1.0,1.0,1.0,0.0,1.0,1.0,10,0.0,0.0,0.0,0.0,0.0,0.0,0.0,10,100.0,100.0,100.0,100.0,0.0,100.0,100.0,10,1.0,1.0,1.0,1.0,0.0,1.0,1.0,10,100.0,100.0,100.0,100.0,0.0,100.0,100.0,,,,,,,,,,,,,,,,,10,1.0,1.0,1.0,1.0,0.0,1.0,1.0,,,,,,,,
phase1,K_simpleui_vos_bookshelf,warm,synthetic,hierarchical,2000,bookshelf_sequential_paging,UNSUPPORTED,1,0,0,1,,,,,,,,,,,,,,,,,,,,,,,,,,,,,,,,,,,,,,,,,,,,,,,,,,,,,,,,,,,,,,,,,,,,,,,,,,,,,,,,,,,,,,,,,,,,,,,,,,,,,,,,,,,,,,,,,,,,,,,,
phase1,K_simpleui_vos_bookshelf,warm,synthetic,hierarchical,2000,bookshelf_sequential_paging_anim_off,UNSUPPORTED,1,0,0,1,,,,,,,,,,,,,,,,,,,,,,,,,,,,,,,,,,,,,,,,,,,,,,,,,,,,,,,,,,,,,,,,,,,,,,,,,,,,,,,,,,,,,,,,,,,,,,,,,,,,,,,,,,,,,,,,,,,,,,,,
phase1,K_simpleui_vos_bookshelf,warm,synthetic,hierarchical,2000,change_sort_mode,PASS,1,10,0,0,10,10.317,9.2777,31.2989,14.3659,9.337797854240938,8.204,32.9,10,19095.591796875,18335.6875,20156.7451171875,19174.9928710938,784.5647816212871,18069.87109375,20577.345703125,10,405.6796875,-1212.7244140624998,449.8625,-39.13232421875,1050.0775024484117,-2722.8681640625,474.271484375,10,182848.0,182848.0,182848.0,182848.0,0.0,182848.0,182848.0,10,15.0,15.0,15.0,15.0,0.0,15.0,15.0,10,15.0,15.0,15.0,15.0,0.0,15.0,15.0,10,3.0,3.0,3.0,3.0,0.0,3.0,3.0,10,12.0,12.0,12.0,12.0,0.0,12.0,12.0,10,100.0,100.0,100.0,100.0,0.0,100.0,100.0,10,4.1723300970874,4.1723300970874,4.1723300970874,4.1723300970874,0.0,4.1723300970874,4.1723300970874,10,100.0,100.0,100.0,100.0,0.0,100.0,100.0,,,,,,,,,,,,,,,,,,,,,,,,,,,,,,,,
phase1,K_simpleui_vos_bookshelf,warm,synthetic,hierarchical,2000,close_book,PASS,1,10,0,0,10,50.5955,42.780199999999994,131.2283,78.4713,42.4159316846604,40.928,134.192,10,50311.2260742185,46134.9082031246,55263.5303710933,50255.0790039063,3826.866104498691,44506.620117188,55561.462890625,10,3749.3779296875,69.12021484375002,4036.911328125,2347.546875,2050.7769513232065,-833.4716796875,4077.123046875,10,230768.0,226924.80000000002,232496.0,230222.4,2195.137414073813,226896.0,232496.0,10,28.0,28.0,28.0,28.0,0.0,28.0,28.0,10,28.0,28.0,28.0,28.0,0.0,28.0,28.0,10,18.0,18.0,18.0,18.0,0.0,18.0,18.0,10,10.0,10.0,10.0,10.0,0.0,10.0,10.0,10,100.0,100.0,100.0,100.0,0.0,100.0,100.0,10,18.962378640777,18.962378640777,18.962378640777,18.962378640777,0.0,18.962378640777,18.962378640777,10,100.0,100.0,100.0,100.0,0.0,100.0,100.0,,,,,,,,,,,,,,,,,,,,,,,,,,,,,,,,
phase1,K_simpleui_vos_bookshelf,warm,synthetic,hierarchical,2000,close_bookshelf,PASS,1,10,0,0,10,23.1645,20.566100000000002,68.84960000000001,33.4597,19.35476686647389,20.396,69.395,10,57425.826171875,53973.50410156199,60770.8102539058,57513.099804687394,2594.5173790634617,53878.961914062,61455.1328125,10,937.08935546875,-8150.003808593749,1033.8840820312498,-925.889453125,4054.792574236383,-9161.791015625,1307.05078125,10,245488.0,245454.4,245584.0,245507.2,61.182423038719946,245440.0,245584.0,10,5.0,5.0,5.0,5.0,0.0,5.0,5.0,10,5.0,5.0,5.0,5.0,0.0,5.0,5.0,10,4.0,4.0,4.0,4.0,0.0,4.0,4.0,10,1.0,1.0,1.0,1.0,0.0,1.0,1.0,10,100.0,100.0,100.0,100.0,0.0,100.0,100.0,10,4.061286407767,4.061286407767,4.061286407767,4.061286407767,0.0,4.061286407767,4.061286407767,10,100.0,100.0,100.0,100.0,0.0,100.0,100.0,,,,,,,,,,,,,,,,,,,,,,,,,,,,,,,,
phase1,K_simpleui_vos_bookshelf,warm,synthetic,hierarchical,2000,close_quick_settings,PASS,1,10,0,0,10,8.799,8.5269,9.4219,8.9785,0.47907880353862436,8.364,9.943,10,59629.3491210935,57207.9178710942,62008.529101562504,59612.790234375,2035.1754845325875,56629.2890625,62682.26171875,10,150.74072265625,109.0091796875,187.84833984375,150.48125,32.75571578074479,108.546875,211.8046875,10,248816.0,248816.0,248816.0,248816.0,0.0,248816.0,248816.0,10,3.0,3.0,3.0,3.0,0.0,3.0,3.0,10,3.0,3.0,3.0,3.0,0.0,3.0,3.0,10,3.0,3.0,3.0,3.0,0.0,3.0,3.0,10,0.0,0.0,0.0,0.0,0.0,0.0,0.0,10,100.0,100.0,100.0,100.0,0.0,100.0,100.0,10,3.0,3.0,3.0,3.0,0.0,3.0,3.0,10,100.0,100.0,100.0,100.0,0.0,100.0,100.0,,,,,,,,,,,,,,,,,,,,,,,,,,,,,,,,
phase1,K_simpleui_vos_bookshelf,warm,synthetic,hierarchical,2000,home_to_library,PASS,1,10,0,0,10,8.378499999999999,7.4821,10.598599999999994,9.6136,4.110221653931141,7.294,21.17,10,14156.2587890625,13851.7278320312,15076.37734375,14296.9944335937,497.44419207738514,13748.907226562,15168.279296875,10,242.0166015625,-27.316796874999966,297.3302734375,43.66767578125,655.9545118870917,-1819.3310546875,307.8701171875,10,182448.0,182448.0,182448.0,182448.0,0.0,182448.0,182448.0,10,6.0,6.0,6.0,6.0,0.0,6.0,6.0,10,6.0,6.0,6.0,6.0,0.0,6.0,6.0,10,2.0,2.0,2.0,2.0,0.0,2.0,2.0,10,4.0,4.0,4.0,4.0,0.0,4.0,4.0,10,100.0,100.0,100.0,100.0,0.0,100.0,100.0,10,2.3834951456311,2.3834951456311,2.3834951456311,2.3834951456311,0.0,2.3834951456311,2.3834951456311,10,100.0,100.0,100.0,100.0,0.0,100.0,100.0,,,,,,,,,,,,,,,,,,,,,,,,,,,,,,,,
phase1,K_simpleui_vos_bookshelf,warm,synthetic,hierarchical,2000,library_cached_paging,UNSUPPORTED,1,0,0,1,,,,,,,,,,,,,,,,,,,,,,,,,,,,,,,,,,,,,,,,,,,,,,,,,,,,,,,,,,,,,,,,,,,,,,,,,,,,,,,,,,,,,,,,,,,,,,,,,,,,,,,,,,,,,,,,,,,,,,,,
phase1,K_simpleui_vos_bookshelf,warm,synthetic,hierarchical,2000,library_first_render,PASS,1,10,0,0,10,23.183500000000002,21.9562,34.974599999999995,26.2081,5.922033086514949,21.31,36.654,10,16011.48828125,15161.2829101563,16968.846289063,15984.2693359377,918.8021531909199,14450.877929688,17479.874023438,10,712.6953125,-1969.2942382812498,778.539453125,107.6193359375,1171.2020538983788,-2192.7939453125,808.9970703125,10,182848.0,182848.0,182848.0,182848.0,0.0,182848.0,182848.0,10,11.0,11.0,11.0,11.0,0.0,11.0,11.0,10,11.0,11.0,11.0,11.0,0.0,11.0,11.0,10,3.0,3.0,3.0,3.0,0.0,3.0,3.0,10,8.0,8.0,8.0,8.0,0.0,8.0,8.0,10,100.0,100.0,100.0,100.0,0.0,100.0,100.0,10,3.7815533980583,3.7815533980583,3.7815533980583,3.7815533980583,0.0,3.7815533980583,3.7815533980583,10,100.0,100.0,100.0,100.0,0.0,100.0,100.0,,,,,,,,,,,,,,,,,,,,,,,,,,,,,,,,
phase1,K_simpleui_vos_bookshelf,warm,synthetic,hierarchical,2000,library_folder_back,PASS,1,10,0,0,10,16.4035,12.1843,37.3461,21.2708,10.705216670182605,11.287,38.346,10,18368.310546875,17817.5060546875,19733.3410156254,18517.725488281103,806.8680244098358,17261.599609375,19984.973632812,10,397.50537109375,-2168.091796875,468.78447265625005,-159.7244140625,1099.2306237445493,-2254.91015625,487.54296875,10,182848.0,182848.0,182848.0,182848.0,0.0,182848.0,182848.0,10,13.0,13.0,13.0,13.0,0.0,13.0,13.0,10,13.0,13.0,13.0,13.0,0.0,13.0,13.0,10,3.0,3.0,3.0,3.0,0.0,3.0,3.0,10,10.0,10.0,10.0,10.0,0.0,10.0,10.0,10,100.0,100.0,100.0,100.0,0.0,100.0,100.0,10,3.9769417475728,3.9769417475728,3.9769417475728,3.9769417475728006,0.0,3.9769417475728,3.9769417475728,10,100.0,100.0,100.0,100.0,0.0,100.0,100.0,,,,,,,,,,,,,,,,,,,,,,,,,,,,,,,,
phase1,K_simpleui_vos_bookshelf,warm,synthetic,hierarchical,2000,library_folder_enter,PASS,1,10,0,0,10,18.4795,9.924800000000001,44.326299999999996,25.471899999999998,14.37816509271379,8.222,44.95,10,17563.942871093997,16838.521289062002,18773.1066406254,17698.3666992186,788.8768622239038,16645.801757812,18965.149414062,10,409.37255859375,-772.0943359375,1193.519140625,338.144921875,889.3749156127327,-1107.173828125,1197.13671875,10,182848.0,182848.0,182848.0,182848.0,0.0,182848.0,182848.0,10,13.0,13.0,13.0,13.0,0.0,13.0,13.0,10,13.0,13.0,13.0,13.0,0.0,13.0,13.0,10,3.0,3.0,3.0,3.0,0.0,3.0,3.0,10,10.0,10.0,10.0,10.0,0.0,10.0,10.0,10,100.0,100.0,100.0,100.0,0.0,100.0,100.0,10,3.9769417475728,3.9769417475728,3.9769417475728,3.9769417475728006,0.0,3.9769417475728,3.9769417475728,10,100.0,100.0,100.0,100.0,0.0,100.0,100.0,,,,,,,,,,,,,,,,,,,,,,,,,,,,,,,,
phase1,K_simpleui_vos_bookshelf,warm,synthetic,hierarchical,2000,library_sequential_paging,UNSUPPORTED,1,0,0,1,,,,,,,,,,,,,,,,,,,,,,,,,,,,,,,,,,,,,,,,,,,,,,,,,,,,,,,,,,,,,,,,,,,,,,,,,,,,,,,,,,,,,,,,,,,,,,,,,,,,,,,,,,,,,,,,,,,,,,,,
phase1,K_simpleui_vos_bookshelf,warm,synthetic,hierarchical,2000,open_book,PASS,1,10,0,0,10,137.61,90.2591,157.1543,131.322,24.48406683267032,86.327,157.211,10,38315.048339844,35194.9765625,41263.668359375,38158.3604492188,2459.730722406494,34511.099609375,41515.056640625,10,-2640.29248046875,-4220.23330078125,1488.04619140625,-2075.86650390625,2112.473918015426,-4814.5927734375,1512.095703125,10,217800.0,216536.0,222848.0,218787.2,2976.198798616935,214304.0,222848.0,10,13.0,9.0,13.0,11.8,1.9321835661585918,9.0,13.0,10,13.0,9.0,13.0,11.8,1.9321835661585918,9.0,13.0,10,13.0,9.0,13.0,11.8,1.9321835661585918,9.0,13.0,10,0.0,0.0,0.0,0.0,0.0,0.0,0.0,10,100.0,100.0,100.0,100.0,0.0,100.0,100.0,10,13.0,9.0,13.0,11.8,1.9321835661585918,9.0,13.0,10,100.0,100.0,100.0,100.0,0.0,100.0,100.0,,,,,,,,,,,,,,,,,,,,,,,,,,,,,,,,
phase1,K_simpleui_vos_bookshelf,warm,synthetic,hierarchical,2000,open_book_minimal,PASS,1,10,0,0,10,109.0375,83.78420000000001,127.0166,106.61510000000001,16.07876248312938,78.062,127.256,10,26073.223144531497,23038.857128906697,29613.4775390625,26250.6210937501,2737.181321112544,22734.779296875,30399.17578125,10,-2506.369140625,-3033.052734375,-1914.2204101562509,-2342.48154296875,958.5598083950946,-3485.28515625,109.9208984375,10,201520.0,194792.0,207808.0,200902.4,6006.821366857294,189536.0,207808.0,10,0.0,0.0,0.0,0.0,0.0,0.0,0.0,10,0.0,0.0,0.0,0.0,0.0,0.0,0.0,10,0.0,0.0,0.0,0.0,0.0,0.0,0.0,10,0.0,0.0,0.0,0.0,0.0,0.0,0.0,10,0.0,0.0,0.0,0.0,0.0,0.0,0.0,10,0.0,0.0,0.0,0.0,0.0,0.0,0.0,10,0.0,0.0,0.0,0.0,0.0,0.0,0.0,,,,,,,,,,,,,,,,,,,,,,,,,,,,,,,,
phase1,K_simpleui_vos_bookshelf,warm,synthetic,hierarchical,2000,open_bookshelf,PASS,1,10,0,0,10,18.5685,17.0004,21.1452,19.0243,2.224147829319505,16.842,23.982,10,59869.9194335935,55183.2554687496,63664.3770507813,59874.5065429688,3557.516735754159,55095.616210938,65710.190429688,10,1327.65478515625,1244.31669921875,1450.68037109375,1336.7115234375,81.08436010402588,1236.048828125,1470.7783203125,10,244936.0,243526.4,244960.0,244454.4,1173.6775252740138,241280.0,244960.0,10,1.0,1.0,1.0,1.0,0.0,1.0,1.0,10,1.0,1.0,1.0,1.0,0.0,1.0,1.0,10,1.0,1.0,1.0,1.0,0.0,1.0,1.0,10,0.0,0.0,0.0,0.0,0.0,0.0,0.0,10,100.0,100.0,100.0,100.0,0.0,100.0,100.0,10,1.0,1.0,1.0,1.0,0.0,1.0,1.0,10,100.0,100.0,100.0,100.0,0.0,100.0,100.0,,,,,,,,,,,,,,,,,10,1.0,1.0,1.0,1.0,0.0,1.0,1.0,,,,,,,,
phase1,K_simpleui_vos_bookshelf,warm,synthetic,hierarchical,2000,open_quick_settings,PASS,1,10,0,0,10,14.0855,12.5634,14.899,13.9083,1.3568906489962023,11.883,16.879,10,64878.5302734375,61559.41796875,67643.3890625,64295.324121093705,3614.4482990073448,55709.69921875,68343.458984375,10,700.359375,615.25693359375,742.73037109375,686.162109375,52.245925734332,608.5693359375,749.8046875,10,248192.0,248192.0,248700.80000000002,248304.0,238.03641178049492,248192.0,248816.0,10,8.0,8.0,8.0,8.0,0.0,8.0,8.0,10,8.0,8.0,8.0,8.0,0.0,8.0,8.0,10,4.0,4.0,4.0,4.0,0.0,4.0,4.0,10,4.0,4.0,4.0,4.0,0.0,4.0,4.0,10,100.0,100.0,100.0,100.0,0.0,100.0,100.0,10,4.3834951456311,4.3834951456311,4.3834951456311,4.3834951456311,0.0,4.3834951456311,4.3834951456311,10,100.0,100.0,100.0,100.0,0.0,100.0,100.0,,,,,,,,,,,,,,,,,,,,,,,,,,,,,,,,
phase1,K_simpleui_vos_bookshelf,warm,synthetic,hierarchical,2000,repeated_nav,UNSUPPORTED,1,0,0,2,,,,,,,,,,,,,,,,,,,,,,,,,,,,,,,,,,,,,,,,,,,,,,,,,,,,,,,,,,,,,,,,,,,,,,,,,,,,,,,,,,,,,,,,,,,,,,,,,,,,,,,,,,,,,,,,,,,,,,,,
phase1,K_simpleui_vos_bookshelf,warm,synthetic,hierarchical,2000,start_to_home,PASS,1,10,0,0,10,9.2235,8.435500000000001,16.447599999999998,11.3081,4.019534783750201,8.377,19.153,10,14076.612792969001,13341.280664062,15262.5881835937,14211.725878906098,728.2741752546264,13338.172851562,15282.208007812,10,394.994140625,-2032.41748046875,427.96171875,-296.632421875,1140.6173099182365,-2153.658203125,429.849609375,10,182448.0,182448.0,182448.0,182448.0,0.0,182448.0,182448.0,10,4.0,4.0,4.0,4.0,0.0,4.0,4.0,10,4.0,4.0,4.0,4.0,0.0,4.0,4.0,10,3.0,3.0,3.0,3.0,0.0,3.0,3.0,10,1.0,1.0,1.0,1.0,0.0,1.0,1.0,10,100.0,100.0,100.0,100.0,0.0,100.0,100.0,10,3.061286407767,3.061286407767,3.061286407767,3.061286407767,0.0,3.061286407767,3.061286407767,10,100.0,100.0,100.0,100.0,0.0,100.0,100.0,,,,,,,,,,,,,,,,,,,,,,,,,,,,,,,,
phase1,K_simpleui_vos_bookshelf,warm,synthetic,hierarchical,50,bookshelf_cached_paging,UNSUPPORTED,1,0,0,1,,,,,,,,,,,,,,,,,,,,,,,,,,,,,,,,,,,,,,,,,,,,,,,,,,,,,,,,,,,,,,,,,,,,,,,,,,,,,,,,,,,,,,,,,,,,,,,,,,,,,,,,,,,,,,,,,,,,,,,,
phase1,K_simpleui_vos_bookshelf,warm,synthetic,hierarchical,50,bookshelf_cached_paging_anim_off,UNSUPPORTED,1,0,0,1,,,,,,,,,,,,,,,,,,,,,,,,,,,,,,,,,,,,,,,,,,,,,,,,,,,,,,,,,,,,,,,,,,,,,,,,,,,,,,,,,,,,,,,,,,,,,,,,,,,,,,,,,,,,,,,,,,,,,,,,
phase1,K_simpleui_vos_bookshelf,warm,synthetic,hierarchical,50,bookshelf_first_render,PASS,1,10,0,0,10,17.2365,16.2818,59.6022,25.999000000000002,19.284434027935013,15.461,65.967,10,52615.1547851565,50226.7090820317,60960.780078125,53870.535937500106,4229.431786092311,49818.923828125,62061.458984375,10,1234.67041015625,-5050.5075195313,1283.9915039062498,-602.87128906255,4302.6952938016575,-11792.541992188,1391.7568359375,10,263096.0,260400.0,263120.0,262560.0,1138.5136509209424,260400.0,263120.0,10,1.0,1.0,1.0,1.0,0.0,1.0,1.0,10,1.0,1.0,1.0,1.0,0.0,1.0,1.0,10,1.0,1.0,1.0,1.0,0.0,1.0,1.0,10,0.0,0.0,0.0,0.0,0.0,0.0,0.0,10,100.0,100.0,100.0,100.0,0.0,100.0,100.0,10,1.0,1.0,1.0,1.0,0.0,1.0,1.0,10,100.0,100.0,100.0,100.0,0.0,100.0,100.0,,,,,,,,,,,,,,,,,10,1.0,1.0,1.0,1.0,0.0,1.0,1.0,,,,,,,,
phase1,K_simpleui_vos_bookshelf,warm,synthetic,hierarchical,50,bookshelf_sequential_paging,UNSUPPORTED,1,0,0,1,,,,,,,,,,,,,,,,,,,,,,,,,,,,,,,,,,,,,,,,,,,,,,,,,,,,,,,,,,,,,,,,,,,,,,,,,,,,,,,,,,,,,,,,,,,,,,,,,,,,,,,,,,,,,,,,,,,,,,,,
phase1,K_simpleui_vos_bookshelf,warm,synthetic,hierarchical,50,bookshelf_sequential_paging_anim_off,UNSUPPORTED,1,0,0,1,,,,,,,,,,,,,,,,,,,,,,,,,,,,,,,,,,,,,,,,,,,,,,,,,,,,,,,,,,,,,,,,,,,,,,,,,,,,,,,,,,,,,,,,,,,,,,,,,,,,,,,,,,,,,,,,,,,,,,,,
phase1,K_simpleui_vos_bookshelf,warm,synthetic,hierarchical,50,change_sort_mode,PASS,1,10,0,0,10,11.0295,9.131,28.784200000000002,16.538400000000003,9.063305041024861,7.952,28.822,10,18482.4609375,18036.034960937002,18975.6024414063,18493.508886718602,397.29933207205556,17817.774414062,19074.065429688,10,411.34326171875,-792.226953125,482.96923828125,-32.9919921875,663.7479061991363,-1275.294921875,493.546875,10,189808.0,189808.0,189808.0,189808.0,0.0,189808.0,189808.0,10,15.0,15.0,15.0,15.0,0.0,15.0,15.0,10,15.0,15.0,15.0,15.0,0.0,15.0,15.0,10,3.0,3.0,3.0,3.0,0.0,3.0,3.0,10,12.0,12.0,12.0,12.0,0.0,12.0,12.0,10,100.0,100.0,100.0,100.0,0.0,100.0,100.0,10,4.1723300970874,4.1723300970874,4.1723300970874,4.1723300970874,0.0,4.1723300970874,4.1723300970874,10,100.0,100.0,100.0,100.0,0.0,100.0,100.0,,,,,,,,,,,,,,,,,,,,,,,,,,,,,,,,
phase1,K_simpleui_vos_bookshelf,warm,synthetic,hierarchical,50,close_book,PASS,1,10,0,0,10,45.8815,40.4304,105.6518,56.4141,26.226777755441734,38.427,106.253,10,47102.8828125,44243.1260742188,50722.452734375,47340.9149414063,2729.82387298855,43182.120117188,52039.138671875,10,3403.337890625,-233.95390625,3487.33447265625,2619.52861328125,1686.0993305215359,-949.5576171875,3638.1591796875,10,245680.0,241518.4,247987.2,245296.0,2882.033849751094,241504.0,249312.0,10,28.0,28.0,28.0,28.0,0.0,28.0,28.0,10,28.0,28.0,28.0,28.0,0.0,28.0,28.0,10,18.0,18.0,18.0,18.0,0.0,18.0,18.0,10,10.0,10.0,10.0,10.0,0.0,10.0,10.0,10,100.0,100.0,100.0,100.0,0.0,100.0,100.0,10,18.962378640777,18.962378640777,18.962378640777,18.962378640777,0.0,18.962378640777,18.962378640777,10,100.0,100.0,100.0,100.0,0.0,100.0,100.0,,,,,,,,,,,,,,,,,,,,,,,,,,,,,,,,
phase1,K_simpleui_vos_bookshelf,warm,synthetic,hierarchical,50,close_bookshelf,PASS,1,10,0,0,10,22.366,20.38,62.8553,30.0918,17.680225927415194,17.626,64.262,10,53196.319824219,49775.18027343699,56511.3618164063,53221.8755859376,2463.439540269735,49764.524414062,56670.870117188,10,899.42724609375,-8079.7,933.52373046875,-903.7517578125,3812.365984377307,-8207.88671875,946.0859375,10,263136.0,263136.0,263137.6,263137.6,5.059644256269407,263136.0,263152.0,10,5.0,5.0,5.0,5.0,0.0,5.0,5.0,10,5.0,5.0,5.0,5.0,0.0,5.0,5.0,10,4.0,4.0,4.0,4.0,0.0,4.0,4.0,10,1.0,1.0,1.0,1.0,0.0,1.0,1.0,10,100.0,100.0,100.0,100.0,0.0,100.0,100.0,10,4.061286407767,4.061286407767,4.061286407767,4.061286407767,0.0,4.061286407767,4.061286407767,10,100.0,100.0,100.0,100.0,0.0,100.0,100.0,,,,,,,,,,,,,,,,,,,,,,,,,,,,,,,,
phase1,K_simpleui_vos_bookshelf,warm,synthetic,hierarchical,50,close_quick_settings,PASS,1,10,0,0,10,8.9775,8.4153,17.0119,11.2363,3.99990011125278,8.229,17.533,10,56767.641113281,53644.1319335933,59366.002050781695,56601.091796875,2425.9193591974304,52881.576171875,59992.126953125,10,183.3408203125,141.93896484375,288.94101562500003,202.2142578125,62.05282474194648,125.068359375,311.15625,10,266752.0,266752.0,266752.0,266752.0,0.0,266752.0,266752.0,10,3.0,3.0,5.0,3.6,0.9660917830792959,3.0,5.0,10,3.0,3.0,5.0,3.6,0.9660917830792959,3.0,5.0,10,3.0,3.0,5.0,3.6,0.9660917830792959,3.0,5.0,10,0.0,0.0,0.0,0.0,0.0,0.0,0.0,10,100.0,100.0,100.0,100.0,0.0,100.0,100.0,10,3.0,3.0,5.0,3.6,0.9660917830792959,3.0,5.0,10,100.0,100.0,100.0,100.0,0.0,100.0,100.0,,,,,,,,,,,,,,,,,,,,,,,,,,,,,,,,
phase1,K_simpleui_vos_bookshelf,warm,synthetic,hierarchical,50,home_to_library,PASS,1,10,0,0,10,8.0285,7.3489,8.8333,8.192400000000001,0.6486612195728814,7.249,9.133,10,14276.828125,13818.460839843801,15342.4565429692,14490.9346679689,719.4379417529605,13810.690429688,15890.0546875,10,261.90673828125,219.12910156249998,304.19423828125,261.50009765625,39.82116808586773,208.5576171875,312.033203125,10,183136.0,183136.0,183136.0,183136.0,0.0,183136.0,183136.0,10,6.0,6.0,6.0,6.0,0.0,6.0,6.0,10,6.0,6.0,6.0,6.0,0.0,6.0,6.0,10,2.0,2.0,2.0,2.0,0.0,2.0,2.0,10,4.0,4.0,4.0,4.0,0.0,4.0,4.0,10,100.0,100.0,100.0,100.0,0.0,100.0,100.0,10,2.3834951456311,2.3834951456311,2.3834951456311,2.3834951456311,0.0,2.3834951456311,2.3834951456311,10,100.0,100.0,100.0,100.0,0.0,100.0,100.0,,,,,,,,,,,,,,,,,,,,,,,,,,,,,,,,
phase1,K_simpleui_vos_bookshelf,warm,synthetic,hierarchical,50,library_cached_paging,UNSUPPORTED,1,0,0,1,,,,,,,,,,,,,,,,,,,,,,,,,,,,,,,,,,,,,,,,,,,,,,,,,,,,,,,,,,,,,,,,,,,,,,,,,,,,,,,,,,,,,,,,,,,,,,,,,,,,,,,,,,,,,,,,,,,,,,,,
phase1,K_simpleui_vos_bookshelf,warm,synthetic,hierarchical,50,library_first_render,PASS,1,10,0,0,10,22.8515,21.8517,36.1246,26.328300000000002,6.16203855247776,21.795,37.345,10,16002.399902343499,15127.6436523433,16743.221875,15942.8445312499,860.0446223843792,14448.970703125,17451.89453125,10,745.73974609375,-1991.8689453125,832.22666015625,65.9869140625,1208.0788364034358,-2185.841796875,864.931640625,10,183968.0,183459.2,184660.8,184017.6,524.646590043664,183344.0,184848.0,10,11.0,11.0,11.0,11.0,0.0,11.0,11.0,10,11.0,11.0,11.0,11.0,0.0,11.0,11.0,10,3.0,3.0,3.0,3.0,0.0,3.0,3.0,10,8.0,8.0,8.0,8.0,0.0,8.0,8.0,10,100.0,100.0,100.0,100.0,0.0,100.0,100.0,10,3.7815533980583,3.7815533980583,3.7815533980583,3.7815533980583,0.0,3.7815533980583,3.7815533980583,10,100.0,100.0,100.0,100.0,0.0,100.0,100.0,,,,,,,,,,,,,,,,,,,,,,,,,,,,,,,,
phase1,K_simpleui_vos_bookshelf,warm,synthetic,hierarchical,50,library_folder_back,PASS,1,10,0,0,10,20.2635,10.5499,26.534799999999997,19.188200000000002,8.0497227115804,8.623,30.673,10,17760.702148437,17084.843164062,18560.961132812998,17743.483789062302,603.9833559394893,16905.180664062,18750.956054688,10,193.01806640625,-1224.9489257812502,441.95332031249995,-165.44716796875,749.0277332036877,-1394.3466796875,544.5673828125,10,189752.0,189705.6,189793.6,189724.8,130.37791223976552,189360.0,189808.0,10,13.0,13.0,13.0,13.0,0.0,13.0,13.0,10,13.0,13.0,13.0,13.0,0.0,13.0,13.0,10,3.0,3.0,3.0,3.0,0.0,3.0,3.0,10,10.0,10.0,10.0,10.0,0.0,10.0,10.0,10,100.0,100.0,100.0,100.0,0.0,100.0,100.0,10,3.9769417475728,3.9769417475728,3.9769417475728,3.9769417475728006,0.0,3.9769417475728,3.9769417475728,10,100.0,100.0,100.0,100.0,0.0,100.0,100.0,,,,,,,,,,,,,,,,,,,,,,,,,,,,,,,,
phase1,K_simpleui_vos_bookshelf,warm,synthetic,hierarchical,50,library_folder_enter,PASS,1,10,0,0,10,13.336500000000001,9.030100000000001,36.76019999999999,19.41,13.354375629150336,8.302,46.311,10,16815.229980468503,16290.096679686998,17805.770410156198,16998.666113280902,719.9370567512487,15968.047851562,18344.090820312,10,333.92822265625,-1037.294140625,661.3626953124999,65.0150390625,746.1878874286922,-1571.1171875,751.3310546875,10,186552.0,186492.8,186592.0,186553.6,76.24988160282247,186464.0,186736.0,10,13.0,13.0,13.0,13.0,0.0,13.0,13.0,10,13.0,13.0,13.0,13.0,0.0,13.0,13.0,10,3.0,3.0,3.0,3.0,0.0,3.0,3.0,10,10.0,10.0,10.0,10.0,0.0,10.0,10.0,10,100.0,100.0,100.0,100.0,0.0,100.0,100.0,10,3.9769417475728,3.9769417475728,3.9769417475728,3.9769417475728006,0.0,3.9769417475728,3.9769417475728,10,100.0,100.0,100.0,100.0,0.0,100.0,100.0,,,,,,,,,,,,,,,,,,,,,,,,,,,,,,,,
phase1,K_simpleui_vos_bookshelf,warm,synthetic,hierarchical,50,library_sequential_paging,UNSUPPORTED,1,0,0,1,,,,,,,,,,,,,,,,,,,,,,,,,,,,,,,,,,,,,,,,,,,,,,,,,,,,,,,,,,,,,,,,,,,,,,,,,,,,,,,,,,,,,,,,,,,,,,,,,,,,,,,,,,,,,,,,,,,,,,,,
phase1,K_simpleui_vos_bookshelf,warm,synthetic,hierarchical,50,open_book,PASS,1,10,0,0,10,128.064,114.6131,138.5485,127.3887,9.36811057731968,114.497,139.939,10,34330.8305664065,31345.487988281697,37285.8093750004,34358.8,2492.989960785614,30696.615234375,38161.004882812,10,-2585.59326171875,-2843.7777343750004,-2461.1900390625,-2643.6044921875,212.77633275365008,-3106.5390625,-2453.759765625,10,235080.0,231211.2,238224.0,234980.8,3036.1243130748853,230736.0,238224.0,10,13.0,13.0,15.0,13.6,0.9660917830792959,13.0,15.0,10,13.0,13.0,15.0,13.6,0.9660917830792959,13.0,15.0,10,13.0,13.0,15.0,13.6,0.9660917830792959,13.0,15.0,10,0.0,0.0,0.0,0.0,0.0,0.0,0.0,10,100.0,100.0,100.0,100.0,0.0,100.0,100.0,10,13.0,13.0,15.0,13.6,0.9660917830792959,13.0,15.0,10,100.0,100.0,100.0,100.0,0.0,100.0,100.0,,,,,,,,,,,,,,,,,,,,,,,,,,,,,,,,
phase1,K_simpleui_vos_bookshelf,warm,synthetic,hierarchical,50,open_book_minimal,PASS,1,10,0,0,10,79.33850000000001,60.532599999999995,110.16259999999998,82.9316,24.008283242803234,53.113,118.466,10,25679.5517578125,22314.8260742187,27607.9051757813,25309.790820312403,2147.0402013230246,21721.879882812,28373.827148438,10,-1139.12939453125,-2640.7779296874996,1090.7404296875,-1027.7375,1489.9578137796893,-2727.6630859375,1410.8837890625,10,221728.0,216995.19999999998,226377.59999999998,221342.4,4998.004650747025,210688.0,227904.0,10,0.0,0.0,0.0,0.0,0.0,0.0,0.0,10,0.0,0.0,0.0,0.0,0.0,0.0,0.0,10,0.0,0.0,0.0,0.0,0.0,0.0,0.0,10,0.0,0.0,0.0,0.0,0.0,0.0,0.0,10,0.0,0.0,0.0,0.0,0.0,0.0,0.0,10,0.0,0.0,0.0,0.0,0.0,0.0,0.0,10,0.0,0.0,0.0,0.0,0.0,0.0,0.0,,,,,,,,,,,,,,,,,,,,,,,,,,,,,,,,
phase1,K_simpleui_vos_bookshelf,warm,synthetic,hierarchical,50,open_bookshelf,PASS,1,10,0,0,10,19.5715,18.3164,21.4901,19.6709,1.3845605359744215,17.51,22.058,10,53806.8203125,51355.0546875,57835.8961914062,54316.7125,2542.922067437646,51186.498046875,58311.715820312,10,1329.50244140625,1274.8541992187502,1485.3653320312499,1367.9955078125,123.68722417482721,1242.4638671875,1653.5361328125,10,256888.0,256764.80000000002,257824.0,257216.0,523.5910193610616,256736.0,257824.0,10,1.0,1.0,1.0,1.0,0.0,1.0,1.0,10,1.0,1.0,1.0,1.0,0.0,1.0,1.0,10,1.0,1.0,1.0,1.0,0.0,1.0,1.0,10,0.0,0.0,0.0,0.0,0.0,0.0,0.0,10,100.0,100.0,100.0,100.0,0.0,100.0,100.0,10,1.0,1.0,1.0,1.0,0.0,1.0,1.0,10,100.0,100.0,100.0,100.0,0.0,100.0,100.0,,,,,,,,,,,,,,,,,10,1.0,1.0,1.0,1.0,0.0,1.0,1.0,,,,,,,,
phase1,K_simpleui_vos_bookshelf,warm,synthetic,hierarchical,50,open_quick_settings,PASS,1,10,0,0,10,15.0885,13.391,31.367699999999974,23.728299999999997,26.30629367470834,12.554,98.064,10,59915.848632813,51832.839160156196,62555.5468750004,58827.663671875,4250.288483665685,50954.559570312,63605.883789062,10,646.91455078125,-705.9843749999998,754.7938476562499,-647.46953125,4240.494336580651,-12714.19921875,877.7255859375,10,265840.0,265840.0,265840.0,265840.0,0.0,265840.0,265840.0,10,8.0,8.0,8.399999999999999,8.4,1.2649110640673518,8.0,12.0,10,8.0,8.0,8.399999999999999,8.4,1.2649110640673518,8.0,12.0,10,4.0,4.0,4.399999999999999,4.4,1.2649110640673518,4.0,8.0,10,4.0,4.0,4.0,4.0,0.0,4.0,4.0,10,100.0,100.0,100.0,100.0,0.0,100.0,100.0,10,4.3834951456311,4.3834951456311,4.783495145631099,4.7834951456311,1.2649110640673518,4.3834951456311,8.3834951456311,10,100.0,100.0,100.0,100.0,0.0,100.0,100.0,,,,,,,,,,,,,,,,,,,,,,,,,,,,,,,,
phase1,K_simpleui_vos_bookshelf,warm,synthetic,hierarchical,50,repeated_nav,UNSUPPORTED,1,0,0,2,,,,,,,,,,,,,,,,,,,,,,,,,,,,,,,,,,,,,,,,,,,,,,,,,,,,,,,,,,,,,,,,,,,,,,,,,,,,,,,,,,,,,,,,,,,,,,,,,,,,,,,,,,,,,,,,,,,,,,,,
phase1,K_simpleui_vos_bookshelf,warm,synthetic,hierarchical,50,start_to_home,PASS,1,10,0,0,10,8.9395,8.533299999999999,15.494900000000001,10.7601,3.2020696588300512,8.509,16.151,10,14071.6611328125,13277.159960937,15059.91015625,14116.099511718701,705.579368638763,13188.063476562,15193.767578125,10,386.7763671875,-1977.9142578125,409.348828125,-279.88486328125,1091.860679481648,-1985.263671875,419.466796875,10,183136.0,183136.0,183136.0,183136.0,0.0,183136.0,183136.0,10,4.0,4.0,4.0,4.0,0.0,4.0,4.0,10,4.0,4.0,4.0,4.0,0.0,4.0,4.0,10,3.0,3.0,3.0,3.0,0.0,3.0,3.0,10,1.0,1.0,1.0,1.0,0.0,1.0,1.0,10,100.0,100.0,100.0,100.0,0.0,100.0,100.0,10,3.061286407767,3.061286407767,3.061286407767,3.061286407767,0.0,3.061286407767,3.061286407767,10,100.0,100.0,100.0,100.0,0.0,100.0,100.0,,,,,,,,,,,,,,,,,,,,,,,,,,,,,,,,
phase1,K_vos,first_run_cold,startup,hierarchical,2000,home_to_library,PASS,3,3,0,0,3,18.86,18.849600000000002,19.093600000000002,18.953,0.1724615899265692,18.847,19.152,3,9496.7314453125,9490.6439453125,9525.3314453125,9506.111653645834,23.151675563125195,9489.1220703125,9532.4814453125,3,552.005859375,501.04648437500003,580.602734375,542.6881510416666,50.37318047328822,488.306640625,587.751953125,3,174272.0,172723.2,176448.0,174533.33333333334,2338.9752742030714,172336.0,176992.0,3,5.0,5.0,5.0,5.0,0.0,5.0,5.0,3,5.0,5.0,5.0,5.0,0.0,5.0,5.0,3,4.0,4.0,4.0,4.0,0.0,4.0,4.0,3,1.0,1.0,1.0,1.0,0.0,1.0,1.0,3,100.0,100.0,100.0,100.0,0.0,100.0,100.0,3,4.0976941747573,4.097694174757301,4.0976941747573,4.0976941747573,0.0,4.0976941747573,4.0976941747573,3,100.0,100.0,100.0,100.0,0.0,100.0,100.0,,,,,,,,,,,,,,,,,,,,,,,,,,,,,,,,
phase1,K_vos,first_run_cold,startup,hierarchical,2000,library_first_render,PASS,3,3,0,0,3,17.889,17.709000000000003,18.233,17.957333333333334,0.33280374597250645,17.664,18.319,3,9945.787109375,9941.693359375,9958.386328125,9949.3310546875,10.875171309250913,9940.669921875,9961.5361328125,3,433.3837890625,421.4767578125,443.56503906250003,432.6647135416667,13.819214180072175,418.5,446.1103515625,3,174432.0,172780.8,176518.4,174613.33333333334,2341.272588429919,172368.0,177040.0,3,3.0,3.0000000000000004,3.0,3.0,0.0,3.0,3.0,3,3.0,3.0000000000000004,3.0,3.0,0.0,3.0,3.0,3,2.0,2.0,2.0,2.0,0.0,2.0,2.0,3,1.0,1.0,1.0,1.0,0.0,1.0,1.0,3,100.0,100.0,100.0,100.0,0.0,100.0,100.0,3,2.0976941747573,2.0976941747573,2.0976941747573,2.0976941747573,0.0,2.0976941747573,2.0976941747573,3,100.0,100.0,100.0,100.0,0.0,100.0,100.0,,,,,,,,,,,,,,,,,,,,,,,,,,,,,,,,
phase1,L_project_title_vos,paging,paging,flat,2000,library_cached_paging,PASS,3,90,0,0,90,8.9145,7.9853000000000005,10.6971,9.204044444444445,1.2925677511298679,7.103,15.167,90,24863.40625,17153.4337890625,30809.2545898433,24209.5450086806,4959.522444040863,15236.563476562,33094.321289062,90,671.01171875,633.821484375,704.708203125,64.98009982639445,2729.8236189642257,-16448.5546875,757.5107421875,90,205648.0,202297.6,209200.0,205715.73333333334,2840.750323418093,199360.0,209200.0,90,3.0,3.0,3.0,3.0,0.0,3.0,3.0,90,3.0,3.0,3.0,3.0,0.0,3.0,3.0,90,1.0,1.0,1.0,1.0,0.0,1.0,1.0,90,2.0,2.0,2.0,2.0,0.0,2.0,2.0,90,100.0,100.0,100.0,100.0,0.0,100.0,100.0,90,1.1917475728155,1.1917475728155,1.1917475728155,1.1917475728155,0.0,1.1917475728155,1.1917475728155,90,100.0,100.0,100.0,100.0,0.0,100.0,100.0,90,14.0,14.0,14.0,14.0,0.0,14.0,14.0,90,14.0,14.0,14.0,14.0,0.0,14.0,14.0,90,143.0,143.0,143.0,143.0,0.0,143.0,143.0,,,,,,,,
phase1,L_project_title_vos,paging,paging,flat,2000,library_sequential_paging,PASS,3,90,0,0,90,9.3255,8.190900000000001,10.771200000000002,9.533977777777778,1.3086763102058059,7.58,14.883,90,19457.53515625,15457.107324218701,26452.8569335938,20206.790342881923,4069.677173258345,13973.075195312,28478.853515625,90,699.54052734375,649.6982421875,741.6637695312501,239.55623914929998,2351.949394206121,-13770.639648438,771.376953125,90,185216.0,179236.80000000002,190542.40000000002,185019.55555555556,4205.981335106104,178320.0,190816.0,90,3.0,3.0,3.0,3.0,0.0,3.0,3.0,90,3.0,3.0,3.0,3.0,0.0,3.0,3.0,90,1.0,1.0,1.0,1.0,0.0,1.0,1.0,90,2.0,2.0,2.0,2.0,0.0,2.0,2.0,90,100.0,100.0,100.0,100.0,0.0,100.0,100.0,90,1.1917475728155,1.1917475728155,1.1917475728155,1.1917475728155,0.0,1.1917475728155,1.1917475728155,90,100.0,100.0,100.0,100.0,0.0,100.0,100.0,90,14.0,14.0,14.0,14.0,0.0,14.0,14.0,90,14.0,14.0,14.0,14.0,0.0,14.0,14.0,90,143.0,143.0,143.0,143.0,0.0,143.0,143.0,,,,,,,,
phase1,L_project_title_vos,paging,paging,flat,2000,paging_probe_step_2_to_3,PASS,3,3,0,0,3,8.684,8.246400000000001,8.8752,8.581333333333333,0.4029321696431461,8.137,8.923,3,21980.102539062,21762.8322265628,22101.9158203124,21940.328776041668,214.7082248200417,21708.514648438,22132.369140625,3,697.7216796875,660.5802734375001,698.1912109375,682.4417317708334,26.97552487060402,651.294921875,698.30859375,3,199040.0,195558.4,202137.6,198880.0,4114.333967971001,194688.0,202912.0,3,3.0,3.0000000000000004,3.0,3.0,0.0,3.0,3.0,3,3.0,3.0000000000000004,3.0,3.0,0.0,3.0,3.0,3,1.0,1.0,1.0,1.0,0.0,1.0,1.0,3,2.0,2.0,2.0,2.0,0.0,2.0,2.0,3,100.0,100.0,100.0,100.0,0.0,100.0,100.0,3,1.1917475728155,1.1917475728155,1.1917475728155,1.1917475728155,0.0,1.1917475728155,1.1917475728155,3,100.0,100.0,100.0,100.0,0.0,100.0,100.0,3,14.0,14.000000000000002,14.0,14.0,0.0,14.0,14.0,3,14.0,14.000000000000002,14.0,14.0,0.0,14.0,14.0,3,143.0,143.0,143.0,143.0,0.0,143.0,143.0,,,,,,,,
phase1,L_project_title_vos,paging,paging,hierarchical,2000,library_cached_paging,PASS,3,90,0,0,90,9.056000000000001,8.099499999999999,10.492700000000001,9.339433333333334,1.4160496487994934,7.746,16.451,90,18034.610351562,13877.2536132817,24296.153124999604,18511.042578124958,3862.4984684896313,11426.296875,26342.084960938,90,686.10107421875,644.7994140625,728.2979492187501,196.15428602431115,2658.3372913168546,-14373.638671875,762.1953125,90,196304.0,191472.0,200480.0,195825.06666666668,2881.364770265272,191472.0,200480.0,90,3.0,3.0,3.0,3.0,0.0,3.0,3.0,90,3.0,3.0,3.0,3.0,0.0,3.0,3.0,90,1.0,1.0,1.0,1.0,0.0,1.0,1.0,90,2.0,2.0,2.0,2.0,0.0,2.0,2.0,90,100.0,100.0,100.0,100.0,0.0,100.0,100.0,90,1.1953883495146,1.1953883495146,1.1953883495146,1.1953883495146,0.0,1.1953883495146,1.1953883495146,90,100.0,100.0,100.0,100.0,0.0,100.0,100.0,90,14.0,14.0,14.0,14.0,0.0,14.0,14.0,90,14.0,14.0,14.0,14.0,0.0,14.0,14.0,90,12.0,12.0,12.0,12.0,0.0,12.0,12.0,,,,,,,,
phase1,L_project_title_vos,paging,paging,hierarchical,2000,library_sequential_paging,PASS,3,33,0,0,33,9.167,8.219,10.4494,9.27757575757576,0.8452592438973616,8.005,11.335,33,16379.692382812,13352.7294921876,19190.5400390628,16241.102331912818,2260.4497783737866,12660.629882812,19786.810546875,33,697.4697265625,626.55078125,738.245703125,689.3553207859849,51.15687624276028,524.5244140625,774.400390625,33,177136.0,173920.0,180633.6,177373.0909090909,2504.2186950678397,173920.0,182272.0,33,3.0,3.0,3.0,3.0,0.0,3.0,3.0,33,3.0,3.0,3.0,3.0,0.0,3.0,3.0,33,1.0,1.0,1.0,1.0,0.0,1.0,1.0,33,2.0,2.0,2.0,2.0,0.0,2.0,2.0,33,100.0,100.0,100.0,100.0,0.0,100.0,100.0,33,1.1953883495146,1.1953883495146,1.1953883495146,1.1953883495146,0.0,1.1953883495146,1.1953883495146,33,100.0,100.0,100.0,100.0,0.0,100.0,100.0,33,14.0,14.0,14.0,14.0,0.0,14.0,14.0,33,14.0,14.0,14.0,13.727272727272727,0.8758113121817134,11.0,14.0,33,12.0,12.0,12.0,12.0,0.0,12.0,12.0,,,,,,,,
phase1,L_project_title_vos,paging,paging,hierarchical,2000,paging_probe_step_2_to_3,PASS,3,3,0,0,3,9.196,8.781600000000001,10.4376,9.540666666666667,1.0771821263525179,8.678,10.748,3,21132.612304688,20909.7396484376,21170.158398437597,21055.392903646,175.9644964571487,20854.021484375,21179.544921875,3,666.9814453125,663.1416015625001,672.6439453124999,667.7408854166666,5.975271154446547,662.181640625,674.0595703125,3,191472.0,190332.8,193737.6,191941.33333333334,2166.4693243462584,190048.0,194304.0,3,3.0,3.0000000000000004,3.0,3.0,0.0,3.0,3.0,3,3.0,3.0000000000000004,3.0,3.0,0.0,3.0,3.0,3,1.0,1.0,1.0,1.0,0.0,1.0,1.0,3,2.0,2.0,2.0,2.0,0.0,2.0,2.0,3,100.0,100.0,100.0,100.0,0.0,100.0,100.0,3,1.1953883495146,1.1953883495146,1.1953883495146,1.1953883495146,0.0,1.1953883495146,1.1953883495146,3,100.0,100.0,100.0,100.0,0.0,100.0,100.0,3,14.0,14.000000000000002,14.0,14.0,0.0,14.0,14.0,3,14.0,14.000000000000002,14.0,14.0,0.0,14.0,14.0,3,12.0,12.000000000000002,12.0,12.0,0.0,12.0,12.0,,,,,,,,
phase1,L_project_title_vos,steady_state_cold,startup,hierarchical,2000,home_to_library,PASS,3,3,0,0,3,18.186,17.300400000000003,18.2908,17.860666666666667,0.6801046488102642,17.079,18.317,3,9504.9111328125,9460.8744140625,9659.3486328125,9550.911458333334,130.2863328173552,9449.865234375,9697.9580078125,3,464.8798828125,462.90410156250005,530.3291015625,491.3271484375,47.96275294090306,462.41015625,546.69140625,3,173744.0,173705.60000000003,173769.6,173738.66666666666,40.26578365477733,173696.0,173776.0,3,3.0,3.0000000000000004,3.0,3.0,0.0,3.0,3.0,3,3.0,3.0000000000000004,3.0,3.0,0.0,3.0,3.0,3,2.0,2.0,2.0,2.0,0.0,2.0,2.0,3,1.0,1.0,1.0,1.0,0.0,1.0,1.0,3,100.0,100.0,100.0,100.0,0.0,100.0,100.0,3,2.0976941747573,2.0976941747573,2.0976941747573,2.0976941747573,0.0,2.0976941747573,2.0976941747573,3,100.0,100.0,100.0,100.0,0.0,100.0,100.0,,,,,,,,,,,,,,,,,,,,,,,,,,,,,,,,
phase1,L_project_title_vos,steady_state_cold,startup,hierarchical,2000,library_first_render,PASS,3,3,0,0,3,16.211,15.944600000000001,17.0118,16.433666666666667,0.6943157302937428,15.878,17.212,3,9943.1767578125,9921.8025390625,10125.1939453129,10010.111328125167,139.71248183513273,9916.458984375,10170.698242188,3,457.7421875,434.5953125,462.659375,450.146484375,18.73296558973984,428.80859375,463.888671875,3,173744.0,173731.2,173769.6,173749.33333333334,24.440403706431148,173728.0,173776.0,3,3.0,3.0000000000000004,3.0,3.0,0.0,3.0,3.0,3,3.0,3.0000000000000004,3.0,3.0,0.0,3.0,3.0,3,2.0,2.0,2.0,2.0,0.0,2.0,2.0,3,1.0,1.0,1.0,1.0,0.0,1.0,1.0,3,100.0,100.0,100.0,100.0,0.0,100.0,100.0,3,2.0976941747573,2.0976941747573,2.0976941747573,2.0976941747573,0.0,2.0976941747573,2.0976941747573,3,100.0,100.0,100.0,100.0,0.0,100.0,100.0,,,,,,,,,,,,,,,,,,,,,,,,,,,,,,,,
phase1,L_project_title_vos,warm,synthetic,flat,2000,change_sort_mode,PASS,1,10,0,0,10,75.3465,71.7088,83.80279999999999,77.1106,6.185692725062317,70.573,90.011,10,25590.513183593997,16666.7359374996,28762.466601562497,23607.4520507813,6494.634894634294,15126.124023438,35186.548828125,10,318.58154296875,-10744.6716796875,10199.184082030799,290.4544921874,10070.878700758156,-10809.287109375,10255.32421875,10,202512.0,202512.0,202512.0,202512.0,0.0,202512.0,202512.0,10,6.0,6.0,6.0,6.0,0.0,6.0,6.0,10,6.0,6.0,6.0,6.0,0.0,6.0,6.0,10,2.0,2.0,2.0,2.0,0.0,2.0,2.0,10,4.0,4.0,4.0,4.0,0.0,4.0,4.0,10,100.0,100.0,100.0,100.0,0.0,100.0,100.0,10,2.3907766990291,2.3907766990291,2.3907766990291,2.3907766990291,0.0,2.3907766990291,2.3907766990291,10,100.0,100.0,100.0,100.0,0.0,100.0,100.0,,,,,,,,,,,,,,,,,,,,,,,,,,,,,,,,
phase1,L_project_title_vos,warm,synthetic,flat,2000,close_book,PASS,1,10,0,0,10,54.983000000000004,52.4726,57.7708,55.0018,2.05307551411697,51.713,57.787,10,24509.572753906497,24085.6018554692,25037.0350585942,24524.5103515626,365.3668781625377,24013.3671875,25137.484375,10,6590.2158203125,6496.713574218749,6714.451464843751,6614.2193359375,115.96020800379269,6485.8388671875,6891.6240234375,10,221504.0,221504.0,221504.0,221504.0,0.0,221504.0,221504.0,10,8.0,8.0,8.0,8.0,0.0,8.0,8.0,10,8.0,8.0,8.0,8.0,0.0,8.0,8.0,10,4.0,4.0,4.0,4.0,0.0,4.0,4.0,10,4.0,4.0,4.0,4.0,0.0,4.0,4.0,10,100.0,100.0,100.0,100.0,0.0,100.0,100.0,10,4.3834951456311,4.3834951456311,4.3834951456311,4.3834951456311,0.0,4.3834951456311,4.3834951456311,10,100.0,100.0,100.0,100.0,0.0,100.0,100.0,,,,,,,,,,,,,,,,,,,,,,,,,,,,,,,,
phase1,L_project_title_vos,warm,synthetic,flat,2000,close_quick_settings,PASS,1,10,0,0,10,8.0565,7.6157,8.691099999999999,8.1628,0.48964812762726734,7.613,8.962,10,32590.578613281,31102.036914062002,34007.4799804692,32551.2376953124,1228.6338601509253,30768.833007812,34321.53515625,10,54.0283203125,45.459277343749996,107.52373046874999,66.701953125,27.89454896651473,44.5478515625,126.8798828125,10,221504.0,221504.0,221504.0,221504.0,0.0,221504.0,221504.0,10,3.0,3.0,3.0,3.0,0.0,3.0,3.0,10,3.0,3.0,3.0,3.0,0.0,3.0,3.0,10,3.0,3.0,3.0,3.0,0.0,3.0,3.0,10,0.0,0.0,0.0,0.0,0.0,0.0,0.0,10,100.0,100.0,100.0,100.0,0.0,100.0,100.0,10,3.0,3.0,3.0,3.0,0.0,3.0,3.0,10,100.0,100.0,100.0,100.0,0.0,100.0,100.0,,,,,,,,,,,,,,,,,,,,,,,,,,,,,,,,
phase1,L_project_title_vos,warm,synthetic,flat,2000,home_to_library,PASS,1,10,0,0,10,46.8785,44.6546,55.5552,48.7571,5.045295662517928,43.463,56.601,10,24390.829589843503,19221.621289062,34397.0167968754,25817.9353515622,5888.7903683472405,18999.532226562,34420.907226562,10,5003.486328125,-15146.5607421875,5138.817968750001,-989.75546875,9762.102676863567,-15426.125,5249.50390625,10,199840.0,199356.8,200080.0,199704.0,305.74935268397,199328.0,200080.0,10,3.0,3.0,3.0,3.0,0.0,3.0,3.0,10,3.0,3.0,3.0,3.0,0.0,3.0,3.0,10,2.0,2.0,2.0,2.0,0.0,2.0,2.0,10,1.0,1.0,1.0,1.0,0.0,1.0,1.0,10,100.0,100.0,100.0,100.0,0.0,100.0,100.0,10,2.0976941747573,2.0976941747573,2.0976941747573,2.0976941747573,0.0,2.0976941747573,2.0976941747573,10,100.0,100.0,100.0,100.0,0.0,100.0,100.0,,,,,,,,,,,,,,,,,,,,,,,,,,,,,,,,
phase1,L_project_title_vos,warm,synthetic,flat,2000,library_cached_paging,PASS,1,30,0,0,30,8.004000000000001,6.9178,8.326699999999999,7.783733333333333,0.5910233050620227,6.811,9.272,30,23556.19140625,17485.568750000002,29632.919140625,23559.041341145832,4612.352855093463,15961.65234375,31165.23828125,30,519.6083984375,508.107421875,531.6062499999999,519.3788411458333,10.58497520214012,508.107421875,534.31640625,30,201712.0,201712.0,201712.0,201712.0,0.0,201712.0,201712.0,30,3.0,3.0,3.0,3.0,0.0,3.0,3.0,30,3.0,3.0,3.0,3.0,0.0,3.0,3.0,30,1.0,1.0,1.0,1.0,0.0,1.0,1.0,30,2.0,2.0,2.0,2.0,0.0,2.0,2.0,30,100.0,100.0,100.0,100.0,0.0,100.0,100.0,30,1.1953883495146,1.1953883495146,1.1953883495146,1.1953883495146,0.0,1.1953883495146,1.1953883495146,30,100.0,100.0,100.0,100.0,0.0,100.0,100.0,30,14.0,14.0,14.0,14.0,0.0,14.0,14.0,30,14.0,14.0,14.0,14.0,0.0,14.0,14.0,30,143.0,143.0,143.0,143.0,0.0,143.0,143.0,,,,,,,,
phase1,L_project_title_vos,warm,synthetic,flat,2000,library_first_render,PASS,1,10,0,0,10,47.4945,45.050200000000004,54.8052,49.1299,4.26772131366507,44.278,56.031,10,24036.497070312,18693.100976562,33907.8930664062,25306.230957030803,5992.530580890304,18202.868164062,34191.766601562,10,4992.79638671875,-15471.389746093799,5142.184375,-1106.91562500005,9925.029551028509,-15677.749023438,5257.609375,10,200696.0,200176.0,201696.0,200696.0,579.0167911593277,200176.0,201696.0,10,3.0,3.0,3.0,3.0,0.0,3.0,3.0,10,3.0,3.0,3.0,3.0,0.0,3.0,3.0,10,2.0,2.0,2.0,2.0,0.0,2.0,2.0,10,1.0,1.0,1.0,1.0,0.0,1.0,1.0,10,100.0,100.0,100.0,100.0,0.0,100.0,100.0,10,2.0976941747573,2.0976941747573,2.0976941747573,2.0976941747573,0.0,2.0976941747573,2.0976941747573,10,100.0,100.0,100.0,100.0,0.0,100.0,100.0,,,,,,,,,,,,,,,,,,,,,,,,,,,,,,,,
phase1,L_project_title_vos,warm,synthetic,flat,2000,library_folder_back,PASS,1,10,0,0,10,86.12700000000001,81.3948,91.40379999999999,85.75309999999999,4.075193559138565,81.33,91.915,10,29821.818359375,24626.1557617188,35122.693359375,29826.3636718751,5137.805933016089,23599.834960938,35382.568359375,10,508.84619140625,-10384.814648438,9480.3232421875,-154.44609375010003,10048.238780883774,-10773.706054688,9493.26953125,10,202392.0,202352.0,202512.0,202412.8,63.911049296833035,202352.0,202512.0,10,9.0,9.0,9.0,9.0,0.0,9.0,9.0,10,9.0,9.0,9.0,9.0,0.0,9.0,9.0,10,3.0,3.0,3.0,3.0,0.0,3.0,3.0,10,6.0,6.0,6.0,6.0,0.0,6.0,6.0,10,100.0,100.0,100.0,100.0,0.0,100.0,100.0,10,3.5861650485437,3.5861650485437,3.5861650485437,3.5861650485436996,0.0,3.5861650485437,3.5861650485437,10,100.0,100.0,100.0,100.0,0.0,100.0,100.0,,,,,,,,,,,,,,,,,,,,,,,,,,,,,,,,
phase1,L_project_title_vos,warm,synthetic,flat,2000,library_folder_enter,PASS,1,10,0,0,10,8.824000000000002,8.2637,9.044,8.6837,0.358494707848743,8.162,9.143,10,21688.877441406003,17795.7148437504,30772.574902343298,23540.9371093749,5376.0178877802,16730.559570312,31284.447265625,10,75.18359375,64.4439453125,103.45048828125,80.1921875,15.936992787121023,58.490234375,103.98046875,10,202352.0,202352.0,202352.0,202352.0,0.0,202352.0,202352.0,10,6.0,6.0,6.0,6.0,0.0,6.0,6.0,10,6.0,6.0,6.0,6.0,0.0,6.0,6.0,10,1.0,1.0,1.0,1.0,0.0,1.0,1.0,10,5.0,5.0,5.0,5.0,0.0,5.0,5.0,10,100.0,100.0,100.0,100.0,0.0,100.0,100.0,10,1.4884708737864,1.4884708737864,1.4884708737864,1.4884708737864,0.0,1.4884708737864,1.4884708737864,10,100.0,100.0,100.0,100.0,0.0,100.0,100.0,,,,,,,,,,,,,,,,,,,,,,,,,,,,,,,,
phase1,L_project_title_vos,warm,synthetic,flat,2000,library_sequential_paging,PASS,1,30,0,0,30,7.9925,7.0888,8.4116,7.798533333333333,0.5476891097324651,6.869,8.686,30,22235.1025390625,15748.214257813,28515.7916015625,22181.148763020898,4874.083767696341,14119.682617188,30092.352539062,30,548.4892578125,522.595703125,568.0056640625,546.1100260416666,20.163602138097392,507.265625,584.236328125,30,201712.0,201712.0,201712.0,201712.0,0.0,201712.0,201712.0,30,3.0,3.0,3.0,3.0,0.0,3.0,3.0,30,3.0,3.0,3.0,3.0,0.0,3.0,3.0,30,1.0,1.0,1.0,1.0,0.0,1.0,1.0,30,2.0,2.0,2.0,2.0,0.0,2.0,2.0,30,100.0,100.0,100.0,100.0,0.0,100.0,100.0,30,1.1953883495146,1.1953883495146,1.1953883495146,1.1953883495146,0.0,1.1953883495146,1.1953883495146,30,100.0,100.0,100.0,100.0,0.0,100.0,100.0,30,14.0,14.0,14.0,14.0,0.0,14.0,14.0,30,14.0,14.0,14.0,14.0,0.0,14.0,14.0,30,143.0,143.0,143.0,143.0,0.0,143.0,143.0,,,,,,,,
phase1,L_project_title_vos,warm,synthetic,flat,2000,open_book,PASS,1,10,0,0,10,53.7965,51.744099999999996,55.607299999999995,53.790800000000004,1.7638704160012566,51.682,57.176,10,18385.348632813,17704.468945312,18739.213476562,18304.808691406102,465.691983973433,17527.309570312,18983.352539062,10,-6361.71484375,-7707.665625000001,-6251.9265625,-6738.23564453125,677.1818341705028,-7788.1787109375,-6222.1298828125,10,221400.0,221344.0,221460.8,221404.8,65.66717427891791,221344.0,221504.0,10,9.0,9.0,9.0,9.0,0.0,9.0,9.0,10,9.0,9.0,9.0,9.0,0.0,9.0,9.0,10,9.0,9.0,9.0,9.0,0.0,9.0,9.0,10,0.0,0.0,0.0,0.0,0.0,0.0,0.0,10,100.0,100.0,100.0,100.0,0.0,100.0,100.0,10,9.0,9.0,9.0,9.0,0.0,9.0,9.0,10,100.0,100.0,100.0,100.0,0.0,100.0,100.0,,,,,,,,,,,,,,,,,,,,,,,,,,,,,,,,
phase1,L_project_title_vos,warm,synthetic,flat,2000,open_book_minimal,PASS,1,10,0,0,10,52.668499999999995,50.060900000000004,53.982099999999996,52.4526,1.8902209864927906,48.971,55.729,10,17701.422363281003,17224.1398437504,18207.4788085933,17719.8001953124,519.2551759371664,16912.235351562,18796.990234375,10,-6372.796875,-7770.92841796875,-6297.67080078125,-6685.03193359375,703.8523398996309,-8270.548828125,-6279.107421875,10,221040.0,217478.4,221344.0,219915.2,2750.852990942587,212640.0,221344.0,10,0.0,0.0,0.0,0.0,0.0,0.0,0.0,10,0.0,0.0,0.0,0.0,0.0,0.0,0.0,10,0.0,0.0,0.0,0.0,0.0,0.0,0.0,10,0.0,0.0,0.0,0.0,0.0,0.0,0.0,10,0.0,0.0,0.0,0.0,0.0,0.0,0.0,10,0.0,0.0,0.0,0.0,0.0,0.0,0.0,10,0.0,0.0,0.0,0.0,0.0,0.0,0.0,,,,,,,,,,,,,,,,,,,,,,,,,,,,,,,,
phase1,L_project_title_vos,warm,synthetic,flat,2000,open_quick_settings,PASS,1,10,0,0,10,8.462,7.4656,8.6921,8.2105,0.5479380033868392,7.237,8.819,10,28083.357910156497,26842.829882813,29350.067871093797,28086.971679687696,1049.691670886924,26521.561523438,29655.799804688,10,309.06787109375,299.2568359375,318.06337890625,309.301953125,8.159078547491783,297.2880859375,326.025390625,10,221504.0,221504.0,221504.0,221504.0,0.0,221504.0,221504.0,10,3.0,3.0,3.0,3.0,0.0,3.0,3.0,10,3.0,3.0,3.0,3.0,0.0,3.0,3.0,10,3.0,3.0,3.0,3.0,0.0,3.0,3.0,10,0.0,0.0,0.0,0.0,0.0,0.0,0.0,10,100.0,100.0,100.0,100.0,0.0,100.0,100.0,10,3.0,3.0,3.0,3.0,0.0,3.0,3.0,10,100.0,100.0,100.0,100.0,0.0,100.0,100.0,,,,,,,,,,,,,,,,,,,,,,,,,,,,,,,,
phase1,L_project_title_vos,warm,synthetic,flat,2000,repeated_nav,PASS,1,2,0,0,2,83.62049999999999,83.4137,83.82730000000001,83.62049999999999,0.36557420587345224,83.362,83.879,2,28711.76171875,26291.6578125004,31131.865624999602,28711.76171875,4278.179708212864,25686.631835938,31736.891601562,2,5490.72509765625,5483.01220703125,5498.43798828125,5490.72509765625,13.634593158719122,5481.083984375,5500.3662109375,2,223984.0,223971.2,223996.8,223984.0,22.627416997969522,223968.0,224000.0,2,30.0,30.0,30.0,30.0,0.0,30.0,30.0,2,30.0,30.0,30.0,30.0,0.0,30.0,30.0,2,10.0,10.0,10.0,10.0,0.0,10.0,10.0,2,20.0,20.0,20.0,20.0,0.0,20.0,20.0,2,100.0,100.0,100.0,100.0,0.0,100.0,100.0,2,11.917475728155,11.917475728155,11.917475728155,11.917475728155,0.0,11.917475728155,11.917475728155,2,100.0,100.0,100.0,100.0,0.0,100.0,100.0,,,,,,,,,,,,,,,,,,,,,,,,,,,,,,,,
phase1,L_project_title_vos,warm,synthetic,flat,2000,start_to_home,UNSUPPORTED,1,0,0,10,,,,,,,,,,,,,,,,,,,,,,,,,,,,,,,,,,,,,,,,,,,,,,,,,,,,,,,,,,,,,,,,,,,,,,,,,,,,,,,,,,,,,,,,,,,,,,,,,,,,,,,,,,,,,,,,,,,,,,,,
phase1,L_project_title_vos,warm,synthetic,flat,50,change_sort_mode,PASS,1,10,0,0,10,13.1215,10.9886,14.483699999999999,13.15,1.7759836710961057,10.913,16.965,10,23126.663574218503,18848.22734375,26781.5108398442,22486.8936523438,4455.748262718841,12194.984375,27617.52734375,10,994.40283203125,-715.6643554687497,1033.8091796875,-646.3525390625,5194.047392234912,-15428.56640625,1035.5107421875,10,190240.0,190240.0,190240.0,190240.0,0.0,190240.0,190240.0,10,6.0,6.0,6.0,6.0,0.0,6.0,6.0,10,6.0,6.0,6.0,6.0,0.0,6.0,6.0,10,2.0,2.0,2.0,2.0,0.0,2.0,2.0,10,4.0,4.0,4.0,4.0,0.0,4.0,4.0,10,100.0,100.0,100.0,100.0,0.0,100.0,100.0,10,2.3907766990291,2.3907766990291,2.3907766990291,2.3907766990291,0.0,2.3907766990291,2.3907766990291,10,100.0,100.0,100.0,100.0,0.0,100.0,100.0,,,,,,,,,,,,,,,,,,,,,,,,,,,,,,,,
phase1,L_project_title_vos,warm,synthetic,flat,50,close_book,PASS,1,10,0,0,10,25.2705,23.406699999999997,28.631300000000003,25.723300000000002,2.3613438287927875,23.359,30.821,10,15668.731445312,15248.7674804687,16383.0157226562,15730.235644531,508.7102125316316,15042.504882812,16645.247070312,10,1677.0712890625,1488.4801757812502,1853.14228515625,1665.0173828125,157.30485542888977,1399.4443359375,1958.212890625,10,215696.0,215696.0,215696.0,215696.0,0.0,215696.0,215696.0,10,8.0,8.0,8.0,8.0,0.0,8.0,8.0,10,8.0,8.0,8.0,8.0,0.0,8.0,8.0,10,4.0,4.0,4.0,4.0,0.0,4.0,4.0,10,4.0,4.0,4.0,4.0,0.0,4.0,4.0,10,100.0,100.0,100.0,100.0,0.0,100.0,100.0,10,4.3834951456311,4.3834951456311,4.3834951456311,4.3834951456311,0.0,4.3834951456311,4.3834951456311,10,100.0,100.0,100.0,100.0,0.0,100.0,100.0,,,,,,,,,,,,,,,,,,,,,,,,,,,,,,,,
phase1,L_project_title_vos,warm,synthetic,flat,50,close_quick_settings,PASS,1,10,0,0,10,8.2455,7.4668,8.417300000000001,8.094199999999999,0.3819007433585039,7.393,8.483,10,23974.105957031497,22690.6773437496,25209.096582031696,23961.1901367188,1058.356567107602,22371.569335938,25533.552734375,10,43.97705078125,39.51357421875,57.891406249999996,47.88515625,11.707812551769962,36.9990234375,77.6298828125,10,215696.0,215696.0,215696.0,215696.0,0.0,215696.0,215696.0,10,3.0,3.0,3.0,3.0,0.0,3.0,3.0,10,3.0,3.0,3.0,3.0,0.0,3.0,3.0,10,3.0,3.0,3.0,3.0,0.0,3.0,3.0,10,0.0,0.0,0.0,0.0,0.0,0.0,0.0,10,100.0,100.0,100.0,100.0,0.0,100.0,100.0,10,3.0,3.0,3.0,3.0,0.0,3.0,3.0,10,100.0,100.0,100.0,100.0,0.0,100.0,100.0,,,,,,,,,,,,,,,,,,,,,,,,,,,,,,,,
phase1,L_project_title_vos,warm,synthetic,flat,50,home_to_library,PASS,1,10,0,0,10,22.406,21.7396,23.9657,22.5683,0.9517432018261135,21.646,24.602,10,19976.639160156003,16908.6139648437,24273.75546875,20389.0807617186,3108.288439331807,15910.657226562,25293.107421875,10,1158.04541015625,324.3726562500002,1230.14091796875,381.88759765625,2486.060754507793,-6692.4580078125,1235.9970703125,10,184160.0,184160.0,187104.0,185019.2,1415.3354372727335,184160.0,187968.0,10,3.0,3.0,3.0,3.0,0.0,3.0,3.0,10,3.0,3.0,3.0,3.0,0.0,3.0,3.0,10,2.0,2.0,2.0,2.0,0.0,2.0,2.0,10,1.0,1.0,1.0,1.0,0.0,1.0,1.0,10,100.0,100.0,100.0,100.0,0.0,100.0,100.0,10,2.0976941747573,2.0976941747573,2.0976941747573,2.0976941747573,0.0,2.0976941747573,2.0976941747573,10,100.0,100.0,100.0,100.0,0.0,100.0,100.0,,,,,,,,,,,,,,,,,,,,,,,,,,,,,,,,
phase1,L_project_title_vos,warm,synthetic,flat,50,library_cached_paging,PASS,1,30,0,0,30,9.2695,8.2614,10.7163,9.3924,0.9762214841965406,7.839,12.092,30,18553.40625,14278.8717773442,22319.40546875,18443.5974283853,3247.852716814487,12203.779296875,24429.336914062,30,703.37255859375,668.18095703125,743.8895507812499,334.49169921875,1460.9864237333736,-6132.8525390625,792.7607421875,30,189280.0,189280.0,189280.0,189280.0,0.0,189280.0,189280.0,30,3.0,3.0,3.0,3.0,0.0,3.0,3.0,30,3.0,3.0,3.0,3.0,0.0,3.0,3.0,30,1.0,1.0,1.0,1.0,0.0,1.0,1.0,30,2.0,2.0,2.0,2.0,0.0,2.0,2.0,30,100.0,100.0,100.0,100.0,0.0,100.0,100.0,30,1.1953883495146,1.1953883495146,1.1953883495146,1.1953883495146,0.0,1.1953883495146,1.1953883495146,30,100.0,100.0,100.0,100.0,0.0,100.0,100.0,30,14.0,14.0,14.0,14.0,0.0,14.0,14.0,30,14.0,14.0,14.0,14.0,0.0,14.0,14.0,30,4.0,4.0,4.0,4.0,0.0,4.0,4.0,,,,,,,,
phase1,L_project_title_vos,warm,synthetic,flat,50,library_first_render,PASS,1,10,0,0,10,22.274,21.1417,23.7899,22.3826,1.0219065188819054,21.031,23.861,10,22225.037109375,17920.1040039062,26316.686914062997,22176.5021484375,3534.217598164134,16874.579101562,27339.245117188,10,1164.99169921875,1094.0814453125,1210.97939453125,1161.74755859375,50.28492308396247,1071.259765625,1231.087890625,10,187968.0,187968.0,188124.8,188099.2,403.7724331573142,187968.0,189248.0,10,3.0,3.0,3.0,3.0,0.0,3.0,3.0,10,3.0,3.0,3.0,3.0,0.0,3.0,3.0,10,2.0,2.0,2.0,2.0,0.0,2.0,2.0,10,1.0,1.0,1.0,1.0,0.0,1.0,1.0,10,100.0,100.0,100.0,100.0,0.0,100.0,100.0,10,2.0976941747573,2.0976941747573,2.0976941747573,2.0976941747573,0.0,2.0976941747573,2.0976941747573,10,100.0,100.0,100.0,100.0,0.0,100.0,100.0,,,,,,,,,,,,,,,,,,,,,,,,,,,,,,,,
phase1,L_project_title_vos,warm,synthetic,flat,50,library_folder_back,PASS,1,10,0,0,10,26.544,24.265700000000002,28.554799999999997,26.812900000000003,3.2628600763406608,23.534,35.249,10,20659.628417968503,14841.602929687,26237.664746093298,20591.6944335936,4770.101695075167,13458.137695312,27580.419921875,10,1419.45849609375,-252.78710937504957,1446.1486328125,-156.43212890630002,4946.342995326391,-14233.416992188,1454.9658203125,10,189544.0,189536.0,190240.0,189769.6,330.7698763658975,189536.0,190240.0,10,9.0,9.0,9.0,9.0,0.0,9.0,9.0,10,9.0,9.0,9.0,9.0,0.0,9.0,9.0,10,3.0,3.0,3.0,3.0,0.0,3.0,3.0,10,6.0,6.0,6.0,6.0,0.0,6.0,6.0,10,100.0,100.0,100.0,100.0,0.0,100.0,100.0,10,3.5861650485437,3.5861650485437,3.5861650485437,3.5861650485436996,0.0,3.5861650485437,3.5861650485437,10,100.0,100.0,100.0,100.0,0.0,100.0,100.0,,,,,,,,,,,,,,,,,,,,,,,,,,,,,,,,
phase1,L_project_title_vos,warm,synthetic,flat,50,library_folder_enter,PASS,1,10,0,0,10,8.645,8.1276,8.7441,8.532,0.32926045077483024,7.782,8.916,10,19602.1552734375,14204.1231445312,25125.8399414058,19659.3726562499,4516.130775989074,13315.954101562,26480.26171875,10,108.5947265625,101.11992187499999,125.0080078125,111.73740234375,14.63801365555666,91.96875,147.2109375,10,189512.0,189504.0,189536.0,189518.4,15.91086281618805,189504.0,189536.0,10,6.0,6.0,6.0,6.0,0.0,6.0,6.0,10,6.0,6.0,6.0,6.0,0.0,6.0,6.0,10,1.0,1.0,1.0,1.0,0.0,1.0,1.0,10,5.0,5.0,5.0,5.0,0.0,5.0,5.0,10,100.0,100.0,100.0,100.0,0.0,100.0,100.0,10,1.4884708737864,1.4884708737864,1.4884708737864,1.4884708737864,0.0,1.4884708737864,1.4884708737864,10,100.0,100.0,100.0,100.0,0.0,100.0,100.0,,,,,,,,,,,,,,,,,,,,,,,,,,,,,,,,
phase1,L_project_title_vos,warm,synthetic,flat,50,library_sequential_paging,PASS,1,3,0,0,3,9.903,8.785400000000001,10.4846,9.679666666666668,1.0794685420767638,8.506,10.63,3,11827.883789062,11246.436914062,12250.399414062,11761.662434895334,630.0918879794968,11101.075195312,12356.028320312,3,714.794921875,562.024609375,720.937109375,653.6998697916666,112.5343437218015,523.83203125,722.47265625,3,189280.0,189280.0,189280.0,189280.0,0.0,189280.0,189280.0,3,3.0,3.0000000000000004,3.0,3.0,0.0,3.0,3.0,3,3.0,3.0000000000000004,3.0,3.0,0.0,3.0,3.0,3,1.0,1.0,1.0,1.0,0.0,1.0,1.0,3,2.0,2.0,2.0,2.0,0.0,2.0,2.0,3,100.0,100.0,100.0,100.0,0.0,100.0,100.0,3,1.1953883495146,1.1953883495146,1.1953883495146,1.1953883495146,0.0,1.1953883495146,1.1953883495146,3,100.0,100.0,100.0,100.0,0.0,100.0,100.0,3,14.0,14.000000000000002,14.0,14.0,0.0,14.0,14.0,3,14.0,9.200000000000001,14.0,12.0,3.4641016151377544,8.0,14.0,3,4.0,4.0,4.0,4.0,0.0,4.0,4.0,,,,,,,,
phase1,L_project_title_vos,warm,synthetic,flat,50,open_book,PASS,1,10,0,0,10,38.908,36.865700000000004,41.1507,38.9827,2.0529052611143834,36.062,42.03,10,14565.387207030999,13960.194726563,14944.7011718746,14503.3693359376,416.5288813254257,13893.401367188,15165.209960938,10,-1395.5517578125,-2883.71689453125,-1222.02939453125,-1653.72470703125,659.6627067409555,-2896.9541015625,-1189.203125,10,215432.0,215392.0,215536.0,215457.6,71.73283766867166,215392.0,215536.0,10,9.0,9.0,9.0,9.0,0.0,9.0,9.0,10,9.0,9.0,9.0,9.0,0.0,9.0,9.0,10,9.0,9.0,9.0,9.0,0.0,9.0,9.0,10,0.0,0.0,0.0,0.0,0.0,0.0,0.0,10,100.0,100.0,100.0,100.0,0.0,100.0,100.0,10,9.0,9.0,9.0,9.0,0.0,9.0,9.0,10,100.0,100.0,100.0,100.0,0.0,100.0,100.0,,,,,,,,,,,,,,,,,,,,,,,,,,,,,,,,
phase1,L_project_title_vos,warm,synthetic,flat,50,open_book_minimal,PASS,1,10,0,0,10,39.792500000000004,35.649,41.613699999999994,38.7218,2.639546038410561,34.497,41.998,10,14019.212402343499,13282.917187500401,14434.330664063,13929.7435546875,482.7533145603095,13258.063476562,14547.811523438,10,-1422.01220703125,-2756.7453124999997,-1206.2169921875,-1690.7330078125,604.30146056414,-2792.5712890625,-1193.017578125,10,213552.0,208593.6,213595.2,211913.6,2364.8772202096807,208176.0,213984.0,10,0.0,0.0,0.0,0.0,0.0,0.0,0.0,10,0.0,0.0,0.0,0.0,0.0,0.0,0.0,10,0.0,0.0,0.0,0.0,0.0,0.0,0.0,10,0.0,0.0,0.0,0.0,0.0,0.0,0.0,10,0.0,0.0,0.0,0.0,0.0,0.0,0.0,10,0.0,0.0,0.0,0.0,0.0,0.0,0.0,10,0.0,0.0,0.0,0.0,0.0,0.0,0.0,,,,,,,,,,,,,,,,,,,,,,,,,,,,,,,,
phase1,L_project_title_vos,warm,synthetic,flat,50,open_quick_settings,PASS,1,10,0,0,10,8.4405,7.8953999999999995,8.703999999999999,8.3806,0.34603346016759073,7.818,9.01,10,19222.40625,17926.8012695313,20709.780273438,19265.825976562697,1156.9817976213567,17583.557617188,21102.299804688,10,325.568359375,310.11611328125,370.103515625,339.454296875,41.18399881144037,309.552734375,447.623046875,10,215696.0,215696.0,215696.0,215696.0,0.0,215696.0,215696.0,10,3.0,3.0,3.0,3.0,0.0,3.0,3.0,10,3.0,3.0,3.0,3.0,0.0,3.0,3.0,10,3.0,3.0,3.0,3.0,0.0,3.0,3.0,10,0.0,0.0,0.0,0.0,0.0,0.0,0.0,10,100.0,100.0,100.0,100.0,0.0,100.0,100.0,10,3.0,3.0,3.0,3.0,0.0,3.0,3.0,10,100.0,100.0,100.0,100.0,0.0,100.0,100.0,,,,,,,,,,,,,,,,,,,,,,,,,,,,,,,,
phase1,L_project_title_vos,warm,synthetic,flat,50,repeated_nav,PASS,1,2,0,0,2,83.5145,83.26050000000001,83.76849999999999,83.5145,0.44901280605345123,83.197,83.832,2,25418.778808593503,23047.0073242187,27790.550292968303,25418.778808593503,4192.739250065763,22454.064453125,28383.493164062,2,5390.0458984375,5382.141210937501,5397.9505859375,5390.0458984375,13.973645336026344,5380.1650390625,5399.9267578125,2,219296.0,219296.0,219296.0,219296.0,0.0,219296.0,219296.0,2,30.0,30.0,30.0,30.0,0.0,30.0,30.0,2,30.0,30.0,30.0,30.0,0.0,30.0,30.0,2,10.0,10.0,10.0,10.0,0.0,10.0,10.0,2,20.0,20.0,20.0,20.0,0.0,20.0,20.0,2,100.0,100.0,100.0,100.0,0.0,100.0,100.0,2,11.917475728155,11.917475728155,11.917475728155,11.917475728155,0.0,11.917475728155,11.917475728155,2,100.0,100.0,100.0,100.0,0.0,100.0,100.0,,,,,,,,,,,,,,,,,,,,,,,,,,,,,,,,
phase1,L_project_title_vos,warm,synthetic,flat,50,start_to_home,UNSUPPORTED,1,0,0,10,,,,,,,,,,,,,,,,,,,,,,,,,,,,,,,,,,,,,,,,,,,,,,,,,,,,,,,,,,,,,,,,,,,,,,,,,,,,,,,,,,,,,,,,,,,,,,,,,,,,,,,,,,,,,,,,,,,,,,,,
phase1,L_project_title_vos,warm,synthetic,hierarchical,2000,change_sort_mode,PASS,1,10,0,0,10,7.9325,7.2486,8.2099,7.8118,0.46437216875165027,6.885,8.434,10,21930.87890625,21160.429492187002,22737.0437499996,21951.4269531249,663.691911203401,20956.583007812,22926.182617188,10,202.01513671875,185.042578125,240.82587890625,209.11259765625,24.208495493754455,174.5712890625,242.4580078125,10,187936.0,187936.0,187936.0,187936.0,0.0,187936.0,187936.0,10,6.0,6.0,6.0,6.0,0.0,6.0,6.0,10,6.0,6.0,6.0,6.0,0.0,6.0,6.0,10,2.0,2.0,2.0,2.0,0.0,2.0,2.0,10,4.0,4.0,4.0,4.0,0.0,4.0,4.0,10,100.0,100.0,100.0,100.0,0.0,100.0,100.0,10,2.3907766990291,2.3907766990291,2.3907766990291,2.3907766990291,0.0,2.3907766990291,2.3907766990291,10,100.0,100.0,100.0,100.0,0.0,100.0,100.0,,,,,,,,,,,,,,,,,,,,,,,,,,,,,,,,
phase1,L_project_title_vos,warm,synthetic,hierarchical,2000,close_book,PASS,1,10,0,0,10,27.7485,24.536199999999997,35.1232,29.1235,4.8918838736557655,24.088,39.517,10,16293.135253906501,15869.956640624601,16885.6437499996,16322.3729492188,428.7794045816223,15672.823242188,16887.034179688,10,1952.57763671875,1749.1419921875001,2161.19267578125,1953.1033203125,157.2662943536864,1710.95703125,2193.1083984375,10,212992.0,212992.0,212992.0,212992.0,0.0,212992.0,212992.0,10,8.0,8.0,8.0,8.0,0.0,8.0,8.0,10,8.0,8.0,8.0,8.0,0.0,8.0,8.0,10,4.0,4.0,4.0,4.0,0.0,4.0,4.0,10,4.0,4.0,4.0,4.0,0.0,4.0,4.0,10,100.0,100.0,100.0,100.0,0.0,100.0,100.0,10,4.3834951456311,4.3834951456311,4.3834951456311,4.3834951456311,0.0,4.3834951456311,4.3834951456311,10,100.0,100.0,100.0,100.0,0.0,100.0,100.0,,,,,,,,,,,,,,,,,,,,,,,,,,,,,,,,
phase1,L_project_title_vos,warm,synthetic,hierarchical,2000,close_quick_settings,PASS,1,10,0,0,10,8.036000000000001,7.8003,8.2276,8.045,0.22577914479026234,7.767,8.512,10,25342.65625,24148.069531249603,26549.77265625,25344.9502929688,1008.4180763105984,23825.565429688,26841.66796875,10,28.86328125,24.895312500000003,40.8365234375,31.32421875,7.510038298424419,24.005859375,47.4951171875,10,212992.0,212992.0,212992.0,212992.0,0.0,212992.0,212992.0,10,3.0,3.0,3.0,3.0,0.0,3.0,3.0,10,3.0,3.0,3.0,3.0,0.0,3.0,3.0,10,3.0,3.0,3.0,3.0,0.0,3.0,3.0,10,0.0,0.0,0.0,0.0,0.0,0.0,0.0,10,100.0,100.0,100.0,100.0,0.0,100.0,100.0,10,3.0,3.0,3.0,3.0,0.0,3.0,3.0,10,100.0,100.0,100.0,100.0,0.0,100.0,100.0,,,,,,,,,,,,,,,,,,,,,,,,,,,,,,,,
phase1,L_project_title_vos,warm,synthetic,hierarchical,2000,home_to_library,PASS,1,10,0,0,10,16.8175,16.6308,17.8711,17.0278,0.7930884495999734,15.972,18.934,10,17615.881347656497,16049.7873046875,19151.069140625,17615.9602539064,1308.898013885988,15619.353515625,19523.521484375,10,434.60400390625,386.448828125,476.40595703124995,435.84599609375,42.19302594210879,367.25,503.1044921875,10,176736.0,175051.2,178352.0,176724.8,1404.866209525543,174576.0,178784.0,10,3.0,3.0,3.0,3.0,0.0,3.0,3.0,10,3.0,3.0,3.0,3.0,0.0,3.0,3.0,10,2.0,2.0,2.0,2.0,0.0,2.0,2.0,10,1.0,1.0,1.0,1.0,0.0,1.0,1.0,10,100.0,100.0,100.0,100.0,0.0,100.0,100.0,10,2.0976941747573,2.0976941747573,2.0976941747573,2.0976941747573,0.0,2.0976941747573,2.0976941747573,10,100.0,100.0,100.0,100.0,0.0,100.0,100.0,,,,,,,,,,,,,,,,,,,,,,,,,,,,,,,,
phase1,L_project_title_vos,warm,synthetic,hierarchical,2000,library_cached_paging,UNSUPPORTED,1,0,0,1,,,,,,,,,,,,,,,,,,,,,,,,,,,,,,,,,,,,,,,,,,,,,,,,,,,,,,,,,,,,,,,,,,,,,,,,,,,,,,,,,,,,,,,,,,,,,,,,,,,,,,,,,,,,,,,,,,,,,,,,
phase1,L_project_title_vos,warm,synthetic,hierarchical,2000,library_first_render,PASS,1,10,0,0,10,17.13,16.4224,18.926399999999997,17.549799999999998,1.5566804282046964,16.381,21.513,10,13485.047363281501,11911.575195312,20865.318554688,14884.1509765626,3580.3201096132143,11525.559570312,21234.838867188,10,412.61083984375,-4305.78876953125,461.391796875,-604.85908203125,2196.3056885249403,-5289.625,475.3857421875,10,180864.0,180582.4,180864.0,180771.2,211.56601281344265,180208.0,180864.0,10,3.0,3.0,3.0,3.0,0.0,3.0,3.0,10,3.0,3.0,3.0,3.0,0.0,3.0,3.0,10,2.0,2.0,2.0,2.0,0.0,2.0,2.0,10,1.0,1.0,1.0,1.0,0.0,1.0,1.0,10,100.0,100.0,100.0,100.0,0.0,100.0,100.0,10,2.0976941747573,2.0976941747573,2.0976941747573,2.0976941747573,0.0,2.0976941747573,2.0976941747573,10,100.0,100.0,100.0,100.0,0.0,100.0,100.0,,,,,,,,,,,,,,,,,,,,,,,,,,,,,,,,
phase1,L_project_title_vos,warm,synthetic,hierarchical,2000,library_folder_back,PASS,1,10,0,0,10,17.953,17.3681,19.104400000000002,18.0784,0.6806879200077257,17.225,19.144,10,19509.698730468997,14349.946679687,26320.4205078125,20402.980761718798,5118.375443605537,13796.063476562,27534.986328125,10,496.87841796875,429.3435546875,540.1646484375,482.6501953125,69.67572881053343,324.48828125,576.328125,10,187928.0,185425.6,187936.0,187121.6,1388.008581465627,184000.0,187936.0,10,9.0,9.0,9.0,9.0,0.0,9.0,9.0,10,9.0,9.0,9.0,9.0,0.0,9.0,9.0,10,3.0,3.0,3.0,3.0,0.0,3.0,3.0,10,6.0,6.0,6.0,6.0,0.0,6.0,6.0,10,100.0,100.0,100.0,100.0,0.0,100.0,100.0,10,3.5861650485437,3.5861650485437,3.5861650485437,3.5861650485436996,0.0,3.5861650485437,3.5861650485437,10,100.0,100.0,100.0,100.0,0.0,100.0,100.0,,,,,,,,,,,,,,,,,,,,,,,,,,,,,,,,
phase1,L_project_title_vos,warm,synthetic,hierarchical,2000,library_folder_enter,PASS,1,10,0,0,10,13.2655,8.530700000000001,16.6447,12.874799999999999,4.042440126678166,7.223,20.449,10,17065.1010742185,14055.3797851558,20424.9404296875,17268.7337890624,2470.836265276923,13868.98046875,21036.193359375,10,1160.87451171875,-612.9374023437498,1595.0623046874998,193.0470703125,2650.958040660655,-7175.7294921875,1784.587890625,10,181440.0,181120.0,181504.0,181384.0,147.07821048680188,181120.0,181504.0,10,6.0,6.0,6.0,6.0,0.0,6.0,6.0,10,6.0,6.0,6.0,6.0,0.0,6.0,6.0,10,1.0,1.0,1.0,1.0,0.0,1.0,1.0,10,5.0,5.0,5.0,5.0,0.0,5.0,5.0,10,100.0,100.0,100.0,100.0,0.0,100.0,100.0,10,1.4884708737864,1.4884708737864,1.4884708737864,1.4884708737864,0.0,1.4884708737864,1.4884708737864,10,100.0,100.0,100.0,100.0,0.0,100.0,100.0,,,,,,,,,,,,,,,,,,,,,,,,,,,,,,,,
phase1,L_project_title_vos,warm,synthetic,hierarchical,2000,library_sequential_paging,UNSUPPORTED,1,0,0,1,,,,,,,,,,,,,,,,,,,,,,,,,,,,,,,,,,,,,,,,,,,,,,,,,,,,,,,,,,,,,,,,,,,,,,,,,,,,,,,,,,,,,,,,,,,,,,,,,,,,,,,,,,,,,,,,,,,,,,,,
phase1,L_project_title_vos,warm,synthetic,hierarchical,2000,open_book,PASS,1,10,0,0,10,40.2525,37.4705,45.1671,40.60080000000001,2.989544290801972,36.692,45.555,10,14654.475097656501,14225.191015625,15070.390039062,14649.691015624901,380.7954785962298,14121.44140625,15328.985351562,10,-1649.06494140625,-3017.0509765625,-1484.91259765625,-2020.74521484375,714.0887398521905,-3183.2099609375,-1429.37890625,10,212864.0,212864.0,212992.0,212889.6,53.96953873354034,212864.0,212992.0,10,9.0,9.0,9.0,9.0,0.0,9.0,9.0,10,9.0,9.0,9.0,9.0,0.0,9.0,9.0,10,9.0,9.0,9.0,9.0,0.0,9.0,9.0,10,0.0,0.0,0.0,0.0,0.0,0.0,0.0,10,100.0,100.0,100.0,100.0,0.0,100.0,100.0,10,9.0,9.0,9.0,9.0,0.0,9.0,9.0,10,100.0,100.0,100.0,100.0,0.0,100.0,100.0,,,,,,,,,,,,,,,,,,,,,,,,,,,,,,,,
phase1,L_project_title_vos,warm,synthetic,hierarchical,2000,open_book_minimal,PASS,1,10,0,0,10,40.9135,37.7448,43.9822,40.775400000000005,2.2686354782849834,37.689,44.146,10,13808.338378906501,13208.885839844199,14421.167773437499,13796.9452148438,510.1639375605834,13112.13671875,14610.376953125,10,-1786.9736328125,-2820.85810546875,-1599.3922851562502,-2072.2064453125,633.4646916854283,-3531.5830078125,-1563.3984375,10,210592.0,208582.4,211046.40000000002,209932.8,1833.872696417793,205760.0,212544.0,10,0.0,0.0,0.0,0.0,0.0,0.0,0.0,10,0.0,0.0,0.0,0.0,0.0,0.0,0.0,10,0.0,0.0,0.0,0.0,0.0,0.0,0.0,10,0.0,0.0,0.0,0.0,0.0,0.0,0.0,10,0.0,0.0,0.0,0.0,0.0,0.0,0.0,10,0.0,0.0,0.0,0.0,0.0,0.0,0.0,10,0.0,0.0,0.0,0.0,0.0,0.0,0.0,,,,,,,,,,,,,,,,,,,,,,,,,,,,,,,,
phase1,L_project_title_vos,warm,synthetic,hierarchical,2000,open_quick_settings,PASS,1,10,0,0,10,8.4315,7.771999999999999,8.8772,8.4061,0.49736270020534906,7.619,9.284,10,21284.021972656003,20014.644824218303,22490.5831054687,21262.0909179687,1035.7624172077515,19708.462890625,22783.813476562,10,312.9287109375,297.9970703125,323.2150390625,314.33896484375,16.37982884649231,291.7744140625,353.1962890625,10,212992.0,212992.0,212992.0,212992.0,0.0,212992.0,212992.0,10,3.0,3.0,3.0,3.0,0.0,3.0,3.0,10,3.0,3.0,3.0,3.0,0.0,3.0,3.0,10,3.0,3.0,3.0,3.0,0.0,3.0,3.0,10,0.0,0.0,0.0,0.0,0.0,0.0,0.0,10,100.0,100.0,100.0,100.0,0.0,100.0,100.0,10,3.0,3.0,3.0,3.0,0.0,3.0,3.0,10,100.0,100.0,100.0,100.0,0.0,100.0,100.0,,,,,,,,,,,,,,,,,,,,,,,,,,,,,,,,
phase1,L_project_title_vos,warm,synthetic,hierarchical,2000,repeated_nav,UNSUPPORTED,1,0,0,2,,,,,,,,,,,,,,,,,,,,,,,,,,,,,,,,,,,,,,,,,,,,,,,,,,,,,,,,,,,,,,,,,,,,,,,,,,,,,,,,,,,,,,,,,,,,,,,,,,,,,,,,,,,,,,,,,,,,,,,,
phase1,L_project_title_vos,warm,synthetic,hierarchical,2000,start_to_home,UNSUPPORTED,1,0,0,10,,,,,,,,,,,,,,,,,,,,,,,,,,,,,,,,,,,,,,,,,,,,,,,,,,,,,,,,,,,,,,,,,,,,,,,,,,,,,,,,,,,,,,,,,,,,,,,,,,,,,,,,,,,,,,,,,,,,,,,,
phase1,L_project_title_vos,warm,synthetic,hierarchical,50,change_sort_mode,PASS,1,10,0,0,10,7.9285,6.9693,8.0521,7.7294,0.4993703146074172,6.9,8.53,10,19211.575683593997,18478.317773437997,20015.5239257817,19236.871191406397,649.7527587966662,18302.557617188,20228.970703125,10,204.82080078125,188.22998046875,228.828125,206.5228515625,15.266814963551962,185.5185546875,230.3662109375,10,180048.0,180048.0,180048.0,180048.0,0.0,180048.0,180048.0,10,6.0,6.0,6.0,6.0,0.0,6.0,6.0,10,6.0,6.0,6.0,6.0,0.0,6.0,6.0,10,2.0,2.0,2.0,2.0,0.0,2.0,2.0,10,4.0,4.0,4.0,4.0,0.0,4.0,4.0,10,100.0,100.0,100.0,100.0,0.0,100.0,100.0,10,2.3907766990291,2.3907766990291,2.3907766990291,2.3907766990291,0.0,2.3907766990291,2.3907766990291,10,100.0,100.0,100.0,100.0,0.0,100.0,100.0,,,,,,,,,,,,,,,,,,,,,,,,,,,,,,,,
phase1,L_project_title_vos,warm,synthetic,hierarchical,50,close_book,PASS,1,10,0,0,10,22.72,20.609800000000003,25.75,23.0375,2.308955283239586,20.257,27.325,10,14388.404785155999,14027.4628906254,14865.575683593699,14417.950488281098,378.07020895382425,13941.567382812,15175.825195312,10,1260.3916015625,1148.4431640625,1425.5478515625,1272.6203125,127.30272511297913,1060.216796875,1480.1630859375,10,202656.0,202656.0,202656.0,202656.0,0.0,202656.0,202656.0,10,8.0,8.0,8.0,8.0,0.0,8.0,8.0,10,8.0,8.0,8.0,8.0,0.0,8.0,8.0,10,4.0,4.0,4.0,4.0,0.0,4.0,4.0,10,4.0,4.0,4.0,4.0,0.0,4.0,4.0,10,100.0,100.0,100.0,100.0,0.0,100.0,100.0,10,4.3834951456311,4.3834951456311,4.3834951456311,4.3834951456311,0.0,4.3834951456311,4.3834951456311,10,100.0,100.0,100.0,100.0,0.0,100.0,100.0,,,,,,,,,,,,,,,,,,,,,,,,,,,,,,,,
phase1,L_project_title_vos,warm,synthetic,hierarchical,50,close_quick_settings,PASS,1,10,0,0,10,8.088999999999999,7.7038,8.8904,8.2446,0.5432247744309493,7.45,9.038,10,22993.468261718997,21780.977539063,24197.1770507812,22986.5371093751,1011.0739569464839,21467.295898438,24473.727539062,10,28.51708984375,19.8484375,48.307421874999996,31.11953125,11.015836222902887,19.64453125,51.0390625,10,205264.0,205264.0,205264.0,205264.0,0.0,205264.0,205264.0,10,3.0,3.0,3.0,3.0,0.0,3.0,3.0,10,3.0,3.0,3.0,3.0,0.0,3.0,3.0,10,3.0,3.0,3.0,3.0,0.0,3.0,3.0,10,0.0,0.0,0.0,0.0,0.0,0.0,0.0,10,100.0,100.0,100.0,100.0,0.0,100.0,100.0,10,3.0,3.0,3.0,3.0,0.0,3.0,3.0,10,100.0,100.0,100.0,100.0,0.0,100.0,100.0,,,,,,,,,,,,,,,,,,,,,,,,,,,,,,,,
phase1,L_project_title_vos,warm,synthetic,hierarchical,50,home_to_library,PASS,1,10,0,0,10,16.189500000000002,15.674100000000001,16.884600000000002,16.2451,0.5986333416856918,15.189,17.277,10,17500.5341796875,15982.2986328125,19058.78671875,17513.4893554688,1299.052977562406,15602.85546875,19476.24609375,10,419.75390625,403.90927734375,450.6541015625,424.7396484375,20.035301340755023,394.927734375,458.984375,10,175264.0,173670.4,176988.8,175324.8,1364.933274722411,173440.0,177392.0,10,3.0,3.0,3.0,3.0,0.0,3.0,3.0,10,3.0,3.0,3.0,3.0,0.0,3.0,3.0,10,2.0,2.0,2.0,2.0,0.0,2.0,2.0,10,1.0,1.0,1.0,1.0,0.0,1.0,1.0,10,100.0,100.0,100.0,100.0,0.0,100.0,100.0,10,2.0976941747573,2.0976941747573,2.0976941747573,2.0976941747573,0.0,2.0976941747573,2.0976941747573,10,100.0,100.0,100.0,100.0,0.0,100.0,100.0,,,,,,,,,,,,,,,,,,,,,,,,,,,,,,,,
phase1,L_project_title_vos,warm,synthetic,hierarchical,50,library_cached_paging,UNSUPPORTED,1,0,0,1,,,,,,,,,,,,,,,,,,,,,,,,,,,,,,,,,,,,,,,,,,,,,,,,,,,,,,,,,,,,,,,,,,,,,,,,,,,,,,,,,,,,,,,,,,,,,,,,,,,,,,,,,,,,,,,,,,,,,,,,
phase1,L_project_title_vos,warm,synthetic,hierarchical,50,library_first_render,PASS,1,10,0,0,10,16.686,15.7516,18.3491,16.8852,0.985389578908882,15.559,18.449,10,13327.317871093499,11753.754101563001,20872.578710938,15117.8754882813,4009.636315210895,11403.291992188,21263.424804688,10,429.5380859375,-1715.4654296874999,439.3697265625,-635.12294921875,2915.310607417779,-8843.7080078125,448.8408203125,10,179696.0,179252.8,179696.0,179571.2,278.2344335268372,178864.0,179696.0,10,3.0,3.0,3.0,3.0,0.0,3.0,3.0,10,3.0,3.0,3.0,3.0,0.0,3.0,3.0,10,2.0,2.0,2.0,2.0,0.0,2.0,2.0,10,1.0,1.0,1.0,1.0,0.0,1.0,1.0,10,100.0,100.0,100.0,100.0,0.0,100.0,100.0,10,2.0976941747573,2.0976941747573,2.0976941747573,2.0976941747573,0.0,2.0976941747573,2.0976941747573,10,100.0,100.0,100.0,100.0,0.0,100.0,100.0,,,,,,,,,,,,,,,,,,,,,,,,,,,,,,,,
phase1,L_project_title_vos,warm,synthetic,hierarchical,50,library_folder_back,PASS,1,10,0,0,10,18.3155,17.328300000000002,20.366,18.4362,1.132008127179306,17.268,20.42,10,15696.534179688,13027.6638671875,17983.798046875,15723.315527343799,2536.4409177576267,12166.03515625,20905.416015625,10,496.1904296875,-447.68808593749986,525.464453125,-49.36171875,1579.7637068171794,-4522.9619140625,534.513671875,10,180016.0,180016.0,180048.0,180027.2,15.17893276880822,180016.0,180048.0,10,9.0,9.0,9.0,9.0,0.0,9.0,9.0,10,9.0,9.0,9.0,9.0,0.0,9.0,9.0,10,3.0,3.0,3.0,3.0,0.0,3.0,3.0,10,6.0,6.0,6.0,6.0,0.0,6.0,6.0,10,100.0,100.0,100.0,100.0,0.0,100.0,100.0,10,3.5861650485437,3.5861650485437,3.5861650485437,3.5861650485436996,0.0,3.5861650485437,3.5861650485437,10,100.0,100.0,100.0,100.0,0.0,100.0,100.0,,,,,,,,,,,,,,,,,,,,,,,,,,,,,,,,
phase1,L_project_title_vos,warm,synthetic,hierarchical,50,library_folder_enter,PASS,1,10,0,0,10,8.4075,7.9984,8.6869,8.3232,0.36632948132642695,7.471,8.704,10,14931.2578125,12214.3416015625,17639.118749999998,14944.398339843701,2349.8108758027934,11483.564453125,18467.02734375,10,226.30517578125,84.0103515625,411.01445312499993,246.07216796875,149.32672580043382,80.904296875,544.45703125,10,179992.0,179932.8,180016.0,179982.4,35.737313211202036,179904.0,180016.0,10,6.0,6.0,6.0,6.0,0.0,6.0,6.0,10,6.0,6.0,6.0,6.0,0.0,6.0,6.0,10,1.0,1.0,1.0,1.0,0.0,1.0,1.0,10,5.0,5.0,5.0,5.0,0.0,5.0,5.0,10,100.0,100.0,100.0,100.0,0.0,100.0,100.0,10,1.4884708737864,1.4884708737864,1.4884708737864,1.4884708737864,0.0,1.4884708737864,1.4884708737864,10,100.0,100.0,100.0,100.0,0.0,100.0,100.0,,,,,,,,,,,,,,,,,,,,,,,,,,,,,,,,
phase1,L_project_title_vos,warm,synthetic,hierarchical,50,library_sequential_paging,UNSUPPORTED,1,0,0,1,,,,,,,,,,,,,,,,,,,,,,,,,,,,,,,,,,,,,,,,,,,,,,,,,,,,,,,,,,,,,,,,,,,,,,,,,,,,,,,,,,,,,,,,,,,,,,,,,,,,,,,,,,,,,,,,,,,,,,,,
phase1,L_project_title_vos,warm,synthetic,hierarchical,50,open_book,PASS,1,10,0,0,10,37.411,35.372299999999996,39.6095,37.3642,2.1230885677867204,33.323,40.865,10,13455.0322265625,12880.3822265625,13880.142089843699,13411.653417968599,427.60574331140504,12739.681640625,13980.754882812,10,-1086.56201171875,-2322.8546875,-987.7403320312501,-1407.06943359375,598.6218034370255,-2383.263671875,-947.619140625,10,202592.0,202528.0,202656.0,202585.6,47.2233463918478,202528.0,202656.0,10,9.0,9.0,9.0,9.0,0.0,9.0,9.0,10,9.0,9.0,9.0,9.0,0.0,9.0,9.0,10,9.0,9.0,9.0,9.0,0.0,9.0,9.0,10,0.0,0.0,0.0,0.0,0.0,0.0,0.0,10,100.0,100.0,100.0,100.0,0.0,100.0,100.0,10,9.0,9.0,9.0,9.0,0.0,9.0,9.0,10,100.0,100.0,100.0,100.0,0.0,100.0,100.0,,,,,,,,,,,,,,,,,,,,,,,,,,,,,,,,
phase1,L_project_title_vos,warm,synthetic,hierarchical,50,open_book_minimal,PASS,1,10,0,0,10,38.6195,37.2269,39.5916,38.477,1.0914652740442283,36.335,40.245,10,12346.6064453125,12270.6109375,12662.2635742188,12412.9447265626,234.14380552093863,12136.626953125,12976.049804688,10,-1515.9345703125,-1631.10498046875,-1191.3353515625001,-1441.3826171875,230.75053729344566,-1701.9052734375,-913.1123046875,10,201008.0,196441.6,201427.2,199801.6,2373.245841083941,194944.0,201888.0,10,0.0,0.0,0.0,0.0,0.0,0.0,0.0,10,0.0,0.0,0.0,0.0,0.0,0.0,0.0,10,0.0,0.0,0.0,0.0,0.0,0.0,0.0,10,0.0,0.0,0.0,0.0,0.0,0.0,0.0,10,0.0,0.0,0.0,0.0,0.0,0.0,0.0,10,0.0,0.0,0.0,0.0,0.0,0.0,0.0,10,0.0,0.0,0.0,0.0,0.0,0.0,0.0,,,,,,,,,,,,,,,,,,,,,,,,,,,,,,,,
phase1,L_project_title_vos,warm,synthetic,hierarchical,50,open_quick_settings,PASS,1,10,0,0,10,8.5335,8.2294,9.0787,8.6045,0.32760316441288106,8.188,9.148,10,18809.682128906497,17294.3189453125,20053.030859374998,18734.9820312501,1146.1834032698075,16993.615234375,20343.91015625,10,318.1875,302.59892578125,388.08935546874994,329.85,38.3908261127006,300.1318359375,412.9052734375,10,205264.0,205264.0,205264.0,205264.0,0.0,205264.0,205264.0,10,3.0,3.0,3.0,3.0,0.0,3.0,3.0,10,3.0,3.0,3.0,3.0,0.0,3.0,3.0,10,3.0,3.0,3.0,3.0,0.0,3.0,3.0,10,0.0,0.0,0.0,0.0,0.0,0.0,0.0,10,100.0,100.0,100.0,100.0,0.0,100.0,100.0,10,3.0,3.0,3.0,3.0,0.0,3.0,3.0,10,100.0,100.0,100.0,100.0,0.0,100.0,100.0,,,,,,,,,,,,,,,,,,,,,,,,,,,,,,,,
phase1,L_project_title_vos,warm,synthetic,hierarchical,50,repeated_nav,UNSUPPORTED,1,0,0,2,,,,,,,,,,,,,,,,,,,,,,,,,,,,,,,,,,,,,,,,,,,,,,,,,,,,,,,,,,,,,,,,,,,,,,,,,,,,,,,,,,,,,,,,,,,,,,,,,,,,,,,,,,,,,,,,,,,,,,,,
phase1,L_project_title_vos,warm,synthetic,hierarchical,50,start_to_home,UNSUPPORTED,1,0,0,10,,,,,,,,,,,,,,,,,,,,,,,,,,,,,,,,,,,,,,,,,,,,,,,,,,,,,,,,,,,,,,,,,,,,,,,,,,,,,,,,,,,,,,,,,,,,,,,,,,,,,,,,,,,,,,,,,,,,,,,,
phase1_setup,A_stock,steady_init,startup,hierarchical,2000,home_to_library,PASS,1,1,0,0,1,10.254,10.254,10.254,10.254,0.0,10.254,10.254,1,8678.8349609375,8678.8349609375,8678.8349609375,8678.8349609375,0.0,8678.8349609375,8678.8349609375,1,420.28515625,420.28515625,420.28515625,420.28515625,0.0,420.28515625,420.28515625,1,173168.0,173168.0,173168.0,173168.0,0.0,173168.0,173168.0,1,3.0,3.0,3.0,3.0,0.0,3.0,3.0,1,3.0,3.0,3.0,3.0,0.0,3.0,3.0,1,3.0,3.0,3.0,3.0,0.0,3.0,3.0,1,0.0,0.0,0.0,0.0,0.0,0.0,0.0,1,100.0,100.0,100.0,100.0,0.0,100.0,100.0,1,3.0,3.0,3.0,3.0,0.0,3.0,3.0,1,100.0,100.0,100.0,100.0,0.0,100.0,100.0,,,,,,,,,,,,,,,,,,,,,,,,,,,,,,,,
phase1_setup,A_stock,steady_init,startup,hierarchical,2000,library_first_render,PASS,1,1,0,0,1,8.189,8.189,8.189,8.189,0.0,8.189,8.189,1,9021.7890625,9021.7890625,9021.7890625,9021.7890625,0.0,9021.7890625,9021.7890625,1,334.0556640625,334.0556640625,334.0556640625,334.0556640625,0.0,334.0556640625,334.0556640625,1,173168.0,173168.0,173168.0,173168.0,0.0,173168.0,173168.0,1,1.0,1.0,1.0,1.0,0.0,1.0,1.0,1,1.0,1.0,1.0,1.0,0.0,1.0,1.0,1,1.0,1.0,1.0,1.0,0.0,1.0,1.0,1,0.0,0.0,0.0,0.0,0.0,0.0,0.0,1,100.0,100.0,100.0,100.0,0.0,100.0,100.0,1,1.0,1.0,1.0,1.0,0.0,1.0,1.0,1,100.0,100.0,100.0,100.0,0.0,100.0,100.0,,,,,,,,,,,,,,,,,,,,,,,,,,,,,,,,
phase1_setup,B_bookshelf,steady_init,startup,hierarchical,2000,home_to_library,PASS,1,1,0,0,1,10.691,10.691,10.691,10.691,0.0,10.691,10.691,1,9081.0947265625,9081.0947265625,9081.0947265625,9081.0947265625,0.0,9081.0947265625,9081.0947265625,1,473.16796875,473.16796875,473.16796875,473.16796875,0.0,473.16796875,473.16796875,1,167840.0,167840.0,167840.0,167840.0,0.0,167840.0,167840.0,1,3.0,3.0,3.0,3.0,0.0,3.0,3.0,1,3.0,3.0,3.0,3.0,0.0,3.0,3.0,1,3.0,3.0,3.0,3.0,0.0,3.0,3.0,1,0.0,0.0,0.0,0.0,0.0,0.0,0.0,1,100.0,100.0,100.0,100.0,0.0,100.0,100.0,1,3.0,3.0,3.0,3.0,0.0,3.0,3.0,1,100.0,100.0,100.0,100.0,0.0,100.0,100.0,,,,,,,,,,,,,,,,,,,,,,,,,,,,,,,,
phase1_setup,B_bookshelf,steady_init,startup,hierarchical,2000,library_first_render,PASS,1,1,0,0,1,8.869,8.869,8.869,8.869,0.0,8.869,8.869,1,9452.2822265625,9452.2822265625,9452.2822265625,9452.2822265625,0.0,9452.2822265625,9452.2822265625,1,361.3359375,361.3359375,361.3359375,361.3359375,0.0,361.3359375,361.3359375,1,176032.0,176032.0,176032.0,176032.0,0.0,176032.0,176032.0,1,1.0,1.0,1.0,1.0,0.0,1.0,1.0,1,1.0,1.0,1.0,1.0,0.0,1.0,1.0,1,1.0,1.0,1.0,1.0,0.0,1.0,1.0,1,0.0,0.0,0.0,0.0,0.0,0.0,0.0,1,100.0,100.0,100.0,100.0,0.0,100.0,100.0,1,1.0,1.0,1.0,1.0,0.0,1.0,1.0,1,100.0,100.0,100.0,100.0,0.0,100.0,100.0,,,,,,,,,,,,,,,,,,,,,,,,,,,,,,,,
phase1_setup,C_simpleui,steady_init,startup,hierarchical,2000,home_to_library,PASS,1,1,0,0,1,9.487,9.487,9.487,9.487,0.0,9.487,9.487,1,12739.2109375,12739.2109375,12739.2109375,12739.2109375,0.0,12739.2109375,12739.2109375,1,281.8642578125,281.8642578125,281.8642578125,281.8642578125,0.0,281.8642578125,281.8642578125,1,168320.0,168320.0,168320.0,168320.0,0.0,168320.0,168320.0,1,6.0,6.0,6.0,6.0,0.0,6.0,6.0,1,6.0,6.0,6.0,6.0,0.0,6.0,6.0,1,4.0,4.0,4.0,4.0,0.0,4.0,4.0,1,2.0,2.0,2.0,2.0,0.0,2.0,2.0,1,100.0,100.0,100.0,100.0,0.0,100.0,100.0,1,4.1966019417476,4.1966019417476,4.1966019417476,4.1966019417476,0.0,4.1966019417476,4.1966019417476,1,100.0,100.0,100.0,100.0,0.0,100.0,100.0,,,,,,,,,,,,,,,,,,,,,,,,,,,,,,,,
phase1_setup,C_simpleui,steady_init,startup,hierarchical,2000,library_first_render,PASS,1,1,0,0,1,24.599,24.599,24.599,24.599,0.0,24.599,24.599,1,13751.995117188,13751.995117188,13751.995117188,13751.995117188,0.0,13751.995117188,13751.995117188,1,1001.4638671875,1001.4638671875,1001.4638671875,1001.4638671875,0.0,1001.4638671875,1001.4638671875,1,175472.0,175472.0,175472.0,175472.0,0.0,175472.0,175472.0,1,8.0,8.0,8.0,8.0,0.0,8.0,8.0,1,8.0,8.0,8.0,8.0,0.0,8.0,8.0,1,3.0,3.0,3.0,3.0,0.0,3.0,3.0,1,5.0,5.0,5.0,5.0,0.0,5.0,5.0,1,100.0,100.0,100.0,100.0,0.0,100.0,100.0,1,3.4915048543689,3.4915048543689,3.4915048543689,3.4915048543689,0.0,3.4915048543689,3.4915048543689,1,100.0,100.0,100.0,100.0,0.0,100.0,100.0,,,,,,,,,,,,,,,,,,,,,,,,,,,,,,,,
phase1_setup,D_zenos,steady_init,startup,hierarchical,2000,home_to_library,PASS,1,1,0,0,1,34.483,34.483,34.483,34.483,0.0,34.483,34.483,1,15902.49609375,15902.49609375,15902.49609375,15902.49609375,0.0,15902.49609375,15902.49609375,1,1450.6572265625,1450.6572265625,1450.6572265625,1450.6572265625,0.0,1450.6572265625,1450.6572265625,1,192064.0,192064.0,192064.0,192064.0,0.0,192064.0,192064.0,1,9.0,9.0,9.0,9.0,0.0,9.0,9.0,1,9.0,9.0,9.0,9.0,0.0,9.0,9.0,1,6.0,6.0,6.0,6.0,0.0,6.0,6.0,1,3.0,3.0,3.0,3.0,0.0,3.0,3.0,1,100.0,100.0,100.0,100.0,0.0,100.0,100.0,1,6.1328883495146,6.1328883495146,6.1328883495146,6.1328883495146,0.0,6.1328883495146,6.1328883495146,1,100.0,100.0,100.0,100.0,0.0,100.0,100.0,,,,,,,,,,,,,,,,,,,,,,,,,,,,,,,,
phase1_setup,D_zenos,steady_init,startup,hierarchical,2000,library_first_render,PASS,1,1,0,0,1,23.803,23.803,23.803,23.803,0.0,23.803,23.803,1,16740.30078125,16740.30078125,16740.30078125,16740.30078125,0.0,16740.30078125,16740.30078125,1,823.9375,823.9375,823.9375,823.9375,0.0,823.9375,823.9375,1,192064.0,192064.0,192064.0,192064.0,0.0,192064.0,192064.0,1,8.0,8.0,8.0,8.0,0.0,8.0,8.0,1,8.0,8.0,8.0,8.0,0.0,8.0,8.0,1,5.0,5.0,5.0,5.0,0.0,5.0,5.0,1,3.0,3.0,3.0,3.0,0.0,3.0,3.0,1,100.0,100.0,100.0,100.0,0.0,100.0,100.0,1,5.1328883495146,5.1328883495146,5.1328883495146,5.1328883495146,0.0,5.1328883495146,5.1328883495146,1,100.0,100.0,100.0,100.0,0.0,100.0,100.0,,,,,,,,,,,,,,,,,,,,,,,,,,,,,,,,
phase1_setup,E_project_title,steady_init,startup,hierarchical,2000,home_to_library,PASS,1,1,0,0,1,6.842,6.842,6.842,6.842,0.0,6.842,6.842,1,8633.60546875,8633.60546875,8633.60546875,8633.60546875,0.0,8633.60546875,8633.60546875,1,376.0771484375,376.0771484375,376.0771484375,376.0771484375,0.0,376.0771484375,376.0771484375,1,164800.0,164800.0,164800.0,164800.0,0.0,164800.0,164800.0,1,1.0,1.0,1.0,1.0,0.0,1.0,1.0,1,1.0,1.0,1.0,1.0,0.0,1.0,1.0,1,1.0,1.0,1.0,1.0,0.0,1.0,1.0,1,0.0,0.0,0.0,0.0,0.0,0.0,0.0,1,100.0,100.0,100.0,100.0,0.0,100.0,100.0,1,1.0,1.0,1.0,1.0,0.0,1.0,1.0,1,100.0,100.0,100.0,100.0,0.0,100.0,100.0,,,,,,,,,,,,,,,,,,,,,,,,,,,,,,,,
phase1_setup,E_project_title,steady_init,startup,hierarchical,2000,library_first_render,PASS,1,1,0,0,1,8.334,8.334,8.334,8.334,0.0,8.334,8.334,1,8967.345703125,8967.345703125,8967.345703125,8967.345703125,0.0,8967.345703125,8967.345703125,1,325.529296875,325.529296875,325.529296875,325.529296875,0.0,325.529296875,325.529296875,1,173232.0,173232.0,173232.0,173232.0,0.0,173232.0,173232.0,1,1.0,1.0,1.0,1.0,0.0,1.0,1.0,1,1.0,1.0,1.0,1.0,0.0,1.0,1.0,1,1.0,1.0,1.0,1.0,0.0,1.0,1.0,1,0.0,0.0,0.0,0.0,0.0,0.0,0.0,1,100.0,100.0,100.0,100.0,0.0,100.0,100.0,1,1.0,1.0,1.0,1.0,0.0,1.0,1.0,1,100.0,100.0,100.0,100.0,0.0,100.0,100.0,,,,,,,,,,,,,,,,,,,,,,,,,,,,,,,,
phase1_setup,F_vos,steady_init,startup,hierarchical,2000,home_to_library,PASS,1,1,0,0,1,19.926,19.926,19.926,19.926,0.0,19.926,19.926,1,9581.3720703125,9581.3720703125,9581.3720703125,9581.3720703125,0.0,9581.3720703125,9581.3720703125,1,586.970703125,586.970703125,586.970703125,586.970703125,0.0,586.970703125,586.970703125,1,174368.0,174368.0,174368.0,174368.0,0.0,174368.0,174368.0,1,5.0,5.0,5.0,5.0,0.0,5.0,5.0,1,5.0,5.0,5.0,5.0,0.0,5.0,5.0,1,4.0,4.0,4.0,4.0,0.0,4.0,4.0,1,1.0,1.0,1.0,1.0,0.0,1.0,1.0,1,100.0,100.0,100.0,100.0,0.0,100.0,100.0,1,4.0976941747573,4.0976941747573,4.0976941747573,4.0976941747573,0.0,4.0976941747573,4.0976941747573,1,100.0,100.0,100.0,100.0,0.0,100.0,100.0,,,,,,,,,,,,,,,,,,,,,,,,,,,,,,,,
phase1_setup,F_vos,steady_init,startup,hierarchical,2000,library_first_render,PASS,1,1,0,0,1,16.65,16.65,16.65,16.65,0.0,16.65,16.65,1,10103.194335938,10103.194335938,10103.194335938,10103.194335938,0.0,10103.194335938,10103.194335938,1,510.662109375,510.662109375,510.662109375,510.662109375,0.0,510.662109375,510.662109375,1,174576.0,174576.0,174576.0,174576.0,0.0,174576.0,174576.0,1,3.0,3.0,3.0,3.0,0.0,3.0,3.0,1,3.0,3.0,3.0,3.0,0.0,3.0,3.0,1,2.0,2.0,2.0,2.0,0.0,2.0,2.0,1,1.0,1.0,1.0,1.0,0.0,1.0,1.0,1,100.0,100.0,100.0,100.0,0.0,100.0,100.0,1,2.0976941747573,2.0976941747573,2.0976941747573,2.0976941747573,0.0,2.0976941747573,2.0976941747573,1,100.0,100.0,100.0,100.0,0.0,100.0,100.0,,,,,,,,,,,,,,,,,,,,,,,,,,,,,,,,
phase1_setup,G_simpleui_bookshelf,steady_init,startup,hierarchical,2000,home_to_library,PASS,1,1,0,0,1,8.373,8.373,8.373,8.373,0.0,8.373,8.373,1,13048.061523438,13048.061523438,13048.061523438,13048.061523438,0.0,13048.061523438,13048.061523438,1,329.396484375,329.396484375,329.396484375,329.396484375,0.0,329.396484375,329.396484375,1,181968.0,181968.0,181968.0,181968.0,0.0,181968.0,181968.0,1,6.0,6.0,6.0,6.0,0.0,6.0,6.0,1,6.0,6.0,6.0,6.0,0.0,6.0,6.0,1,4.0,4.0,4.0,4.0,0.0,4.0,4.0,1,2.0,2.0,2.0,2.0,0.0,2.0,2.0,1,100.0,100.0,100.0,100.0,0.0,100.0,100.0,1,4.1966019417476,4.1966019417476,4.1966019417476,4.1966019417476,0.0,4.1966019417476,4.1966019417476,1,100.0,100.0,100.0,100.0,0.0,100.0,100.0,,,,,,,,,,,,,,,,,,,,,,,,,,,,,,,,
phase1_setup,G_simpleui_bookshelf,steady_init,startup,hierarchical,2000,library_first_render,PASS,1,1,0,0,1,23.016,23.016,23.016,23.016,0.0,23.016,23.016,1,13978.982421875,13978.982421875,13978.982421875,13978.982421875,0.0,13978.982421875,13978.982421875,1,918.9951171875,918.9951171875,918.9951171875,918.9951171875,0.0,918.9951171875,918.9951171875,1,181968.0,181968.0,181968.0,181968.0,0.0,181968.0,181968.0,1,8.0,8.0,8.0,8.0,0.0,8.0,8.0,1,8.0,8.0,8.0,8.0,0.0,8.0,8.0,1,3.0,3.0,3.0,3.0,0.0,3.0,3.0,1,5.0,5.0,5.0,5.0,0.0,5.0,5.0,1,100.0,100.0,100.0,100.0,0.0,100.0,100.0,1,3.4915048543689,3.4915048543689,3.4915048543689,3.4915048543689,0.0,3.4915048543689,3.4915048543689,1,100.0,100.0,100.0,100.0,0.0,100.0,100.0,,,,,,,,,,,,,,,,,,,,,,,,,,,,,,,,
phase1_setup,H_zenos_bookshelf,steady_init,startup,hierarchical,2000,home_to_library,PASS,1,1,0,0,1,34.431,34.431,34.431,34.431,0.0,34.431,34.431,1,16068.571289062,16068.571289062,16068.571289062,16068.571289062,0.0,16068.571289062,16068.571289062,1,1417.0751953125,1417.0751953125,1417.0751953125,1417.0751953125,0.0,1417.0751953125,1417.0751953125,1,191632.0,191632.0,191632.0,191632.0,0.0,191632.0,191632.0,1,9.0,9.0,9.0,9.0,0.0,9.0,9.0,1,9.0,9.0,9.0,9.0,0.0,9.0,9.0,1,6.0,6.0,6.0,6.0,0.0,6.0,6.0,1,3.0,3.0,3.0,3.0,0.0,3.0,3.0,1,100.0,100.0,100.0,100.0,0.0,100.0,100.0,1,6.1328883495146,6.1328883495146,6.1328883495146,6.1328883495146,0.0,6.1328883495146,6.1328883495146,1,100.0,100.0,100.0,100.0,0.0,100.0,100.0,,,,,,,,,,,,,,,,,,,,,,,,,,,,,,,,
phase1_setup,H_zenos_bookshelf,steady_init,startup,hierarchical,2000,library_first_render,PASS,1,1,0,0,1,26.342,26.342,26.342,26.342,0.0,26.342,26.342,1,16985.200195312,16985.200195312,16985.200195312,16985.200195312,0.0,16985.200195312,16985.200195312,1,902.76171875,902.76171875,902.76171875,902.76171875,0.0,902.76171875,902.76171875,1,191632.0,191632.0,191632.0,191632.0,0.0,191632.0,191632.0,1,8.0,8.0,8.0,8.0,0.0,8.0,8.0,1,8.0,8.0,8.0,8.0,0.0,8.0,8.0,1,5.0,5.0,5.0,5.0,0.0,5.0,5.0,1,3.0,3.0,3.0,3.0,0.0,3.0,3.0,1,100.0,100.0,100.0,100.0,0.0,100.0,100.0,1,5.1328883495146,5.1328883495146,5.1328883495146,5.1328883495146,0.0,5.1328883495146,5.1328883495146,1,100.0,100.0,100.0,100.0,0.0,100.0,100.0,,,,,,,,,,,,,,,,,,,,,,,,,,,,,,,,
phase1_setup,I_vos_bookshelf,steady_init,startup,hierarchical,2000,home_to_library,PASS,1,1,0,0,1,18.574,18.574,18.574,18.574,0.0,18.574,18.574,1,9740.8193359375,9740.8193359375,9740.8193359375,9740.8193359375,0.0,9740.8193359375,9740.8193359375,1,557.751953125,557.751953125,557.751953125,557.751953125,0.0,557.751953125,557.751953125,1,173008.0,173008.0,173008.0,173008.0,0.0,173008.0,173008.0,1,5.0,5.0,5.0,5.0,0.0,5.0,5.0,1,5.0,5.0,5.0,5.0,0.0,5.0,5.0,1,4.0,4.0,4.0,4.0,0.0,4.0,4.0,1,1.0,1.0,1.0,1.0,0.0,1.0,1.0,1,100.0,100.0,100.0,100.0,0.0,100.0,100.0,1,4.0976941747573,4.0976941747573,4.0976941747573,4.0976941747573,0.0,4.0976941747573,4.0976941747573,1,100.0,100.0,100.0,100.0,0.0,100.0,100.0,,,,,,,,,,,,,,,,,,,,,,,,,,,,,,,,
phase1_setup,I_vos_bookshelf,steady_init,startup,hierarchical,2000,library_first_render,PASS,1,1,0,0,1,18.426,18.426,18.426,18.426,0.0,18.426,18.426,1,10171.7734375,10171.7734375,10171.7734375,10171.7734375,0.0,10171.7734375,10171.7734375,1,420.3994140625,420.3994140625,420.3994140625,420.3994140625,0.0,420.3994140625,420.3994140625,1,173008.0,173008.0,173008.0,173008.0,0.0,173008.0,173008.0,1,3.0,3.0,3.0,3.0,0.0,3.0,3.0,1,3.0,3.0,3.0,3.0,0.0,3.0,3.0,1,2.0,2.0,2.0,2.0,0.0,2.0,2.0,1,1.0,1.0,1.0,1.0,0.0,1.0,1.0,1,100.0,100.0,100.0,100.0,0.0,100.0,100.0,1,2.0976941747573,2.0976941747573,2.0976941747573,2.0976941747573,0.0,2.0976941747573,2.0976941747573,1,100.0,100.0,100.0,100.0,0.0,100.0,100.0,,,,,,,,,,,,,,,,,,,,,,,,,,,,,,,,
phase1_setup,J_simpleui_vos,steady_init,startup,hierarchical,2000,home_to_library,PASS,1,1,0,0,1,9.249,9.249,9.249,9.249,0.0,9.249,9.249,1,13341.415039062,13341.415039062,13341.415039062,13341.415039062,0.0,13341.415039062,13341.415039062,1,327.556640625,327.556640625,327.556640625,327.556640625,0.0,327.556640625,327.556640625,1,180160.0,180160.0,180160.0,180160.0,0.0,180160.0,180160.0,1,8.0,8.0,8.0,8.0,0.0,8.0,8.0,1,8.0,8.0,8.0,8.0,0.0,8.0,8.0,1,4.0,4.0,4.0,4.0,0.0,4.0,4.0,1,4.0,4.0,4.0,4.0,0.0,4.0,4.0,1,100.0,100.0,100.0,100.0,0.0,100.0,100.0,1,4.3834951456311,4.3834951456311,4.3834951456311,4.3834951456311,0.0,4.3834951456311,4.3834951456311,1,100.0,100.0,100.0,100.0,0.0,100.0,100.0,,,,,,,,,,,,,,,,,,,,,,,,,,,,,,,,
phase1_setup,J_simpleui_vos,steady_init,startup,hierarchical,2000,library_first_render,PASS,1,1,0,0,1,24.434,24.434,24.434,24.434,0.0,24.434,24.434,1,14237.436523438,14237.436523438,14237.436523438,14237.436523438,0.0,14237.436523438,14237.436523438,1,883.169921875,883.169921875,883.169921875,883.169921875,0.0,883.169921875,883.169921875,1,180416.0,180416.0,180416.0,180416.0,0.0,180416.0,180416.0,1,11.0,11.0,11.0,11.0,0.0,11.0,11.0,1,11.0,11.0,11.0,11.0,0.0,11.0,11.0,1,3.0,3.0,3.0,3.0,0.0,3.0,3.0,1,8.0,8.0,8.0,8.0,0.0,8.0,8.0,1,100.0,100.0,100.0,100.0,0.0,100.0,100.0,1,3.7742718446602,3.7742718446602,3.7742718446602,3.7742718446602,0.0,3.7742718446602,3.7742718446602,1,100.0,100.0,100.0,100.0,0.0,100.0,100.0,,,,,,,,,,,,,,,,,,,,,,,,,,,,,,,,
phase1_setup,K_simpleui_vos_bookshelf,steady_init,startup,hierarchical,2000,home_to_library,PASS,1,1,0,0,1,8.818,8.818,8.818,8.818,0.0,8.818,8.818,1,13683.754882812,13683.754882812,13683.754882812,13683.754882812,0.0,13683.754882812,13683.754882812,1,302.8828125,302.8828125,302.8828125,302.8828125,0.0,302.8828125,302.8828125,1,174304.0,174304.0,174304.0,174304.0,0.0,174304.0,174304.0,1,8.0,8.0,8.0,8.0,0.0,8.0,8.0,1,8.0,8.0,8.0,8.0,0.0,8.0,8.0,1,4.0,4.0,4.0,4.0,0.0,4.0,4.0,1,4.0,4.0,4.0,4.0,0.0,4.0,4.0,1,100.0,100.0,100.0,100.0,0.0,100.0,100.0,1,4.3834951456311,4.3834951456311,4.3834951456311,4.3834951456311,0.0,4.3834951456311,4.3834951456311,1,100.0,100.0,100.0,100.0,0.0,100.0,100.0,,,,,,,,,,,,,,,,,,,,,,,,,,,,,,,,
phase1_setup,K_simpleui_vos_bookshelf,steady_init,startup,hierarchical,2000,library_first_render,PASS,1,1,0,0,1,25.996,25.996,25.996,25.996,0.0,25.996,25.996,1,14574.040039062,14574.040039062,14574.040039062,14574.040039062,0.0,14574.040039062,14574.040039062,1,875.87890625,875.87890625,875.87890625,875.87890625,0.0,875.87890625,875.87890625,1,182912.0,182912.0,182912.0,182912.0,0.0,182912.0,182912.0,1,11.0,11.0,11.0,11.0,0.0,11.0,11.0,1,11.0,11.0,11.0,11.0,0.0,11.0,11.0,1,3.0,3.0,3.0,3.0,0.0,3.0,3.0,1,8.0,8.0,8.0,8.0,0.0,8.0,8.0,1,100.0,100.0,100.0,100.0,0.0,100.0,100.0,1,3.7742718446602,3.7742718446602,3.7742718446602,3.7742718446602,0.0,3.7742718446602,3.7742718446602,1,100.0,100.0,100.0,100.0,0.0,100.0,100.0,,,,,,,,,,,,,,,,,,,,,,,,,,,,,,,,
phase1_setup,L_project_title_vos,steady_init,startup,hierarchical,2000,home_to_library,PASS,1,1,0,0,1,17.716,17.716,17.716,17.716,0.0,17.716,17.716,1,9715.263671875,9715.263671875,9715.263671875,9715.263671875,0.0,9715.263671875,9715.263671875,1,577.3681640625,577.3681640625,577.3681640625,577.3681640625,0.0,577.3681640625,577.3681640625,1,178176.0,178176.0,178176.0,178176.0,0.0,178176.0,178176.0,1,3.0,3.0,3.0,3.0,0.0,3.0,3.0,1,3.0,3.0,3.0,3.0,0.0,3.0,3.0,1,2.0,2.0,2.0,2.0,0.0,2.0,2.0,1,1.0,1.0,1.0,1.0,0.0,1.0,1.0,1,100.0,100.0,100.0,100.0,0.0,100.0,100.0,1,2.0976941747573,2.0976941747573,2.0976941747573,2.0976941747573,0.0,2.0976941747573,2.0976941747573,1,100.0,100.0,100.0,100.0,0.0,100.0,100.0,,,,,,,,,,,,,,,,,,,,,,,,,,,,,,,,
phase1_setup,L_project_title_vos,steady_init,startup,hierarchical,2000,library_first_render,PASS,1,1,0,0,1,15.687,15.687,15.687,15.687,0.0,15.687,15.687,1,10145.635742188,10145.635742188,10145.635742188,10145.635742188,0.0,10145.635742188,10145.635742188,1,421.5205078125,421.5205078125,421.5205078125,421.5205078125,0.0,421.5205078125,421.5205078125,1,178320.0,178320.0,178320.0,178320.0,0.0,178320.0,178320.0,1,3.0,3.0,3.0,3.0,0.0,3.0,3.0,1,3.0,3.0,3.0,3.0,0.0,3.0,3.0,1,2.0,2.0,2.0,2.0,0.0,2.0,2.0,1,1.0,1.0,1.0,1.0,0.0,1.0,1.0,1,100.0,100.0,100.0,100.0,0.0,100.0,100.0,1,2.0976941747573,2.0976941747573,2.0976941747573,2.0976941747573,0.0,2.0976941747573,2.0976941747573,1,100.0,100.0,100.0,100.0,0.0,100.0,100.0,,,,,,,,,,,,,,,,,,,,,,,,,,,,,,,,
phase1,A_stock,first_run_cold,startup,hierarchical,2000,process:spawn_to_ui_ready_ms,PASS,3,3,0,0,3,484.934375,451.426575,507.697175,480.45729166666666,35.382206822721415,443.049625,513.387875,,,,,,,,,,,,,,,,,,,,,,,,,,,,,,,,,,,,,,,,,,,,,,,,,,,,,,,,,,,,,,,,,,,,,,,,,,,,,,,,,,,,,,,,,,,,,,,,,,,,,,,,,,,,,,,,
phase1,A_stock,first_run_cold,startup,hierarchical,2000,process:spawn_to_library_ready_ms,PASS,3,3,0,0,3,508.255084,475.3253496,531.7909504,504.34097233333335,35.453419001492,467.092916,537.674917,,,,,,,,,,,,,,,,,,,,,,,,,,,,,,,,,,,,,,,,,,,,,,,,,,,,,,,,,,,,,,,,,,,,,,,,,,,,,,,,,,,,,,,,,,,,,,,,,,,,,,,,,,,,,,,,
phase1,A_stock,first_run_cold,startup,hierarchical,2000,process:complete_marker_ms,PASS,3,3,0,0,3,512.64825,479.8491164,536.17575,508.7850693333333,35.362763173100554,471.649333,542.057625,,,,,,,,,,,,,,,,,,,,,,,,,,,,,,,,,,,,,,,,,,,,,,,,,,,,,,,,,,,,,,,,,,,,,,,,,,,,,,,,,,,,,,,,,,,,,,,,,,,,,,,,,,,,,,,,
phase1,A_stock,first_run_cold,startup,hierarchical,2000,process:spawn_to_process_exit_ms,PASS,3,3,0,0,3,551.617792,521.7336912,575.3585584000001,549.0580693333333,33.58877328292077,514.262666,581.29375,,,,,,,,,,,,,,,,,,,,,,,,,,,,,,,,,,,,,,,,,,,,,,,,,,,,,,,,,,,,,,,,,,,,,,,,,,,,,,,,,,,,,,,,,,,,,,,,,,,,,,,,,,,,,,,,
phase1,A_stock,paging,paging,flat,2000,process:spawn_to_ui_ready_ms,PASS,3,3,0,0,3,406.385791,399.9040582,570.6651246,472.13479133333334,120.96514445696218,398.283625,611.734958,,,,,,,,,,,,,,,,,,,,,,,,,,,,,,,,,,,,,,,,,,,,,,,,,,,,,,,,,,,,,,,,,,,,,,,,,,,,,,,,,,,,,,,,,,,,,,,,,,,,,,,,,,,,,,,,
phase1,A_stock,paging,paging,flat,2000,process:spawn_to_library_ready_ms,PASS,3,3,0,0,3,428.48875,421.66965,594.6732164,494.89098600000005,122.46811977232366,419.964875,636.219333,,,,,,,,,,,,,,,,,,,,,,,,,,,,,,,,,,,,,,,,,,,,,,,,,,,,,,,,,,,,,,,,,,,,,,,,,,,,,,,,,,,,,,,,,,,,,,,,,,,,,,,,,,,,,,,,
phase1,A_stock,paging,paging,flat,2000,process:complete_marker_ms,PASS,3,3,0,0,3,1826.863959,1802.7850918,1999.8881246,1888.9245,134.40334901171525,1796.765375,2043.144166,,,,,,,,,,,,,,,,,,,,,,,,,,,,,,,,,,,,,,,,,,,,,,,,,,,,,,,,,,,,,,,,,,,,,,,,,,,,,,,,,,,,,,,,,,,,,,,,,,,,,,,,,,,,,,,,
phase1,A_stock,paging,paging,flat,2000,process:spawn_to_process_exit_ms,PASS,3,3,0,0,3,1887.505292,1874.6121912000003,2065.0514248,1956.1107220000001,133.02956576788898,1871.388916,2109.437958,,,,,,,,,,,,,,,,,,,,,,,,,,,,,,,,,,,,,,,,,,,,,,,,,,,,,,,,,,,,,,,,,,,,,,,,,,,,,,,,,,,,,,,,,,,,,,,,,,,,,,,,,,,,,,,,
phase1,A_stock,paging,paging,hierarchical,2000,process:spawn_to_ui_ready_ms,PASS,3,3,0,0,3,346.481584,342.4475168,348.0626168,345.45948633333336,3.6193458382089227,341.439,348.457875,,,,,,,,,,,,,,,,,,,,,,,,,,,,,,,,,,,,,,,,,,,,,,,,,,,,,,,,,,,,,,,,,,,,,,,,,,,,,,,,,,,,,,,,,,,,,,,,,,,,,,,,,,,,,,,,
phase1,A_stock,paging,paging,hierarchical,2000,process:spawn_to_library_ready_ms,PASS,3,3,0,0,3,376.012125,372.58229140000003,377.5622922,375.22893066666666,3.185546167507923,371.724833,377.949834,,,,,,,,,,,,,,,,,,,,,,,,,,,,,,,,,,,,,,,,,,,,,,,,,,,,,,,,,,,,,,,,,,,,,,,,,,,,,,,,,,,,,,,,,,,,,,,,,,,,,,,,,,,,,,,,
phase1,A_stock,paging,paging,hierarchical,2000,process:complete_marker_ms,PASS,3,3,0,0,3,1479.212792,1459.6791584000002,1479.8802919999998,1471.351903,14.344117157556711,1454.79575,1480.047167,,,,,,,,,,,,,,,,,,,,,,,,,,,,,,,,,,,,,,,,,,,,,,,,,,,,,,,,,,,,,,,,,,,,,,,,,,,,,,,,,,,,,,,,,,,,,,,,,,,,,,,,,,,,,,,,
phase1,A_stock,paging,paging,hierarchical,2000,process:spawn_to_process_exit_ms,PASS,3,3,0,0,3,1522.660375,1502.312275,1527.839575,1516.3400000000001,16.867377379778887,1497.22525,1529.134375,,,,,,,,,,,,,,,,,,,,,,,,,,,,,,,,,,,,,,,,,,,,,,,,,,,,,,,,,,,,,,,,,,,,,,,,,,,,,,,,,,,,,,,,,,,,,,,,,,,,,,,,,,,,,,,,
phase1,A_stock,steady_state_cold,startup,hierarchical,2000,process:spawn_to_ui_ready_ms,PASS,3,3,0,0,3,559.547167,465.79026700000003,684.4137334,572.5095279999999,137.10002028902824,442.351042,715.630375,,,,,,,,,,,,,,,,,,,,,,,,,,,,,,,,,,,,,,,,,,,,,,,,,,,,,,,,,,,,,,,,,,,,,,,,,,,,,,,,,,,,,,,,,,,,,,,,,,,,,,,,,,,,,,,,
phase1,A_stock,steady_state_cold,startup,hierarchical,2000,process:spawn_to_library_ready_ms,PASS,3,3,0,0,3,583.871542,488.20940840000003,705.8719083999999,594.8458056666667,136.37064337000115,464.293875,736.372,,,,,,,,,,,,,,,,,,,,,,,,,,,,,,,,,,,,,,,,,,,,,,,,,,,,,,,,,,,,,,,,,,,,,,,,,,,,,,,,,,,,,,,,,,,,,,,,,,,,,,,,,,,,,,,,
phase1,A_stock,steady_state_cold,startup,hierarchical,2000,process:complete_marker_ms,PASS,3,3,0,0,3,588.066209,493.06927540000004,710.7257082,599.592278,136.40099896977566,469.320042,741.390583,,,,,,,,,,,,,,,,,,,,,,,,,,,,,,,,,,,,,,,,,,,,,,,,,,,,,,,,,,,,,,,,,,,,,,,,,,,,,,,,,,,,,,,,,,,,,,,,,,,,,,,,,,,,,,,,
phase1,A_stock,steady_state_cold,startup,hierarchical,2000,process:spawn_to_process_exit_ms,PASS,3,3,0,0,3,654.878375,537.5745086000001,755.3490414,647.8645416666667,136.24455170252398,508.248542,780.466708,,,,,,,,,,,,,,,,,,,,,,,,,,,,,,,,,,,,,,,,,,,,,,,,,,,,,,,,,,,,,,,,,,,,,,,,,,,,,,,,,,,,,,,,,,,,,,,,,,,,,,,,,,,,,,,,
phase1,A_stock,warm,synthetic,flat,2000,process:spawn_to_ui_ready_ms,PASS,1,1,0,0,1,594.358292,594.358292,594.358292,594.358292,0.0,594.358292,594.358292,,,,,,,,,,,,,,,,,,,,,,,,,,,,,,,,,,,,,,,,,,,,,,,,,,,,,,,,,,,,,,,,,,,,,,,,,,,,,,,,,,,,,,,,,,,,,,,,,,,,,,,,,,,,,,,,
phase1,A_stock,warm,synthetic,flat,2000,process:spawn_to_library_ready_ms,PASS,1,1,0,0,1,3699.540375,3699.540375,3699.540375,3699.540375,0.0,3699.540375,3699.540375,,,,,,,,,,,,,,,,,,,,,,,,,,,,,,,,,,,,,,,,,,,,,,,,,,,,,,,,,,,,,,,,,,,,,,,,,,,,,,,,,,,,,,,,,,,,,,,,,,,,,,,,,,,,,,,,
phase1,A_stock,warm,synthetic,flat,2000,process:complete_marker_ms,PASS,1,1,0,0,1,15948.23025,15948.23025,15948.23025,15948.23025,0.0,15948.23025,15948.23025,,,,,,,,,,,,,,,,,,,,,,,,,,,,,,,,,,,,,,,,,,,,,,,,,,,,,,,,,,,,,,,,,,,,,,,,,,,,,,,,,,,,,,,,,,,,,,,,,,,,,,,,,,,,,,,,
phase1,A_stock,warm,synthetic,flat,2000,process:spawn_to_process_exit_ms,PASS,1,1,0,0,1,16142.30825,16142.30825,16142.30825,16142.30825,0.0,16142.30825,16142.30825,,,,,,,,,,,,,,,,,,,,,,,,,,,,,,,,,,,,,,,,,,,,,,,,,,,,,,,,,,,,,,,,,,,,,,,,,,,,,,,,,,,,,,,,,,,,,,,,,,,,,,,,,,,,,,,,
phase1,A_stock,warm,synthetic,flat,50,process:spawn_to_ui_ready_ms,PASS,1,1,0,0,1,371.671417,371.671417,371.671417,371.671417,0.0,371.671417,371.671417,,,,,,,,,,,,,,,,,,,,,,,,,,,,,,,,,,,,,,,,,,,,,,,,,,,,,,,,,,,,,,,,,,,,,,,,,,,,,,,,,,,,,,,,,,,,,,,,,,,,,,,,,,,,,,,,
phase1,A_stock,warm,synthetic,flat,50,process:spawn_to_library_ready_ms,PASS,1,1,0,0,1,1320.997917,1320.997917,1320.997917,1320.997917,0.0,1320.997917,1320.997917,,,,,,,,,,,,,,,,,,,,,,,,,,,,,,,,,,,,,,,,,,,,,,,,,,,,,,,,,,,,,,,,,,,,,,,,,,,,,,,,,,,,,,,,,,,,,,,,,,,,,,,,,,,,,,,,
phase1,A_stock,warm,synthetic,flat,50,process:complete_marker_ms,PASS,1,1,0,0,1,8684.529917,8684.529917,8684.529917,8684.529917,0.0,8684.529917,8684.529917,,,,,,,,,,,,,,,,,,,,,,,,,,,,,,,,,,,,,,,,,,,,,,,,,,,,,,,,,,,,,,,,,,,,,,,,,,,,,,,,,,,,,,,,,,,,,,,,,,,,,,,,,,,,,,,,
phase1,A_stock,warm,synthetic,flat,50,process:spawn_to_process_exit_ms,PASS,1,1,0,0,1,8735.084833,8735.084833,8735.084833,8735.084833,0.0,8735.084833,8735.084833,,,,,,,,,,,,,,,,,,,,,,,,,,,,,,,,,,,,,,,,,,,,,,,,,,,,,,,,,,,,,,,,,,,,,,,,,,,,,,,,,,,,,,,,,,,,,,,,,,,,,,,,,,,,,,,,
phase1,A_stock,warm,synthetic,hierarchical,2000,process:spawn_to_ui_ready_ms,PASS,1,1,0,0,1,2115.710125,2115.710125,2115.710125,2115.710125,0.0,2115.710125,2115.710125,,,,,,,,,,,,,,,,,,,,,,,,,,,,,,,,,,,,,,,,,,,,,,,,,,,,,,,,,,,,,,,,,,,,,,,,,,,,,,,,,,,,,,,,,,,,,,,,,,,,,,,,,,,,,,,,
phase1,A_stock,warm,synthetic,hierarchical,2000,process:spawn_to_library_ready_ms,PASS,1,1,0,0,1,2480.619917,2480.619917,2480.619917,2480.619917,0.0,2480.619917,2480.619917,,,,,,,,,,,,,,,,,,,,,,,,,,,,,,,,,,,,,,,,,,,,,,,,,,,,,,,,,,,,,,,,,,,,,,,,,,,,,,,,,,,,,,,,,,,,,,,,,,,,,,,,,,,,,,,,
phase1,A_stock,warm,synthetic,hierarchical,2000,process:complete_marker_ms,PASS,1,1,0,0,1,7271.130917,7271.130917,7271.130917,7271.130917,0.0,7271.130917,7271.130917,,,,,,,,,,,,,,,,,,,,,,,,,,,,,,,,,,,,,,,,,,,,,,,,,,,,,,,,,,,,,,,,,,,,,,,,,,,,,,,,,,,,,,,,,,,,,,,,,,,,,,,,,,,,,,,,
phase1,A_stock,warm,synthetic,hierarchical,2000,process:spawn_to_process_exit_ms,PASS,1,1,0,0,1,7342.973583,7342.973583,7342.973583,7342.973583,0.0,7342.973583,7342.973583,,,,,,,,,,,,,,,,,,,,,,,,,,,,,,,,,,,,,,,,,,,,,,,,,,,,,,,,,,,,,,,,,,,,,,,,,,,,,,,,,,,,,,,,,,,,,,,,,,,,,,,,,,,,,,,,
phase1,A_stock,warm,synthetic,hierarchical,50,process:spawn_to_ui_ready_ms,PASS,1,1,0,0,1,600.326458,600.326458,600.326458,600.326458,0.0,600.326458,600.326458,,,,,,,,,,,,,,,,,,,,,,,,,,,,,,,,,,,,,,,,,,,,,,,,,,,,,,,,,,,,,,,,,,,,,,,,,,,,,,,,,,,,,,,,,,,,,,,,,,,,,,,,,,,,,,,,
phase1,A_stock,warm,synthetic,hierarchical,50,process:spawn_to_library_ready_ms,PASS,1,1,0,0,1,958.248458,958.248458,958.248458,958.248458,0.0,958.248458,958.248458,,,,,,,,,,,,,,,,,,,,,,,,,,,,,,,,,,,,,,,,,,,,,,,,,,,,,,,,,,,,,,,,,,,,,,,,,,,,,,,,,,,,,,,,,,,,,,,,,,,,,,,,,,,,,,,,
phase1,A_stock,warm,synthetic,hierarchical,50,process:complete_marker_ms,PASS,1,1,0,0,1,4873.792833,4873.792833,4873.792833,4873.792833,0.0,4873.792833,4873.792833,,,,,,,,,,,,,,,,,,,,,,,,,,,,,,,,,,,,,,,,,,,,,,,,,,,,,,,,,,,,,,,,,,,,,,,,,,,,,,,,,,,,,,,,,,,,,,,,,,,,,,,,,,,,,,,,
phase1,A_stock,warm,synthetic,hierarchical,50,process:spawn_to_process_exit_ms,PASS,1,1,0,0,1,4974.315083,4974.315083,4974.315083,4974.315083,0.0,4974.315083,4974.315083,,,,,,,,,,,,,,,,,,,,,,,,,,,,,,,,,,,,,,,,,,,,,,,,,,,,,,,,,,,,,,,,,,,,,,,,,,,,,,,,,,,,,,,,,,,,,,,,,,,,,,,,,,,,,,,,
phase1,B_bookshelf,first_run_cold,startup,hierarchical,2000,process:spawn_to_ui_ready_ms,PASS,3,3,0,0,3,546.157,497.00470000000007,547.9083336,526.4065973333334,36.12116357350697,484.716625,548.346167,,,,,,,,,,,,,,,,,,,,,,,,,,,,,,,,,,,,,,,,,,,,,,,,,,,,,,,,,,,,,,,,,,,,,,,,,,,,,,,,,,,,,,,,,,,,,,,,,,,,,,,,,,,,,,,,
phase1,B_bookshelf,first_run_cold,startup,hierarchical,2000,process:spawn_to_library_ready_ms,PASS,3,3,0,0,3,568.822667,521.145967,571.9049006,550.2416393333334,35.5720997114494,509.226792,572.675459,,,,,,,,,,,,,,,,,,,,,,,,,,,,,,,,,,,,,,,,,,,,,,,,,,,,,,,,,,,,,,,,,,,,,,,,,,,,,,,,,,,,,,,,,,,,,,,,,,,,,,,,,,,,,,,,
phase1,B_bookshelf,first_run_cold,startup,hierarchical,2000,process:complete_marker_ms,PASS,3,3,0,0,3,574.248833,525.9586002000001,577.1098337999999,555.3199863333333,35.92737396564177,513.886042,577.825084,,,,,,,,,,,,,,,,,,,,,,,,,,,,,,,,,,,,,,,,,,,,,,,,,,,,,,,,,,,,,,,,,,,,,,,,,,,,,,,,,,,,,,,,,,,,,,,,,,,,,,,,,,,,,,,,
phase1,B_bookshelf,first_run_cold,startup,hierarchical,2000,process:spawn_to_process_exit_ms,PASS,3,3,0,0,3,614.494875,568.2013750000001,617.377975,596.4072083333334,34.496898997938295,556.628,618.09875,,,,,,,,,,,,,,,,,,,,,,,,,,,,,,,,,,,,,,,,,,,,,,,,,,,,,,,,,,,,,,,,,,,,,,,,,,,,,,,,,,,,,,,,,,,,,,,,,,,,,,,,,,,,,,,,
phase1,B_bookshelf,paging,paging,flat,2000,process:spawn_to_ui_ready_ms,PASS,3,3,0,0,3,475.762041,424.1635082,477.5635082,455.01326366666666,37.904807684793575,411.263875,478.013875,,,,,,,,,,,,,,,,,,,,,,,,,,,,,,,,,,,,,,,,,,,,,,,,,,,,,,,,,,,,,,,,,,,,,,,,,,,,,,,,,,,,,,,,,,,,,,,,,,,,,,,,,,,,,,,,
phase1,B_bookshelf,paging,paging,flat,2000,process:spawn_to_library_ready_ms,PASS,3,3,0,0,3,498.420958,444.82372520000007,499.59792439999995,476.57918033333334,39.11209022811007,431.424417,499.892166,,,,,,,,,,,,,,,,,,,,,,,,,,,,,,,,,,,,,,,,,,,,,,,,,,,,,,,,,,,,,,,,,,,,,,,,,,,,,,,,,,,,,,,,,,,,,,,,,,,,,,,,,,,,,,,,
phase1,B_bookshelf,paging,paging,flat,2000,process:complete_marker_ms,PASS,3,3,0,0,3,14416.29975,13422.6452836,14469.834750000002,14024.583305666667,737.1858394005578,13174.231667,14483.2185,,,,,,,,,,,,,,,,,,,,,,,,,,,,,,,,,,,,,,,,,,,,,,,,,,,,,,,,,,,,,,,,,,,,,,,,,,,,,,,,,,,,,,,,,,,,,,,,,,,,,,,,,,,,,,,,
phase1,B_bookshelf,paging,paging,flat,2000,process:spawn_to_process_exit_ms,PASS,3,3,0,0,3,14459.451458,13464.774625200002,14512.6168916,14067.155041666667,737.7792515615276,13216.105417,14525.90825,,,,,,,,,,,,,,,,,,,,,,,,,,,,,,,,,,,,,,,,,,,,,,,,,,,,,,,,,,,,,,,,,,,,,,,,,,,,,,,,,,,,,,,,,,,,,,,,,,,,,,,,,,,,,,,,
phase1,B_bookshelf,paging,paging,hierarchical,2000,process:spawn_to_ui_ready_ms,PASS,3,3,0,0,3,427.304792,416.83542480000006,459.9624584,436.54991666666666,28.11838742356098,414.218083,468.126875,,,,,,,,,,,,,,,,,,,,,,,,,,,,,,,,,,,,,,,,,,,,,,,,,,,,,,,,,,,,,,,,,,,,,,,,,,,,,,,,,,,,,,,,,,,,,,,,,,,,,,,,,,,,,,,,
phase1,B_bookshelf,paging,paging,hierarchical,2000,process:spawn_to_library_ready_ms,PASS,3,3,0,0,3,456.742875,446.932275,494.9169086,468.5609723333334,31.688711249779807,444.479625,504.460417,,,,,,,,,,,,,,,,,,,,,,,,,,,,,,,,,,,,,,,,,,,,,,,,,,,,,,,,,,,,,,,,,,,,,,,,,,,,,,,,,,,,,,,,,,,,,,,,,,,,,,,,,,,,,,,,
phase1,B_bookshelf,paging,paging,hierarchical,2000,process:complete_marker_ms,PASS,3,3,0,0,3,12342.220917,12226.3284834,12468.187917,12346.418653,151.20585347125208,12197.355375,12499.679667,,,,,,,,,,,,,,,,,,,,,,,,,,,,,,,,,,,,,,,,,,,,,,,,,,,,,,,,,,,,,,,,,,,,,,,,,,,,,,,,,,,,,,,,,,,,,,,,,,,,,,,,,,,,,,,,
phase1,B_bookshelf,paging,paging,hierarchical,2000,process:spawn_to_process_exit_ms,PASS,3,3,0,0,3,12384.81625,12268.5830836,12509.793483599999,12388.459611333334,150.78951506521855,12239.524792,12541.037792,,,,,,,,,,,,,,,,,,,,,,,,,,,,,,,,,,,,,,,,,,,,,,,,,,,,,,,,,,,,,,,,,,,,,,,,,,,,,,,,,,,,,,,,,,,,,,,,,,,,,,,,,,,,,,,,
phase1,B_bookshelf,steady_state_cold,startup,hierarchical,2000,process:spawn_to_ui_ready_ms,PASS,3,3,0,0,3,455.971083,455.01928380000004,526.2216837999999,484.8455836666667,51.04592142191182,454.781334,543.784334,,,,,,,,,,,,,,,,,,,,,,,,,,,,,,,,,,,,,,,,,,,,,,,,,,,,,,,,,,,,,,,,,,,,,,,,,,,,,,,,,,,,,,,,,,,,,,,,,,,,,,,,,,,,,,,,
phase1,B_bookshelf,steady_state_cold,startup,hierarchical,2000,process:spawn_to_library_ready_ms,PASS,3,3,0,0,3,477.917583,476.9823502,549.1356502,507.2020973333333,51.7379878796959,476.748542,566.940167,,,,,,,,,,,,,,,,,,,,,,,,,,,,,,,,,,,,,,,,,,,,,,,,,,,,,,,,,,,,,,,,,,,,,,,,,,,,,,,,,,,,,,,,,,,,,,,,,,,,,,,,,,,,,,,,
phase1,B_bookshelf,steady_state_cold,startup,hierarchical,2000,process:complete_marker_ms,PASS,3,3,0,0,3,482.535167,482.16580060000007,553.7371006000001,512.0487366666667,51.5193702538744,482.073459,571.537584,,,,,,,,,,,,,,,,,,,,,,,,,,,,,,,,,,,,,,,,,,,,,,,,,,,,,,,,,,,,,,,,,,,,,,,,,,,,,,,,,,,,,,,,,,,,,,,,,,,,,,,,,,,,,,,,
phase1,B_bookshelf,steady_state_cold,startup,hierarchical,2000,process:spawn_to_process_exit_ms,PASS,3,3,0,0,3,521.2155,520.4930664,592.3117336,550.5379166666667,51.57194938868508,520.312458,610.085792,,,,,,,,,,,,,,,,,,,,,,,,,,,,,,,,,,,,,,,,,,,,,,,,,,,,,,,,,,,,,,,,,,,,,,,,,,,,,,,,,,,,,,,,,,,,,,,,,,,,,,,,,,,,,,,,
phase1,B_bookshelf,warm,synthetic,flat,2000,process:spawn_to_ui_ready_ms,PASS,1,1,0,0,1,655.453458,655.453458,655.453458,655.453458,0.0,655.453458,655.453458,,,,,,,,,,,,,,,,,,,,,,,,,,,,,,,,,,,,,,,,,,,,,,,,,,,,,,,,,,,,,,,,,,,,,,,,,,,,,,,,,,,,,,,,,,,,,,,,,,,,,,,,,,,,,,,,
phase1,B_bookshelf,warm,synthetic,flat,2000,process:spawn_to_library_ready_ms,PASS,1,1,0,0,1,3902.395625,3902.395625,3902.395625,3902.395625,0.0,3902.395625,3902.395625,,,,,,,,,,,,,,,,,,,,,,,,,,,,,,,,,,,,,,,,,,,,,,,,,,,,,,,,,,,,,,,,,,,,,,,,,,,,,,,,,,,,,,,,,,,,,,,,,,,,,,,,,,,,,,,,
phase1,B_bookshelf,warm,synthetic,flat,2000,process:complete_marker_ms,PASS,1,1,0,0,1,30332.074833,30332.074833,30332.074833,30332.074833,0.0,30332.074833,30332.074833,,,,,,,,,,,,,,,,,,,,,,,,,,,,,,,,,,,,,,,,,,,,,,,,,,,,,,,,,,,,,,,,,,,,,,,,,,,,,,,,,,,,,,,,,,,,,,,,,,,,,,,,,,,,,,,,
phase1,B_bookshelf,warm,synthetic,flat,2000,process:spawn_to_process_exit_ms,PASS,1,1,0,0,1,30484.480708,30484.480708,30484.480708,30484.480708,0.0,30484.480708,30484.480708,,,,,,,,,,,,,,,,,,,,,,,,,,,,,,,,,,,,,,,,,,,,,,,,,,,,,,,,,,,,,,,,,,,,,,,,,,,,,,,,,,,,,,,,,,,,,,,,,,,,,,,,,,,,,,,,
phase1,B_bookshelf,warm,synthetic,flat,50,process:spawn_to_ui_ready_ms,PASS,1,1,0,0,1,487.166542,487.166542,487.166542,487.166542,0.0,487.166542,487.166542,,,,,,,,,,,,,,,,,,,,,,,,,,,,,,,,,,,,,,,,,,,,,,,,,,,,,,,,,,,,,,,,,,,,,,,,,,,,,,,,,,,,,,,,,,,,,,,,,,,,,,,,,,,,,,,,
phase1,B_bookshelf,warm,synthetic,flat,50,process:spawn_to_library_ready_ms,PASS,1,1,0,0,1,1607.428542,1607.428542,1607.428542,1607.428542,0.0,1607.428542,1607.428542,,,,,,,,,,,,,,,,,,,,,,,,,,,,,,,,,,,,,,,,,,,,,,,,,,,,,,,,,,,,,,,,,,,,,,,,,,,,,,,,,,,,,,,,,,,,,,,,,,,,,,,,,,,,,,,,
phase1,B_bookshelf,warm,synthetic,flat,50,process:complete_marker_ms,PASS,1,1,0,0,1,16802.676292,16802.676292,16802.676292,16802.676292,0.0,16802.676292,16802.676292,,,,,,,,,,,,,,,,,,,,,,,,,,,,,,,,,,,,,,,,,,,,,,,,,,,,,,,,,,,,,,,,,,,,,,,,,,,,,,,,,,,,,,,,,,,,,,,,,,,,,,,,,,,,,,,,
phase1,B_bookshelf,warm,synthetic,flat,50,process:spawn_to_process_exit_ms,PASS,1,1,0,0,1,16855.416542,16855.416542,16855.416542,16855.416542,0.0,16855.416542,16855.416542,,,,,,,,,,,,,,,,,,,,,,,,,,,,,,,,,,,,,,,,,,,,,,,,,,,,,,,,,,,,,,,,,,,,,,,,,,,,,,,,,,,,,,,,,,,,,,,,,,,,,,,,,,,,,,,,
phase1,B_bookshelf,warm,synthetic,hierarchical,2000,process:spawn_to_ui_ready_ms,PASS,1,1,0,0,1,560.924791,560.924791,560.924791,560.924791,0.0,560.924791,560.924791,,,,,,,,,,,,,,,,,,,,,,,,,,,,,,,,,,,,,,,,,,,,,,,,,,,,,,,,,,,,,,,,,,,,,,,,,,,,,,,,,,,,,,,,,,,,,,,,,,,,,,,,,,,,,,,,
phase1,B_bookshelf,warm,synthetic,hierarchical,2000,process:spawn_to_library_ready_ms,PASS,1,1,0,0,1,924.383333,924.383333,924.383333,924.383333,0.0,924.383333,924.383333,,,,,,,,,,,,,,,,,,,,,,,,,,,,,,,,,,,,,,,,,,,,,,,,,,,,,,,,,,,,,,,,,,,,,,,,,,,,,,,,,,,,,,,,,,,,,,,,,,,,,,,,,,,,,,,,
phase1,B_bookshelf,warm,synthetic,hierarchical,2000,process:complete_marker_ms,PASS,1,1,0,0,1,6494.681916,6494.681916,6494.681916,6494.681916,0.0,6494.681916,6494.681916,,,,,,,,,,,,,,,,,,,,,,,,,,,,,,,,,,,,,,,,,,,,,,,,,,,,,,,,,,,,,,,,,,,,,,,,,,,,,,,,,,,,,,,,,,,,,,,,,,,,,,,,,,,,,,,,
phase1,B_bookshelf,warm,synthetic,hierarchical,2000,process:spawn_to_process_exit_ms,PASS,1,1,0,0,1,6542.053291,6542.053291,6542.053291,6542.053291,0.0,6542.053291,6542.053291,,,,,,,,,,,,,,,,,,,,,,,,,,,,,,,,,,,,,,,,,,,,,,,,,,,,,,,,,,,,,,,,,,,,,,,,,,,,,,,,,,,,,,,,,,,,,,,,,,,,,,,,,,,,,,,,
phase1,B_bookshelf,warm,synthetic,hierarchical,50,process:spawn_to_ui_ready_ms,PASS,1,1,0,0,1,564.075667,564.075667,564.075667,564.075667,0.0,564.075667,564.075667,,,,,,,,,,,,,,,,,,,,,,,,,,,,,,,,,,,,,,,,,,,,,,,,,,,,,,,,,,,,,,,,,,,,,,,,,,,,,,,,,,,,,,,,,,,,,,,,,,,,,,,,,,,,,,,,
phase1,B_bookshelf,warm,synthetic,hierarchical,50,process:spawn_to_library_ready_ms,PASS,1,1,0,0,1,929.687042,929.687042,929.687042,929.687042,0.0,929.687042,929.687042,,,,,,,,,,,,,,,,,,,,,,,,,,,,,,,,,,,,,,,,,,,,,,,,,,,,,,,,,,,,,,,,,,,,,,,,,,,,,,,,,,,,,,,,,,,,,,,,,,,,,,,,,,,,,,,,
phase1,B_bookshelf,warm,synthetic,hierarchical,50,process:complete_marker_ms,PASS,1,1,0,0,1,5615.44925,5615.44925,5615.44925,5615.44925,0.0,5615.44925,5615.44925,,,,,,,,,,,,,,,,,,,,,,,,,,,,,,,,,,,,,,,,,,,,,,,,,,,,,,,,,,,,,,,,,,,,,,,,,,,,,,,,,,,,,,,,,,,,,,,,,,,,,,,,,,,,,,,,
phase1,B_bookshelf,warm,synthetic,hierarchical,50,process:spawn_to_process_exit_ms,PASS,1,1,0,0,1,5662.987542,5662.987542,5662.987542,5662.987542,0.0,5662.987542,5662.987542,,,,,,,,,,,,,,,,,,,,,,,,,,,,,,,,,,,,,,,,,,,,,,,,,,,,,,,,,,,,,,,,,,,,,,,,,,,,,,,,,,,,,,,,,,,,,,,,,,,,,,,,,,,,,,,,
phase1,C_simpleui,first_run_cold,startup,hierarchical,2000,process:spawn_to_ui_ready_ms,PASS,3,3,0,0,3,565.464542,538.590442,581.794942,561.0713336666666,27.26952681117158,531.871917,585.877542,,,,,,,,,,,,,,,,,,,,,,,,,,,,,,,,,,,,,,,,,,,,,,,,,,,,,,,,,,,,,,,,,,,,,,,,,,,,,,,,,,,,,,,,,,,,,,,,,,,,,,,,,,,,,,,,
phase1,C_simpleui,first_run_cold,startup,hierarchical,2000,process:spawn_to_library_ready_ms,PASS,3,3,0,0,3,608.644417,579.6916506,627.1019834,604.2714169999999,29.872489851965213,572.453459,631.716375,,,,,,,,,,,,,,,,,,,,,,,,,,,,,,,,,,,,,,,,,,,,,,,,,,,,,,,,,,,,,,,,,,,,,,,,,,,,,,,,,,,,,,,,,,,,,,,,,,,,,,,,,,,,,,,,
phase1,C_simpleui,first_run_cold,startup,hierarchical,2000,process:complete_marker_ms,PASS,3,3,0,0,3,616.683708,587.9013752,634.9523088,612.3029863333333,29.650546339609406,580.705792,639.519459,,,,,,,,,,,,,,,,,,,,,,,,,,,,,,,,,,,,,,,,,,,,,,,,,,,,,,,,,,,,,,,,,,,,,,,,,,,,,,,,,,,,,,,,,,,,,,,,,,,,,,,,,,,,,,,,
phase1,C_simpleui,first_run_cold,startup,hierarchical,2000,process:spawn_to_process_exit_ms,PASS,3,3,0,0,3,656.707542,626.9860084,676.9012419999999,652.7376113333333,31.385894624784026,619.555625,681.949667,,,,,,,,,,,,,,,,,,,,,,,,,,,,,,,,,,,,,,,,,,,,,,,,,,,,,,,,,,,,,,,,,,,,,,,,,,,,,,,,,,,,,,,,,,,,,,,,,,,,,,,,,,,,,,,,
phase1,C_simpleui,paging,paging,flat,2000,process:spawn_to_ui_ready_ms,PASS,3,3,0,0,3,495.230083,481.3613838,501.00641659999997,491.85826399999996,12.620607332681768,477.894209,502.4505,,,,,,,,,,,,,,,,,,,,,,,,,,,,,,,,,,,,,,,,,,,,,,,,,,,,,,,,,,,,,,,,,,,,,,,,,,,,,,,,,,,,,,,,,,,,,,,,,,,,,,,,,,,,,,,,
phase1,C_simpleui,paging,paging,flat,2000,process:spawn_to_library_ready_ms,PASS,3,3,0,0,3,528.743667,512.353967,530.7553998,522.7528473333333,12.616974182061627,508.256542,531.258333,,,,,,,,,,,,,,,,,,,,,,,,,,,,,,,,,,,,,,,,,,,,,,,,,,,,,,,,,,,,,,,,,,,,,,,,,,,,,,,,,,,,,,,,,,,,,,,,,,,,,,,,,,,,,,,,
phase1,C_simpleui,paging,paging,flat,2000,process:complete_marker_ms,PASS,3,3,0,0,3,1943.500792,1937.111992,2041.9138248000002,1981.8442223333334,73.43748395136897,1935.514792,2066.517083,,,,,,,,,,,,,,,,,,,,,,,,,,,,,,,,,,,,,,,,,,,,,,,,,,,,,,,,,,,,,,,,,,,,,,,,,,,,,,,,,,,,,,,,,,,,,,,,,,,,,,,,,,,,,,,,
phase1,C_simpleui,paging,paging,flat,2000,process:spawn_to_process_exit_ms,PASS,3,3,0,0,3,1982.9995,1976.8732,2082.5947,2021.944875,74.18615903200462,1975.341625,2107.4935,,,,,,,,,,,,,,,,,,,,,,,,,,,,,,,,,,,,,,,,,,,,,,,,,,,,,,,,,,,,,,,,,,,,,,,,,,,,,,,,,,,,,,,,,,,,,,,,,,,,,,,,,,,,,,,,
phase1,C_simpleui,paging,paging,hierarchical,2000,process:spawn_to_ui_ready_ms,PASS,3,3,0,0,3,460.119375,433.155075,472.577675,454.07520833333336,25.18899449732876,426.414,475.69225,,,,,,,,,,,,,,,,,,,,,,,,,,,,,,,,,,,,,,,,,,,,,,,,,,,,,,,,,,,,,,,,,,,,,,,,,,,,,,,,,,,,,,,,,,,,,,,,,,,,,,,,,,,,,,,,
phase1,C_simpleui,paging,paging,hierarchical,2000,process:spawn_to_library_ready_ms,PASS,3,3,0,0,3,494.228708,468.4627416,505.7669416,488.30048600000003,23.873686682759907,462.02125,508.6515,,,,,,,,,,,,,,,,,,,,,,,,,,,,,,,,,,,,,,,,,,,,,,,,,,,,,,,,,,,,,,,,,,,,,,,,,,,,,,,,,,,,,,,,,,,,,,,,,,,,,,,,,,,,,,,,
phase1,C_simpleui,paging,paging,hierarchical,2000,process:complete_marker_ms,PASS,3,3,0,0,3,1702.381458,1668.969558,1722.297058,1696.7579996666666,33.6836092419994,1660.616583,1727.275958,,,,,,,,,,,,,,,,,,,,,,,,,,,,,,,,,,,,,,,,,,,,,,,,,,,,,,,,,,,,,,,,,,,,,,,,,,,,,,,,,,,,,,,,,,,,,,,,,,,,,,,,,,,,,,,,
phase1,C_simpleui,paging,paging,hierarchical,2000,process:spawn_to_process_exit_ms,PASS,3,3,0,0,3,1742.544958,1715.9321916000001,1761.125558,1739.198222,28.39416752749741,1709.279,1765.770708,,,,,,,,,,,,,,,,,,,,,,,,,,,,,,,,,,,,,,,,,,,,,,,,,,,,,,,,,,,,,,,,,,,,,,,,,,,,,,,,,,,,,,,,,,,,,,,,,,,,,,,,,,,,,,,,
phase1,C_simpleui,steady_state_cold,startup,hierarchical,2000,process:spawn_to_ui_ready_ms,PASS,3,3,0,0,3,591.023167,549.3923006000001,595.9762334,575.7407503333334,31.98194762240053,538.984584,597.2145,,,,,,,,,,,,,,,,,,,,,,,,,,,,,,,,,,,,,,,,,,,,,,,,,,,,,,,,,,,,,,,,,,,,,,,,,,,,,,,,,,,,,,,,,,,,,,,,,,,,,,,,,,,,,,,,
phase1,C_simpleui,steady_state_cold,startup,hierarchical,2000,process:spawn_to_library_ready_ms,PASS,3,3,0,0,3,632.668084,591.4405168000001,635.6518496,616.7331666666668,30.886456639342956,581.133625,636.397791,,,,,,,,,,,,,,,,,,,,,,,,,,,,,,,,,,,,,,,,,,,,,,,,,,,,,,,,,,,,,,,,,,,,,,,,,,,,,,,,,,,,,,,,,,,,,,,,,,,,,,,,,,,,,,,,
phase1,C_simpleui,steady_state_cold,startup,hierarchical,2000,process:complete_marker_ms,PASS,3,3,0,0,3,639.57875,599.29015,642.3253164,623.936236,30.115837403376158,589.218,643.011958,,,,,,,,,,,,,,,,,,,,,,,,,,,,,,,,,,,,,,,,,,,,,,,,,,,,,,,,,,,,,,,,,,,,,,,,,,,,,,,,,,,,,,,,,,,,,,,,,,,,,,,,,,,,,,,,
phase1,C_simpleui,steady_state_cold,startup,hierarchical,2000,process:spawn_to_process_exit_ms,PASS,3,3,0,0,3,688.981167,646.228167,689.4350334000001,671.3565279999999,31.01939206894963,635.539917,689.5485,,,,,,,,,,,,,,,,,,,,,,,,,,,,,,,,,,,,,,,,,,,,,,,,,,,,,,,,,,,,,,,,,,,,,,,,,,,,,,,,,,,,,,,,,,,,,,,,,,,,,,,,,,,,,,,,
phase1,C_simpleui,warm,synthetic,flat,2000,process:spawn_to_ui_ready_ms,PASS,1,1,0,0,1,779.905667,779.905667,779.905667,779.905667,0.0,779.905667,779.905667,,,,,,,,,,,,,,,,,,,,,,,,,,,,,,,,,,,,,,,,,,,,,,,,,,,,,,,,,,,,,,,,,,,,,,,,,,,,,,,,,,,,,,,,,,,,,,,,,,,,,,,,,,,,,,,,
phase1,C_simpleui,warm,synthetic,flat,2000,process:spawn_to_library_ready_ms,PASS,1,1,0,0,1,2238.078208,2238.078208,2238.078208,2238.078208,0.0,2238.078208,2238.078208,,,,,,,,,,,,,,,,,,,,,,,,,,,,,,,,,,,,,,,,,,,,,,,,,,,,,,,,,,,,,,,,,,,,,,,,,,,,,,,,,,,,,,,,,,,,,,,,,,,,,,,,,,,,,,,,
phase1,C_simpleui,warm,synthetic,flat,2000,process:complete_marker_ms,PASS,1,1,0,0,1,21894.020208,21894.020208,21894.020208,21894.020208,0.0,21894.020208,21894.020208,,,,,,,,,,,,,,,,,,,,,,,,,,,,,,,,,,,,,,,,,,,,,,,,,,,,,,,,,,,,,,,,,,,,,,,,,,,,,,,,,,,,,,,,,,,,,,,,,,,,,,,,,,,,,,,,
phase1,C_simpleui,warm,synthetic,flat,2000,process:spawn_to_process_exit_ms,PASS,1,1,0,0,1,21971.793083,21971.793083,21971.793083,21971.793083,0.0,21971.793083,21971.793083,,,,,,,,,,,,,,,,,,,,,,,,,,,,,,,,,,,,,,,,,,,,,,,,,,,,,,,,,,,,,,,,,,,,,,,,,,,,,,,,,,,,,,,,,,,,,,,,,,,,,,,,,,,,,,,,
phase1,C_simpleui,warm,synthetic,flat,50,process:spawn_to_ui_ready_ms,PASS,1,1,0,0,1,616.792583,616.792583,616.792583,616.792583,0.0,616.792583,616.792583,,,,,,,,,,,,,,,,,,,,,,,,,,,,,,,,,,,,,,,,,,,,,,,,,,,,,,,,,,,,,,,,,,,,,,,,,,,,,,,,,,,,,,,,,,,,,,,,,,,,,,,,,,,,,,,,
phase1,C_simpleui,warm,synthetic,flat,50,process:spawn_to_library_ready_ms,PASS,1,1,0,0,1,1511.308333,1511.308333,1511.308333,1511.308333,0.0,1511.308333,1511.308333,,,,,,,,,,,,,,,,,,,,,,,,,,,,,,,,,,,,,,,,,,,,,,,,,,,,,,,,,,,,,,,,,,,,,,,,,,,,,,,,,,,,,,,,,,,,,,,,,,,,,,,,,,,,,,,,
phase1,C_simpleui,warm,synthetic,flat,50,process:complete_marker_ms,PASS,1,1,0,0,1,10853.546875,10853.546875,10853.546875,10853.546875,0.0,10853.546875,10853.546875,,,,,,,,,,,,,,,,,,,,,,,,,,,,,,,,,,,,,,,,,,,,,,,,,,,,,,,,,,,,,,,,,,,,,,,,,,,,,,,,,,,,,,,,,,,,,,,,,,,,,,,,,,,,,,,,
phase1,C_simpleui,warm,synthetic,flat,50,process:spawn_to_process_exit_ms,PASS,1,1,0,0,1,10918.192792,10918.192792,10918.192792,10918.192792,0.0,10918.192792,10918.192792,,,,,,,,,,,,,,,,,,,,,,,,,,,,,,,,,,,,,,,,,,,,,,,,,,,,,,,,,,,,,,,,,,,,,,,,,,,,,,,,,,,,,,,,,,,,,,,,,,,,,,,,,,,,,,,,
phase1,C_simpleui,warm,synthetic,hierarchical,2000,process:spawn_to_ui_ready_ms,PASS,1,1,0,0,1,569.26275,569.26275,569.26275,569.26275,0.0,569.26275,569.26275,,,,,,,,,,,,,,,,,,,,,,,,,,,,,,,,,,,,,,,,,,,,,,,,,,,,,,,,,,,,,,,,,,,,,,,,,,,,,,,,,,,,,,,,,,,,,,,,,,,,,,,,,,,,,,,,
phase1,C_simpleui,warm,synthetic,hierarchical,2000,process:spawn_to_library_ready_ms,PASS,1,1,0,0,1,1298.439,1298.439,1298.439,1298.439,0.0,1298.439,1298.439,,,,,,,,,,,,,,,,,,,,,,,,,,,,,,,,,,,,,,,,,,,,,,,,,,,,,,,,,,,,,,,,,,,,,,,,,,,,,,,,,,,,,,,,,,,,,,,,,,,,,,,,,,,,,,,,
phase1,C_simpleui,warm,synthetic,hierarchical,2000,process:complete_marker_ms,PASS,1,1,0,0,1,9628.166292,9628.166292,9628.166292,9628.166292,0.0,9628.166292,9628.166292,,,,,,,,,,,,,,,,,,,,,,,,,,,,,,,,,,,,,,,,,,,,,,,,,,,,,,,,,,,,,,,,,,,,,,,,,,,,,,,,,,,,,,,,,,,,,,,,,,,,,,,,,,,,,,,,
phase1,C_simpleui,warm,synthetic,hierarchical,2000,process:spawn_to_process_exit_ms,PASS,1,1,0,0,1,9716.282708,9716.282708,9716.282708,9716.282708,0.0,9716.282708,9716.282708,,,,,,,,,,,,,,,,,,,,,,,,,,,,,,,,,,,,,,,,,,,,,,,,,,,,,,,,,,,,,,,,,,,,,,,,,,,,,,,,,,,,,,,,,,,,,,,,,,,,,,,,,,,,,,,,
phase1,C_simpleui,warm,synthetic,hierarchical,50,process:spawn_to_ui_ready_ms,PASS,1,1,0,0,1,629.206083,629.206083,629.206083,629.206083,0.0,629.206083,629.206083,,,,,,,,,,,,,,,,,,,,,,,,,,,,,,,,,,,,,,,,,,,,,,,,,,,,,,,,,,,,,,,,,,,,,,,,,,,,,,,,,,,,,,,,,,,,,,,,,,,,,,,,,,,,,,,,
phase1,C_simpleui,warm,synthetic,hierarchical,50,process:spawn_to_library_ready_ms,PASS,1,1,0,0,1,1482.500292,1482.500292,1482.500292,1482.500292,0.0,1482.500292,1482.500292,,,,,,,,,,,,,,,,,,,,,,,,,,,,,,,,,,,,,,,,,,,,,,,,,,,,,,,,,,,,,,,,,,,,,,,,,,,,,,,,,,,,,,,,,,,,,,,,,,,,,,,,,,,,,,,,
phase1,C_simpleui,warm,synthetic,hierarchical,50,process:complete_marker_ms,PASS,1,1,0,0,1,9723.9345,9723.9345,9723.9345,9723.9345,0.0,9723.9345,9723.9345,,,,,,,,,,,,,,,,,,,,,,,,,,,,,,,,,,,,,,,,,,,,,,,,,,,,,,,,,,,,,,,,,,,,,,,,,,,,,,,,,,,,,,,,,,,,,,,,,,,,,,,,,,,,,,,,
phase1,C_simpleui,warm,synthetic,hierarchical,50,process:spawn_to_process_exit_ms,PASS,1,1,0,0,1,9782.855042,9782.855042,9782.855042,9782.855042,0.0,9782.855042,9782.855042,,,,,,,,,,,,,,,,,,,,,,,,,,,,,,,,,,,,,,,,,,,,,,,,,,,,,,,,,,,,,,,,,,,,,,,,,,,,,,,,,,,,,,,,,,,,,,,,,,,,,,,,,,,,,,,,
phase1,D_zenos,first_run_cold,startup,hierarchical,2000,process:spawn_to_ui_ready_ms,PASS,3,3,0,0,3,590.637792,580.3383248,654.9324584,613.1357916666667,50.528890043906785,577.763458,671.006125,,,,,,,,,,,,,,,,,,,,,,,,,,,,,,,,,,,,,,,,,,,,,,,,,,,,,,,,,,,,,,,,,,,,,,,,,,,,,,,,,,,,,,,,,,,,,,,,,,,,,,,,,,,,,,,,
phase1,D_zenos,first_run_cold,startup,hierarchical,2000,process:spawn_to_library_ready_ms,PASS,3,3,0,0,3,677.209084,661.3367832,734.1294504,694.3124446666667,47.8458637457247,657.368708,748.359542,,,,,,,,,,,,,,,,,,,,,,,,,,,,,,,,,,,,,,,,,,,,,,,,,,,,,,,,,,,,,,,,,,,,,,,,,,,,,,,,,,,,,,,,,,,,,,,,,,,,,,,,,,,,,,,,
phase1,D_zenos,first_run_cold,startup,hierarchical,2000,process:complete_marker_ms,PASS,3,3,0,0,3,687.945209,671.5457746000001,743.5192754,704.2679723333334,47.152244341355065,667.445916,757.412792,,,,,,,,,,,,,,,,,,,,,,,,,,,,,,,,,,,,,,,,,,,,,,,,,,,,,,,,,,,,,,,,,,,,,,,,,,,,,,,,,,,,,,,,,,,,,,,,,,,,,,,,,,,,,,,,
phase1,D_zenos,first_run_cold,startup,hierarchical,2000,process:spawn_to_process_exit_ms,PASS,3,3,0,0,3,729.333459,712.5899918,788.4135254,746.9737086666668,49.79124700127244,708.404125,803.183542,,,,,,,,,,,,,,,,,,,,,,,,,,,,,,,,,,,,,,,,,,,,,,,,,,,,,,,,,,,,,,,,,,,,,,,,,,,,,,,,,,,,,,,,,,,,,,,,,,,,,,,,,,,,,,,,
phase1,D_zenos,paging,paging,flat,2000,process:spawn_to_ui_ready_ms,PASS,3,3,0,0,3,478.810459,473.09579180000003,514.1354918000001,491.14811133333336,27.78625793641188,471.667125,522.96675,,,,,,,,,,,,,,,,,,,,,,,,,,,,,,,,,,,,,,,,,,,,,,,,,,,,,,,,,,,,,,,,,,,,,,,,,,,,,,,,,,,,,,,,,,,,,,,,,,,,,,,,,,,,,,,,
phase1,D_zenos,paging,paging,flat,2000,process:spawn_to_library_ready_ms,PASS,3,3,0,0,3,578.858792,576.6346255999999,612.8117912,592.0791389999999,25.344195082918265,576.078584,621.300041,,,,,,,,,,,,,,,,,,,,,,,,,,,,,,,,,,,,,,,,,,,,,,,,,,,,,,,,,,,,,,,,,,,,,,,,,,,,,,,,,,,,,,,,,,,,,,,,,,,,,,,,,,,,,,,,
phase1,D_zenos,paging,paging,flat,2000,process:complete_marker_ms,PASS,3,3,0,0,3,1367.795834,1359.2943003999999,1397.9769996,1376.829014,25.410843157602415,1357.168917,1405.522291,,,,,,,,,,,,,,,,,,,,,,,,,,,,,,,,,,,,,,,,,,,,,,,,,,,,,,,,,,,,,,,,,,,,,,,,,,,,,,,,,,,,,,,,,,,,,,,,,,,,,,,,,,,,,,,,
phase1,D_zenos,paging,paging,flat,2000,process:spawn_to_process_exit_ms,PASS,3,3,0,0,3,1409.065834,1400.1303340000002,1438.2317332,1417.495167,24.907168570432045,1397.896459,1445.523208,,,,,,,,,,,,,,,,,,,,,,,,,,,,,,,,,,,,,,,,,,,,,,,,,,,,,,,,,,,,,,,,,,,,,,,,,,,,,,,,,,,,,,,,,,,,,,,,,,,,,,,,,,,,,,,,
phase1,D_zenos,paging,paging,hierarchical,2000,process:spawn_to_ui_ready_ms,PASS,3,3,0,0,3,490.722375,484.36754140000005,491.33007499999997,488.327736,4.820477249475717,482.778833,491.482,,,,,,,,,,,,,,,,,,,,,,,,,,,,,,,,,,,,,,,,,,,,,,,,,,,,,,,,,,,,,,,,,,,,,,,,,,,,,,,,,,,,,,,,,,,,,,,,,,,,,,,,,,,,,,,,
phase1,D_zenos,paging,paging,hierarchical,2000,process:spawn_to_library_ready_ms,PASS,3,3,0,0,3,523.588292,513.0680912,523.8772256000001,519.3252640000001,7.6986791002917725,510.438041,523.949459,,,,,,,,,,,,,,,,,,,,,,,,,,,,,,,,,,,,,,,,,,,,,,,,,,,,,,,,,,,,,,,,,,,,,,,,,,,,,,,,,,,,,,,,,,,,,,,,,,,,,,,,,,,,,,,,
phase1,D_zenos,paging,paging,hierarchical,2000,process:complete_marker_ms,PASS,3,3,0,0,3,1282.490041,1280.5384754000002,1289.2237754,1284.4826113333334,5.695992362847387,1280.050584,1290.907209,,,,,,,,,,,,,,,,,,,,,,,,,,,,,,,,,,,,,,,,,,,,,,,,,,,,,,,,,,,,,,,,,,,,,,,,,,,,,,,,,,,,,,,,,,,,,,,,,,,,,,,,,,,,,,,,
phase1,D_zenos,paging,paging,hierarchical,2000,process:spawn_to_process_exit_ms,PASS,3,3,0,0,3,1323.942583,1322.4598502000001,1330.8372837999998,1326.1975696666666,5.588231435163398,1322.089167,1332.560959,,,,,,,,,,,,,,,,,,,,,,,,,,,,,,,,,,,,,,,,,,,,,,,,,,,,,,,,,,,,,,,,,,,,,,,,,,,,,,,,,,,,,,,,,,,,,,,,,,,,,,,,,,,,,,,,
phase1,D_zenos,steady_state_cold,startup,hierarchical,2000,process:spawn_to_ui_ready_ms,PASS,3,3,0,0,3,605.652959,602.4616246,623.5584582,611.783861,14.214391775297502,601.663791,628.034833,,,,,,,,,,,,,,,,,,,,,,,,,,,,,,,,,,,,,,,,,,,,,,,,,,,,,,,,,,,,,,,,,,,,,,,,,,,,,,,,,,,,,,,,,,,,,,,,,,,,,,,,,,,,,,,,
phase1,D_zenos,steady_state_cold,startup,hierarchical,2000,process:spawn_to_library_ready_ms,PASS,3,3,0,0,3,674.630959,669.7028918,689.5393246,678.7894166666666,12.910239772938588,668.470875,693.266416,,,,,,,,,,,,,,,,,,,,,,,,,,,,,,,,,,,,,,,,,,,,,,,,,,,,,,,,,,,,,,,,,,,,,,,,,,,,,,,,,,,,,,,,,,,,,,,,,,,,,,,,,,,,,,,,
phase1,D_zenos,steady_state_cold,startup,hierarchical,2000,process:complete_marker_ms,PASS,3,3,0,0,3,683.034792,678.0634248000001,697.9252584,687.1677500000001,12.919350346888123,676.820583,701.647875,,,,,,,,,,,,,,,,,,,,,,,,,,,,,,,,,,,,,,,,,,,,,,,,,,,,,,,,,,,,,,,,,,,,,,,,,,,,,,,,,,,,,,,,,,,,,,,,,,,,,,,,,,,,,,,,
phase1,D_zenos,steady_state_cold,startup,hierarchical,2000,process:spawn_to_process_exit_ms,PASS,3,3,0,0,3,728.886542,719.4821748,740.8597411999999,729.9568886666666,13.393094912251387,717.131083,743.853041,,,,,,,,,,,,,,,,,,,,,,,,,,,,,,,,,,,,,,,,,,,,,,,,,,,,,,,,,,,,,,,,,,,,,,,,,,,,,,,,,,,,,,,,,,,,,,,,,,,,,,,,,,,,,,,,
phase1,D_zenos,warm,synthetic,flat,2000,process:spawn_to_ui_ready_ms,PASS,1,1,0,0,1,720.443875,720.443875,720.443875,720.443875,0.0,720.443875,720.443875,,,,,,,,,,,,,,,,,,,,,,,,,,,,,,,,,,,,,,,,,,,,,,,,,,,,,,,,,,,,,,,,,,,,,,,,,,,,,,,,,,,,,,,,,,,,,,,,,,,,,,,,,,,,,,,,
phase1,D_zenos,warm,synthetic,flat,2000,process:spawn_to_library_ready_ms,PASS,1,1,0,0,1,3667.293959,3667.293959,3667.293959,3667.293959,0.0,3667.293959,3667.293959,,,,,,,,,,,,,,,,,,,,,,,,,,,,,,,,,,,,,,,,,,,,,,,,,,,,,,,,,,,,,,,,,,,,,,,,,,,,,,,,,,,,,,,,,,,,,,,,,,,,,,,,,,,,,,,,
phase1,D_zenos,warm,synthetic,flat,2000,process:complete_marker_ms,PASS,1,1,0,0,1,15919.263667,15919.263667,15919.263667,15919.263667,0.0,15919.263667,15919.263667,,,,,,,,,,,,,,,,,,,,,,,,,,,,,,,,,,,,,,,,,,,,,,,,,,,,,,,,,,,,,,,,,,,,,,,,,,,,,,,,,,,,,,,,,,,,,,,,,,,,,,,,,,,,,,,,
phase1,D_zenos,warm,synthetic,flat,2000,process:spawn_to_process_exit_ms,PASS,1,1,0,0,1,15979.2435,15979.2435,15979.2435,15979.2435,0.0,15979.2435,15979.2435,,,,,,,,,,,,,,,,,,,,,,,,,,,,,,,,,,,,,,,,,,,,,,,,,,,,,,,,,,,,,,,,,,,,,,,,,,,,,,,,,,,,,,,,,,,,,,,,,,,,,,,,,,,,,,,,
phase1,D_zenos,warm,synthetic,flat,50,process:spawn_to_ui_ready_ms,PASS,1,1,0,0,1,672.403583,672.403583,672.403583,672.403583,0.0,672.403583,672.403583,,,,,,,,,,,,,,,,,,,,,,,,,,,,,,,,,,,,,,,,,,,,,,,,,,,,,,,,,,,,,,,,,,,,,,,,,,,,,,,,,,,,,,,,,,,,,,,,,,,,,,,,,,,,,,,,
phase1,D_zenos,warm,synthetic,flat,50,process:spawn_to_library_ready_ms,PASS,1,1,0,0,1,2261.513917,2261.513917,2261.513917,2261.513917,0.0,2261.513917,2261.513917,,,,,,,,,,,,,,,,,,,,,,,,,,,,,,,,,,,,,,,,,,,,,,,,,,,,,,,,,,,,,,,,,,,,,,,,,,,,,,,,,,,,,,,,,,,,,,,,,,,,,,,,,,,,,,,,
phase1,D_zenos,warm,synthetic,flat,50,process:complete_marker_ms,PASS,1,1,0,0,1,10760.022792,10760.022792,10760.022792,10760.022792,0.0,10760.022792,10760.022792,,,,,,,,,,,,,,,,,,,,,,,,,,,,,,,,,,,,,,,,,,,,,,,,,,,,,,,,,,,,,,,,,,,,,,,,,,,,,,,,,,,,,,,,,,,,,,,,,,,,,,,,,,,,,,,,
phase1,D_zenos,warm,synthetic,flat,50,process:spawn_to_process_exit_ms,PASS,1,1,0,0,1,10861.403417,10861.403417,10861.403417,10861.403417,0.0,10861.403417,10861.403417,,,,,,,,,,,,,,,,,,,,,,,,,,,,,,,,,,,,,,,,,,,,,,,,,,,,,,,,,,,,,,,,,,,,,,,,,,,,,,,,,,,,,,,,,,,,,,,,,,,,,,,,,,,,,,,,
phase1,D_zenos,warm,synthetic,hierarchical,2000,process:spawn_to_ui_ready_ms,PASS,1,1,0,0,1,679.672084,679.672084,679.672084,679.672084,0.0,679.672084,679.672084,,,,,,,,,,,,,,,,,,,,,,,,,,,,,,,,,,,,,,,,,,,,,,,,,,,,,,,,,,,,,,,,,,,,,,,,,,,,,,,,,,,,,,,,,,,,,,,,,,,,,,,,,,,,,,,,
phase1,D_zenos,warm,synthetic,hierarchical,2000,process:spawn_to_library_ready_ms,PASS,1,1,0,0,1,1909.200667,1909.200667,1909.200667,1909.200667,0.0,1909.200667,1909.200667,,,,,,,,,,,,,,,,,,,,,,,,,,,,,,,,,,,,,,,,,,,,,,,,,,,,,,,,,,,,,,,,,,,,,,,,,,,,,,,,,,,,,,,,,,,,,,,,,,,,,,,,,,,,,,,,
phase1,D_zenos,warm,synthetic,hierarchical,2000,process:complete_marker_ms,PASS,1,1,0,0,1,9023.304167,9023.304167,9023.304167,9023.304167,0.0,9023.304167,9023.304167,,,,,,,,,,,,,,,,,,,,,,,,,,,,,,,,,,,,,,,,,,,,,,,,,,,,,,,,,,,,,,,,,,,,,,,,,,,,,,,,,,,,,,,,,,,,,,,,,,,,,,,,,,,,,,,,
phase1,D_zenos,warm,synthetic,hierarchical,2000,process:spawn_to_process_exit_ms,PASS,1,1,0,0,1,9074.810334,9074.810334,9074.810334,9074.810334,0.0,9074.810334,9074.810334,,,,,,,,,,,,,,,,,,,,,,,,,,,,,,,,,,,,,,,,,,,,,,,,,,,,,,,,,,,,,,,,,,,,,,,,,,,,,,,,,,,,,,,,,,,,,,,,,,,,,,,,,,,,,,,,
phase1,D_zenos,warm,synthetic,hierarchical,50,process:spawn_to_ui_ready_ms,PASS,1,1,0,0,1,778.575667,778.575667,778.575667,778.575667,0.0,778.575667,778.575667,,,,,,,,,,,,,,,,,,,,,,,,,,,,,,,,,,,,,,,,,,,,,,,,,,,,,,,,,,,,,,,,,,,,,,,,,,,,,,,,,,,,,,,,,,,,,,,,,,,,,,,,,,,,,,,,
phase1,D_zenos,warm,synthetic,hierarchical,50,process:spawn_to_library_ready_ms,PASS,1,1,0,0,1,2014.542209,2014.542209,2014.542209,2014.542209,0.0,2014.542209,2014.542209,,,,,,,,,,,,,,,,,,,,,,,,,,,,,,,,,,,,,,,,,,,,,,,,,,,,,,,,,,,,,,,,,,,,,,,,,,,,,,,,,,,,,,,,,,,,,,,,,,,,,,,,,,,,,,,,
phase1,D_zenos,warm,synthetic,hierarchical,50,process:complete_marker_ms,PASS,1,1,0,0,1,8896.9895,8896.9895,8896.9895,8896.9895,0.0,8896.9895,8896.9895,,,,,,,,,,,,,,,,,,,,,,,,,,,,,,,,,,,,,,,,,,,,,,,,,,,,,,,,,,,,,,,,,,,,,,,,,,,,,,,,,,,,,,,,,,,,,,,,,,,,,,,,,,,,,,,,
phase1,D_zenos,warm,synthetic,hierarchical,50,process:spawn_to_process_exit_ms,PASS,1,1,0,0,1,8954.702084,8954.702084,8954.702084,8954.702084,0.0,8954.702084,8954.702084,,,,,,,,,,,,,,,,,,,,,,,,,,,,,,,,,,,,,,,,,,,,,,,,,,,,,,,,,,,,,,,,,,,,,,,,,,,,,,,,,,,,,,,,,,,,,,,,,,,,,,,,,,,,,,,,
phase1,E_project_title,paging,paging,flat,2000,process:spawn_to_ui_ready_ms,PASS,3,3,0,0,3,407.669959,386.33512460000003,564.8791582,464.28427766666664,121.88608860468287,381.001416,604.181458,,,,,,,,,,,,,,,,,,,,,,,,,,,,,,,,,,,,,,,,,,,,,,,,,,,,,,,,,,,,,,,,,,,,,,,,,,,,,,,,,,,,,,,,,,,,,,,,,,,,,,,,,,,,,,,,
phase1,E_project_title,paging,paging,flat,2000,process:spawn_to_library_ready_ms,PASS,3,3,0,0,3,421.700375,400.92230780000006,580.3225414,479.13541633333335,122.66269337187485,395.727791,619.978083,,,,,,,,,,,,,,,,,,,,,,,,,,,,,,,,,,,,,,,,,,,,,,,,,,,,,,,,,,,,,,,,,,,,,,,,,,,,,,,,,,,,,,,,,,,,,,,,,,,,,,,,,,,,,,,,
phase1,E_project_title,paging,paging,flat,2000,process:complete_marker_ms,PASS,3,3,0,0,3,1153.042917,1116.9331498000001,1342.8539834,1217.0851249999998,151.70247339713313,1107.905708,1390.30675,,,,,,,,,,,,,,,,,,,,,,,,,,,,,,,,,,,,,,,,,,,,,,,,,,,,,,,,,,,,,,,,,,,,,,,,,,,,,,,,,,,,,,,,,,,,,,,,,,,,,,,,,,,,,,,,
phase1,E_project_title,paging,paging,flat,2000,process:spawn_to_process_exit_ms,PASS,3,3,0,0,3,1191.685667,1155.9317998,1383.9346997999999,1256.8919859999999,153.28295597988864,1146.993333,1431.996958,,,,,,,,,,,,,,,,,,,,,,,,,,,,,,,,,,,,,,,,,,,,,,,,,,,,,,,,,,,,,,,,,,,,,,,,,,,,,,,,,,,,,,,,,,,,,,,,,,,,,,,,,,,,,,,,
phase1,E_project_title,paging,paging,hierarchical,2000,process:spawn_to_ui_ready_ms,PASS,3,3,0,0,3,329.249166,323.59246600000006,329.3296332,326.92573566666664,4.111715266474596,322.178291,329.34975,,,,,,,,,,,,,,,,,,,,,,,,,,,,,,,,,,,,,,,,,,,,,,,,,,,,,,,,,,,,,,,,,,,,,,,,,,,,,,,,,,,,,,,,,,,,,,,,,,,,,,,,,,,,,,,,
phase1,E_project_title,paging,paging,hierarchical,2000,process:spawn_to_library_ready_ms,PASS,3,3,0,0,3,350.435916,349.26421600000003,352.6131832,350.8549023333333,2.124323094202097,348.971291,353.1575,,,,,,,,,,,,,,,,,,,,,,,,,,,,,,,,,,,,,,,,,,,,,,,,,,,,,,,,,,,,,,,,,,,,,,,,,,,,,,,,,,,,,,,,,,,,,,,,,,,,,,,,,,,,,,,,
phase1,E_project_title,paging,paging,hierarchical,2000,process:complete_marker_ms,PASS,3,3,0,0,3,892.124791,891.9118246,920.9151918,904.0320553333332,20.854954458876808,891.858583,928.112792,,,,,,,,,,,,,,,,,,,,,,,,,,,,,,,,,,,,,,,,,,,,,,,,,,,,,,,,,,,,,,,,,,,,,,,,,,,,,,,,,,,,,,,,,,,,,,,,,,,,,,,,,,,,,,,,
phase1,E_project_title,paging,paging,hierarchical,2000,process:spawn_to_process_exit_ms,PASS,3,3,0,0,3,932.193208,929.5582416,959.1217416000001,942.3155276666666,20.45122183356771,928.8995,965.853875,,,,,,,,,,,,,,,,,,,,,,,,,,,,,,,,,,,,,,,,,,,,,,,,,,,,,,,,,,,,,,,,,,,,,,,,,,,,,,,,,,,,,,,,,,,,,,,,,,,,,,,,,,,,,,,,
phase1,E_project_title,steady_state_cold,startup,hierarchical,2000,process:spawn_to_ui_ready_ms,PASS,3,3,0,0,3,307.673291,306.5256582,314.4557246,310.0211246666667,5.35715107381923,306.23875,316.151333,,,,,,,,,,,,,,,,,,,,,,,,,,,,,,,,,,,,,,,,,,,,,,,,,,,,,,,,,,,,,,,,,,,,,,,,,,,,,,,,,,,,,,,,,,,,,,,,,,,,,,,,,,,,,,,,
phase1,E_project_title,steady_state_cold,startup,hierarchical,2000,process:spawn_to_library_ready_ms,PASS,3,3,0,0,3,328.756041,326.75174180000005,335.1082418,330.56766666666664,5.453371533028943,326.250667,336.696292,,,,,,,,,,,,,,,,,,,,,,,,,,,,,,,,,,,,,,,,,,,,,,,,,,,,,,,,,,,,,,,,,,,,,,,,,,,,,,,,,,,,,,,,,,,,,,,,,,,,,,,,,,,,,,,,
phase1,E_project_title,steady_state_cold,startup,hierarchical,2000,process:complete_marker_ms,PASS,3,3,0,0,3,333.01275,330.6399836,339.71518359999993,334.81677799999994,5.883236504560051,330.046792,341.390792,,,,,,,,,,,,,,,,,,,,,,,,,,,,,,,,,,,,,,,,,,,,,,,,,,,,,,,,,,,,,,,,,,,,,,,,,,,,,,,,,,,,,,,,,,,,,,,,,,,,,,,,,,,,,,,,
phase1,E_project_title,steady_state_cold,startup,hierarchical,2000,process:spawn_to_process_exit_ms,PASS,3,3,0,0,3,370.156291,369.4737246,376.7171582,372.605583,4.999432405910082,369.303083,378.357375,,,,,,,,,,,,,,,,,,,,,,,,,,,,,,,,,,,,,,,,,,,,,,,,,,,,,,,,,,,,,,,,,,,,,,,,,,,,,,,,,,,,,,,,,,,,,,,,,,,,,,,,,,,,,,,,
phase1,E_project_title,warm,synthetic,flat,2000,process:spawn_to_ui_ready_ms,PASS,1,1,0,0,1,412.382709,412.382709,412.382709,412.382709,0.0,412.382709,412.382709,,,,,,,,,,,,,,,,,,,,,,,,,,,,,,,,,,,,,,,,,,,,,,,,,,,,,,,,,,,,,,,,,,,,,,,,,,,,,,,,,,,,,,,,,,,,,,,,,,,,,,,,,,,,,,,,
phase1,E_project_title,warm,synthetic,flat,2000,process:spawn_to_library_ready_ms,PASS,1,1,0,0,1,1946.197834,1946.197834,1946.197834,1946.197834,0.0,1946.197834,1946.197834,,,,,,,,,,,,,,,,,,,,,,,,,,,,,,,,,,,,,,,,,,,,,,,,,,,,,,,,,,,,,,,,,,,,,,,,,,,,,,,,,,,,,,,,,,,,,,,,,,,,,,,,,,,,,,,,
phase1,E_project_title,warm,synthetic,flat,2000,process:complete_marker_ms,PASS,1,1,0,0,1,9364.385917,9364.385917,9364.385917,9364.385917,0.0,9364.385917,9364.385917,,,,,,,,,,,,,,,,,,,,,,,,,,,,,,,,,,,,,,,,,,,,,,,,,,,,,,,,,,,,,,,,,,,,,,,,,,,,,,,,,,,,,,,,,,,,,,,,,,,,,,,,,,,,,,,,
phase1,E_project_title,warm,synthetic,flat,2000,process:spawn_to_process_exit_ms,PASS,1,1,0,0,1,9407.491917,9407.491917,9407.491917,9407.491917,0.0,9407.491917,9407.491917,,,,,,,,,,,,,,,,,,,,,,,,,,,,,,,,,,,,,,,,,,,,,,,,,,,,,,,,,,,,,,,,,,,,,,,,,,,,,,,,,,,,,,,,,,,,,,,,,,,,,,,,,,,,,,,,
phase1,E_project_title,warm,synthetic,flat,50,process:spawn_to_ui_ready_ms,PASS,1,1,0,0,1,384.242709,384.242709,384.242709,384.242709,0.0,384.242709,384.242709,,,,,,,,,,,,,,,,,,,,,,,,,,,,,,,,,,,,,,,,,,,,,,,,,,,,,,,,,,,,,,,,,,,,,,,,,,,,,,,,,,,,,,,,,,,,,,,,,,,,,,,,,,,,,,,,
phase1,E_project_title,warm,synthetic,flat,50,process:spawn_to_library_ready_ms,PASS,1,1,0,0,1,921.576667,921.576667,921.576667,921.576667,0.0,921.576667,921.576667,,,,,,,,,,,,,,,,,,,,,,,,,,,,,,,,,,,,,,,,,,,,,,,,,,,,,,,,,,,,,,,,,,,,,,,,,,,,,,,,,,,,,,,,,,,,,,,,,,,,,,,,,,,,,,,,
phase1,E_project_title,warm,synthetic,flat,50,process:complete_marker_ms,PASS,1,1,0,0,1,4522.049542,4522.049542,4522.049542,4522.049542,0.0,4522.049542,4522.049542,,,,,,,,,,,,,,,,,,,,,,,,,,,,,,,,,,,,,,,,,,,,,,,,,,,,,,,,,,,,,,,,,,,,,,,,,,,,,,,,,,,,,,,,,,,,,,,,,,,,,,,,,,,,,,,,
phase1,E_project_title,warm,synthetic,flat,50,process:spawn_to_process_exit_ms,PASS,1,1,0,0,1,4563.632542,4563.632542,4563.632542,4563.632542,0.0,4563.632542,4563.632542,,,,,,,,,,,,,,,,,,,,,,,,,,,,,,,,,,,,,,,,,,,,,,,,,,,,,,,,,,,,,,,,,,,,,,,,,,,,,,,,,,,,,,,,,,,,,,,,,,,,,,,,,,,,,,,,
phase1,E_project_title,warm,synthetic,hierarchical,2000,process:spawn_to_ui_ready_ms,PASS,1,1,0,0,1,350.022833,350.022833,350.022833,350.022833,0.0,350.022833,350.022833,,,,,,,,,,,,,,,,,,,,,,,,,,,,,,,,,,,,,,,,,,,,,,,,,,,,,,,,,,,,,,,,,,,,,,,,,,,,,,,,,,,,,,,,,,,,,,,,,,,,,,,,,,,,,,,,
phase1,E_project_title,warm,synthetic,hierarchical,2000,process:spawn_to_library_ready_ms,PASS,1,1,0,0,1,670.113125,670.113125,670.113125,670.113125,0.0,670.113125,670.113125,,,,,,,,,,,,,,,,,,,,,,,,,,,,,,,,,,,,,,,,,,,,,,,,,,,,,,,,,,,,,,,,,,,,,,,,,,,,,,,,,,,,,,,,,,,,,,,,,,,,,,,,,,,,,,,,
phase1,E_project_title,warm,synthetic,hierarchical,2000,process:complete_marker_ms,PASS,1,1,0,0,1,3574.67625,3574.67625,3574.67625,3574.67625,0.0,3574.67625,3574.67625,,,,,,,,,,,,,,,,,,,,,,,,,,,,,,,,,,,,,,,,,,,,,,,,,,,,,,,,,,,,,,,,,,,,,,,,,,,,,,,,,,,,,,,,,,,,,,,,,,,,,,,,,,,,,,,,
phase1,E_project_title,warm,synthetic,hierarchical,2000,process:spawn_to_process_exit_ms,PASS,1,1,0,0,1,3616.784791,3616.784791,3616.784791,3616.784791,0.0,3616.784791,3616.784791,,,,,,,,,,,,,,,,,,,,,,,,,,,,,,,,,,,,,,,,,,,,,,,,,,,,,,,,,,,,,,,,,,,,,,,,,,,,,,,,,,,,,,,,,,,,,,,,,,,,,,,,,,,,,,,,
phase1,E_project_title,warm,synthetic,hierarchical,50,process:spawn_to_ui_ready_ms,PASS,1,1,0,0,1,347.184334,347.184334,347.184334,347.184334,0.0,347.184334,347.184334,,,,,,,,,,,,,,,,,,,,,,,,,,,,,,,,,,,,,,,,,,,,,,,,,,,,,,,,,,,,,,,,,,,,,,,,,,,,,,,,,,,,,,,,,,,,,,,,,,,,,,,,,,,,,,,,
phase1,E_project_title,warm,synthetic,hierarchical,50,process:spawn_to_library_ready_ms,PASS,1,1,0,0,1,657.844209,657.844209,657.844209,657.844209,0.0,657.844209,657.844209,,,,,,,,,,,,,,,,,,,,,,,,,,,,,,,,,,,,,,,,,,,,,,,,,,,,,,,,,,,,,,,,,,,,,,,,,,,,,,,,,,,,,,,,,,,,,,,,,,,,,,,,,,,,,,,,
phase1,E_project_title,warm,synthetic,hierarchical,50,process:complete_marker_ms,PASS,1,1,0,0,1,3274.482459,3274.482459,3274.482459,3274.482459,0.0,3274.482459,3274.482459,,,,,,,,,,,,,,,,,,,,,,,,,,,,,,,,,,,,,,,,,,,,,,,,,,,,,,,,,,,,,,,,,,,,,,,,,,,,,,,,,,,,,,,,,,,,,,,,,,,,,,,,,,,,,,,,
phase1,E_project_title,warm,synthetic,hierarchical,50,process:spawn_to_process_exit_ms,PASS,1,1,0,0,1,3315.810417,3315.810417,3315.810417,3315.810417,0.0,3315.810417,3315.810417,,,,,,,,,,,,,,,,,,,,,,,,,,,,,,,,,,,,,,,,,,,,,,,,,,,,,,,,,,,,,,,,,,,,,,,,,,,,,,,,,,,,,,,,,,,,,,,,,,,,,,,,,,,,,,,,
phase1,F_vos,paging,paging,flat,2000,process:spawn_to_ui_ready_ms,PASS,3,3,0,0,3,415.810125,413.40192500000006,417.7003922,415.5943196666667,2.6930348817245866,412.799875,418.172959,,,,,,,,,,,,,,,,,,,,,,,,,,,,,,,,,,,,,,,,,,,,,,,,,,,,,,,,,,,,,,,,,,,,,,,,,,,,,,,,,,,,,,,,,,,,,,,,,,,,,,,,,,,,,,,,
phase1,F_vos,paging,paging,flat,2000,process:spawn_to_library_ready_ms,PASS,3,3,0,0,3,436.335041,433.42220820000006,439.3674754,436.384875,3.7160426205751396,432.694,440.125584,,,,,,,,,,,,,,,,,,,,,,,,,,,,,,,,,,,,,,,,,,,,,,,,,,,,,,,,,,,,,,,,,,,,,,,,,,,,,,,,,,,,,,,,,,,,,,,,,,,,,,,,,,,,,,,,
phase1,F_vos,paging,paging,flat,2000,process:complete_marker_ms,PASS,3,3,0,0,3,1837.636625,1807.4897922,1861.0609914000001,1834.8355973333335,33.56975733469154,1799.953084,1866.917083,,,,,,,,,,,,,,,,,,,,,,,,,,,,,,,,,,,,,,,,,,,,,,,,,,,,,,,,,,,,,,,,,,,,,,,,,,,,,,,,,,,,,,,,,,,,,,,,,,,,,,,,,,,,,,,,
phase1,F_vos,paging,paging,flat,2000,process:spawn_to_process_exit_ms,PASS,3,3,0,0,3,1906.989791,1888.4163581999999,1927.8421581999999,1907.9393469999998,24.654843007277016,1883.773,1933.05525,,,,,,,,,,,,,,,,,,,,,,,,,,,,,,,,,,,,,,,,,,,,,,,,,,,,,,,,,,,,,,,,,,,,,,,,,,,,,,,,,,,,,,,,,,,,,,,,,,,,,,,,,,,,,,,,
phase1,F_vos,paging,paging,hierarchical,2000,process:spawn_to_ui_ready_ms,PASS,3,3,0,0,3,356.999542,352.9966748,362.8314756,357.761653,6.1820831110145456,351.995958,364.289459,,,,,,,,,,,,,,,,,,,,,,,,,,,,,,,,,,,,,,,,,,,,,,,,,,,,,,,,,,,,,,,,,,,,,,,,,,,,,,,,,,,,,,,,,,,,,,,,,,,,,,,,,,,,,,,,
phase1,F_vos,paging,paging,hierarchical,2000,process:spawn_to_library_ready_ms,PASS,3,3,0,0,3,396.315125,392.1774586,401.9091922,396.9219586666666,6.104995178497061,391.143042,403.307709,,,,,,,,,,,,,,,,,,,,,,,,,,,,,,,,,,,,,,,,,,,,,,,,,,,,,,,,,,,,,,,,,,,,,,,,,,,,,,,,,,,,,,,,,,,,,,,,,,,,,,,,,,,,,,,,
phase1,F_vos,paging,paging,hierarchical,2000,process:complete_marker_ms,PASS,3,3,0,0,3,1511.563542,1499.744342,1512.861242,1507.1795836666668,9.034519730190905,1496.789542,1513.185667,,,,,,,,,,,,,,,,,,,,,,,,,,,,,,,,,,,,,,,,,,,,,,,,,,,,,,,,,,,,,,,,,,,,,,,,,,,,,,,,,,,,,,,,,,,,,,,,,,,,,,,,,,,,,,,,
phase1,F_vos,paging,paging,hierarchical,2000,process:spawn_to_process_exit_ms,PASS,3,3,0,0,3,1553.472625,1542.8167250000001,1555.1277922,1549.7223196666666,8.35180492706884,1540.15275,1555.541584,,,,,,,,,,,,,,,,,,,,,,,,,,,,,,,,,,,,,,,,,,,,,,,,,,,,,,,,,,,,,,,,,,,,,,,,,,,,,,,,,,,,,,,,,,,,,,,,,,,,,,,,,,,,,,,,
phase1,F_vos,steady_state_cold,startup,hierarchical,2000,process:spawn_to_ui_ready_ms,PASS,3,3,0,0,3,428.286291,405.9033246,486.38615820000007,443.168333,51.926626563871494,400.307583,500.911125,,,,,,,,,,,,,,,,,,,,,,,,,,,,,,,,,,,,,,,,,,,,,,,,,,,,,,,,,,,,,,,,,,,,,,,,,,,,,,,,,,,,,,,,,,,,,,,,,,,,,,,,,,,,,,,,
phase1,F_vos,steady_state_cold,startup,hierarchical,2000,process:spawn_to_library_ready_ms,PASS,3,3,0,0,3,468.353541,448.1896746,529.7352082,485.5276246666667,53.09181470025276,443.148708,545.080625,,,,,,,,,,,,,,,,,,,,,,,,,,,,,,,,,,,,,,,,,,,,,,,,,,,,,,,,,,,,,,,,,,,,,,,,,,,,,,,,,,,,,,,,,,,,,,,,,,,,,,,,,,,,,,,,
phase1,F_vos,steady_state_cold,startup,hierarchical,2000,process:complete_marker_ms,PASS,3,3,0,0,3,474.041416,453.45634960000007,535.2346504,490.961486,53.17043982356661,448.310083,550.532959,,,,,,,,,,,,,,,,,,,,,,,,,,,,,,,,,,,,,,,,,,,,,,,,,,,,,,,,,,,,,,,,,,,,,,,,,,,,,,,,,,,,,,,,,,,,,,,,,,,,,,,,,,,,,,,,
phase1,F_vos,steady_state_cold,startup,hierarchical,2000,process:spawn_to_process_exit_ms,PASS,3,3,0,0,3,514.257916,492.608616,574.1792832,530.2046106666667,52.81906069964527,487.196291,589.159625,,,,,,,,,,,,,,,,,,,,,,,,,,,,,,,,,,,,,,,,,,,,,,,,,,,,,,,,,,,,,,,,,,,,,,,,,,,,,,,,,,,,,,,,,,,,,,,,,,,,,,,,,,,,,,,,
phase1,F_vos,warm,synthetic,flat,2000,process:spawn_to_ui_ready_ms,PASS,1,1,0,0,1,539.655583,539.655583,539.655583,539.655583,0.0,539.655583,539.655583,,,,,,,,,,,,,,,,,,,,,,,,,,,,,,,,,,,,,,,,,,,,,,,,,,,,,,,,,,,,,,,,,,,,,,,,,,,,,,,,,,,,,,,,,,,,,,,,,,,,,,,,,,,,,,,,
phase1,F_vos,warm,synthetic,flat,2000,process:spawn_to_library_ready_ms,PASS,1,1,0,0,1,3501.435625,3501.435625,3501.435625,3501.435625,0.0,3501.435625,3501.435625,,,,,,,,,,,,,,,,,,,,,,,,,,,,,,,,,,,,,,,,,,,,,,,,,,,,,,,,,,,,,,,,,,,,,,,,,,,,,,,,,,,,,,,,,,,,,,,,,,,,,,,,,,,,,,,,
phase1,F_vos,warm,synthetic,flat,2000,process:complete_marker_ms,PASS,1,1,0,0,1,16184.436375,16184.436375,16184.436375,16184.436375,0.0,16184.436375,16184.436375,,,,,,,,,,,,,,,,,,,,,,,,,,,,,,,,,,,,,,,,,,,,,,,,,,,,,,,,,,,,,,,,,,,,,,,,,,,,,,,,,,,,,,,,,,,,,,,,,,,,,,,,,,,,,,,,
phase1,F_vos,warm,synthetic,flat,2000,process:spawn_to_process_exit_ms,PASS,1,1,0,0,1,16316.642125,16316.642125,16316.642125,16316.642125,0.0,16316.642125,16316.642125,,,,,,,,,,,,,,,,,,,,,,,,,,,,,,,,,,,,,,,,,,,,,,,,,,,,,,,,,,,,,,,,,,,,,,,,,,,,,,,,,,,,,,,,,,,,,,,,,,,,,,,,,,,,,,,,
phase1,F_vos,warm,synthetic,flat,50,process:spawn_to_ui_ready_ms,PASS,1,1,0,0,1,389.743042,389.743042,389.743042,389.743042,0.0,389.743042,389.743042,,,,,,,,,,,,,,,,,,,,,,,,,,,,,,,,,,,,,,,,,,,,,,,,,,,,,,,,,,,,,,,,,,,,,,,,,,,,,,,,,,,,,,,,,,,,,,,,,,,,,,,,,,,,,,,,
phase1,F_vos,warm,synthetic,flat,50,process:spawn_to_library_ready_ms,PASS,1,1,0,0,1,1738.83625,1738.83625,1738.83625,1738.83625,0.0,1738.83625,1738.83625,,,,,,,,,,,,,,,,,,,,,,,,,,,,,,,,,,,,,,,,,,,,,,,,,,,,,,,,,,,,,,,,,,,,,,,,,,,,,,,,,,,,,,,,,,,,,,,,,,,,,,,,,,,,,,,,
phase1,F_vos,warm,synthetic,flat,50,process:complete_marker_ms,PASS,1,1,0,0,1,9651.674167,9651.674167,9651.674167,9651.674167,0.0,9651.674167,9651.674167,,,,,,,,,,,,,,,,,,,,,,,,,,,,,,,,,,,,,,,,,,,,,,,,,,,,,,,,,,,,,,,,,,,,,,,,,,,,,,,,,,,,,,,,,,,,,,,,,,,,,,,,,,,,,,,,
phase1,F_vos,warm,synthetic,flat,50,process:spawn_to_process_exit_ms,PASS,1,1,0,0,1,9698.407583,9698.407583,9698.407583,9698.407583,0.0,9698.407583,9698.407583,,,,,,,,,,,,,,,,,,,,,,,,,,,,,,,,,,,,,,,,,,,,,,,,,,,,,,,,,,,,,,,,,,,,,,,,,,,,,,,,,,,,,,,,,,,,,,,,,,,,,,,,,,,,,,,,
phase1,F_vos,warm,synthetic,hierarchical,2000,process:spawn_to_ui_ready_ms,PASS,1,1,0,0,1,443.384166,443.384166,443.384166,443.384166,0.0,443.384166,443.384166,,,,,,,,,,,,,,,,,,,,,,,,,,,,,,,,,,,,,,,,,,,,,,,,,,,,,,,,,,,,,,,,,,,,,,,,,,,,,,,,,,,,,,,,,,,,,,,,,,,,,,,,,,,,,,,,
phase1,F_vos,warm,synthetic,hierarchical,2000,process:spawn_to_library_ready_ms,PASS,1,1,0,0,1,1137.224083,1137.224083,1137.224083,1137.224083,0.0,1137.224083,1137.224083,,,,,,,,,,,,,,,,,,,,,,,,,,,,,,,,,,,,,,,,,,,,,,,,,,,,,,,,,,,,,,,,,,,,,,,,,,,,,,,,,,,,,,,,,,,,,,,,,,,,,,,,,,,,,,,,
phase1,F_vos,warm,synthetic,hierarchical,2000,process:complete_marker_ms,PASS,1,1,0,0,1,7010.698208,7010.698208,7010.698208,7010.698208,0.0,7010.698208,7010.698208,,,,,,,,,,,,,,,,,,,,,,,,,,,,,,,,,,,,,,,,,,,,,,,,,,,,,,,,,,,,,,,,,,,,,,,,,,,,,,,,,,,,,,,,,,,,,,,,,,,,,,,,,,,,,,,,
phase1,F_vos,warm,synthetic,hierarchical,2000,process:spawn_to_process_exit_ms,PASS,1,1,0,0,1,7062.139916,7062.139916,7062.139916,7062.139916,0.0,7062.139916,7062.139916,,,,,,,,,,,,,,,,,,,,,,,,,,,,,,,,,,,,,,,,,,,,,,,,,,,,,,,,,,,,,,,,,,,,,,,,,,,,,,,,,,,,,,,,,,,,,,,,,,,,,,,,,,,,,,,,
phase1,F_vos,warm,synthetic,hierarchical,50,process:spawn_to_ui_ready_ms,PASS,1,1,0,0,1,611.071125,611.071125,611.071125,611.071125,0.0,611.071125,611.071125,,,,,,,,,,,,,,,,,,,,,,,,,,,,,,,,,,,,,,,,,,,,,,,,,,,,,,,,,,,,,,,,,,,,,,,,,,,,,,,,,,,,,,,,,,,,,,,,,,,,,,,,,,,,,,,,
phase1,F_vos,warm,synthetic,hierarchical,50,process:spawn_to_library_ready_ms,PASS,1,1,0,0,1,1242.173542,1242.173542,1242.173542,1242.173542,0.0,1242.173542,1242.173542,,,,,,,,,,,,,,,,,,,,,,,,,,,,,,,,,,,,,,,,,,,,,,,,,,,,,,,,,,,,,,,,,,,,,,,,,,,,,,,,,,,,,,,,,,,,,,,,,,,,,,,,,,,,,,,,
phase1,F_vos,warm,synthetic,hierarchical,50,process:complete_marker_ms,PASS,1,1,0,0,1,5607.527,5607.527,5607.527,5607.527,0.0,5607.527,5607.527,,,,,,,,,,,,,,,,,,,,,,,,,,,,,,,,,,,,,,,,,,,,,,,,,,,,,,,,,,,,,,,,,,,,,,,,,,,,,,,,,,,,,,,,,,,,,,,,,,,,,,,,,,,,,,,,
phase1,F_vos,warm,synthetic,hierarchical,50,process:spawn_to_process_exit_ms,PASS,1,1,0,0,1,5655.293875,5655.293875,5655.293875,5655.293875,0.0,5655.293875,5655.293875,,,,,,,,,,,,,,,,,,,,,,,,,,,,,,,,,,,,,,,,,,,,,,,,,,,,,,,,,,,,,,,,,,,,,,,,,,,,,,,,,,,,,,,,,,,,,,,,,,,,,,,,,,,,,,,,
phase1,G_simpleui_bookshelf,paging,paging,flat,2000,process:spawn_to_ui_ready_ms,PASS,3,3,0,0,3,530.361375,506.9198086,677.530975,581.9147223333333,115.6014258623566,501.059417,714.323375,,,,,,,,,,,,,,,,,,,,,,,,,,,,,,,,,,,,,,,,,,,,,,,,,,,,,,,,,,,,,,,,,,,,,,,,,,,,,,,,,,,,,,,,,,,,,,,,,,,,,,,,,,,,,,,,
phase1,G_simpleui_bookshelf,paging,paging,flat,2000,process:spawn_to_library_ready_ms,PASS,3,3,0,0,3,562.148875,534.7354086,712.8996749999999,613.5394306666666,119.91729752398857,527.882042,750.587375,,,,,,,,,,,,,,,,,,,,,,,,,,,,,,,,,,,,,,,,,,,,,,,,,,,,,,,,,,,,,,,,,,,,,,,,,,,,,,,,,,,,,,,,,,,,,,,,,,,,,,,,,,,,,,,,
phase1,G_simpleui_bookshelf,paging,paging,flat,2000,process:complete_marker_ms,PASS,3,3,0,0,3,14908.434375,14801.379475000002,15099.188975,14943.30925,188.5654225310881,14774.61575,15146.877625,,,,,,,,,,,,,,,,,,,,,,,,,,,,,,,,,,,,,,,,,,,,,,,,,,,,,,,,,,,,,,,,,,,,,,,,,,,,,,,,,,,,,,,,,,,,,,,,,,,,,,,,,,,,,,,,
phase1,G_simpleui_bookshelf,paging,paging,flat,2000,process:spawn_to_process_exit_ms,PASS,3,3,0,0,3,14962.424292,14857.5509584,15149.4116584,14996.638472333332,184.80378072239313,14831.332625,15196.1585,,,,,,,,,,,,,,,,,,,,,,,,,,,,,,,,,,,,,,,,,,,,,,,,,,,,,,,,,,,,,,,,,,,,,,,,,,,,,,,,,,,,,,,,,,,,,,,,,,,,,,,,,,,,,,,,
phase1,G_simpleui_bookshelf,paging,paging,hierarchical,2000,process:spawn_to_ui_ready_ms,PASS,3,3,0,0,3,729.701708,706.5948080000001,737.6987752,723.4059443333334,20.190103592362036,700.818083,739.698042,,,,,,,,,,,,,,,,,,,,,,,,,,,,,,,,,,,,,,,,,,,,,,,,,,,,,,,,,,,,,,,,,,,,,,,,,,,,,,,,,,,,,,,,,,,,,,,,,,,,,,,,,,,,,,,,
phase1,G_simpleui_bookshelf,paging,paging,hierarchical,2000,process:spawn_to_library_ready_ms,PASS,3,3,0,0,3,761.59175,741.9702500000001,772.7814500000001,758.0785000000001,19.495877594298626,737.064875,775.578875,,,,,,,,,,,,,,,,,,,,,,,,,,,,,,,,,,,,,,,,,,,,,,,,,,,,,,,,,,,,,,,,,,,,,,,,,,,,,,,,,,,,,,,,,,,,,,,,,,,,,,,,,,,,,,,,
phase1,G_simpleui_bookshelf,paging,paging,hierarchical,2000,process:complete_marker_ms,PASS,3,3,0,0,3,12364.611417,12329.455483400001,12534.5456834,12420.769055666666,137.09750246577266,12320.6665,12577.02925,,,,,,,,,,,,,,,,,,,,,,,,,,,,,,,,,,,,,,,,,,,,,,,,,,,,,,,,,,,,,,,,,,,,,,,,,,,,,,,,,,,,,,,,,,,,,,,,,,,,,,,,,,,,,,,,
phase1,G_simpleui_bookshelf,paging,paging,hierarchical,2000,process:spawn_to_process_exit_ms,PASS,3,3,0,0,3,12414.967208,12385.078575200001,12580.0811416,12471.311083333334,131.28168500692036,12377.606417,12621.359625,,,,,,,,,,,,,,,,,,,,,,,,,,,,,,,,,,,,,,,,,,,,,,,,,,,,,,,,,,,,,,,,,,,,,,,,,,,,,,,,,,,,,,,,,,,,,,,,,,,,,,,,,,,,,,,,
phase1,G_simpleui_bookshelf,steady_state_cold,startup,hierarchical,2000,process:spawn_to_ui_ready_ms,PASS,3,3,0,0,3,530.796958,480.053158,550.7263588,517.957625,45.548782131325055,467.367208,555.708709,,,,,,,,,,,,,,,,,,,,,,,,,,,,,,,,,,,,,,,,,,,,,,,,,,,,,,,,,,,,,,,,,,,,,,,,,,,,,,,,,,,,,,,,,,,,,,,,,,,,,,,,,,,,,,,,
phase1,G_simpleui_bookshelf,steady_state_cold,startup,hierarchical,2000,process:spawn_to_library_ready_ms,PASS,3,3,0,0,3,574.282042,523.0382748,593.3424084,560.8722916666667,45.448839269982706,510.227333,598.1075,,,,,,,,,,,,,,,,,,,,,,,,,,,,,,,,,,,,,,,,,,,,,,,,,,,,,,,,,,,,,,,,,,,,,,,,,,,,,,,,,,,,,,,,,,,,,,,,,,,,,,,,,,,,,,,,
phase1,G_simpleui_bookshelf,steady_state_cold,startup,hierarchical,2000,process:complete_marker_ms,PASS,3,3,0,0,3,581.49675,530.3238163999999,602.31285,568.8480693333333,46.307397129754534,517.530583,607.516875,,,,,,,,,,,,,,,,,,,,,,,,,,,,,,,,,,,,,,,,,,,,,,,,,,,,,,,,,,,,,,,,,,,,,,,,,,,,,,,,,,,,,,,,,,,,,,,,,,,,,,,,,,,,,,,,
phase1,G_simpleui_bookshelf,steady_state_cold,startup,hierarchical,2000,process:spawn_to_process_exit_ms,PASS,3,3,0,0,3,622.957792,572.2127248,643.9091584,610.54375,46.08190226300086,559.526458,649.147,,,,,,,,,,,,,,,,,,,,,,,,,,,,,,,,,,,,,,,,,,,,,,,,,,,,,,,,,,,,,,,,,,,,,,,,,,,,,,,,,,,,,,,,,,,,,,,,,,,,,,,,,,,,,,,,
phase1,G_simpleui_bookshelf,warm,synthetic,flat,2000,process:spawn_to_ui_ready_ms,PASS,1,1,0,0,1,730.808125,730.808125,730.808125,730.808125,0.0,730.808125,730.808125,,,,,,,,,,,,,,,,,,,,,,,,,,,,,,,,,,,,,,,,,,,,,,,,,,,,,,,,,,,,,,,,,,,,,,,,,,,,,,,,,,,,,,,,,,,,,,,,,,,,,,,,,,,,,,,,
phase1,G_simpleui_bookshelf,warm,synthetic,flat,2000,process:spawn_to_library_ready_ms,PASS,1,1,0,0,1,2237.851792,2237.851792,2237.851792,2237.851792,0.0,2237.851792,2237.851792,,,,,,,,,,,,,,,,,,,,,,,,,,,,,,,,,,,,,,,,,,,,,,,,,,,,,,,,,,,,,,,,,,,,,,,,,,,,,,,,,,,,,,,,,,,,,,,,,,,,,,,,,,,,,,,,
phase1,G_simpleui_bookshelf,warm,synthetic,flat,2000,process:complete_marker_ms,PASS,1,1,0,0,1,34964.940625,34964.940625,34964.940625,34964.940625,0.0,34964.940625,34964.940625,,,,,,,,,,,,,,,,,,,,,,,,,,,,,,,,,,,,,,,,,,,,,,,,,,,,,,,,,,,,,,,,,,,,,,,,,,,,,,,,,,,,,,,,,,,,,,,,,,,,,,,,,,,,,,,,
phase1,G_simpleui_bookshelf,warm,synthetic,flat,2000,process:spawn_to_process_exit_ms,PASS,1,1,0,0,1,35360.4365,35360.4365,35360.4365,35360.4365,0.0,35360.4365,35360.4365,,,,,,,,,,,,,,,,,,,,,,,,,,,,,,,,,,,,,,,,,,,,,,,,,,,,,,,,,,,,,,,,,,,,,,,,,,,,,,,,,,,,,,,,,,,,,,,,,,,,,,,,,,,,,,,,
phase1,G_simpleui_bookshelf,warm,synthetic,flat,50,process:spawn_to_ui_ready_ms,PASS,1,1,0,0,1,607.600375,607.600375,607.600375,607.600375,0.0,607.600375,607.600375,,,,,,,,,,,,,,,,,,,,,,,,,,,,,,,,,,,,,,,,,,,,,,,,,,,,,,,,,,,,,,,,,,,,,,,,,,,,,,,,,,,,,,,,,,,,,,,,,,,,,,,,,,,,,,,,
phase1,G_simpleui_bookshelf,warm,synthetic,flat,50,process:spawn_to_library_ready_ms,PASS,1,1,0,0,1,1543.322042,1543.322042,1543.322042,1543.322042,0.0,1543.322042,1543.322042,,,,,,,,,,,,,,,,,,,,,,,,,,,,,,,,,,,,,,,,,,,,,,,,,,,,,,,,,,,,,,,,,,,,,,,,,,,,,,,,,,,,,,,,,,,,,,,,,,,,,,,,,,,,,,,,
phase1,G_simpleui_bookshelf,warm,synthetic,flat,50,process:complete_marker_ms,PASS,1,1,0,0,1,19020.404292,19020.404292,19020.404292,19020.404292,0.0,19020.404292,19020.404292,,,,,,,,,,,,,,,,,,,,,,,,,,,,,,,,,,,,,,,,,,,,,,,,,,,,,,,,,,,,,,,,,,,,,,,,,,,,,,,,,,,,,,,,,,,,,,,,,,,,,,,,,,,,,,,,
phase1,G_simpleui_bookshelf,warm,synthetic,flat,50,process:spawn_to_process_exit_ms,PASS,1,1,0,0,1,19092.44125,19092.44125,19092.44125,19092.44125,0.0,19092.44125,19092.44125,,,,,,,,,,,,,,,,,,,,,,,,,,,,,,,,,,,,,,,,,,,,,,,,,,,,,,,,,,,,,,,,,,,,,,,,,,,,,,,,,,,,,,,,,,,,,,,,,,,,,,,,,,,,,,,,
phase1,G_simpleui_bookshelf,warm,synthetic,hierarchical,2000,process:spawn_to_ui_ready_ms,PASS,1,1,0,0,1,663.083833,663.083833,663.083833,663.083833,0.0,663.083833,663.083833,,,,,,,,,,,,,,,,,,,,,,,,,,,,,,,,,,,,,,,,,,,,,,,,,,,,,,,,,,,,,,,,,,,,,,,,,,,,,,,,,,,,,,,,,,,,,,,,,,,,,,,,,,,,,,,,
phase1,G_simpleui_bookshelf,warm,synthetic,hierarchical,2000,process:spawn_to_library_ready_ms,PASS,1,1,0,0,1,1523.999833,1523.999833,1523.999833,1523.999833,0.0,1523.999833,1523.999833,,,,,,,,,,,,,,,,,,,,,,,,,,,,,,,,,,,,,,,,,,,,,,,,,,,,,,,,,,,,,,,,,,,,,,,,,,,,,,,,,,,,,,,,,,,,,,,,,,,,,,,,,,,,,,,,
phase1,G_simpleui_bookshelf,warm,synthetic,hierarchical,2000,process:complete_marker_ms,PASS,1,1,0,0,1,12211.418041,12211.418041,12211.418041,12211.418041,0.0,12211.418041,12211.418041,,,,,,,,,,,,,,,,,,,,,,,,,,,,,,,,,,,,,,,,,,,,,,,,,,,,,,,,,,,,,,,,,,,,,,,,,,,,,,,,,,,,,,,,,,,,,,,,,,,,,,,,,,,,,,,,
phase1,G_simpleui_bookshelf,warm,synthetic,hierarchical,2000,process:spawn_to_process_exit_ms,PASS,1,1,0,0,1,12275.096291,12275.096291,12275.096291,12275.096291,0.0,12275.096291,12275.096291,,,,,,,,,,,,,,,,,,,,,,,,,,,,,,,,,,,,,,,,,,,,,,,,,,,,,,,,,,,,,,,,,,,,,,,,,,,,,,,,,,,,,,,,,,,,,,,,,,,,,,,,,,,,,,,,
phase1,G_simpleui_bookshelf,warm,synthetic,hierarchical,50,process:spawn_to_ui_ready_ms,PASS,1,1,0,0,1,704.826375,704.826375,704.826375,704.826375,0.0,704.826375,704.826375,,,,,,,,,,,,,,,,,,,,,,,,,,,,,,,,,,,,,,,,,,,,,,,,,,,,,,,,,,,,,,,,,,,,,,,,,,,,,,,,,,,,,,,,,,,,,,,,,,,,,,,,,,,,,,,,
phase1,G_simpleui_bookshelf,warm,synthetic,hierarchical,50,process:spawn_to_library_ready_ms,PASS,1,1,0,0,1,1567.835791,1567.835791,1567.835791,1567.835791,0.0,1567.835791,1567.835791,,,,,,,,,,,,,,,,,,,,,,,,,,,,,,,,,,,,,,,,,,,,,,,,,,,,,,,,,,,,,,,,,,,,,,,,,,,,,,,,,,,,,,,,,,,,,,,,,,,,,,,,,,,,,,,,
phase1,G_simpleui_bookshelf,warm,synthetic,hierarchical,50,process:complete_marker_ms,PASS,1,1,0,0,1,11723.973666,11723.973666,11723.973666,11723.973666,0.0,11723.973666,11723.973666,,,,,,,,,,,,,,,,,,,,,,,,,,,,,,,,,,,,,,,,,,,,,,,,,,,,,,,,,,,,,,,,,,,,,,,,,,,,,,,,,,,,,,,,,,,,,,,,,,,,,,,,,,,,,,,,
phase1,G_simpleui_bookshelf,warm,synthetic,hierarchical,50,process:spawn_to_process_exit_ms,PASS,1,1,0,0,1,11788.365625,11788.365625,11788.365625,11788.365625,0.0,11788.365625,11788.365625,,,,,,,,,,,,,,,,,,,,,,,,,,,,,,,,,,,,,,,,,,,,,,,,,,,,,,,,,,,,,,,,,,,,,,,,,,,,,,,,,,,,,,,,,,,,,,,,,,,,,,,,,,,,,,,,
phase1,H_zenos_bookshelf,paging,paging,flat,2000,process:spawn_to_ui_ready_ms,PASS,3,3,0,0,3,646.39525,646.2262836,883.3981164,745.0760416666667,171.10308898041106,646.184042,942.648833,,,,,,,,,,,,,,,,,,,,,,,,,,,,,,,,,,,,,,,,,,,,,,,,,,,,,,,,,,,,,,,,,,,,,,,,,,,,,,,,,,,,,,,,,,,,,,,,,,,,,,,,,,,,,,,,
phase1,H_zenos_bookshelf,paging,paging,flat,2000,process:spawn_to_library_ready_ms,PASS,3,3,0,0,3,755.104125,754.082825,980.9035914,848.7616943333333,163.32650561077207,753.8275,1037.353458,,,,,,,,,,,,,,,,,,,,,,,,,,,,,,,,,,,,,,,,,,,,,,,,,,,,,,,,,,,,,,,,,,,,,,,,,,,,,,,,,,,,,,,,,,,,,,,,,,,,,,,,,,,,,,,,
phase1,H_zenos_bookshelf,paging,paging,flat,2000,process:complete_marker_ms,PASS,3,3,0,0,3,13588.729791,13069.832158199999,13841.4079254,13477.805,491.7099621102178,12940.10775,13904.577459,,,,,,,,,,,,,,,,,,,,,,,,,,,,,,,,,,,,,,,,,,,,,,,,,,,,,,,,,,,,,,,,,,,,,,,,,,,,,,,,,,,,,,,,,,,,,,,,,,,,,,,,,,,,,,,,
phase1,H_zenos_bookshelf,paging,paging,flat,2000,process:spawn_to_process_exit_ms,PASS,3,3,0,0,3,13700.848125,13145.254191400001,13952.362558600002,13574.148333333333,516.238409314624,13006.355708,14015.241167,,,,,,,,,,,,,,,,,,,,,,,,,,,,,,,,,,,,,,,,,,,,,,,,,,,,,,,,,,,,,,,,,,,,,,,,,,,,,,,,,,,,,,,,,,,,,,,,,,,,,,,,,,,,,,,,
phase1,H_zenos_bookshelf,paging,paging,hierarchical,2000,process:spawn_to_ui_ready_ms,PASS,3,3,0,0,3,487.101083,484.2677502,595.5347166,531.1012083333334,79.29740052340368,483.559417,622.643125,,,,,,,,,,,,,,,,,,,,,,,,,,,,,,,,,,,,,,,,,,,,,,,,,,,,,,,,,,,,,,,,,,,,,,,,,,,,,,,,,,,,,,,,,,,,,,,,,,,,,,,,,,,,,,,,
phase1,H_zenos_bookshelf,paging,paging,hierarchical,2000,process:spawn_to_library_ready_ms,PASS,3,3,0,0,3,518.444791,515.4873918000001,629.0182918,563.2848333333333,80.88783151686967,514.748042,656.661667,,,,,,,,,,,,,,,,,,,,,,,,,,,,,,,,,,,,,,,,,,,,,,,,,,,,,,,,,,,,,,,,,,,,,,,,,,,,,,,,,,,,,,,,,,,,,,,,,,,,,,,,,,,,,,,,
phase1,H_zenos_bookshelf,paging,paging,hierarchical,2000,process:complete_marker_ms,PASS,3,3,0,0,3,11779.399041,11523.8824082,11843.2197418,11699.525736000001,211.23284207861036,11460.00325,11859.174917,,,,,,,,,,,,,,,,,,,,,,,,,,,,,,,,,,,,,,,,,,,,,,,,,,,,,,,,,,,,,,,,,,,,,,,,,,,,,,,,,,,,,,,,,,,,,,,,,,,,,,,,,,,,,,,,
phase1,H_zenos_bookshelf,paging,paging,hierarchical,2000,process:spawn_to_process_exit_ms,PASS,3,3,0,0,3,11822.761291,11567.615991800001,11887.0639582,11743.243527666666,211.19757729112916,11503.829667,11903.139625,,,,,,,,,,,,,,,,,,,,,,,,,,,,,,,,,,,,,,,,,,,,,,,,,,,,,,,,,,,,,,,,,,,,,,,,,,,,,,,,,,,,,,,,,,,,,,,,,,,,,,,,,,,,,,,,
phase1,H_zenos_bookshelf,steady_state_cold,startup,hierarchical,2000,process:spawn_to_ui_ready_ms,PASS,3,3,0,0,3,590.151791,568.8231910000001,593.5346582,582.6744023333333,16.74727573951014,563.491041,594.380375,,,,,,,,,,,,,,,,,,,,,,,,,,,,,,,,,,,,,,,,,,,,,,,,,,,,,,,,,,,,,,,,,,,,,,,,,,,,,,,,,,,,,,,,,,,,,,,,,,,,,,,,,,,,,,,,
phase1,H_zenos_bookshelf,steady_state_cold,startup,hierarchical,2000,process:spawn_to_library_ready_ms,PASS,3,3,0,0,3,660.373042,636.8666748,662.3202084000001,651.3900416666667,17.70874849015939,630.990083,662.807,,,,,,,,,,,,,,,,,,,,,,,,,,,,,,,,,,,,,,,,,,,,,,,,,,,,,,,,,,,,,,,,,,,,,,,,,,,,,,,,,,,,,,,,,,,,,,,,,,,,,,,,,,,,,,,,
phase1,H_zenos_bookshelf,steady_state_cold,startup,hierarchical,2000,process:complete_marker_ms,PASS,3,3,0,0,3,670.04875,646.7284164,672.6343499999999,661.4092776666666,17.83635597142245,640.898333,673.28075,,,,,,,,,,,,,,,,,,,,,,,,,,,,,,,,,,,,,,,,,,,,,,,,,,,,,,,,,,,,,,,,,,,,,,,,,,,,,,,,,,,,,,,,,,,,,,,,,,,,,,,,,,,,,,,,
phase1,H_zenos_bookshelf,steady_state_cold,startup,hierarchical,2000,process:spawn_to_process_exit_ms,PASS,3,3,0,0,3,713.412709,688.9681746,721.4429418,706.5734166666666,21.14330078563338,682.857041,723.4505,,,,,,,,,,,,,,,,,,,,,,,,,,,,,,,,,,,,,,,,,,,,,,,,,,,,,,,,,,,,,,,,,,,,,,,,,,,,,,,,,,,,,,,,,,,,,,,,,,,,,,,,,,,,,,,,
phase1,H_zenos_bookshelf,warm,synthetic,flat,2000,process:spawn_to_ui_ready_ms,PASS,1,1,0,0,1,739.886167,739.886167,739.886167,739.886167,0.0,739.886167,739.886167,,,,,,,,,,,,,,,,,,,,,,,,,,,,,,,,,,,,,,,,,,,,,,,,,,,,,,,,,,,,,,,,,,,,,,,,,,,,,,,,,,,,,,,,,,,,,,,,,,,,,,,,,,,,,,,,
phase1,H_zenos_bookshelf,warm,synthetic,flat,2000,process:spawn_to_library_ready_ms,PASS,1,1,0,0,1,3731.168084,3731.168084,3731.168084,3731.168084,0.0,3731.168084,3731.168084,,,,,,,,,,,,,,,,,,,,,,,,,,,,,,,,,,,,,,,,,,,,,,,,,,,,,,,,,,,,,,,,,,,,,,,,,,,,,,,,,,,,,,,,,,,,,,,,,,,,,,,,,,,,,,,,
phase1,H_zenos_bookshelf,warm,synthetic,flat,2000,process:complete_marker_ms,PASS,1,1,0,0,1,27995.393959,27995.393959,27995.393959,27995.393959,0.0,27995.393959,27995.393959,,,,,,,,,,,,,,,,,,,,,,,,,,,,,,,,,,,,,,,,,,,,,,,,,,,,,,,,,,,,,,,,,,,,,,,,,,,,,,,,,,,,,,,,,,,,,,,,,,,,,,,,,,,,,,,,
phase1,H_zenos_bookshelf,warm,synthetic,flat,2000,process:spawn_to_process_exit_ms,PASS,1,1,0,0,1,28058.462542,28058.462542,28058.462542,28058.462542,0.0,28058.462542,28058.462542,,,,,,,,,,,,,,,,,,,,,,,,,,,,,,,,,,,,,,,,,,,,,,,,,,,,,,,,,,,,,,,,,,,,,,,,,,,,,,,,,,,,,,,,,,,,,,,,,,,,,,,,,,,,,,,,
phase1,H_zenos_bookshelf,warm,synthetic,flat,50,process:spawn_to_ui_ready_ms,PASS,1,1,0,0,1,712.864375,712.864375,712.864375,712.864375,0.0,712.864375,712.864375,,,,,,,,,,,,,,,,,,,,,,,,,,,,,,,,,,,,,,,,,,,,,,,,,,,,,,,,,,,,,,,,,,,,,,,,,,,,,,,,,,,,,,,,,,,,,,,,,,,,,,,,,,,,,,,,
phase1,H_zenos_bookshelf,warm,synthetic,flat,50,process:spawn_to_library_ready_ms,PASS,1,1,0,0,1,2233.676292,2233.676292,2233.676292,2233.676292,0.0,2233.676292,2233.676292,,,,,,,,,,,,,,,,,,,,,,,,,,,,,,,,,,,,,,,,,,,,,,,,,,,,,,,,,,,,,,,,,,,,,,,,,,,,,,,,,,,,,,,,,,,,,,,,,,,,,,,,,,,,,,,,
phase1,H_zenos_bookshelf,warm,synthetic,flat,50,process:complete_marker_ms,PASS,1,1,0,0,1,18015.055,18015.055,18015.055,18015.055,0.0,18015.055,18015.055,,,,,,,,,,,,,,,,,,,,,,,,,,,,,,,,,,,,,,,,,,,,,,,,,,,,,,,,,,,,,,,,,,,,,,,,,,,,,,,,,,,,,,,,,,,,,,,,,,,,,,,,,,,,,,,,
phase1,H_zenos_bookshelf,warm,synthetic,flat,50,process:spawn_to_process_exit_ms,PASS,1,1,0,0,1,18068.898584,18068.898584,18068.898584,18068.898584,0.0,18068.898584,18068.898584,,,,,,,,,,,,,,,,,,,,,,,,,,,,,,,,,,,,,,,,,,,,,,,,,,,,,,,,,,,,,,,,,,,,,,,,,,,,,,,,,,,,,,,,,,,,,,,,,,,,,,,,,,,,,,,,
phase1,H_zenos_bookshelf,warm,synthetic,hierarchical,2000,process:spawn_to_ui_ready_ms,PASS,1,1,0,0,1,637.786583,637.786583,637.786583,637.786583,0.0,637.786583,637.786583,,,,,,,,,,,,,,,,,,,,,,,,,,,,,,,,,,,,,,,,,,,,,,,,,,,,,,,,,,,,,,,,,,,,,,,,,,,,,,,,,,,,,,,,,,,,,,,,,,,,,,,,,,,,,,,,
phase1,H_zenos_bookshelf,warm,synthetic,hierarchical,2000,process:spawn_to_library_ready_ms,PASS,1,1,0,0,1,1857.604916,1857.604916,1857.604916,1857.604916,0.0,1857.604916,1857.604916,,,,,,,,,,,,,,,,,,,,,,,,,,,,,,,,,,,,,,,,,,,,,,,,,,,,,,,,,,,,,,,,,,,,,,,,,,,,,,,,,,,,,,,,,,,,,,,,,,,,,,,,,,,,,,,,
phase1,H_zenos_bookshelf,warm,synthetic,hierarchical,2000,process:complete_marker_ms,PASS,1,1,0,0,1,9804.763708,9804.763708,9804.763708,9804.763708,0.0,9804.763708,9804.763708,,,,,,,,,,,,,,,,,,,,,,,,,,,,,,,,,,,,,,,,,,,,,,,,,,,,,,,,,,,,,,,,,,,,,,,,,,,,,,,,,,,,,,,,,,,,,,,,,,,,,,,,,,,,,,,,
phase1,H_zenos_bookshelf,warm,synthetic,hierarchical,2000,process:spawn_to_process_exit_ms,PASS,1,1,0,0,1,9863.441333,9863.441333,9863.441333,9863.441333,0.0,9863.441333,9863.441333,,,,,,,,,,,,,,,,,,,,,,,,,,,,,,,,,,,,,,,,,,,,,,,,,,,,,,,,,,,,,,,,,,,,,,,,,,,,,,,,,,,,,,,,,,,,,,,,,,,,,,,,,,,,,,,,
phase1,H_zenos_bookshelf,warm,synthetic,hierarchical,50,process:spawn_to_ui_ready_ms,PASS,1,1,0,0,1,754.562125,754.562125,754.562125,754.562125,0.0,754.562125,754.562125,,,,,,,,,,,,,,,,,,,,,,,,,,,,,,,,,,,,,,,,,,,,,,,,,,,,,,,,,,,,,,,,,,,,,,,,,,,,,,,,,,,,,,,,,,,,,,,,,,,,,,,,,,,,,,,,
phase1,H_zenos_bookshelf,warm,synthetic,hierarchical,50,process:spawn_to_library_ready_ms,PASS,1,1,0,0,1,1986.025125,1986.025125,1986.025125,1986.025125,0.0,1986.025125,1986.025125,,,,,,,,,,,,,,,,,,,,,,,,,,,,,,,,,,,,,,,,,,,,,,,,,,,,,,,,,,,,,,,,,,,,,,,,,,,,,,,,,,,,,,,,,,,,,,,,,,,,,,,,,,,,,,,,
phase1,H_zenos_bookshelf,warm,synthetic,hierarchical,50,process:complete_marker_ms,PASS,1,1,0,0,1,9733.459791,9733.459791,9733.459791,9733.459791,0.0,9733.459791,9733.459791,,,,,,,,,,,,,,,,,,,,,,,,,,,,,,,,,,,,,,,,,,,,,,,,,,,,,,,,,,,,,,,,,,,,,,,,,,,,,,,,,,,,,,,,,,,,,,,,,,,,,,,,,,,,,,,,
phase1,H_zenos_bookshelf,warm,synthetic,hierarchical,50,process:spawn_to_process_exit_ms,PASS,1,1,0,0,1,9789.02225,9789.02225,9789.02225,9789.02225,0.0,9789.02225,9789.02225,,,,,,,,,,,,,,,,,,,,,,,,,,,,,,,,,,,,,,,,,,,,,,,,,,,,,,,,,,,,,,,,,,,,,,,,,,,,,,,,,,,,,,,,,,,,,,,,,,,,,,,,,,,,,,,,
phase1,I_vos_bookshelf,paging,paging,flat,2000,process:spawn_to_ui_ready_ms,PASS,3,3,0,0,3,504.172875,458.52464139999995,504.5084422,485.29259733333333,33.065527477016374,447.112583,504.592334,,,,,,,,,,,,,,,,,,,,,,,,,,,,,,,,,,,,,,,,,,,,,,,,,,,,,,,,,,,,,,,,,,,,,,,,,,,,,,,,,,,,,,,,,,,,,,,,,,,,,,,,,,,,,,,,
phase1,I_vos_bookshelf,paging,paging,flat,2000,process:spawn_to_library_ready_ms,PASS,3,3,0,0,3,525.358042,477.2830084,526.2752748,505.7089583333333,35.03083589057606,465.26425,526.504583,,,,,,,,,,,,,,,,,,,,,,,,,,,,,,,,,,,,,,,,,,,,,,,,,,,,,,,,,,,,,,,,,,,,,,,,,,,,,,,,,,,,,,,,,,,,,,,,,,,,,,,,,,,,,,,,
phase1,I_vos_bookshelf,paging,paging,flat,2000,process:complete_marker_ms,PASS,3,3,0,0,3,14931.558417,14923.9320834,15026.0895834,14967.768764,71.1337816623485,14922.0255,15049.722375,,,,,,,,,,,,,,,,,,,,,,,,,,,,,,,,,,,,,,,,,,,,,,,,,,,,,,,,,,,,,,,,,,,,,,,,,,,,,,,,,,,,,,,,,,,,,,,,,,,,,,,,,,,,,,,,
phase1,I_vos_bookshelf,paging,paging,flat,2000,process:spawn_to_process_exit_ms,PASS,3,3,0,0,3,14976.492667,14966.646367000001,15070.8024334,15011.685778,71.87910827033117,14964.184792,15094.379875,,,,,,,,,,,,,,,,,,,,,,,,,,,,,,,,,,,,,,,,,,,,,,,,,,,,,,,,,,,,,,,,,,,,,,,,,,,,,,,,,,,,,,,,,,,,,,,,,,,,,,,,,,,,,,,,
phase1,I_vos_bookshelf,paging,paging,hierarchical,2000,process:spawn_to_ui_ready_ms,PASS,3,3,0,0,3,442.552125,378.6163922,445.405925,417.1013196666666,47.20512583273331,362.632459,446.119375,,,,,,,,,,,,,,,,,,,,,,,,,,,,,,,,,,,,,,,,,,,,,,,,,,,,,,,,,,,,,,,,,,,,,,,,,,,,,,,,,,,,,,,,,,,,,,,,,,,,,,,,,,,,,,,,
phase1,I_vos_bookshelf,paging,paging,hierarchical,2000,process:spawn_to_library_ready_ms,PASS,3,3,0,0,3,482.959625,417.160725,485.27485779999995,456.50809699999996,48.343364524492664,400.711,485.853666,,,,,,,,,,,,,,,,,,,,,,,,,,,,,,,,,,,,,,,,,,,,,,,,,,,,,,,,,,,,,,,,,,,,,,,,,,,,,,,,,,,,,,,,,,,,,,,,,,,,,,,,,,,,,,,,
phase1,I_vos_bookshelf,paging,paging,hierarchical,2000,process:complete_marker_ms,PASS,3,3,0,0,3,12387.490667,12221.035867,12459.4025334,12348.097778000001,152.8353422113461,12179.422167,12477.3805,,,,,,,,,,,,,,,,,,,,,,,,,,,,,,,,,,,,,,,,,,,,,,,,,,,,,,,,,,,,,,,,,,,,,,,,,,,,,,,,,,,,,,,,,,,,,,,,,,,,,,,,,,,,,,,,
phase1,I_vos_bookshelf,paging,paging,hierarchical,2000,process:spawn_to_process_exit_ms,PASS,3,3,0,0,3,12428.351792,12263.6088584,12501.0224248,12389.988333333333,152.05746631058682,12222.423125,12519.190083,,,,,,,,,,,,,,,,,,,,,,,,,,,,,,,,,,,,,,,,,,,,,,,,,,,,,,,,,,,,,,,,,,,,,,,,,,,,,,,,,,,,,,,,,,,,,,,,,,,,,,,,,,,,,,,,
phase1,I_vos_bookshelf,steady_state_cold,startup,hierarchical,2000,process:spawn_to_ui_ready_ms,PASS,3,3,0,0,3,514.252834,480.22586680000006,695.1701340000001,575.4571393333333,144.4186820085608,471.719125,740.399459,,,,,,,,,,,,,,,,,,,,,,,,,,,,,,,,,,,,,,,,,,,,,,,,,,,,,,,,,,,,,,,,,,,,,,,,,,,,,,,,,,,,,,,,,,,,,,,,,,,,,,,,,,,,,,,,
phase1,I_vos_bookshelf,steady_state_cold,startup,hierarchical,2000,process:spawn_to_library_ready_ms,PASS,3,3,0,0,3,555.980917,522.3718170000001,735.8685834,616.9303196666666,143.4961648268937,513.969542,780.8405,,,,,,,,,,,,,,,,,,,,,,,,,,,,,,,,,,,,,,,,,,,,,,,,,,,,,,,,,,,,,,,,,,,,,,,,,,,,,,,,,,,,,,,,,,,,,,,,,,,,,,,,,,,,,,,,
phase1,I_vos_bookshelf,steady_state_cold,startup,hierarchical,2000,process:complete_marker_ms,PASS,3,3,0,0,3,561.688417,528.3764834000001,741.1689506,622.5920003333333,143.07229830157715,520.0485,786.039084,,,,,,,,,,,,,,,,,,,,,,,,,,,,,,,,,,,,,,,,,,,,,,,,,,,,,,,,,,,,,,,,,,,,,,,,,,,,,,,,,,,,,,,,,,,,,,,,,,,,,,,,,,,,,,,,
phase1,I_vos_bookshelf,steady_state_cold,startup,hierarchical,2000,process:spawn_to_process_exit_ms,PASS,3,3,0,0,3,606.793209,586.2082418,781.1148754000001,670.850167,133.8535230909132,581.062,824.695292,,,,,,,,,,,,,,,,,,,,,,,,,,,,,,,,,,,,,,,,,,,,,,,,,,,,,,,,,,,,,,,,,,,,,,,,,,,,,,,,,,,,,,,,,,,,,,,,,,,,,,,,,,,,,,,,
phase1,I_vos_bookshelf,warm,synthetic,flat,2000,process:spawn_to_ui_ready_ms,PASS,1,1,0,0,1,646.495,646.495,646.495,646.495,0.0,646.495,646.495,,,,,,,,,,,,,,,,,,,,,,,,,,,,,,,,,,,,,,,,,,,,,,,,,,,,,,,,,,,,,,,,,,,,,,,,,,,,,,,,,,,,,,,,,,,,,,,,,,,,,,,,,,,,,,,,
phase1,I_vos_bookshelf,warm,synthetic,flat,2000,process:spawn_to_library_ready_ms,PASS,1,1,0,0,1,3932.0285,3932.0285,3932.0285,3932.0285,0.0,3932.0285,3932.0285,,,,,,,,,,,,,,,,,,,,,,,,,,,,,,,,,,,,,,,,,,,,,,,,,,,,,,,,,,,,,,,,,,,,,,,,,,,,,,,,,,,,,,,,,,,,,,,,,,,,,,,,,,,,,,,,
phase1,I_vos_bookshelf,warm,synthetic,flat,2000,process:complete_marker_ms,PASS,1,1,0,0,1,29992.306208,29992.306208,29992.306208,29992.306208,0.0,29992.306208,29992.306208,,,,,,,,,,,,,,,,,,,,,,,,,,,,,,,,,,,,,,,,,,,,,,,,,,,,,,,,,,,,,,,,,,,,,,,,,,,,,,,,,,,,,,,,,,,,,,,,,,,,,,,,,,,,,,,,
phase1,I_vos_bookshelf,warm,synthetic,flat,2000,process:spawn_to_process_exit_ms,PASS,1,1,0,0,1,30196.171208,30196.171208,30196.171208,30196.171208,0.0,30196.171208,30196.171208,,,,,,,,,,,,,,,,,,,,,,,,,,,,,,,,,,,,,,,,,,,,,,,,,,,,,,,,,,,,,,,,,,,,,,,,,,,,,,,,,,,,,,,,,,,,,,,,,,,,,,,,,,,,,,,,
phase1,I_vos_bookshelf,warm,synthetic,flat,50,process:spawn_to_ui_ready_ms,PASS,1,1,0,0,1,530.847125,530.847125,530.847125,530.847125,0.0,530.847125,530.847125,,,,,,,,,,,,,,,,,,,,,,,,,,,,,,,,,,,,,,,,,,,,,,,,,,,,,,,,,,,,,,,,,,,,,,,,,,,,,,,,,,,,,,,,,,,,,,,,,,,,,,,,,,,,,,,,
phase1,I_vos_bookshelf,warm,synthetic,flat,50,process:spawn_to_library_ready_ms,PASS,1,1,0,0,1,2000.435083,2000.435083,2000.435083,2000.435083,0.0,2000.435083,2000.435083,,,,,,,,,,,,,,,,,,,,,,,,,,,,,,,,,,,,,,,,,,,,,,,,,,,,,,,,,,,,,,,,,,,,,,,,,,,,,,,,,,,,,,,,,,,,,,,,,,,,,,,,,,,,,,,,
phase1,I_vos_bookshelf,warm,synthetic,flat,50,process:complete_marker_ms,PASS,1,1,0,0,1,17542.724166,17542.724166,17542.724166,17542.724166,0.0,17542.724166,17542.724166,,,,,,,,,,,,,,,,,,,,,,,,,,,,,,,,,,,,,,,,,,,,,,,,,,,,,,,,,,,,,,,,,,,,,,,,,,,,,,,,,,,,,,,,,,,,,,,,,,,,,,,,,,,,,,,,
phase1,I_vos_bookshelf,warm,synthetic,flat,50,process:spawn_to_process_exit_ms,PASS,1,1,0,0,1,17609.905,17609.905,17609.905,17609.905,0.0,17609.905,17609.905,,,,,,,,,,,,,,,,,,,,,,,,,,,,,,,,,,,,,,,,,,,,,,,,,,,,,,,,,,,,,,,,,,,,,,,,,,,,,,,,,,,,,,,,,,,,,,,,,,,,,,,,,,,,,,,,
phase1,I_vos_bookshelf,warm,synthetic,hierarchical,2000,process:spawn_to_ui_ready_ms,PASS,1,1,0,0,1,547.150125,547.150125,547.150125,547.150125,0.0,547.150125,547.150125,,,,,,,,,,,,,,,,,,,,,,,,,,,,,,,,,,,,,,,,,,,,,,,,,,,,,,,,,,,,,,,,,,,,,,,,,,,,,,,,,,,,,,,,,,,,,,,,,,,,,,,,,,,,,,,,
phase1,I_vos_bookshelf,warm,synthetic,hierarchical,2000,process:spawn_to_library_ready_ms,PASS,1,1,0,0,1,1224.900334,1224.900334,1224.900334,1224.900334,0.0,1224.900334,1224.900334,,,,,,,,,,,,,,,,,,,,,,,,,,,,,,,,,,,,,,,,,,,,,,,,,,,,,,,,,,,,,,,,,,,,,,,,,,,,,,,,,,,,,,,,,,,,,,,,,,,,,,,,,,,,,,,,
phase1,I_vos_bookshelf,warm,synthetic,hierarchical,2000,process:complete_marker_ms,PASS,1,1,0,0,1,7652.547,7652.547,7652.547,7652.547,0.0,7652.547,7652.547,,,,,,,,,,,,,,,,,,,,,,,,,,,,,,,,,,,,,,,,,,,,,,,,,,,,,,,,,,,,,,,,,,,,,,,,,,,,,,,,,,,,,,,,,,,,,,,,,,,,,,,,,,,,,,,,
phase1,I_vos_bookshelf,warm,synthetic,hierarchical,2000,process:spawn_to_process_exit_ms,PASS,1,1,0,0,1,7707.213792,7707.213792,7707.213792,7707.213792,0.0,7707.213792,7707.213792,,,,,,,,,,,,,,,,,,,,,,,,,,,,,,,,,,,,,,,,,,,,,,,,,,,,,,,,,,,,,,,,,,,,,,,,,,,,,,,,,,,,,,,,,,,,,,,,,,,,,,,,,,,,,,,,
phase1,I_vos_bookshelf,warm,synthetic,hierarchical,50,process:spawn_to_ui_ready_ms,PASS,1,1,0,0,1,566.630833,566.630833,566.630833,566.630833,0.0,566.630833,566.630833,,,,,,,,,,,,,,,,,,,,,,,,,,,,,,,,,,,,,,,,,,,,,,,,,,,,,,,,,,,,,,,,,,,,,,,,,,,,,,,,,,,,,,,,,,,,,,,,,,,,,,,,,,,,,,,,
phase1,I_vos_bookshelf,warm,synthetic,hierarchical,50,process:spawn_to_library_ready_ms,PASS,1,1,0,0,1,1247.702333,1247.702333,1247.702333,1247.702333,0.0,1247.702333,1247.702333,,,,,,,,,,,,,,,,,,,,,,,,,,,,,,,,,,,,,,,,,,,,,,,,,,,,,,,,,,,,,,,,,,,,,,,,,,,,,,,,,,,,,,,,,,,,,,,,,,,,,,,,,,,,,,,,
phase1,I_vos_bookshelf,warm,synthetic,hierarchical,50,process:complete_marker_ms,PASS,1,1,0,0,1,6555.65125,6555.65125,6555.65125,6555.65125,0.0,6555.65125,6555.65125,,,,,,,,,,,,,,,,,,,,,,,,,,,,,,,,,,,,,,,,,,,,,,,,,,,,,,,,,,,,,,,,,,,,,,,,,,,,,,,,,,,,,,,,,,,,,,,,,,,,,,,,,,,,,,,,
phase1,I_vos_bookshelf,warm,synthetic,hierarchical,50,process:spawn_to_process_exit_ms,PASS,1,1,0,0,1,6599.498541,6599.498541,6599.498541,6599.498541,0.0,6599.498541,6599.498541,,,,,,,,,,,,,,,,,,,,,,,,,,,,,,,,,,,,,,,,,,,,,,,,,,,,,,,,,,,,,,,,,,,,,,,,,,,,,,,,,,,,,,,,,,,,,,,,,,,,,,,,,,,,,,,,
phase1,J_simpleui_vos,paging,paging,flat,2000,process:spawn_to_ui_ready_ms,PASS,3,3,0,0,3,495.752709,486.68864179999997,561.4490417999999,519.3494863333333,50.99857755812101,484.422625,577.873125,,,,,,,,,,,,,,,,,,,,,,,,,,,,,,,,,,,,,,,,,,,,,,,,,,,,,,,,,,,,,,,,,,,,,,,,,,,,,,,,,,,,,,,,,,,,,,,,,,,,,,,,,,,,,,,,
phase1,J_simpleui_vos,paging,paging,flat,2000,process:spawn_to_library_ready_ms,PASS,3,3,0,0,3,525.154292,514.6042248,591.2253584,548.2880416666667,51.91009818493382,511.966708,607.743125,,,,,,,,,,,,,,,,,,,,,,,,,,,,,,,,,,,,,,,,,,,,,,,,,,,,,,,,,,,,,,,,,,,,,,,,,,,,,,,,,,,,,,,,,,,,,,,,,,,,,,,,,,,,,,,,
phase1,J_simpleui_vos,paging,paging,flat,2000,process:complete_marker_ms,PASS,3,3,0,0,3,1982.887,1948.4262664000003,1992.1320335999999,1972.3804583333333,28.791667690496297,1939.811083,1994.443292,,,,,,,,,,,,,,,,,,,,,,,,,,,,,,,,,,,,,,,,,,,,,,,,,,,,,,,,,,,,,,,,,,,,,,,,,,,,,,,,,,,,,,,,,,,,,,,,,,,,,,,,,,,,,,,,
phase1,J_simpleui_vos,paging,paging,flat,2000,process:spawn_to_process_exit_ms,PASS,3,3,0,0,3,2022.060458,1988.5166916,2034.1366587999999,2013.1156389999999,29.54604588510934,1980.13075,2037.155709,,,,,,,,,,,,,,,,,,,,,,,,,,,,,,,,,,,,,,,,,,,,,,,,,,,,,,,,,,,,,,,,,,,,,,,,,,,,,,,,,,,,,,,,,,,,,,,,,,,,,,,,,,,,,,,,
phase1,J_simpleui_vos,paging,paging,hierarchical,2000,process:spawn_to_ui_ready_ms,PASS,3,3,0,0,3,452.367458,442.34692440000003,454.927658,449.25898566666666,8.311020789171822,439.841791,455.567708,,,,,,,,,,,,,,,,,,,,,,,,,,,,,,,,,,,,,,,,,,,,,,,,,,,,,,,,,,,,,,,,,,,,,,,,,,,,,,,,,,,,,,,,,,,,,,,,,,,,,,,,,,,,,,,,
phase1,J_simpleui_vos,paging,paging,hierarchical,2000,process:spawn_to_library_ready_ms,PASS,3,3,0,0,3,488.582917,473.79744980000004,491.5568834,483.6614583333333,11.889815300545964,470.101083,492.300375,,,,,,,,,,,,,,,,,,,,,,,,,,,,,,,,,,,,,,,,,,,,,,,,,,,,,,,,,,,,,,,,,,,,,,,,,,,,,,,,,,,,,,,,,,,,,,,,,,,,,,,,,,,,,,,,
phase1,J_simpleui_vos,paging,paging,hierarchical,2000,process:complete_marker_ms,PASS,3,3,0,0,3,1438.393708,1418.1433752,1635.1334752,1511.9309723333333,149.82743152751786,1413.080792,1684.318417,,,,,,,,,,,,,,,,,,,,,,,,,,,,,,,,,,,,,,,,,,,,,,,,,,,,,,,,,,,,,,,,,,,,,,,,,,,,,,,,,,,,,,,,,,,,,,,,,,,,,,,,,,,,,,,,
phase1,J_simpleui_vos,paging,paging,hierarchical,2000,process:spawn_to_process_exit_ms,PASS,3,3,0,0,3,1485.267791,1462.6990918000001,1676.6644918,1555.6127916666667,146.9509871325661,1457.056917,1724.513667,,,,,,,,,,,,,,,,,,,,,,,,,,,,,,,,,,,,,,,,,,,,,,,,,,,,,,,,,,,,,,,,,,,,,,,,,,,,,,,,,,,,,,,,,,,,,,,,,,,,,,,,,,,,,,,,
phase1,J_simpleui_vos,steady_state_cold,startup,hierarchical,2000,process:spawn_to_ui_ready_ms,PASS,3,3,0,0,3,420.220667,398.48946620000004,425.70106699999997,413.4495,17.989805348479088,393.056666,427.071167,,,,,,,,,,,,,,,,,,,,,,,,,,,,,,,,,,,,,,,,,,,,,,,,,,,,,,,,,,,,,,,,,,,,,,,,,,,,,,,,,,,,,,,,,,,,,,,,,,,,,,,,,,,,,,,,
phase1,J_simpleui_vos,steady_state_cold,startup,hierarchical,2000,process:spawn_to_library_ready_ms,PASS,3,3,0,0,3,460.565792,439.1482248,465.5470248,453.7173193333333,17.53286724874343,433.793833,466.792333,,,,,,,,,,,,,,,,,,,,,,,,,,,,,,,,,,,,,,,,,,,,,,,,,,,,,,,,,,,,,,,,,,,,,,,,,,,,,,,,,,,,,,,,,,,,,,,,,,,,,,,,,,,,,,,,
phase1,J_simpleui_vos,steady_state_cold,startup,hierarchical,2000,process:complete_marker_ms,PASS,3,3,0,0,3,468.471625,446.640525,472.565425,461.0810833333333,17.421375203294318,441.18275,473.588875,,,,,,,,,,,,,,,,,,,,,,,,,,,,,,,,,,,,,,,,,,,,,,,,,,,,,,,,,,,,,,,,,,,,,,,,,,,,,,,,,,,,,,,,,,,,,,,,,,,,,,,,,,,,,,,,
phase1,J_simpleui_vos,steady_state_cold,startup,hierarchical,2000,process:spawn_to_process_exit_ms,PASS,3,3,0,0,3,512.930125,487.666825,515.4467914,503.45236099999994,19.20486096943201,481.351,516.075958,,,,,,,,,,,,,,,,,,,,,,,,,,,,,,,,,,,,,,,,,,,,,,,,,,,,,,,,,,,,,,,,,,,,,,,,,,,,,,,,,,,,,,,,,,,,,,,,,,,,,,,,,,,,,,,,
phase1,J_simpleui_vos,warm,synthetic,flat,2000,process:spawn_to_ui_ready_ms,PASS,1,1,0,0,1,610.1235,610.1235,610.1235,610.1235,0.0,610.1235,610.1235,,,,,,,,,,,,,,,,,,,,,,,,,,,,,,,,,,,,,,,,,,,,,,,,,,,,,,,,,,,,,,,,,,,,,,,,,,,,,,,,,,,,,,,,,,,,,,,,,,,,,,,,,,,,,,,,
phase1,J_simpleui_vos,warm,synthetic,flat,2000,process:spawn_to_library_ready_ms,PASS,1,1,0,0,1,2106.892583,2106.892583,2106.892583,2106.892583,0.0,2106.892583,2106.892583,,,,,,,,,,,,,,,,,,,,,,,,,,,,,,,,,,,,,,,,,,,,,,,,,,,,,,,,,,,,,,,,,,,,,,,,,,,,,,,,,,,,,,,,,,,,,,,,,,,,,,,,,,,,,,,,
phase1,J_simpleui_vos,warm,synthetic,flat,2000,process:complete_marker_ms,PASS,1,1,0,0,1,22585.458583,22585.458583,22585.458583,22585.458583,0.0,22585.458583,22585.458583,,,,,,,,,,,,,,,,,,,,,,,,,,,,,,,,,,,,,,,,,,,,,,,,,,,,,,,,,,,,,,,,,,,,,,,,,,,,,,,,,,,,,,,,,,,,,,,,,,,,,,,,,,,,,,,,
phase1,J_simpleui_vos,warm,synthetic,flat,2000,process:spawn_to_process_exit_ms,PASS,1,1,0,0,1,22803.153541,22803.153541,22803.153541,22803.153541,0.0,22803.153541,22803.153541,,,,,,,,,,,,,,,,,,,,,,,,,,,,,,,,,,,,,,,,,,,,,,,,,,,,,,,,,,,,,,,,,,,,,,,,,,,,,,,,,,,,,,,,,,,,,,,,,,,,,,,,,,,,,,,,
phase1,J_simpleui_vos,warm,synthetic,flat,50,process:spawn_to_ui_ready_ms,PASS,1,1,0,0,1,598.58025,598.58025,598.58025,598.58025,0.0,598.58025,598.58025,,,,,,,,,,,,,,,,,,,,,,,,,,,,,,,,,,,,,,,,,,,,,,,,,,,,,,,,,,,,,,,,,,,,,,,,,,,,,,,,,,,,,,,,,,,,,,,,,,,,,,,,,,,,,,,,
phase1,J_simpleui_vos,warm,synthetic,flat,50,process:spawn_to_library_ready_ms,PASS,1,1,0,0,1,1732.870084,1732.870084,1732.870084,1732.870084,0.0,1732.870084,1732.870084,,,,,,,,,,,,,,,,,,,,,,,,,,,,,,,,,,,,,,,,,,,,,,,,,,,,,,,,,,,,,,,,,,,,,,,,,,,,,,,,,,,,,,,,,,,,,,,,,,,,,,,,,,,,,,,,
phase1,J_simpleui_vos,warm,synthetic,flat,50,process:complete_marker_ms,PASS,1,1,0,0,1,12519.094417,12519.094417,12519.094417,12519.094417,0.0,12519.094417,12519.094417,,,,,,,,,,,,,,,,,,,,,,,,,,,,,,,,,,,,,,,,,,,,,,,,,,,,,,,,,,,,,,,,,,,,,,,,,,,,,,,,,,,,,,,,,,,,,,,,,,,,,,,,,,,,,,,,
phase1,J_simpleui_vos,warm,synthetic,flat,50,process:spawn_to_process_exit_ms,PASS,1,1,0,0,1,12576.998584,12576.998584,12576.998584,12576.998584,0.0,12576.998584,12576.998584,,,,,,,,,,,,,,,,,,,,,,,,,,,,,,,,,,,,,,,,,,,,,,,,,,,,,,,,,,,,,,,,,,,,,,,,,,,,,,,,,,,,,,,,,,,,,,,,,,,,,,,,,,,,,,,,
phase1,J_simpleui_vos,warm,synthetic,hierarchical,2000,process:spawn_to_ui_ready_ms,PASS,1,1,0,0,1,436.922042,436.922042,436.922042,436.922042,0.0,436.922042,436.922042,,,,,,,,,,,,,,,,,,,,,,,,,,,,,,,,,,,,,,,,,,,,,,,,,,,,,,,,,,,,,,,,,,,,,,,,,,,,,,,,,,,,,,,,,,,,,,,,,,,,,,,,,,,,,,,,
phase1,J_simpleui_vos,warm,synthetic,hierarchical,2000,process:spawn_to_library_ready_ms,PASS,1,1,0,0,1,1194.1985,1194.1985,1194.1985,1194.1985,0.0,1194.1985,1194.1985,,,,,,,,,,,,,,,,,,,,,,,,,,,,,,,,,,,,,,,,,,,,,,,,,,,,,,,,,,,,,,,,,,,,,,,,,,,,,,,,,,,,,,,,,,,,,,,,,,,,,,,,,,,,,,,,
phase1,J_simpleui_vos,warm,synthetic,hierarchical,2000,process:complete_marker_ms,PASS,1,1,0,0,1,8853.436375,8853.436375,8853.436375,8853.436375,0.0,8853.436375,8853.436375,,,,,,,,,,,,,,,,,,,,,,,,,,,,,,,,,,,,,,,,,,,,,,,,,,,,,,,,,,,,,,,,,,,,,,,,,,,,,,,,,,,,,,,,,,,,,,,,,,,,,,,,,,,,,,,,
phase1,J_simpleui_vos,warm,synthetic,hierarchical,2000,process:spawn_to_process_exit_ms,PASS,1,1,0,0,1,8912.21575,8912.21575,8912.21575,8912.21575,0.0,8912.21575,8912.21575,,,,,,,,,,,,,,,,,,,,,,,,,,,,,,,,,,,,,,,,,,,,,,,,,,,,,,,,,,,,,,,,,,,,,,,,,,,,,,,,,,,,,,,,,,,,,,,,,,,,,,,,,,,,,,,,
phase1,J_simpleui_vos,warm,synthetic,hierarchical,50,process:spawn_to_ui_ready_ms,PASS,1,1,0,0,1,536.664167,536.664167,536.664167,536.664167,0.0,536.664167,536.664167,,,,,,,,,,,,,,,,,,,,,,,,,,,,,,,,,,,,,,,,,,,,,,,,,,,,,,,,,,,,,,,,,,,,,,,,,,,,,,,,,,,,,,,,,,,,,,,,,,,,,,,,,,,,,,,,
phase1,J_simpleui_vos,warm,synthetic,hierarchical,50,process:spawn_to_library_ready_ms,PASS,1,1,0,0,1,1223.692667,1223.692667,1223.692667,1223.692667,0.0,1223.692667,1223.692667,,,,,,,,,,,,,,,,,,,,,,,,,,,,,,,,,,,,,,,,,,,,,,,,,,,,,,,,,,,,,,,,,,,,,,,,,,,,,,,,,,,,,,,,,,,,,,,,,,,,,,,,,,,,,,,,
phase1,J_simpleui_vos,warm,synthetic,hierarchical,50,process:complete_marker_ms,PASS,1,1,0,0,1,7586.03275,7586.03275,7586.03275,7586.03275,0.0,7586.03275,7586.03275,,,,,,,,,,,,,,,,,,,,,,,,,,,,,,,,,,,,,,,,,,,,,,,,,,,,,,,,,,,,,,,,,,,,,,,,,,,,,,,,,,,,,,,,,,,,,,,,,,,,,,,,,,,,,,,,
phase1,J_simpleui_vos,warm,synthetic,hierarchical,50,process:spawn_to_process_exit_ms,PASS,1,1,0,0,1,7640.363625,7640.363625,7640.363625,7640.363625,0.0,7640.363625,7640.363625,,,,,,,,,,,,,,,,,,,,,,,,,,,,,,,,,,,,,,,,,,,,,,,,,,,,,,,,,,,,,,,,,,,,,,,,,,,,,,,,,,,,,,,,,,,,,,,,,,,,,,,,,,,,,,,,
phase1,K_simpleui_vos_bookshelf,paging,paging,flat,2000,process:spawn_to_ui_ready_ms,PASS,3,3,0,0,3,524.518666,506.74309960000005,621.8604004,557.671236,77.46534332686869,502.299208,646.195834,,,,,,,,,,,,,,,,,,,,,,,,,,,,,,,,,,,,,,,,,,,,,,,,,,,,,,,,,,,,,,,,,,,,,,,,,,,,,,,,,,,,,,,,,,,,,,,,,,,,,,,,,,,,,,,,
phase1,K_simpleui_vos_bookshelf,paging,paging,flat,2000,process:spawn_to_library_ready_ms,PASS,3,3,0,0,3,555.564375,536.034475,648.9357422,586.3316530000001,75.42643584661963,531.152,672.278584,,,,,,,,,,,,,,,,,,,,,,,,,,,,,,,,,,,,,,,,,,,,,,,,,,,,,,,,,,,,,,,,,,,,,,,,,,,,,,,,,,,,,,,,,,,,,,,,,,,,,,,,,,,,,,,,
phase1,K_simpleui_vos_bookshelf,paging,paging,flat,2000,process:complete_marker_ms,PASS,3,3,0,0,3,14701.696958,13627.7571252,14883.839991599998,14330.114958333332,848.4463460906464,13359.272167,14929.37575,,,,,,,,,,,,,,,,,,,,,,,,,,,,,,,,,,,,,,,,,,,,,,,,,,,,,,,,,,,,,,,,,,,,,,,,,,,,,,,,,,,,,,,,,,,,,,,,,,,,,,,,,,,,,,,,
phase1,K_simpleui_vos_bookshelf,paging,paging,flat,2000,process:spawn_to_process_exit_ms,PASS,3,3,0,0,3,14752.158166,13677.971533200001,14935.295199600001,14380.887499666665,849.061813312743,13409.424875,14981.079458,,,,,,,,,,,,,,,,,,,,,,,,,,,,,,,,,,,,,,,,,,,,,,,,,,,,,,,,,,,,,,,,,,,,,,,,,,,,,,,,,,,,,,,,,,,,,,,,,,,,,,,,,,,,,,,,
phase1,K_simpleui_vos_bookshelf,paging,paging,hierarchical,2000,process:spawn_to_ui_ready_ms,PASS,3,3,0,0,3,689.435,610.3064664,731.8706336,674.1462916666666,77.1226609851782,590.524333,742.479542,,,,,,,,,,,,,,,,,,,,,,,,,,,,,,,,,,,,,,,,,,,,,,,,,,,,,,,,,,,,,,,,,,,,,,,,,,,,,,,,,,,,,,,,,,,,,,,,,,,,,,,,,,,,,,,,
phase1,K_simpleui_vos_bookshelf,paging,paging,hierarchical,2000,process:spawn_to_library_ready_ms,PASS,3,3,0,0,3,728.728167,645.7808998,769.9583334,711.3460416666667,79.05728865038695,625.044083,780.265875,,,,,,,,,,,,,,,,,,,,,,,,,,,,,,,,,,,,,,,,,,,,,,,,,,,,,,,,,,,,,,,,,,,,,,,,,,,,,,,,,,,,,,,,,,,,,,,,,,,,,,,,,,,,,,,,
phase1,K_simpleui_vos_bookshelf,paging,paging,hierarchical,2000,process:complete_marker_ms,PASS,3,3,0,0,3,12426.463542,11099.297974800002,12456.391474799999,11885.947861,968.7791516669246,10767.506583,12463.873458,,,,,,,,,,,,,,,,,,,,,,,,,,,,,,,,,,,,,,,,,,,,,,,,,,,,,,,,,,,,,,,,,,,,,,,,,,,,,,,,,,,,,,,,,,,,,,,,,,,,,,,,,,,,,,,,
phase1,K_simpleui_vos_bookshelf,paging,paging,hierarchical,2000,process:spawn_to_process_exit_ms,PASS,3,3,0,0,3,12475.527625,11184.0454578,12508.9250914,11951.325666333332,944.3289645857687,10861.174916,12517.274458,,,,,,,,,,,,,,,,,,,,,,,,,,,,,,,,,,,,,,,,,,,,,,,,,,,,,,,,,,,,,,,,,,,,,,,,,,,,,,,,,,,,,,,,,,,,,,,,,,,,,,,,,,,,,,,,
phase1,K_simpleui_vos_bookshelf,steady_state_cold,startup,hierarchical,2000,process:spawn_to_ui_ready_ms,PASS,3,3,0,0,3,572.280209,547.4887090000001,584.2262082,566.927917,23.424130723634484,541.290834,587.212708,,,,,,,,,,,,,,,,,,,,,,,,,,,,,,,,,,,,,,,,,,,,,,,,,,,,,,,,,,,,,,,,,,,,,,,,,,,,,,,,,,,,,,,,,,,,,,,,,,,,,,,,,,,,,,,,
phase1,K_simpleui_vos_bookshelf,steady_state_cold,startup,hierarchical,2000,process:spawn_to_library_ready_ms,PASS,3,3,0,0,3,614.234209,591.6559754,626.7488082,610.041028,22.23160955548407,586.011417,629.877458,,,,,,,,,,,,,,,,,,,,,,,,,,,,,,,,,,,,,,,,,,,,,,,,,,,,,,,,,,,,,,,,,,,,,,,,,,,,,,,,,,,,,,,,,,,,,,,,,,,,,,,,,,,,,,,,
phase1,K_simpleui_vos_bookshelf,steady_state_cold,startup,hierarchical,2000,process:complete_marker_ms,PASS,3,3,0,0,3,621.826,599.9105672000001,634.5052,617.9775696666667,21.877005420088018,594.431709,637.675,,,,,,,,,,,,,,,,,,,,,,,,,,,,,,,,,,,,,,,,,,,,,,,,,,,,,,,,,,,,,,,,,,,,,,,,,,,,,,,,,,,,,,,,,,,,,,,,,,,,,,,,,,,,,,,,
phase1,K_simpleui_vos_bookshelf,steady_state_cold,startup,hierarchical,2000,process:spawn_to_process_exit_ms,PASS,3,3,0,0,3,660.7265,640.4421,675.3748,658.3781250000001,21.92745559189154,635.371,679.036875,,,,,,,,,,,,,,,,,,,,,,,,,,,,,,,,,,,,,,,,,,,,,,,,,,,,,,,,,,,,,,,,,,,,,,,,,,,,,,,,,,,,,,,,,,,,,,,,,,,,,,,,,,,,,,,,
phase1,K_simpleui_vos_bookshelf,warm,synthetic,flat,2000,process:spawn_to_ui_ready_ms,PASS,1,1,0,0,1,759.227625,759.227625,759.227625,759.227625,0.0,759.227625,759.227625,,,,,,,,,,,,,,,,,,,,,,,,,,,,,,,,,,,,,,,,,,,,,,,,,,,,,,,,,,,,,,,,,,,,,,,,,,,,,,,,,,,,,,,,,,,,,,,,,,,,,,,,,,,,,,,,
phase1,K_simpleui_vos_bookshelf,warm,synthetic,flat,2000,process:spawn_to_library_ready_ms,PASS,1,1,0,0,1,2292.035666,2292.035666,2292.035666,2292.035666,0.0,2292.035666,2292.035666,,,,,,,,,,,,,,,,,,,,,,,,,,,,,,,,,,,,,,,,,,,,,,,,,,,,,,,,,,,,,,,,,,,,,,,,,,,,,,,,,,,,,,,,,,,,,,,,,,,,,,,,,,,,,,,,
phase1,K_simpleui_vos_bookshelf,warm,synthetic,flat,2000,process:complete_marker_ms,PASS,1,1,0,0,1,36642.783625,36642.783625,36642.783625,36642.783625,0.0,36642.783625,36642.783625,,,,,,,,,,,,,,,,,,,,,,,,,,,,,,,,,,,,,,,,,,,,,,,,,,,,,,,,,,,,,,,,,,,,,,,,,,,,,,,,,,,,,,,,,,,,,,,,,,,,,,,,,,,,,,,,
phase1,K_simpleui_vos_bookshelf,warm,synthetic,flat,2000,process:spawn_to_process_exit_ms,PASS,1,1,0,0,1,37083.060708,37083.060708,37083.060708,37083.060708,0.0,37083.060708,37083.060708,,,,,,,,,,,,,,,,,,,,,,,,,,,,,,,,,,,,,,,,,,,,,,,,,,,,,,,,,,,,,,,,,,,,,,,,,,,,,,,,,,,,,,,,,,,,,,,,,,,,,,,,,,,,,,,,
phase1,K_simpleui_vos_bookshelf,warm,synthetic,flat,50,process:spawn_to_ui_ready_ms,PASS,1,1,0,0,1,581.0885,581.0885,581.0885,581.0885,0.0,581.0885,581.0885,,,,,,,,,,,,,,,,,,,,,,,,,,,,,,,,,,,,,,,,,,,,,,,,,,,,,,,,,,,,,,,,,,,,,,,,,,,,,,,,,,,,,,,,,,,,,,,,,,,,,,,,,,,,,,,,
phase1,K_simpleui_vos_bookshelf,warm,synthetic,flat,50,process:spawn_to_library_ready_ms,PASS,1,1,0,0,1,1693.925125,1693.925125,1693.925125,1693.925125,0.0,1693.925125,1693.925125,,,,,,,,,,,,,,,,,,,,,,,,,,,,,,,,,,,,,,,,,,,,,,,,,,,,,,,,,,,,,,,,,,,,,,,,,,,,,,,,,,,,,,,,,,,,,,,,,,,,,,,,,,,,,,,,
phase1,K_simpleui_vos_bookshelf,warm,synthetic,flat,50,process:complete_marker_ms,PASS,1,1,0,0,1,20722.58025,20722.58025,20722.58025,20722.58025,0.0,20722.58025,20722.58025,,,,,,,,,,,,,,,,,,,,,,,,,,,,,,,,,,,,,,,,,,,,,,,,,,,,,,,,,,,,,,,,,,,,,,,,,,,,,,,,,,,,,,,,,,,,,,,,,,,,,,,,,,,,,,,,
phase1,K_simpleui_vos_bookshelf,warm,synthetic,flat,50,process:spawn_to_process_exit_ms,PASS,1,1,0,0,1,20786.908708,20786.908708,20786.908708,20786.908708,0.0,20786.908708,20786.908708,,,,,,,,,,,,,,,,,,,,,,,,,,,,,,,,,,,,,,,,,,,,,,,,,,,,,,,,,,,,,,,,,,,,,,,,,,,,,,,,,,,,,,,,,,,,,,,,,,,,,,,,,,,,,,,,
phase1,K_simpleui_vos_bookshelf,warm,synthetic,hierarchical,2000,process:spawn_to_ui_ready_ms,PASS,1,1,0,0,1,762.842583,762.842583,762.842583,762.842583,0.0,762.842583,762.842583,,,,,,,,,,,,,,,,,,,,,,,,,,,,,,,,,,,,,,,,,,,,,,,,,,,,,,,,,,,,,,,,,,,,,,,,,,,,,,,,,,,,,,,,,,,,,,,,,,,,,,,,,,,,,,,,
phase1,K_simpleui_vos_bookshelf,warm,synthetic,hierarchical,2000,process:spawn_to_library_ready_ms,PASS,1,1,0,0,1,1581.711208,1581.711208,1581.711208,1581.711208,0.0,1581.711208,1581.711208,,,,,,,,,,,,,,,,,,,,,,,,,,,,,,,,,,,,,,,,,,,,,,,,,,,,,,,,,,,,,,,,,,,,,,,,,,,,,,,,,,,,,,,,,,,,,,,,,,,,,,,,,,,,,,,,
phase1,K_simpleui_vos_bookshelf,warm,synthetic,hierarchical,2000,process:complete_marker_ms,PASS,1,1,0,0,1,12739.693458,12739.693458,12739.693458,12739.693458,0.0,12739.693458,12739.693458,,,,,,,,,,,,,,,,,,,,,,,,,,,,,,,,,,,,,,,,,,,,,,,,,,,,,,,,,,,,,,,,,,,,,,,,,,,,,,,,,,,,,,,,,,,,,,,,,,,,,,,,,,,,,,,,
phase1,K_simpleui_vos_bookshelf,warm,synthetic,hierarchical,2000,process:spawn_to_process_exit_ms,PASS,1,1,0,0,1,12804.931625,12804.931625,12804.931625,12804.931625,0.0,12804.931625,12804.931625,,,,,,,,,,,,,,,,,,,,,,,,,,,,,,,,,,,,,,,,,,,,,,,,,,,,,,,,,,,,,,,,,,,,,,,,,,,,,,,,,,,,,,,,,,,,,,,,,,,,,,,,,,,,,,,,
phase1,K_simpleui_vos_bookshelf,warm,synthetic,hierarchical,50,process:spawn_to_ui_ready_ms,PASS,1,1,0,0,1,682.377917,682.377917,682.377917,682.377917,0.0,682.377917,682.377917,,,,,,,,,,,,,,,,,,,,,,,,,,,,,,,,,,,,,,,,,,,,,,,,,,,,,,,,,,,,,,,,,,,,,,,,,,,,,,,,,,,,,,,,,,,,,,,,,,,,,,,,,,,,,,,,
phase1,K_simpleui_vos_bookshelf,warm,synthetic,hierarchical,50,process:spawn_to_library_ready_ms,PASS,1,1,0,0,1,1495.01825,1495.01825,1495.01825,1495.01825,0.0,1495.01825,1495.01825,,,,,,,,,,,,,,,,,,,,,,,,,,,,,,,,,,,,,,,,,,,,,,,,,,,,,,,,,,,,,,,,,,,,,,,,,,,,,,,,,,,,,,,,,,,,,,,,,,,,,,,,,,,,,,,,
phase1,K_simpleui_vos_bookshelf,warm,synthetic,hierarchical,50,process:complete_marker_ms,PASS,1,1,0,0,1,11323.143875,11323.143875,11323.143875,11323.143875,0.0,11323.143875,11323.143875,,,,,,,,,,,,,,,,,,,,,,,,,,,,,,,,,,,,,,,,,,,,,,,,,,,,,,,,,,,,,,,,,,,,,,,,,,,,,,,,,,,,,,,,,,,,,,,,,,,,,,,,,,,,,,,,
phase1,K_simpleui_vos_bookshelf,warm,synthetic,hierarchical,50,process:spawn_to_process_exit_ms,PASS,1,1,0,0,1,11394.660417,11394.660417,11394.660417,11394.660417,0.0,11394.660417,11394.660417,,,,,,,,,,,,,,,,,,,,,,,,,,,,,,,,,,,,,,,,,,,,,,,,,,,,,,,,,,,,,,,,,,,,,,,,,,,,,,,,,,,,,,,,,,,,,,,,,,,,,,,,,,,,,,,,
phase1,K_vos,first_run_cold,startup,hierarchical,2000,process:spawn_to_ui_ready_ms,PASS,3,3,0,0,3,496.883458,480.0264252,511.54825800000003,495.9700276666667,19.717020572149366,475.812167,515.214458,,,,,,,,,,,,,,,,,,,,,,,,,,,,,,,,,,,,,,,,,,,,,,,,,,,,,,,,,,,,,,,,,,,,,,,,,,,,,,,,,,,,,,,,,,,,,,,,,,,,,,,,,,,,,,,,
phase1,K_vos,first_run_cold,startup,hierarchical,2000,process:spawn_to_library_ready_ms,PASS,3,3,0,0,3,539.11775,522.3037836000001,554.07525,538.3442223333333,19.86846295507145,518.100292,557.814625,,,,,,,,,,,,,,,,,,,,,,,,,,,,,,,,,,,,,,,,,,,,,,,,,,,,,,,,,,,,,,,,,,,,,,,,,,,,,,,,,,,,,,,,,,,,,,,,,,,,,,,,,,,,,,,,
phase1,K_vos,first_run_cold,startup,hierarchical,2000,process:complete_marker_ms,PASS,3,3,0,0,3,543.791833,527.5045002,558.9426993999999,543.3183053333333,19.653153448112935,523.432667,562.730416,,,,,,,,,,,,,,,,,,,,,,,,,,,,,,,,,,,,,,,,,,,,,,,,,,,,,,,,,,,,,,,,,,,,,,,,,,,,,,,,,,,,,,,,,,,,,,,,,,,,,,,,,,,,,,,,
phase1,K_vos,first_run_cold,startup,hierarchical,2000,process:spawn_to_process_exit_ms,PASS,3,3,0,0,3,587.330833,567.1710338,602.1194330000001,585.0928333333333,21.928570122120398,562.131084,605.816583,,,,,,,,,,,,,,,,,,,,,,,,,,,,,,,,,,,,,,,,,,,,,,,,,,,,,,,,,,,,,,,,,,,,,,,,,,,,,,,,,,,,,,,,,,,,,,,,,,,,,,,,,,,,,,,,
phase1,L_project_title_vos,paging,paging,flat,2000,process:spawn_to_ui_ready_ms,PASS,3,3,0,0,3,577.8275,538.5659664000001,582.5430336,563.4333333333333,30.180389592510583,528.750583,583.721917,,,,,,,,,,,,,,,,,,,,,,,,,,,,,,,,,,,,,,,,,,,,,,,,,,,,,,,,,,,,,,,,,,,,,,,,,,,,,,,,,,,,,,,,,,,,,,,,,,,,,,,,,,,,,,,,
phase1,L_project_title_vos,paging,paging,flat,2000,process:spawn_to_library_ready_ms,PASS,3,3,0,0,3,596.120833,556.4986666,601.5693002,581.8817916666667,30.750016421761426,546.593125,602.931417,,,,,,,,,,,,,,,,,,,,,,,,,,,,,,,,,,,,,,,,,,,,,,,,,,,,,,,,,,,,,,,,,,,,,,,,,,,,,,,,,,,,,,,,,,,,,,,,,,,,,,,,,,,,,,,,
phase1,L_project_title_vos,paging,paging,flat,2000,process:complete_marker_ms,PASS,3,3,0,0,3,1371.548625,1330.6138250000001,1373.1045914,1355.1407776666665,30.11931184082601,1320.380125,1373.493583,,,,,,,,,,,,,,,,,,,,,,,,,,,,,,,,,,,,,,,,,,,,,,,,,,,,,,,,,,,,,,,,,,,,,,,,,,,,,,,,,,,,,,,,,,,,,,,,,,,,,,,,,,,,,,,,
phase1,L_project_title_vos,paging,paging,flat,2000,process:spawn_to_process_exit_ms,PASS,3,3,0,0,3,1415.046667,1372.9557998,1416.2090334,1397.993125,30.80446740358884,1362.433083,1416.499625,,,,,,,,,,,,,,,,,,,,,,,,,,,,,,,,,,,,,,,,,,,,,,,,,,,,,,,,,,,,,,,,,,,,,,,,,,,,,,,,,,,,,,,,,,,,,,,,,,,,,,,,,,,,,,,,
phase1,L_project_title_vos,paging,paging,hierarchical,2000,process:spawn_to_ui_ready_ms,PASS,3,3,0,0,3,499.923375,479.8639422,567.0039750000001,519.515528,57.04432910986401,474.849084,583.774125,,,,,,,,,,,,,,,,,,,,,,,,,,,,,,,,,,,,,,,,,,,,,,,,,,,,,,,,,,,,,,,,,,,,,,,,,,,,,,,,,,,,,,,,,,,,,,,,,,,,,,,,,,,,,,,,
phase1,L_project_title_vos,paging,paging,hierarchical,2000,process:spawn_to_library_ready_ms,PASS,3,3,0,0,3,533.200084,516.5542504,600.7952496,554.4289723333333,55.768158792825965,512.392792,617.694041,,,,,,,,,,,,,,,,,,,,,,,,,,,,,,,,,,,,,,,,,,,,,,,,,,,,,,,,,,,,,,,,,,,,,,,,,,,,,,,,,,,,,,,,,,,,,,,,,,,,,,,,,,,,,,,,
phase1,L_project_title_vos,paging,paging,hierarchical,2000,process:complete_marker_ms,PASS,3,3,0,0,3,1121.84425,1111.83525,1178.5356828000001,1141.2952636666666,44.962502807965485,1109.333,1192.708541,,,,,,,,,,,,,,,,,,,,,,,,,,,,,,,,,,,,,,,,,,,,,,,,,,,,,,,,,,,,,,,,,,,,,,,,,,,,,,,,,,,,,,,,,,,,,,,,,,,,,,,,,,,,,,,,
phase1,L_project_title_vos,paging,paging,hierarchical,2000,process:spawn_to_process_exit_ms,PASS,3,3,0,0,3,1167.607334,1153.8193004000002,1225.8803332,1186.1427363333335,47.81323461995725,1150.372292,1240.448583,,,,,,,,,,,,,,,,,,,,,,,,,,,,,,,,,,,,,,,,,,,,,,,,,,,,,,,,,,,,,,,,,,,,,,,,,,,,,,,,,,,,,,,,,,,,,,,,,,,,,,,,,,,,,,,,
phase1,L_project_title_vos,steady_state_cold,startup,hierarchical,2000,process:spawn_to_ui_ready_ms,PASS,3,3,0,0,3,523.588916,476.57568320000007,535.6860495999999,509.04054133333335,39.03330614275098,464.822375,538.710333,,,,,,,,,,,,,,,,,,,,,,,,,,,,,,,,,,,,,,,,,,,,,,,,,,,,,,,,,,,,,,,,,,,,,,,,,,,,,,,,,,,,,,,,,,,,,,,,,,,,,,,,,,,,,,,,
phase1,L_project_title_vos,steady_state_cold,startup,hierarchical,2000,process:spawn_to_library_ready_ms,PASS,3,3,0,0,3,564.637375,516.9968414,575.0168086,549.1119166666666,38.674892525163834,505.086708,577.611667,,,,,,,,,,,,,,,,,,,,,,,,,,,,,,,,,,,,,,,,,,,,,,,,,,,,,,,,,,,,,,,,,,,,,,,,,,,,,,,,,,,,,,,,,,,,,,,,,,,,,,,,,,,,,,,,
phase1,L_project_title_vos,steady_state_cold,startup,hierarchical,2000,process:complete_marker_ms,PASS,3,3,0,0,3,569.613916,522.2161832,580.6384168000001,554.4584026666666,38.80118283501739,510.36675,583.394542,,,,,,,,,,,,,,,,,,,,,,,,,,,,,,,,,,,,,,,,,,,,,,,,,,,,,,,,,,,,,,,,,,,,,,,,,,,,,,,,,,,,,,,,,,,,,,,,,,,,,,,,,,,,,,,,
phase1,L_project_title_vos,steady_state_cold,startup,hierarchical,2000,process:spawn_to_process_exit_ms,PASS,3,3,0,0,3,615.561083,566.5609494,620.7722502,597.3156803333334,37.385361199105404,554.310916,622.075042,,,,,,,,,,,,,,,,,,,,,,,,,,,,,,,,,,,,,,,,,,,,,,,,,,,,,,,,,,,,,,,,,,,,,,,,,,,,,,,,,,,,,,,,,,,,,,,,,,,,,,,,,,,,,,,,
phase1,L_project_title_vos,warm,synthetic,flat,2000,process:spawn_to_ui_ready_ms,PASS,1,1,0,0,1,557.854291,557.854291,557.854291,557.854291,0.0,557.854291,557.854291,,,,,,,,,,,,,,,,,,,,,,,,,,,,,,,,,,,,,,,,,,,,,,,,,,,,,,,,,,,,,,,,,,,,,,,,,,,,,,,,,,,,,,,,,,,,,,,,,,,,,,,,,,,,,,,,
phase1,L_project_title_vos,warm,synthetic,flat,2000,process:spawn_to_library_ready_ms,PASS,1,1,0,0,1,2355.633958,2355.633958,2355.633958,2355.633958,0.0,2355.633958,2355.633958,,,,,,,,,,,,,,,,,,,,,,,,,,,,,,,,,,,,,,,,,,,,,,,,,,,,,,,,,,,,,,,,,,,,,,,,,,,,,,,,,,,,,,,,,,,,,,,,,,,,,,,,,,,,,,,,
phase1,L_project_title_vos,warm,synthetic,flat,2000,process:complete_marker_ms,PASS,1,1,0,0,1,10651.708583,10651.708583,10651.708583,10651.708583,0.0,10651.708583,10651.708583,,,,,,,,,,,,,,,,,,,,,,,,,,,,,,,,,,,,,,,,,,,,,,,,,,,,,,,,,,,,,,,,,,,,,,,,,,,,,,,,,,,,,,,,,,,,,,,,,,,,,,,,,,,,,,,,
phase1,L_project_title_vos,warm,synthetic,flat,2000,process:spawn_to_process_exit_ms,PASS,1,1,0,0,1,10699.725083,10699.725083,10699.725083,10699.725083,0.0,10699.725083,10699.725083,,,,,,,,,,,,,,,,,,,,,,,,,,,,,,,,,,,,,,,,,,,,,,,,,,,,,,,,,,,,,,,,,,,,,,,,,,,,,,,,,,,,,,,,,,,,,,,,,,,,,,,,,,,,,,,,
phase1,L_project_title_vos,warm,synthetic,flat,50,process:spawn_to_ui_ready_ms,PASS,1,1,0,0,1,532.293334,532.293334,532.293334,532.293334,0.0,532.293334,532.293334,,,,,,,,,,,,,,,,,,,,,,,,,,,,,,,,,,,,,,,,,,,,,,,,,,,,,,,,,,,,,,,,,,,,,,,,,,,,,,,,,,,,,,,,,,,,,,,,,,,,,,,,,,,,,,,,
phase1,L_project_title_vos,warm,synthetic,flat,50,process:spawn_to_library_ready_ms,PASS,1,1,0,0,1,1374.039,1374.039,1374.039,1374.039,0.0,1374.039,1374.039,,,,,,,,,,,,,,,,,,,,,,,,,,,,,,,,,,,,,,,,,,,,,,,,,,,,,,,,,,,,,,,,,,,,,,,,,,,,,,,,,,,,,,,,,,,,,,,,,,,,,,,,,,,,,,,,
phase1,L_project_title_vos,warm,synthetic,flat,50,process:complete_marker_ms,PASS,1,1,0,0,1,5808.603625,5808.603625,5808.603625,5808.603625,0.0,5808.603625,5808.603625,,,,,,,,,,,,,,,,,,,,,,,,,,,,,,,,,,,,,,,,,,,,,,,,,,,,,,,,,,,,,,,,,,,,,,,,,,,,,,,,,,,,,,,,,,,,,,,,,,,,,,,,,,,,,,,,
phase1,L_project_title_vos,warm,synthetic,flat,50,process:spawn_to_process_exit_ms,PASS,1,1,0,0,1,5856.965667,5856.965667,5856.965667,5856.965667,0.0,5856.965667,5856.965667,,,,,,,,,,,,,,,,,,,,,,,,,,,,,,,,,,,,,,,,,,,,,,,,,,,,,,,,,,,,,,,,,,,,,,,,,,,,,,,,,,,,,,,,,,,,,,,,,,,,,,,,,,,,,,,,
phase1,L_project_title_vos,warm,synthetic,hierarchical,2000,process:spawn_to_ui_ready_ms,PASS,1,1,0,0,1,651.687375,651.687375,651.687375,651.687375,0.0,651.687375,651.687375,,,,,,,,,,,,,,,,,,,,,,,,,,,,,,,,,,,,,,,,,,,,,,,,,,,,,,,,,,,,,,,,,,,,,,,,,,,,,,,,,,,,,,,,,,,,,,,,,,,,,,,,,,,,,,,,
phase1,L_project_title_vos,warm,synthetic,hierarchical,2000,process:spawn_to_library_ready_ms,PASS,1,1,0,0,1,1299.001875,1299.001875,1299.001875,1299.001875,0.0,1299.001875,1299.001875,,,,,,,,,,,,,,,,,,,,,,,,,,,,,,,,,,,,,,,,,,,,,,,,,,,,,,,,,,,,,,,,,,,,,,,,,,,,,,,,,,,,,,,,,,,,,,,,,,,,,,,,,,,,,,,,
phase1,L_project_title_vos,warm,synthetic,hierarchical,2000,process:complete_marker_ms,PASS,1,1,0,0,1,5136.8455,5136.8455,5136.8455,5136.8455,0.0,5136.8455,5136.8455,,,,,,,,,,,,,,,,,,,,,,,,,,,,,,,,,,,,,,,,,,,,,,,,,,,,,,,,,,,,,,,,,,,,,,,,,,,,,,,,,,,,,,,,,,,,,,,,,,,,,,,,,,,,,,,,
phase1,L_project_title_vos,warm,synthetic,hierarchical,2000,process:spawn_to_process_exit_ms,PASS,1,1,0,0,1,5182.6615,5182.6615,5182.6615,5182.6615,0.0,5182.6615,5182.6615,,,,,,,,,,,,,,,,,,,,,,,,,,,,,,,,,,,,,,,,,,,,,,,,,,,,,,,,,,,,,,,,,,,,,,,,,,,,,,,,,,,,,,,,,,,,,,,,,,,,,,,,,,,,,,,,
phase1,L_project_title_vos,warm,synthetic,hierarchical,50,process:spawn_to_ui_ready_ms,PASS,1,1,0,0,1,527.868583,527.868583,527.868583,527.868583,0.0,527.868583,527.868583,,,,,,,,,,,,,,,,,,,,,,,,,,,,,,,,,,,,,,,,,,,,,,,,,,,,,,,,,,,,,,,,,,,,,,,,,,,,,,,,,,,,,,,,,,,,,,,,,,,,,,,,,,,,,,,,
phase1,L_project_title_vos,warm,synthetic,hierarchical,50,process:spawn_to_library_ready_ms,PASS,1,1,0,0,1,1154.506416,1154.506416,1154.506416,1154.506416,0.0,1154.506416,1154.506416,,,,,,,,,,,,,,,,,,,,,,,,,,,,,,,,,,,,,,,,,,,,,,,,,,,,,,,,,,,,,,,,,,,,,,,,,,,,,,,,,,,,,,,,,,,,,,,,,,,,,,,,,,,,,,,,
phase1,L_project_title_vos,warm,synthetic,hierarchical,50,process:complete_marker_ms,PASS,1,1,0,0,1,4600.670083,4600.670083,4600.670083,4600.670083,0.0,4600.670083,4600.670083,,,,,,,,,,,,,,,,,,,,,,,,,,,,,,,,,,,,,,,,,,,,,,,,,,,,,,,,,,,,,,,,,,,,,,,,,,,,,,,,,,,,,,,,,,,,,,,,,,,,,,,,,,,,,,,,
phase1,L_project_title_vos,warm,synthetic,hierarchical,50,process:spawn_to_process_exit_ms,PASS,1,1,0,0,1,4643.748708,4643.748708,4643.748708,4643.748708,0.0,4643.748708,4643.748708,,,,,,,,,,,,,,,,,,,,,,,,,,,,,,,,,,,,,,,,,,,,,,,,,,,,,,,,,,,,,,,,,,,,,,,,,,,,,,,,,,,,,,,,,,,,,,,,,,,,,,,,,,,,,,,,
phase1_setup,A_stock,steady_init,startup,hierarchical,2000,process:spawn_to_ui_ready_ms,PASS,1,1,0,0,1,688.045125,688.045125,688.045125,688.045125,0.0,688.045125,688.045125,,,,,,,,,,,,,,,,,,,,,,,,,,,,,,,,,,,,,,,,,,,,,,,,,,,,,,,,,,,,,,,,,,,,,,,,,,,,,,,,,,,,,,,,,,,,,,,,,,,,,,,,,,,,,,,,
phase1_setup,A_stock,steady_init,startup,hierarchical,2000,process:spawn_to_library_ready_ms,PASS,1,1,0,0,1,713.005917,713.005917,713.005917,713.005917,0.0,713.005917,713.005917,,,,,,,,,,,,,,,,,,,,,,,,,,,,,,,,,,,,,,,,,,,,,,,,,,,,,,,,,,,,,,,,,,,,,,,,,,,,,,,,,,,,,,,,,,,,,,,,,,,,,,,,,,,,,,,,
phase1_setup,A_stock,steady_init,startup,hierarchical,2000,process:complete_marker_ms,PASS,1,1,0,0,1,717.499959,717.499959,717.499959,717.499959,0.0,717.499959,717.499959,,,,,,,,,,,,,,,,,,,,,,,,,,,,,,,,,,,,,,,,,,,,,,,,,,,,,,,,,,,,,,,,,,,,,,,,,,,,,,,,,,,,,,,,,,,,,,,,,,,,,,,,,,,,,,,,
phase1_setup,A_stock,steady_init,startup,hierarchical,2000,process:spawn_to_process_exit_ms,PASS,1,1,0,0,1,761.422875,761.422875,761.422875,761.422875,0.0,761.422875,761.422875,,,,,,,,,,,,,,,,,,,,,,,,,,,,,,,,,,,,,,,,,,,,,,,,,,,,,,,,,,,,,,,,,,,,,,,,,,,,,,,,,,,,,,,,,,,,,,,,,,,,,,,,,,,,,,,,
phase1_setup,B_bookshelf,steady_init,startup,hierarchical,2000,process:spawn_to_ui_ready_ms,PASS,1,1,0,0,1,495.986291,495.986291,495.986291,495.986291,0.0,495.986291,495.986291,,,,,,,,,,,,,,,,,,,,,,,,,,,,,,,,,,,,,,,,,,,,,,,,,,,,,,,,,,,,,,,,,,,,,,,,,,,,,,,,,,,,,,,,,,,,,,,,,,,,,,,,,,,,,,,,
phase1_setup,B_bookshelf,steady_init,startup,hierarchical,2000,process:spawn_to_library_ready_ms,PASS,1,1,0,0,1,521.221416,521.221416,521.221416,521.221416,0.0,521.221416,521.221416,,,,,,,,,,,,,,,,,,,,,,,,,,,,,,,,,,,,,,,,,,,,,,,,,,,,,,,,,,,,,,,,,,,,,,,,,,,,,,,,,,,,,,,,,,,,,,,,,,,,,,,,,,,,,,,,
phase1_setup,B_bookshelf,steady_init,startup,hierarchical,2000,process:complete_marker_ms,PASS,1,1,0,0,1,525.994,525.994,525.994,525.994,0.0,525.994,525.994,,,,,,,,,,,,,,,,,,,,,,,,,,,,,,,,,,,,,,,,,,,,,,,,,,,,,,,,,,,,,,,,,,,,,,,,,,,,,,,,,,,,,,,,,,,,,,,,,,,,,,,,,,,,,,,,
phase1_setup,B_bookshelf,steady_init,startup,hierarchical,2000,process:spawn_to_process_exit_ms,PASS,1,1,0,0,1,563.869791,563.869791,563.869791,563.869791,0.0,563.869791,563.869791,,,,,,,,,,,,,,,,,,,,,,,,,,,,,,,,,,,,,,,,,,,,,,,,,,,,,,,,,,,,,,,,,,,,,,,,,,,,,,,,,,,,,,,,,,,,,,,,,,,,,,,,,,,,,,,,
phase1_setup,C_simpleui,steady_init,startup,hierarchical,2000,process:spawn_to_ui_ready_ms,PASS,1,1,0,0,1,614.092792,614.092792,614.092792,614.092792,0.0,614.092792,614.092792,,,,,,,,,,,,,,,,,,,,,,,,,,,,,,,,,,,,,,,,,,,,,,,,,,,,,,,,,,,,,,,,,,,,,,,,,,,,,,,,,,,,,,,,,,,,,,,,,,,,,,,,,,,,,,,,
phase1_setup,C_simpleui,steady_init,startup,hierarchical,2000,process:spawn_to_library_ready_ms,PASS,1,1,0,0,1,657.656959,657.656959,657.656959,657.656959,0.0,657.656959,657.656959,,,,,,,,,,,,,,,,,,,,,,,,,,,,,,,,,,,,,,,,,,,,,,,,,,,,,,,,,,,,,,,,,,,,,,,,,,,,,,,,,,,,,,,,,,,,,,,,,,,,,,,,,,,,,,,,
phase1_setup,C_simpleui,steady_init,startup,hierarchical,2000,process:complete_marker_ms,PASS,1,1,0,0,1,664.445875,664.445875,664.445875,664.445875,0.0,664.445875,664.445875,,,,,,,,,,,,,,,,,,,,,,,,,,,,,,,,,,,,,,,,,,,,,,,,,,,,,,,,,,,,,,,,,,,,,,,,,,,,,,,,,,,,,,,,,,,,,,,,,,,,,,,,,,,,,,,,
phase1_setup,C_simpleui,steady_init,startup,hierarchical,2000,process:spawn_to_process_exit_ms,PASS,1,1,0,0,1,745.361417,745.361417,745.361417,745.361417,0.0,745.361417,745.361417,,,,,,,,,,,,,,,,,,,,,,,,,,,,,,,,,,,,,,,,,,,,,,,,,,,,,,,,,,,,,,,,,,,,,,,,,,,,,,,,,,,,,,,,,,,,,,,,,,,,,,,,,,,,,,,,
phase1_setup,D_zenos,steady_init,startup,hierarchical,2000,process:spawn_to_ui_ready_ms,PASS,1,1,0,0,1,680.37225,680.37225,680.37225,680.37225,0.0,680.37225,680.37225,,,,,,,,,,,,,,,,,,,,,,,,,,,,,,,,,,,,,,,,,,,,,,,,,,,,,,,,,,,,,,,,,,,,,,,,,,,,,,,,,,,,,,,,,,,,,,,,,,,,,,,,,,,,,,,,
phase1_setup,D_zenos,steady_init,startup,hierarchical,2000,process:spawn_to_library_ready_ms,PASS,1,1,0,0,1,759.575625,759.575625,759.575625,759.575625,0.0,759.575625,759.575625,,,,,,,,,,,,,,,,,,,,,,,,,,,,,,,,,,,,,,,,,,,,,,,,,,,,,,,,,,,,,,,,,,,,,,,,,,,,,,,,,,,,,,,,,,,,,,,,,,,,,,,,,,,,,,,,
phase1_setup,D_zenos,steady_init,startup,hierarchical,2000,process:complete_marker_ms,PASS,1,1,0,0,1,770.413708,770.413708,770.413708,770.413708,0.0,770.413708,770.413708,,,,,,,,,,,,,,,,,,,,,,,,,,,,,,,,,,,,,,,,,,,,,,,,,,,,,,,,,,,,,,,,,,,,,,,,,,,,,,,,,,,,,,,,,,,,,,,,,,,,,,,,,,,,,,,,
phase1_setup,D_zenos,steady_init,startup,hierarchical,2000,process:spawn_to_process_exit_ms,PASS,1,1,0,0,1,812.2485,812.2485,812.2485,812.2485,0.0,812.2485,812.2485,,,,,,,,,,,,,,,,,,,,,,,,,,,,,,,,,,,,,,,,,,,,,,,,,,,,,,,,,,,,,,,,,,,,,,,,,,,,,,,,,,,,,,,,,,,,,,,,,,,,,,,,,,,,,,,,
phase1_setup,E_project_title,steady_init,startup,hierarchical,2000,process:spawn_to_ui_ready_ms,PASS,1,1,0,0,1,346.205375,346.205375,346.205375,346.205375,0.0,346.205375,346.205375,,,,,,,,,,,,,,,,,,,,,,,,,,,,,,,,,,,,,,,,,,,,,,,,,,,,,,,,,,,,,,,,,,,,,,,,,,,,,,,,,,,,,,,,,,,,,,,,,,,,,,,,,,,,,,,,
phase1_setup,E_project_title,steady_init,startup,hierarchical,2000,process:spawn_to_library_ready_ms,PASS,1,1,0,0,1,367.611709,367.611709,367.611709,367.611709,0.0,367.611709,367.611709,,,,,,,,,,,,,,,,,,,,,,,,,,,,,,,,,,,,,,,,,,,,,,,,,,,,,,,,,,,,,,,,,,,,,,,,,,,,,,,,,,,,,,,,,,,,,,,,,,,,,,,,,,,,,,,,
phase1_setup,E_project_title,steady_init,startup,hierarchical,2000,process:complete_marker_ms,PASS,1,1,0,0,1,371.86975,371.86975,371.86975,371.86975,0.0,371.86975,371.86975,,,,,,,,,,,,,,,,,,,,,,,,,,,,,,,,,,,,,,,,,,,,,,,,,,,,,,,,,,,,,,,,,,,,,,,,,,,,,,,,,,,,,,,,,,,,,,,,,,,,,,,,,,,,,,,,
phase1_setup,E_project_title,steady_init,startup,hierarchical,2000,process:spawn_to_process_exit_ms,PASS,1,1,0,0,1,409.884834,409.884834,409.884834,409.884834,0.0,409.884834,409.884834,,,,,,,,,,,,,,,,,,,,,,,,,,,,,,,,,,,,,,,,,,,,,,,,,,,,,,,,,,,,,,,,,,,,,,,,,,,,,,,,,,,,,,,,,,,,,,,,,,,,,,,,,,,,,,,,
phase1_setup,F_vos,steady_init,startup,hierarchical,2000,process:spawn_to_ui_ready_ms,PASS,1,1,0,0,1,533.999167,533.999167,533.999167,533.999167,0.0,533.999167,533.999167,,,,,,,,,,,,,,,,,,,,,,,,,,,,,,,,,,,,,,,,,,,,,,,,,,,,,,,,,,,,,,,,,,,,,,,,,,,,,,,,,,,,,,,,,,,,,,,,,,,,,,,,,,,,,,,,
phase1_setup,F_vos,steady_init,startup,hierarchical,2000,process:spawn_to_library_ready_ms,PASS,1,1,0,0,1,575.95625,575.95625,575.95625,575.95625,0.0,575.95625,575.95625,,,,,,,,,,,,,,,,,,,,,,,,,,,,,,,,,,,,,,,,,,,,,,,,,,,,,,,,,,,,,,,,,,,,,,,,,,,,,,,,,,,,,,,,,,,,,,,,,,,,,,,,,,,,,,,,
phase1_setup,F_vos,steady_init,startup,hierarchical,2000,process:complete_marker_ms,PASS,1,1,0,0,1,581.54775,581.54775,581.54775,581.54775,0.0,581.54775,581.54775,,,,,,,,,,,,,,,,,,,,,,,,,,,,,,,,,,,,,,,,,,,,,,,,,,,,,,,,,,,,,,,,,,,,,,,,,,,,,,,,,,,,,,,,,,,,,,,,,,,,,,,,,,,,,,,,
phase1_setup,F_vos,steady_init,startup,hierarchical,2000,process:spawn_to_process_exit_ms,PASS,1,1,0,0,1,625.45225,625.45225,625.45225,625.45225,0.0,625.45225,625.45225,,,,,,,,,,,,,,,,,,,,,,,,,,,,,,,,,,,,,,,,,,,,,,,,,,,,,,,,,,,,,,,,,,,,,,,,,,,,,,,,,,,,,,,,,,,,,,,,,,,,,,,,,,,,,,,,
phase1_setup,G_simpleui_bookshelf,steady_init,startup,hierarchical,2000,process:spawn_to_ui_ready_ms,PASS,1,1,0,0,1,624.39425,624.39425,624.39425,624.39425,0.0,624.39425,624.39425,,,,,,,,,,,,,,,,,,,,,,,,,,,,,,,,,,,,,,,,,,,,,,,,,,,,,,,,,,,,,,,,,,,,,,,,,,,,,,,,,,,,,,,,,,,,,,,,,,,,,,,,,,,,,,,,
phase1_setup,G_simpleui_bookshelf,steady_init,startup,hierarchical,2000,process:spawn_to_library_ready_ms,PASS,1,1,0,0,1,664.555459,664.555459,664.555459,664.555459,0.0,664.555459,664.555459,,,,,,,,,,,,,,,,,,,,,,,,,,,,,,,,,,,,,,,,,,,,,,,,,,,,,,,,,,,,,,,,,,,,,,,,,,,,,,,,,,,,,,,,,,,,,,,,,,,,,,,,,,,,,,,,
phase1_setup,G_simpleui_bookshelf,steady_init,startup,hierarchical,2000,process:complete_marker_ms,PASS,1,1,0,0,1,672.32475,672.32475,672.32475,672.32475,0.0,672.32475,672.32475,,,,,,,,,,,,,,,,,,,,,,,,,,,,,,,,,,,,,,,,,,,,,,,,,,,,,,,,,,,,,,,,,,,,,,,,,,,,,,,,,,,,,,,,,,,,,,,,,,,,,,,,,,,,,,,,
phase1_setup,G_simpleui_bookshelf,steady_init,startup,hierarchical,2000,process:spawn_to_process_exit_ms,PASS,1,1,0,0,1,716.029959,716.029959,716.029959,716.029959,0.0,716.029959,716.029959,,,,,,,,,,,,,,,,,,,,,,,,,,,,,,,,,,,,,,,,,,,,,,,,,,,,,,,,,,,,,,,,,,,,,,,,,,,,,,,,,,,,,,,,,,,,,,,,,,,,,,,,,,,,,,,,
phase1_setup,H_zenos_bookshelf,steady_init,startup,hierarchical,2000,process:spawn_to_ui_ready_ms,PASS,1,1,0,0,1,637.7075,637.7075,637.7075,637.7075,0.0,637.7075,637.7075,,,,,,,,,,,,,,,,,,,,,,,,,,,,,,,,,,,,,,,,,,,,,,,,,,,,,,,,,,,,,,,,,,,,,,,,,,,,,,,,,,,,,,,,,,,,,,,,,,,,,,,,,,,,,,,,
phase1_setup,H_zenos_bookshelf,steady_init,startup,hierarchical,2000,process:spawn_to_library_ready_ms,PASS,1,1,0,0,1,723.338125,723.338125,723.338125,723.338125,0.0,723.338125,723.338125,,,,,,,,,,,,,,,,,,,,,,,,,,,,,,,,,,,,,,,,,,,,,,,,,,,,,,,,,,,,,,,,,,,,,,,,,,,,,,,,,,,,,,,,,,,,,,,,,,,,,,,,,,,,,,,,
phase1_setup,H_zenos_bookshelf,steady_init,startup,hierarchical,2000,process:complete_marker_ms,PASS,1,1,0,0,1,732.395583,732.395583,732.395583,732.395583,0.0,732.395583,732.395583,,,,,,,,,,,,,,,,,,,,,,,,,,,,,,,,,,,,,,,,,,,,,,,,,,,,,,,,,,,,,,,,,,,,,,,,,,,,,,,,,,,,,,,,,,,,,,,,,,,,,,,,,,,,,,,,
phase1_setup,H_zenos_bookshelf,steady_init,startup,hierarchical,2000,process:spawn_to_process_exit_ms,PASS,1,1,0,0,1,773.679625,773.679625,773.679625,773.679625,0.0,773.679625,773.679625,,,,,,,,,,,,,,,,,,,,,,,,,,,,,,,,,,,,,,,,,,,,,,,,,,,,,,,,,,,,,,,,,,,,,,,,,,,,,,,,,,,,,,,,,,,,,,,,,,,,,,,,,,,,,,,,
phase1_setup,I_vos_bookshelf,steady_init,startup,hierarchical,2000,process:spawn_to_ui_ready_ms,PASS,1,1,0,0,1,488.0085,488.0085,488.0085,488.0085,0.0,488.0085,488.0085,,,,,,,,,,,,,,,,,,,,,,,,,,,,,,,,,,,,,,,,,,,,,,,,,,,,,,,,,,,,,,,,,,,,,,,,,,,,,,,,,,,,,,,,,,,,,,,,,,,,,,,,,,,,,,,,
phase1_setup,I_vos_bookshelf,steady_init,startup,hierarchical,2000,process:spawn_to_library_ready_ms,PASS,1,1,0,0,1,531.223458,531.223458,531.223458,531.223458,0.0,531.223458,531.223458,,,,,,,,,,,,,,,,,,,,,,,,,,,,,,,,,,,,,,,,,,,,,,,,,,,,,,,,,,,,,,,,,,,,,,,,,,,,,,,,,,,,,,,,,,,,,,,,,,,,,,,,,,,,,,,,
phase1_setup,I_vos_bookshelf,steady_init,startup,hierarchical,2000,process:complete_marker_ms,PASS,1,1,0,0,1,537.6355,537.6355,537.6355,537.6355,0.0,537.6355,537.6355,,,,,,,,,,,,,,,,,,,,,,,,,,,,,,,,,,,,,,,,,,,,,,,,,,,,,,,,,,,,,,,,,,,,,,,,,,,,,,,,,,,,,,,,,,,,,,,,,,,,,,,,,,,,,,,,
phase1_setup,I_vos_bookshelf,steady_init,startup,hierarchical,2000,process:spawn_to_process_exit_ms,PASS,1,1,0,0,1,588.190625,588.190625,588.190625,588.190625,0.0,588.190625,588.190625,,,,,,,,,,,,,,,,,,,,,,,,,,,,,,,,,,,,,,,,,,,,,,,,,,,,,,,,,,,,,,,,,,,,,,,,,,,,,,,,,,,,,,,,,,,,,,,,,,,,,,,,,,,,,,,,
phase1_setup,J_simpleui_vos,steady_init,startup,hierarchical,2000,process:spawn_to_ui_ready_ms,PASS,1,1,0,0,1,443.443709,443.443709,443.443709,443.443709,0.0,443.443709,443.443709,,,,,,,,,,,,,,,,,,,,,,,,,,,,,,,,,,,,,,,,,,,,,,,,,,,,,,,,,,,,,,,,,,,,,,,,,,,,,,,,,,,,,,,,,,,,,,,,,,,,,,,,,,,,,,,,
phase1_setup,J_simpleui_vos,steady_init,startup,hierarchical,2000,process:spawn_to_library_ready_ms,PASS,1,1,0,0,1,485.264834,485.264834,485.264834,485.264834,0.0,485.264834,485.264834,,,,,,,,,,,,,,,,,,,,,,,,,,,,,,,,,,,,,,,,,,,,,,,,,,,,,,,,,,,,,,,,,,,,,,,,,,,,,,,,,,,,,,,,,,,,,,,,,,,,,,,,,,,,,,,,
phase1_setup,J_simpleui_vos,steady_init,startup,hierarchical,2000,process:complete_marker_ms,PASS,1,1,0,0,1,492.560584,492.560584,492.560584,492.560584,0.0,492.560584,492.560584,,,,,,,,,,,,,,,,,,,,,,,,,,,,,,,,,,,,,,,,,,,,,,,,,,,,,,,,,,,,,,,,,,,,,,,,,,,,,,,,,,,,,,,,,,,,,,,,,,,,,,,,,,,,,,,,
phase1_setup,J_simpleui_vos,steady_init,startup,hierarchical,2000,process:spawn_to_process_exit_ms,PASS,1,1,0,0,1,532.028542,532.028542,532.028542,532.028542,0.0,532.028542,532.028542,,,,,,,,,,,,,,,,,,,,,,,,,,,,,,,,,,,,,,,,,,,,,,,,,,,,,,,,,,,,,,,,,,,,,,,,,,,,,,,,,,,,,,,,,,,,,,,,,,,,,,,,,,,,,,,,
phase1_setup,K_simpleui_vos_bookshelf,steady_init,startup,hierarchical,2000,process:spawn_to_ui_ready_ms,PASS,1,1,0,0,1,706.04475,706.04475,706.04475,706.04475,0.0,706.04475,706.04475,,,,,,,,,,,,,,,,,,,,,,,,,,,,,,,,,,,,,,,,,,,,,,,,,,,,,,,,,,,,,,,,,,,,,,,,,,,,,,,,,,,,,,,,,,,,,,,,,,,,,,,,,,,,,,,,
phase1_setup,K_simpleui_vos_bookshelf,steady_init,startup,hierarchical,2000,process:spawn_to_library_ready_ms,PASS,1,1,0,0,1,750.562958,750.562958,750.562958,750.562958,0.0,750.562958,750.562958,,,,,,,,,,,,,,,,,,,,,,,,,,,,,,,,,,,,,,,,,,,,,,,,,,,,,,,,,,,,,,,,,,,,,,,,,,,,,,,,,,,,,,,,,,,,,,,,,,,,,,,,,,,,,,,,
phase1_setup,K_simpleui_vos_bookshelf,steady_init,startup,hierarchical,2000,process:complete_marker_ms,PASS,1,1,0,0,1,759.214708,759.214708,759.214708,759.214708,0.0,759.214708,759.214708,,,,,,,,,,,,,,,,,,,,,,,,,,,,,,,,,,,,,,,,,,,,,,,,,,,,,,,,,,,,,,,,,,,,,,,,,,,,,,,,,,,,,,,,,,,,,,,,,,,,,,,,,,,,,,,,
phase1_setup,K_simpleui_vos_bookshelf,steady_init,startup,hierarchical,2000,process:spawn_to_process_exit_ms,PASS,1,1,0,0,1,800.618458,800.618458,800.618458,800.618458,0.0,800.618458,800.618458,,,,,,,,,,,,,,,,,,,,,,,,,,,,,,,,,,,,,,,,,,,,,,,,,,,,,,,,,,,,,,,,,,,,,,,,,,,,,,,,,,,,,,,,,,,,,,,,,,,,,,,,,,,,,,,,
phase1_setup,L_project_title_vos,steady_init,startup,hierarchical,2000,process:spawn_to_ui_ready_ms,PASS,1,1,0,0,1,542.637084,542.637084,542.637084,542.637084,0.0,542.637084,542.637084,,,,,,,,,,,,,,,,,,,,,,,,,,,,,,,,,,,,,,,,,,,,,,,,,,,,,,,,,,,,,,,,,,,,,,,,,,,,,,,,,,,,,,,,,,,,,,,,,,,,,,,,,,,,,,,,
phase1_setup,L_project_title_vos,steady_init,startup,hierarchical,2000,process:spawn_to_library_ready_ms,PASS,1,1,0,0,1,582.066667,582.066667,582.066667,582.066667,0.0,582.066667,582.066667,,,,,,,,,,,,,,,,,,,,,,,,,,,,,,,,,,,,,,,,,,,,,,,,,,,,,,,,,,,,,,,,,,,,,,,,,,,,,,,,,,,,,,,,,,,,,,,,,,,,,,,,,,,,,,,,
phase1_setup,L_project_title_vos,steady_init,startup,hierarchical,2000,process:complete_marker_ms,PASS,1,1,0,0,1,587.505709,587.505709,587.505709,587.505709,0.0,587.505709,587.505709,,,,,,,,,,,,,,,,,,,,,,,,,,,,,,,,,,,,,,,,,,,,,,,,,,,,,,,,,,,,,,,,,,,,,,,,,,,,,,,,,,,,,,,,,,,,,,,,,,,,,,,,,,,,,,,,
phase1_setup,L_project_title_vos,steady_init,startup,hierarchical,2000,process:spawn_to_process_exit_ms,PASS,1,1,0,0,1,625.0625,625.0625,625.0625,625.0625,0.0,625.0625,625.0625,,,,,,,,,,,,,,,,,,,,,,,,,,,,,,,,,,,,,,,,,,,,,,,,,,,,,,,,,,,,,,,,,,,,,,,,,,,,,,,,,,,,,,,,,,,,,,,,,,,,,,,,,,,,,,,,
phase1,A_stock,first_run_cold,startup,hierarchical,2000,memory:post_library_render_idle,PASS,3,3,0,0,,,,,,,,,3,9026.9619140625,9011.8173828125,9097.9697265625,9050.23828125,57.49477466392133,9008.03125,9115.7216796875,,,,,,,,,3,171792.0,171075.2,172342.4,171722.66666666666,794.2728330575919,170896.0,172480.0,,,,,,,,,,,,,,,,,,,,,,,,,,,,,,,,,,,,,,,,,,,,,,,,,,,,,,,,,,,,,,,,,,,,,,,,,,,,,,,,,3,8370.7958984375,8359.836523437501,8389.8646484375,8374.1748046875,18.99433453066191,8357.0966796875,8394.6318359375
phase1,A_stock,first_run_cold,startup,hierarchical,2000,memory:post_init_idle,PASS,3,3,0,0,,,,,,,,,3,14545.701171875,14201.3535156246,14557.3285156246,14407.067708333,252.8116394262316,14115.266601562,14560.235351562,,,,,,,,,3,163968.0,162752.0,166105.59999999998,164352.0,2122.2177079649487,162448.0,166640.0,,,,,,,,,,,,,,,,,,,,,,,,,,,,,,,,,,,,,,,,,,,,,,,,,,,,,,,,,,,,,,,,,,,,,,,,,,,,,,,,,3,8272.8544921875,8254.3201171875,8296.8326171875,8275.122721354166,26.642825563592993,8249.6865234375,8302.8271484375
phase1,A_stock,paging,paging,flat,2000,memory:post_stress_idle,PASS,3,3,0,0,,,,,,,,,3,11518.069335938,11485.272460938,12581.375585938,11947.448242188,779.4793061940709,11477.073242188,12847.202148438,,,,,,,,,3,196544.0,195545.60000000003,198374.4,196890.66666666666,1793.3090456843554,195296.0,198832.0,,,,,,,,,,,,,,,,,,,,,,,,,,,,,,,,,,,,,,,,,,,,,,,,,,,,,,,,,,,,,,,,,,,,,,,,,,,,,,,,,3,11463.811523438,11458.880273438,11493.564648438,11474.153971354666,23.455251849314656,11457.647460938,11501.002929688
phase1,A_stock,paging,paging,flat,2000,memory:post_init_idle,PASS,3,3,0,0,,,,,,,,,3,17032.458984375,16853.442578124603,17067.1707031246,16972.33203124967,143.3704123624642,16808.688476562,17075.848632812,,,,,,,,,3,170640.0,169308.80000000002,170896.0,170192.0,1065.1722865339673,168976.0,170960.0,,,,,,,,,,,,,,,,,,,,,,,,,,,,,,,,,,,,,,,,,,,,,,,,,,,,,,,,,,,,,,,,,,,,,,,,,,,,,,,,,3,10892.963867188,10851.607617188001,10917.195117188001,10885.828450521332,41.455338188107504,10841.268554688,10923.252929688
phase1,A_stock,paging,paging,hierarchical,2000,memory:post_init_idle,PASS,3,3,0,0,,,,,,,,,3,14565.254882812,14539.680664062402,14570.801757812,14556.910156249665,20.74981778967055,14533.287109375,14572.188476562,,,,,,,,,3,166064.0,165833.60000000003,166627.19999999998,166202.66666666666,510.3306117933093,165776.0,166768.0,,,,,,,,,,,,,,,,,,,,,,,,,,,,,,,,,,,,,,,,,,,,,,,,,,,,,,,,,,,,,,,,,,,,,,,,,,,,,,,,,3,8304.0771484375,8254.4021484375,8335.6615234375,8296.539388020834,51.20492020052871,8241.9833984375,8343.5576171875
phase1,A_stock,paging,paging,hierarchical,2000,memory:post_stress_idle,PASS,3,3,0,0,,,,,,,,,3,12067.548828125,12010.772265625,12977.5371093754,12423.053710937667,678.144011479684,11996.578125,13205.034179688,,,,,,,,,3,194576.0,193680.00000000003,194960.0,194362.66666666666,821.0562303115015,193456.0,195056.0,,,,,,,,,,,,,,,,,,,,,,,,,,,,,,,,,,,,,,,,,,,,,,,,,,,,,,,,,,,,,,,,,,,,,,,,,,,,,,,,,3,9212.9638671875,9211.7138671875,9246.0919921875,9226.246419270834,24.371744678623504,9211.4013671875,9254.3740234375
phase1,A_stock,steady_state_cold,startup,hierarchical,2000,memory:post_init_idle,PASS,3,3,0,0,,,,,,,,,3,11784.049804688,11043.937304688001,13805.9740234376,12318.138020833669,1787.1642236159448,10858.909179688,14311.455078125,,,,,,,,,3,162528.0,157996.80000000002,165548.8,161898.66666666666,4751.362471263725,156864.0,166304.0,,,,,,,,,,,,,,,,,,,,,,,,,,,,,,,,,,,,,,,,,,,,,,,,,,,,,,,,,,,,,,,,,,,,,,,,,,,,,,,,,3,8243.5380859375,8234.5505859375,8275.7943359375,8253.2333984375,27.11034422799084,8232.3037109375,8283.8583984375
phase1,A_stock,steady_state_cold,startup,hierarchical,2000,memory:post_library_render_idle,PASS,3,3,0,0,,,,,,,,,3,8952.615234375,8885.805078125,9017.648828125,8951.875,82.40483733186186,8869.1025390625,9033.9072265625,,,,,,,,,3,171440.0,166934.4,171491.2,169584.0,3270.2684905065516,165808.0,171504.0,,,,,,,,,,,,,,,,,,,,,,,,,,,,,,,,,,,,,,,,,,,,,,,,,,,,,,,,,,,,,,,,,,,,,,,,,,,,,,,,,3,8211.7255859375,8196.775585937501,8222.072460937501,8209.8076171875,15.897557849589813,8193.0380859375,8224.6591796875
phase1,A_stock,warm,synthetic,flat,2000,memory:post_init_idle,PASS,1,1,0,0,,,,,,,,,1,16714.532226562,16714.532226562,16714.532226562,16714.532226562,0.0,16714.532226562,16714.532226562,,,,,,,,,1,170688.0,170688.0,170688.0,170688.0,0.0,170688.0,170688.0,,,,,,,,,,,,,,,,,,,,,,,,,,,,,,,,,,,,,,,,,,,,,,,,,,,,,,,,,,,,,,,,,,,,,,,,,,,,,,,,,1,10915.151367188,10915.151367188,10915.151367188,10915.151367188,0.0,10915.151367188,10915.151367188
phase1,A_stock,warm,synthetic,flat,2000,memory:post_stress_idle,PASS,1,1,0,0,,,,,,,,,1,26829.251953125,26829.251953125,26829.251953125,26829.251953125,0.0,26829.251953125,26829.251953125,,,,,,,,,1,298144.0,298144.0,298144.0,298144.0,0.0,298144.0,298144.0,,,,,,,,,,,,,,,,,,,,,,,,,,,,,,,,,,,,,,,,,,,,,,,,,,,,,,,,,,,,,,,,,,,,,,,,,,,,,,,,,1,22324.681640625,22324.681640625,22324.681640625,22324.681640625,0.0,22324.681640625,22324.681640625
phase1,A_stock,warm,synthetic,flat,2000,memory:post_library_render_idle,PASS,1,1,0,0,,,,,,,,,1,46259.186523438,46259.186523438,46259.186523438,46259.186523438,0.0,46259.186523438,46259.186523438,,,,,,,,,1,283216.0,283216.0,283216.0,283216.0,0.0,283216.0,283216.0,,,,,,,,,,,,,,,,,,,,,,,,,,,,,,,,,,,,,,,,,,,,,,,,,,,,,,,,,,,,,,,,,,,,,,,,,,,,,,,,,1,26099.213867188,26099.213867188,26099.213867188,26099.213867188,0.0,26099.213867188,26099.213867188
phase1,A_stock,warm,synthetic,flat,50,memory:post_init_idle,PASS,1,1,0,0,,,,,,,,,1,12440.3515625,12440.3515625,12440.3515625,12440.3515625,0.0,12440.3515625,12440.3515625,,,,,,,,,1,166096.0,166096.0,166096.0,166096.0,0.0,166096.0,166096.0,,,,,,,,,,,,,,,,,,,,,,,,,,,,,,,,,,,,,,,,,,,,,,,,,,,,,,,,,,,,,,,,,,,,,,,,,,,,,,,,,1,8639.1865234375,8639.1865234375,8639.1865234375,8639.1865234375,0.0,8639.1865234375,8639.1865234375
phase1,A_stock,warm,synthetic,flat,50,memory:post_library_render_idle,PASS,1,1,0,0,,,,,,,,,1,26201.166992188,26201.166992188,26201.166992188,26201.166992188,0.0,26201.166992188,26201.166992188,,,,,,,,,1,219136.0,219136.0,219136.0,219136.0,0.0,219136.0,219136.0,,,,,,,,,,,,,,,,,,,,,,,,,,,,,,,,,,,,,,,,,,,,,,,,,,,,,,,,,,,,,,,,,,,,,,,,,,,,,,,,,1,26188.870117188,26188.870117188,26188.870117188,26188.870117188,0.0,26188.870117188,26188.870117188
phase1,A_stock,warm,synthetic,flat,50,memory:post_stress_idle,PASS,1,1,0,0,,,,,,,,,1,23488.923828125,23488.923828125,23488.923828125,23488.923828125,0.0,23488.923828125,23488.923828125,,,,,,,,,1,243936.0,243936.0,243936.0,243936.0,0.0,243936.0,243936.0,,,,,,,,,,,,,,,,,,,,,,,,,,,,,,,,,,,,,,,,,,,,,,,,,,,,,,,,,,,,,,,,,,,,,,,,,,,,,,,,,1,15883.099609375,15883.099609375,15883.099609375,15883.099609375,0.0,15883.099609375,15883.099609375
phase1,A_stock,warm,synthetic,hierarchical,2000,memory:post_init_idle,PASS,1,1,0,0,,,,,,,,,1,11329.463867188,11329.463867188,11329.463867188,11329.463867188,0.0,11329.463867188,11329.463867188,,,,,,,,,1,161472.0,161472.0,161472.0,161472.0,0.0,161472.0,161472.0,,,,,,,,,,,,,,,,,,,,,,,,,,,,,,,,,,,,,,,,,,,,,,,,,,,,,,,,,,,,,,,,,,,,,,,,,,,,,,,,,1,8271.5771484375,8271.5771484375,8271.5771484375,8271.5771484375,0.0,8271.5771484375,8271.5771484375
phase1,A_stock,warm,synthetic,hierarchical,2000,memory:post_stress_idle,PASS,1,1,0,0,,,,,,,,,1,28028.340820312,28028.340820312,28028.340820312,28028.340820312,0.0,28028.340820312,28028.340820312,,,,,,,,,1,231696.0,231696.0,231696.0,231696.0,0.0,231696.0,231696.0,,,,,,,,,,,,,,,,,,,,,,,,,,,,,,,,,,,,,,,,,,,,,,,,,,,,,,,,,,,,,,,,,,,,,,,,,,,,,,,,,1,20201.548828125,20201.548828125,20201.548828125,20201.548828125,0.0,20201.548828125,20201.548828125
phase1,A_stock,warm,synthetic,hierarchical,2000,memory:post_library_render_idle,PASS,1,1,0,0,,,,,,,,,1,9320.615234375,9320.615234375,9320.615234375,9320.615234375,0.0,9320.615234375,9320.615234375,,,,,,,,,1,178208.0,178208.0,178208.0,178208.0,0.0,178208.0,178208.0,,,,,,,,,,,,,,,,,,,,,,,,,,,,,,,,,,,,,,,,,,,,,,,,,,,,,,,,,,,,,,,,,,,,,,,,,,,,,,,,,1,8279.8076171875,8279.8076171875,8279.8076171875,8279.8076171875,0.0,8279.8076171875,8279.8076171875
phase1,A_stock,warm,synthetic,hierarchical,50,memory:post_init_idle,PASS,1,1,0,0,,,,,,,,,1,14569.962890625,14569.962890625,14569.962890625,14569.962890625,0.0,14569.962890625,14569.962890625,,,,,,,,,1,166816.0,166816.0,166816.0,166816.0,0.0,166816.0,166816.0,,,,,,,,,,,,,,,,,,,,,,,,,,,,,,,,,,,,,,,,,,,,,,,,,,,,,,,,,,,,,,,,,,,,,,,,,,,,,,,,,1,8425.4560546875,8425.4560546875,8425.4560546875,8425.4560546875,0.0,8425.4560546875,8425.4560546875
phase1,A_stock,warm,synthetic,hierarchical,50,memory:post_library_render_idle,PASS,1,1,0,0,,,,,,,,,1,9002.6123046875,9002.6123046875,9002.6123046875,9002.6123046875,0.0,9002.6123046875,9002.6123046875,,,,,,,,,1,181376.0,181376.0,181376.0,181376.0,0.0,181376.0,181376.0,,,,,,,,,,,,,,,,,,,,,,,,,,,,,,,,,,,,,,,,,,,,,,,,,,,,,,,,,,,,,,,,,,,,,,,,,,,,,,,,,1,8391.1708984375,8391.1708984375,8391.1708984375,8391.1708984375,0.0,8391.1708984375,8391.1708984375
phase1,A_stock,warm,synthetic,hierarchical,50,memory:post_stress_idle,PASS,1,1,0,0,,,,,,,,,1,20008.520507812,20008.520507812,20008.520507812,20008.520507812,0.0,20008.520507812,20008.520507812,,,,,,,,,1,215184.0,215184.0,215184.0,215184.0,0.0,215184.0,215184.0,,,,,,,,,,,,,,,,,,,,,,,,,,,,,,,,,,,,,,,,,,,,,,,,,,,,,,,,,,,,,,,,,,,,,,,,,,,,,,,,,1,13752.056640625,13752.056640625,13752.056640625,13752.056640625,0.0,13752.056640625,13752.056640625
phase1,B_bookshelf,first_run_cold,startup,hierarchical,2000,memory:post_init_idle,PASS,3,3,0,0,,,,,,,,,3,9361.640625,9202.3171875,9754.50859375,9458.950846354166,355.25978894519625,9162.486328125,9852.7255859375,,,,,,,,,3,167920.0,167152.0,168995.2,168048.0,1157.321044481608,166960.0,169264.0,,,,,,,,,,,,,,,,,,,,,,,,,,,,,,,,,,,,,,,,,,,,,,,,,,,,,,,,,,,,,,,,,,,,,,,,,,,,,,,,,3,8466.9384765625,8465.7041015625,8492.9791015625,8477.2744140625,19.254081392488054,8465.3955078125,8499.4892578125
phase1,B_bookshelf,first_run_cold,startup,hierarchical,2000,memory:post_library_render_idle,PASS,3,3,0,0,,,,,,,,,3,9315.8232421875,9254.4310546875,9318.7771484375,9291.473958333334,45.40943949297124,9239.0830078125,9319.515625,,,,,,,,,3,176112.0,175779.2,177596.8,176592.0,1209.6677229718912,175696.0,177968.0,,,,,,,,,,,,,,,,,,,,,,,,,,,,,,,,,,,,,,,,,,,,,,,,,,,,,,,,,,,,,,,,,,,,,,,,,,,,,,,,,3,8555.1025390625,8549.8837890625,8589.0712890625,8567.081705729166,26.598732564842063,8548.5791015625,8597.5634765625
phase1,B_bookshelf,paging,paging,flat,2000,memory:post_stress_idle,PASS,3,3,0,0,,,,,,,,,3,23896.767578125,22212.370703125,26030.134765625,24083.838541666668,2391.596116816302,21791.271484375,26563.4765625,,,,,,,,,3,234848.0,233120.00000000003,234860.8,234133.33333333334,1251.7209486676068,232688.0,234864.0,,,,,,,,,,,,,,,,,,,,,,,,,,,,,,,,,,,,,,,,,,,,,,,,,,,,,,,,,,,,,,,,,,,,,,,,,,,,,,,,,3,16587.294921875,16497.929296875,17257.288671875,16829.223307291668,518.7887787641894,16475.587890625,17424.787109375
phase1,B_bookshelf,paging,paging,flat,2000,memory:post_init_idle,PASS,3,3,0,0,,,,,,,,,3,18551.37890625,18534.6718750004,18569.2343750004,18551.85742187533,21.605537145467398,18530.495117188,18573.698242188,,,,,,,,,3,170496.0,170048.00000000003,171033.59999999998,170533.33333333334,616.8479012960435,169936.0,171168.0,,,,,,,,,,,,,,,,,,,,,,,,,,,,,,,,,,,,,,,,,,,,,,,,,,,,,,,,,,,,,,,,,,,,,,,,,,,,,,,,,3,11121.899414062,11057.240039062,11364.586914062,11196.077799478668,202.54896463308302,11041.075195312,11425.258789062
phase1,B_bookshelf,paging,paging,hierarchical,2000,memory:post_stress_idle,PASS,3,3,0,0,,,,,,,,,3,32055.881835938,30516.1451171876,32168.069335937995,31461.069661458663,1153.8238987166274,30131.2109375,32196.116210938,,,,,,,,,3,226608.0,226416.00000000003,227516.8,226906.66666666666,735.0138320693926,226368.0,227744.0,,,,,,,,,,,,,,,,,,,,,,,,,,,,,,,,,,,,,,,,,,,,,,,,,,,,,,,,,,,,,,,,,,,,,,,,,,,,,,,,,3,13334.986328125,13307.789453125002,13344.958203125,13327.809244791666,24.04761053046508,13300.990234375,13347.451171875
phase1,B_bookshelf,paging,paging,hierarchical,2000,memory:post_init_idle,PASS,3,3,0,0,,,,,,,,,3,14973.37890625,13808.380468750001,15659.67265625,14773.918619791666,1169.8806066847785,13517.130859375,15831.24609375,,,,,,,,,3,167792.0,167587.2,168393.6,167957.33333333334,523.9440173657233,167536.0,168544.0,,,,,,,,,,,,,,,,,,,,,,,,,,,,,,,,,,,,,,,,,,,,,,,,,,,,,,,,,,,,,,,,,,,,,,,,,,,,,,,,,3,8609.1728515625,8481.6353515625,8642.4791015625,8569.909830729166,106.12226649082528,8449.7509765625,8650.8056640625
phase1,B_bookshelf,steady_state_cold,startup,hierarchical,2000,memory:post_library_render_idle,PASS,3,3,0,0,,,,,,,,,3,9082.1845703125,9016.226757812501,9254.0400390625,9126.30859375,153.4667885386422,8999.7373046875,9297.00390625,,,,,,,,,3,171088.0,170153.6,175363.2,172480.0,3472.0,169920.0,176432.0,,,,,,,,,,,,,,,,,,,,,,,,,,,,,,,,,,,,,,,,,,,,,,,,,,,,,,,,,,,,,,,,,,,,,,,,,,,,,,,,,3,8383.0478515625,8348.9822265625,8519.0728515625,8425.530924479166,112.49315736659281,8340.4658203125,8553.0791015625
phase1,B_bookshelf,steady_state_cold,startup,hierarchical,2000,memory:post_init_idle,PASS,3,3,0,0,,,,,,,,,3,12948.743164062,10995.7861328124,14435.7017578124,12754.577148437333,2156.513059590895,10507.546875,14807.44140625,,,,,,,,,3,162608.0,161686.4,166473.59999999998,163834.66666666666,3174.99564304163,161456.0,167440.0,,,,,,,,,,,,,,,,,,,,,,,,,,,,,,,,,,,,,,,,,,,,,,,,,,,,,,,,,,,,,,,,,,,,,,,,,,,,,,,,,3,8385.1572265625,8337.1759765625,8483.5791015625,8406.174153645834,93.29464531102153,8325.1806640625,8508.1845703125
phase1,B_bookshelf,warm,synthetic,flat,2000,memory:post_init_idle,PASS,1,1,0,0,,,,,,,,,1,18357.62890625,18357.62890625,18357.62890625,18357.62890625,0.0,18357.62890625,18357.62890625,,,,,,,,,1,171568.0,171568.0,171568.0,171568.0,0.0,171568.0,171568.0,,,,,,,,,,,,,,,,,,,,,,,,,,,,,,,,,,,,,,,,,,,,,,,,,,,,,,,,,,,,,,,,,,,,,,,,,,,,,,,,,1,11081.266601562,11081.266601562,11081.266601562,11081.266601562,0.0,11081.266601562,11081.266601562
phase1,B_bookshelf,warm,synthetic,flat,2000,memory:post_stress_idle,PASS,1,1,0,0,,,,,,,,,1,21718.458007812,21718.458007812,21718.458007812,21718.458007812,0.0,21718.458007812,21718.458007812,,,,,,,,,1,287936.0,287936.0,287936.0,287936.0,0.0,287936.0,287936.0,,,,,,,,,,,,,,,,,,,,,,,,,,,,,,,,,,,,,,,,,,,,,,,,,,,,,,,,,,,,,,,,,,,,,,,,,,,,,,,,,1,21700.708007812,21700.708007812,21700.708007812,21700.708007812,0.0,21700.708007812,21700.708007812
phase1,B_bookshelf,warm,synthetic,flat,2000,memory:post_library_render_idle,PASS,1,1,0,0,,,,,,,,,1,84778.625976562,84778.625976562,84778.625976562,84778.625976562,0.0,84778.625976562,84778.625976562,,,,,,,,,1,279632.0,279632.0,279632.0,279632.0,0.0,279632.0,279632.0,,,,,,,,,,,,,,,,,,,,,,,,,,,,,,,,,,,,,,,,,,,,,,,,,,,,,,,,,,,,,,,,,,,,,,,,,,,,,,,,,1,66741.033203125,66741.033203125,66741.033203125,66741.033203125,0.0,66741.033203125,66741.033203125
phase1,B_bookshelf,warm,synthetic,flat,50,memory:post_init_idle,PASS,1,1,0,0,,,,,,,,,1,9435.4501953125,9435.4501953125,9435.4501953125,9435.4501953125,0.0,9435.4501953125,9435.4501953125,,,,,,,,,1,165056.0,165056.0,165056.0,165056.0,0.0,165056.0,165056.0,,,,,,,,,,,,,,,,,,,,,,,,,,,,,,,,,,,,,,,,,,,,,,,,,,,,,,,,,,,,,,,,,,,,,,,,,,,,,,,,,1,8838.3330078125,8838.3330078125,8838.3330078125,8838.3330078125,0.0,8838.3330078125,8838.3330078125
phase1,B_bookshelf,warm,synthetic,flat,50,memory:post_stress_idle,PASS,1,1,0,0,,,,,,,,,1,18916.024414062,18916.024414062,18916.024414062,18916.024414062,0.0,18916.024414062,18916.024414062,,,,,,,,,1,282496.0,282496.0,282496.0,282496.0,0.0,282496.0,282496.0,,,,,,,,,,,,,,,,,,,,,,,,,,,,,,,,,,,,,,,,,,,,,,,,,,,,,,,,,,,,,,,,,,,,,,,,,,,,,,,,,1,18900.309570312,18900.309570312,18900.309570312,18900.309570312,0.0,18900.309570312,18900.309570312
phase1,B_bookshelf,warm,synthetic,flat,50,memory:post_library_render_idle,PASS,1,1,0,0,,,,,,,,,1,31388.970703125,31388.970703125,31388.970703125,31388.970703125,0.0,31388.970703125,31388.970703125,,,,,,,,,1,213120.0,213120.0,213120.0,213120.0,0.0,213120.0,213120.0,,,,,,,,,,,,,,,,,,,,,,,,,,,,,,,,,,,,,,,,,,,,,,,,,,,,,,,,,,,,,,,,,,,,,,,,,,,,,,,,,1,26587.403320312,26587.403320312,26587.403320312,26587.403320312,0.0,26587.403320312,26587.403320312
phase1,B_bookshelf,warm,synthetic,hierarchical,2000,memory:post_stress_idle,PASS,1,1,0,0,,,,,,,,,1,41331.798828125,41331.798828125,41331.798828125,41331.798828125,0.0,41331.798828125,41331.798828125,,,,,,,,,1,248864.0,248864.0,248864.0,248864.0,0.0,248864.0,248864.0,,,,,,,,,,,,,,,,,,,,,,,,,,,,,,,,,,,,,,,,,,,,,,,,,,,,,,,,,,,,,,,,,,,,,,,,,,,,,,,,,1,23869.262695312,23869.262695312,23869.262695312,23869.262695312,0.0,23869.262695312,23869.262695312
phase1,B_bookshelf,warm,synthetic,hierarchical,2000,memory:post_init_idle,PASS,1,1,0,0,,,,,,,,,1,12199.94921875,12199.94921875,12199.94921875,12199.94921875,0.0,12199.94921875,12199.94921875,,,,,,,,,1,168880.0,168880.0,168880.0,168880.0,0.0,168880.0,168880.0,,,,,,,,,,,,,,,,,,,,,,,,,,,,,,,,,,,,,,,,,,,,,,,,,,,,,,,,,,,,,,,,,,,,,,,,,,,,,,,,,1,8526.4892578125,8526.4892578125,8526.4892578125,8526.4892578125,0.0,8526.4892578125,8526.4892578125
phase1,B_bookshelf,warm,synthetic,hierarchical,2000,memory:post_library_render_idle,PASS,1,1,0,0,,,,,,,,,1,9043.263671875,9043.263671875,9043.263671875,9043.263671875,0.0,9043.263671875,9043.263671875,,,,,,,,,1,185504.0,185504.0,185504.0,185504.0,0.0,185504.0,185504.0,,,,,,,,,,,,,,,,,,,,,,,,,,,,,,,,,,,,,,,,,,,,,,,,,,,,,,,,,,,,,,,,,,,,,,,,,,,,,,,,,1,8414.6767578125,8414.6767578125,8414.6767578125,8414.6767578125,0.0,8414.6767578125,8414.6767578125
phase1,B_bookshelf,warm,synthetic,hierarchical,50,memory:post_stress_idle,PASS,1,1,0,0,,,,,,,,,1,36920.178710938,36920.178710938,36920.178710938,36920.178710938,0.0,36920.178710938,36920.178710938,,,,,,,,,1,234400.0,234400.0,234400.0,234400.0,0.0,234400.0,234400.0,,,,,,,,,,,,,,,,,,,,,,,,,,,,,,,,,,,,,,,,,,,,,,,,,,,,,,,,,,,,,,,,,,,,,,,,,,,,,,,,,1,14775.387695312,14775.387695312,14775.387695312,14775.387695312,0.0,14775.387695312,14775.387695312
phase1,B_bookshelf,warm,synthetic,hierarchical,50,memory:post_init_idle,PASS,1,1,0,0,,,,,,,,,1,14360.010742188,14360.010742188,14360.010742188,14360.010742188,0.0,14360.010742188,14360.010742188,,,,,,,,,1,166016.0,166016.0,166016.0,166016.0,0.0,166016.0,166016.0,,,,,,,,,,,,,,,,,,,,,,,,,,,,,,,,,,,,,,,,,,,,,,,,,,,,,,,,,,,,,,,,,,,,,,,,,,,,,,,,,1,8633.7587890625,8633.7587890625,8633.7587890625,8633.7587890625,0.0,8633.7587890625,8633.7587890625
phase1,B_bookshelf,warm,synthetic,hierarchical,50,memory:post_library_render_idle,PASS,1,1,0,0,,,,,,,,,1,9475.435546875,9475.435546875,9475.435546875,9475.435546875,0.0,9475.435546875,9475.435546875,,,,,,,,,1,182928.0,182928.0,182928.0,182928.0,0.0,182928.0,182928.0,,,,,,,,,,,,,,,,,,,,,,,,,,,,,,,,,,,,,,,,,,,,,,,,,,,,,,,,,,,,,,,,,,,,,,,,,,,,,,,,,1,8431.5908203125,8431.5908203125,8431.5908203125,8431.5908203125,0.0,8431.5908203125,8431.5908203125
phase1,C_simpleui,first_run_cold,startup,hierarchical,2000,memory:post_init_idle,PASS,3,3,0,0,,,,,,,,,3,18211.307617188,18205.366210937602,18454.030273437602,18309.96647135433,177.35278823818624,18203.880859375,18514.7109375,,,,,,,,,3,173184.0,173068.8,173465.6,173253.33333333334,255.16530589665464,173040.0,173536.0,,,,,,,,,,,,,,,,,,,,,,,,,,,,,,,,,,,,,,,,,,,,,,,,,,,,,,,,,,,,,,,,,,,,,,,,,,,,,,,,,3,12465.186523438,12442.674023438001,12473.570898438,12459.299804688,19.972163474265212,12437.045898438,12475.666992188
phase1,C_simpleui,first_run_cold,startup,hierarchical,2000,memory:post_library_render_idle,PASS,3,3,0,0,,,,,,,,,3,13814.534179688,13801.615429688001,13866.315429688,13830.726888021332,42.800049750278355,13798.385742188,13879.260742188,,,,,,,,,3,181216.0,181164.80000000002,181305.59999999998,181232.0,89.08422980528034,181152.0,181328.0,,,,,,,,,,,,,,,,,,,,,,,,,,,,,,,,,,,,,,,,,,,,,,,,,,,,,,,,,,,,,,,,,,,,,,,,,,,,,,,,,3,12682.233398438,12675.586523438002,12688.417773438,12682.040690104666,8.021267595961916,12673.924804688,12689.963867188
phase1,C_simpleui,paging,paging,flat,2000,memory:post_init_idle,PASS,3,3,0,0,,,,,,,,,3,18325.34765625,16440.1984374996,19106.44921875,17865.327799479,1713.366603753469,15968.911132812,19301.724609375,,,,,,,,,3,177792.0,176755.2,179776.0,178186.66666666666,1918.6884409234692,176496.0,180272.0,,,,,,,,,,,,,,,,,,,,,,,,,,,,,,,,,,,,,,,,,,,,,,,,,,,,,,,,,,,,,,,,,,,,,,,,,,,,,,,,,3,14757.088867188,14722.870117188002,14782.485742188,14753.413085938,37.39550320932077,14714.315429688,14788.834960938
phase1,C_simpleui,paging,paging,flat,2000,memory:post_stress_idle,PASS,3,3,0,0,,,,,,,,,3,17435.815429688,15732.446679688,19164.3693359376,17446.309244792,2144.9709122788954,15306.604492188,19596.5078125,,,,,,,,,3,201712.0,200585.6,201852.80000000002,201301.33333333334,868.1873837676595,200304.0,201888.0,,,,,,,,,,,,,,,,,,,,,,,,,,,,,,,,,,,,,,,,,,,,,,,,,,,,,,,,,,,,,,,,,,,,,,,,,,,,,,,,,3,15312.827148438,15297.289648438002,15333.008398438002,15314.762044271332,22.387018765620393,15293.405273438,15338.053710938
phase1,C_simpleui,paging,paging,hierarchical,2000,memory:post_init_idle,PASS,3,3,0,0,,,,,,,,,3,18645.365234375,18326.652734375002,18892.663671875,18615.609375,354.6941743923487,18246.974609375,18954.48828125,,,,,,,,,3,174368.0,173408.0,174739.2,174122.66666666666,858.6997923217016,173168.0,174832.0,,,,,,,,,,,,,,,,,,,,,,,,,,,,,,,,,,,,,,,,,,,,,,,,,,,,,,,,,,,,,,,,,,,,,,,,,,,,,,,,,3,12461.553710938,12456.031835938,12473.169335938,12464.092773438,10.9343180360316,12454.651367188,12476.073242188
phase1,C_simpleui,paging,paging,hierarchical,2000,memory:post_stress_idle,PASS,3,3,0,0,,,,,,,,,3,17366.51953125,15065.494531250002,17946.760937499603,16649.526367187336,1904.8384284564613,14490.23828125,18091.821289062,,,,,,,,,3,197904.0,197110.40000000002,199401.6,198197.33333333334,1454.3580485332122,196912.0,199776.0,,,,,,,,,,,,,,,,,,,,,,,,,,,,,,,,,,,,,,,,,,,,,,,,,,,,,,,,,,,,,,,,,,,,,,,,,,,,,,,,,3,13342.936523438,13302.305273438002,13348.527148438,13328.336263021332,31.534601089553657,13292.147460938,13349.924804688
phase1,C_simpleui,steady_state_cold,startup,hierarchical,2000,memory:post_init_idle,PASS,3,3,0,0,,,,,,,,,3,15538.999023438,15330.131054687601,17075.5224609372,16092.188802083334,1191.4322245380854,15277.9140625,17459.653320312,,,,,,,,,3,169792.0,168358.4,172172.8,170186.66666666666,2408.37649326955,168000.0,172768.0,,,,,,,,,,,,,,,,,,,,,,,,,,,,,,,,,,,,,,,,,,,,,,,,,,,,,,,,,,,,,,,,,,,,,,,,,,,,,,,,,3,12455.74609375,12423.61796875,12752.18984375,12565.877604166666,226.42522586747927,12415.5859375,12826.30078125
phase1,C_simpleui,steady_state_cold,startup,hierarchical,2000,memory:post_library_render_idle,PASS,3,3,0,0,,,,,,,,,3,13727.413085938,13723.2044921876,13978.1560546876,13830.135742187667,182.4957532752975,13722.15234375,14040.841796875,,,,,,,,,3,178512.0,177513.6,180854.4,179072.0,2143.5820488145537,177264.0,181440.0,,,,,,,,,,,,,,,,,,,,,,,,,,,,,,,,,,,,,,,,,,,,,,,,,,,,,,,,,,,,,,,,,,,,,,,,,,,,,,,,,3,12677.90625,12634.309375,13298.1625,12918.180989583334,464.1635270912561,12623.41015625,13453.2265625
phase1,C_simpleui,warm,synthetic,flat,2000,memory:post_init_idle,PASS,1,1,0,0,,,,,,,,,1,18158.544921875,18158.544921875,18158.544921875,18158.544921875,0.0,18158.544921875,18158.544921875,,,,,,,,,1,177312.0,177312.0,177312.0,177312.0,0.0,177312.0,177312.0,,,,,,,,,,,,,,,,,,,,,,,,,,,,,,,,,,,,,,,,,,,,,,,,,,,,,,,,,,,,,,,,,,,,,,,,,,,,,,,,,1,14762.092773438,14762.092773438,14762.092773438,14762.092773438,0.0,14762.092773438,14762.092773438
phase1,C_simpleui,warm,synthetic,flat,2000,memory:post_library_render_idle,PASS,1,1,0,0,,,,,,,,,1,18373.892578125,18373.892578125,18373.892578125,18373.892578125,0.0,18373.892578125,18373.892578125,,,,,,,,,1,203632.0,203632.0,203632.0,203632.0,0.0,203632.0,203632.0,,,,,,,,,,,,,,,,,,,,,,,,,,,,,,,,,,,,,,,,,,,,,,,,,,,,,,,,,,,,,,,,,,,,,,,,,,,,,,,,,1,17688.291992188,17688.291992188,17688.291992188,17688.291992188,0.0,17688.291992188,17688.291992188
phase1,C_simpleui,warm,synthetic,flat,2000,memory:post_stress_idle,PASS,1,1,0,0,,,,,,,,,1,95780.73046875,95780.73046875,95780.73046875,95780.73046875,0.0,95780.73046875,95780.73046875,,,,,,,,,1,329360.0,329360.0,329360.0,329360.0,0.0,329360.0,329360.0,,,,,,,,,,,,,,,,,,,,,,,,,,,,,,,,,,,,,,,,,,,,,,,,,,,,,,,,,,,,,,,,,,,,,,,,,,,,,,,,,1,95734.830078125,95734.830078125,95734.830078125,95734.830078125,0.0,95734.830078125,95734.830078125
phase1,C_simpleui,warm,synthetic,flat,50,memory:post_library_render_idle,PASS,1,1,0,0,,,,,,,,,1,16591.987304688,16591.987304688,16591.987304688,16591.987304688,0.0,16591.987304688,16591.987304688,,,,,,,,,1,186304.0,186304.0,186304.0,186304.0,0.0,186304.0,186304.0,,,,,,,,,,,,,,,,,,,,,,,,,,,,,,,,,,,,,,,,,,,,,,,,,,,,,,,,,,,,,,,,,,,,,,,,,,,,,,,,,1,14954.370117188,14954.370117188,14954.370117188,14954.370117188,0.0,14954.370117188,14954.370117188
phase1,C_simpleui,warm,synthetic,flat,50,memory:post_stress_idle,PASS,1,1,0,0,,,,,,,,,1,57855.791015625,57855.791015625,57855.791015625,57855.791015625,0.0,57855.791015625,57855.791015625,,,,,,,,,1,273632.0,273632.0,273632.0,273632.0,0.0,273632.0,273632.0,,,,,,,,,,,,,,,,,,,,,,,,,,,,,,,,,,,,,,,,,,,,,,,,,,,,,,,,,,,,,,,,,,,,,,,,,,,,,,,,,1,46468.607421875,46468.607421875,46468.607421875,46468.607421875,0.0,46468.607421875,46468.607421875
phase1,C_simpleui,warm,synthetic,flat,50,memory:post_init_idle,PASS,1,1,0,0,,,,,,,,,1,19348.0703125,19348.0703125,19348.0703125,19348.0703125,0.0,19348.0703125,19348.0703125,,,,,,,,,1,174224.0,174224.0,174224.0,174224.0,0.0,174224.0,174224.0,,,,,,,,,,,,,,,,,,,,,,,,,,,,,,,,,,,,,,,,,,,,,,,,,,,,,,,,,,,,,,,,,,,,,,,,,,,,,,,,,1,12752.338867188,12752.338867188,12752.338867188,12752.338867188,0.0,12752.338867188,12752.338867188
phase1,C_simpleui,warm,synthetic,hierarchical,2000,memory:post_init_idle,PASS,1,1,0,0,,,,,,,,,1,16846.125976562,16846.125976562,16846.125976562,16846.125976562,0.0,16846.125976562,16846.125976562,,,,,,,,,1,172608.0,172608.0,172608.0,172608.0,0.0,172608.0,172608.0,,,,,,,,,,,,,,,,,,,,,,,,,,,,,,,,,,,,,,,,,,,,,,,,,,,,,,,,,,,,,,,,,,,,,,,,,,,,,,,,,1,12497.534179688,12497.534179688,12497.534179688,12497.534179688,0.0,12497.534179688,12497.534179688
phase1,C_simpleui,warm,synthetic,hierarchical,2000,memory:post_library_render_idle,PASS,1,1,0,0,,,,,,,,,1,17433.446289062,17433.446289062,17433.446289062,17433.446289062,0.0,17433.446289062,17433.446289062,,,,,,,,,1,181504.0,181504.0,181504.0,181504.0,0.0,181504.0,181504.0,,,,,,,,,,,,,,,,,,,,,,,,,,,,,,,,,,,,,,,,,,,,,,,,,,,,,,,,,,,,,,,,,,,,,,,,,,,,,,,,,1,16980.159179688,16980.159179688,16980.159179688,16980.159179688,0.0,16980.159179688,16980.159179688
phase1,C_simpleui,warm,synthetic,hierarchical,2000,memory:post_stress_idle,PASS,1,1,0,0,,,,,,,,,1,52203.828125,52203.828125,52203.828125,52203.828125,0.0,52203.828125,52203.828125,,,,,,,,,1,258720.0,258720.0,258720.0,258720.0,0.0,258720.0,258720.0,,,,,,,,,,,,,,,,,,,,,,,,,,,,,,,,,,,,,,,,,,,,,,,,,,,,,,,,,,,,,,,,,,,,,,,,,,,,,,,,,1,49682.892578125,49682.892578125,49682.892578125,49682.892578125,0.0,49682.892578125,49682.892578125
phase1,C_simpleui,warm,synthetic,hierarchical,50,memory:post_library_render_idle,PASS,1,1,0,0,,,,,,,,,1,15565.569335938,15565.569335938,15565.569335938,15565.569335938,0.0,15565.569335938,15565.569335938,,,,,,,,,1,177296.0,177296.0,177296.0,177296.0,0.0,177296.0,177296.0,,,,,,,,,,,,,,,,,,,,,,,,,,,,,,,,,,,,,,,,,,,,,,,,,,,,,,,,,,,,,,,,,,,,,,,,,,,,,,,,,1,15473.772460938,15473.772460938,15473.772460938,15473.772460938,0.0,15473.772460938,15473.772460938
phase1,C_simpleui,warm,synthetic,hierarchical,50,memory:post_stress_idle,PASS,1,1,0,0,,,,,,,,,1,51705.287109375,51705.287109375,51705.287109375,51705.287109375,0.0,51705.287109375,51705.287109375,,,,,,,,,1,242640.0,242640.0,242640.0,242640.0,0.0,242640.0,242640.0,,,,,,,,,,,,,,,,,,,,,,,,,,,,,,,,,,,,,,,,,,,,,,,,,,,,,,,,,,,,,,,,,,,,,,,,,,,,,,,,,1,47834.884765625,47834.884765625,47834.884765625,47834.884765625,0.0,47834.884765625,47834.884765625
phase1,C_simpleui,warm,synthetic,hierarchical,50,memory:post_init_idle,PASS,1,1,0,0,,,,,,,,,1,18390.291015625,18390.291015625,18390.291015625,18390.291015625,0.0,18390.291015625,18390.291015625,,,,,,,,,1,172736.0,172736.0,172736.0,172736.0,0.0,172736.0,172736.0,,,,,,,,,,,,,,,,,,,,,,,,,,,,,,,,,,,,,,,,,,,,,,,,,,,,,,,,,,,,,,,,,,,,,,,,,,,,,,,,,1,12441.702148438,12441.702148438,12441.702148438,12441.702148438,0.0,12441.702148438,12441.702148438
phase1,D_zenos,first_run_cold,startup,hierarchical,2000,memory:post_init_idle,PASS,3,3,0,0,,,,,,,,,3,15792.588867188,15757.444335937602,15860.8880859376,15806.403320312667,65.74994211950586,15748.658203125,15877.962890625,,,,,,,,,3,175776.0,175379.2,176608.0,175957.33333333334,783.8911489061051,175280.0,176816.0,,,,,,,,,,,,,,,,,,,,,,,,,,,,,,,,,,,,,,,,,,,,,,,,,,,,,,,,,,,,,,,,,,,,,,,,,,,,,,,,,3,14260.430664062,14221.643164062,14271.799414062,14249.006184895334,32.87194237553304,14211.946289062,14274.641601562
phase1,D_zenos,first_run_cold,startup,hierarchical,2000,memory:post_library_render_idle,PASS,3,3,0,0,,,,,,,,,3,16730.29296875,16719.45546875,16771.40859375,16742.908854166668,34.25955319420748,16716.74609375,16781.6875,,,,,,,,,3,190016.0,189657.6,191142.4,190336.0,968.4957408269796,189568.0,191424.0,,,,,,,,,,,,,,,,,,,,,,,,,,,,,,,,,,,,,,,,,,,,,,,,,,,,,,,,,,,,,,,,,,,,,,,,,,,,,,,,,3,14705.727539062,14697.033789062001,14741.374414062,14716.958007812,29.369999626349298,14694.860351562,14750.286132812
phase1,D_zenos,paging,paging,flat,2000,memory:post_stress_idle,PASS,3,3,0,0,,,,,,,,,3,20239.797851562,20233.279101562002,20259.235351562,20245.180664062,16.879146264348837,20231.649414062,20264.094726562,,,,,,,,,3,206800.0,206595.2,207363.2,206949.33333333334,497.11702176985784,206544.0,207504.0,,,,,,,,,,,,,,,,,,,,,,,,,,,,,,,,,,,,,,,,,,,,,,,,,,,,,,,,,,,,,,,,,,,,,,,,,,,,,,,,,3,20224.770507812,20218.867382812005,20244.214257812,20230.412434895334,16.5781794579199,20217.391601562,20249.075195312
phase1,D_zenos,paging,paging,flat,2000,memory:post_init_idle,PASS,3,3,0,0,,,,,,,,,3,16005.298828125,15965.9746093754,16137.373828125,16043.944986979333,112.231034952783,15956.143554688,16170.392578125,,,,,,,,,3,174832.0,174819.2,175011.2,174901.33333333334,134.18395333769732,174816.0,175056.0,,,,,,,,,,,,,,,,,,,,,,,,,,,,,,,,,,,,,,,,,,,,,,,,,,,,,,,,,,,,,,,,,,,,,,,,,,,,,,,,,3,14195.489257812,14178.836132812,14290.126757812,14227.982747395334,75.0333019666071,14174.672851562,14313.786132812
phase1,D_zenos,paging,paging,hierarchical,2000,memory:post_init_idle,PASS,3,3,0,0,,,,,,,,,3,23450.971679688,17287.1232421872,23520.7638671872,20911.781575520665,4473.771186954097,15746.161132812,23538.211914062,,,,,,,,,3,174976.0,174809.6,177382.4,175909.33333333334,1799.721459930212,174768.0,177984.0,,,,,,,,,,,,,,,,,,,,,,,,,,,,,,,,,,,,,,,,,,,,,,,,,,,,,,,,,,,,,,,,,,,,,,,,,,,,,,,,,3,14288.528320312,14251.290820312,14291.912695312,14274.422851562,28.174595756981784,14241.981445312,14292.758789062
phase1,D_zenos,paging,paging,hierarchical,2000,memory:post_stress_idle,PASS,3,3,0,0,,,,,,,,,3,14888.676757812,14875.220507812,14932.661132812,14901.396809895334,37.55246783874027,14871.856445312,14943.657226562,,,,,,,,,3,198768.0,198128.00000000003,200022.40000000002,199024.0,1204.5779343819975,197968.0,200336.0,,,,,,,,,,,,,,,,,,,,,,,,,,,,,,,,,,,,,,,,,,,,,,,,,,,,,,,,,,,,,,,,,,,,,,,,,,,,,,,,,3,14873.649414062,14860.808789062,14918.249414062,14886.882486978668,37.68519219986745,14857.598632812,14929.399414062
phase1,D_zenos,steady_state_cold,startup,hierarchical,2000,memory:post_init_idle,PASS,3,3,0,0,,,,,,,,,3,22415.186523438,22222.733398438002,22593.7544921876,22409.401041666995,231.94230648974985,22174.620117188,22638.396484375,,,,,,,,,3,183824.0,176374.40000000002,187164.8,182112.0,6905.052063525662,174512.0,188000.0,,,,,,,,,,,,,,,,,,,,,,,,,,,,,,,,,,,,,,,,,,,,,,,,,,,,,,,,,,,,,,,,,,,,,,,,,,,,,,,,,3,14305.240234375,14298.565234375,14309.124609375,14304.077473958334,6.675990768606037,14296.896484375,14310.095703125
phase1,D_zenos,steady_state_cold,startup,hierarchical,2000,memory:post_library_render_idle,PASS,3,3,0,0,,,,,,,,,3,16494.984375,16482.5328125,16540.009375,16508.556640625,37.796905429255396,16479.419921875,16551.265625,,,,,,,,,3,186368.0,179942.40000000002,190425.59999999998,185381.33333333334,6607.483434208014,178336.0,191440.0,,,,,,,,,,,,,,,,,,,,,,,,,,,,,,,,,,,,,,,,,,,,,,,,,,,,,,,,,,,,,,,,,,,,,,,,,,,,,,,,,3,14679.537109375,14626.121484375002,14855.174609375,14730.462890625,149.7976886301017,14612.767578125,14899.083984375
phase1,D_zenos,warm,synthetic,flat,2000,memory:post_library_render_idle,PASS,1,1,0,0,,,,,,,,,1,20895.9375,20895.9375,20895.9375,20895.9375,0.0,20895.9375,20895.9375,,,,,,,,,1,218864.0,218864.0,218864.0,218864.0,0.0,218864.0,218864.0,,,,,,,,,,,,,,,,,,,,,,,,,,,,,,,,,,,,,,,,,,,,,,,,,,,,,,,,,,,,,,,,,,,,,,,,,,,,,,,,,1,20878.54296875,20878.54296875,20878.54296875,20878.54296875,0.0,20878.54296875,20878.54296875
phase1,D_zenos,warm,synthetic,flat,2000,memory:post_init_idle,PASS,1,1,0,0,,,,,,,,,1,23251.115234375,23251.115234375,23251.115234375,23251.115234375,0.0,23251.115234375,23251.115234375,,,,,,,,,1,178112.0,178112.0,178112.0,178112.0,0.0,178112.0,178112.0,,,,,,,,,,,,,,,,,,,,,,,,,,,,,,,,,,,,,,,,,,,,,,,,,,,,,,,,,,,,,,,,,,,,,,,,,,,,,,,,,1,14176.465820312,14176.465820312,14176.465820312,14176.465820312,0.0,14176.465820312,14176.465820312
phase1,D_zenos,warm,synthetic,flat,2000,memory:post_stress_idle,PASS,1,1,0,0,,,,,,,,,1,41248.262695312,41248.262695312,41248.262695312,41248.262695312,0.0,41248.262695312,41248.262695312,,,,,,,,,1,258336.0,258336.0,258336.0,258336.0,0.0,258336.0,258336.0,,,,,,,,,,,,,,,,,,,,,,,,,,,,,,,,,,,,,,,,,,,,,,,,,,,,,,,,,,,,,,,,,,,,,,,,,,,,,,,,,1,38721.3671875,38721.3671875,38721.3671875,38721.3671875,0.0,38721.3671875,38721.3671875
phase1,D_zenos,warm,synthetic,flat,50,memory:post_init_idle,PASS,1,1,0,0,,,,,,,,,1,15623.799804688,15623.799804688,15623.799804688,15623.799804688,0.0,15623.799804688,15623.799804688,,,,,,,,,1,177008.0,177008.0,177008.0,177008.0,0.0,177008.0,177008.0,,,,,,,,,,,,,,,,,,,,,,,,,,,,,,,,,,,,,,,,,,,,,,,,,,,,,,,,,,,,,,,,,,,,,,,,,,,,,,,,,1,14282.727539062,14282.727539062,14282.727539062,14282.727539062,0.0,14282.727539062,14282.727539062
phase1,D_zenos,warm,synthetic,flat,50,memory:post_library_render_idle,PASS,1,1,0,0,,,,,,,,,1,15641.947265625,15641.947265625,15641.947265625,15641.947265625,0.0,15641.947265625,15641.947265625,,,,,,,,,1,197792.0,197792.0,197792.0,197792.0,0.0,197792.0,197792.0,,,,,,,,,,,,,,,,,,,,,,,,,,,,,,,,,,,,,,,,,,,,,,,,,,,,,,,,,,,,,,,,,,,,,,,,,,,,,,,,,1,15495.485351562,15495.485351562,15495.485351562,15495.485351562,0.0,15495.485351562,15495.485351562
phase1,D_zenos,warm,synthetic,flat,50,memory:post_stress_idle,PASS,1,1,0,0,,,,,,,,,1,34766.328125,34766.328125,34766.328125,34766.328125,0.0,34766.328125,34766.328125,,,,,,,,,1,252288.0,252288.0,252288.0,252288.0,0.0,252288.0,252288.0,,,,,,,,,,,,,,,,,,,,,,,,,,,,,,,,,,,,,,,,,,,,,,,,,,,,,,,,,,,,,,,,,,,,,,,,,,,,,,,,,1,32966.22265625,32966.22265625,32966.22265625,32966.22265625,0.0,32966.22265625,32966.22265625
phase1,D_zenos,warm,synthetic,hierarchical,2000,memory:post_library_render_idle,PASS,1,1,0,0,,,,,,,,,1,14817.407226562,14817.407226562,14817.407226562,14817.407226562,0.0,14817.407226562,14817.407226562,,,,,,,,,1,192608.0,192608.0,192608.0,192608.0,0.0,192608.0,192608.0,,,,,,,,,,,,,,,,,,,,,,,,,,,,,,,,,,,,,,,,,,,,,,,,,,,,,,,,,,,,,,,,,,,,,,,,,,,,,,,,,1,14782.8671875,14782.8671875,14782.8671875,14782.8671875,0.0,14782.8671875,14782.8671875
phase1,D_zenos,warm,synthetic,hierarchical,2000,memory:post_init_idle,PASS,1,1,0,0,,,,,,,,,1,16348.780273438,16348.780273438,16348.780273438,16348.780273438,0.0,16348.780273438,16348.780273438,,,,,,,,,1,173568.0,173568.0,173568.0,173568.0,0.0,173568.0,173568.0,,,,,,,,,,,,,,,,,,,,,,,,,,,,,,,,,,,,,,,,,,,,,,,,,,,,,,,,,,,,,,,,,,,,,,,,,,,,,,,,,1,14267.590820312,14267.590820312,14267.590820312,14267.590820312,0.0,14267.590820312,14267.590820312
phase1,D_zenos,warm,synthetic,hierarchical,2000,memory:post_stress_idle,PASS,1,1,0,0,,,,,,,,,1,35935.017578125,35935.017578125,35935.017578125,35935.017578125,0.0,35935.017578125,35935.017578125,,,,,,,,,1,253904.0,253904.0,253904.0,253904.0,0.0,253904.0,253904.0,,,,,,,,,,,,,,,,,,,,,,,,,,,,,,,,,,,,,,,,,,,,,,,,,,,,,,,,,,,,,,,,,,,,,,,,,,,,,,,,,1,35482.77734375,35482.77734375,35482.77734375,35482.77734375,0.0,35482.77734375,35482.77734375
phase1,D_zenos,warm,synthetic,hierarchical,50,memory:post_stress_idle,PASS,1,1,0,0,,,,,,,,,1,33137.411132812,33137.411132812,33137.411132812,33137.411132812,0.0,33137.411132812,33137.411132812,,,,,,,,,1,249648.0,249648.0,249648.0,249648.0,0.0,249648.0,249648.0,,,,,,,,,,,,,,,,,,,,,,,,,,,,,,,,,,,,,,,,,,,,,,,,,,,,,,,,,,,,,,,,,,,,,,,,,,,,,,,,,1,32780.7734375,32780.7734375,32780.7734375,32780.7734375,0.0,32780.7734375,32780.7734375
phase1,D_zenos,warm,synthetic,hierarchical,50,memory:post_init_idle,PASS,1,1,0,0,,,,,,,,,1,15771.638671875,15771.638671875,15771.638671875,15771.638671875,0.0,15771.638671875,15771.638671875,,,,,,,,,1,176704.0,176704.0,176704.0,176704.0,0.0,176704.0,176704.0,,,,,,,,,,,,,,,,,,,,,,,,,,,,,,,,,,,,,,,,,,,,,,,,,,,,,,,,,,,,,,,,,,,,,,,,,,,,,,,,,1,14240.086914062,14240.086914062,14240.086914062,14240.086914062,0.0,14240.086914062,14240.086914062
phase1,D_zenos,warm,synthetic,hierarchical,50,memory:post_library_render_idle,PASS,1,1,0,0,,,,,,,,,1,14898.806640625,14898.806640625,14898.806640625,14898.806640625,0.0,14898.806640625,14898.806640625,,,,,,,,,1,194496.0,194496.0,194496.0,194496.0,0.0,194496.0,194496.0,,,,,,,,,,,,,,,,,,,,,,,,,,,,,,,,,,,,,,,,,,,,,,,,,,,,,,,,,,,,,,,,,,,,,,,,,,,,,,,,,1,14724.4140625,14724.4140625,14724.4140625,14724.4140625,0.0,14724.4140625,14724.4140625
phase1,E_project_title,paging,paging,flat,2000,memory:post_stress_idle,PASS,3,3,0,0,,,,,,,,,3,26209.401367188,26025.9873046872,26390.658398437597,26208.502604166668,227.920762637009,25980.133789062,26435.97265625,,,,,,,,,3,201296.0,200937.60000000003,203689.6,202144.0,1870.2213772706161,200848.0,204288.0,,,,,,,,,,,,,,,,,,,,,,,,,,,,,,,,,,,,,,,,,,,,,,,,,,,,,,,,,,,,,,,,,,,,,,,,,,,,,,,,,3,11807.852539062,11788.740039061999,11835.393164062,11811.364257812,29.31637658226347,11783.961914062,11842.278320312
phase1,E_project_title,paging,paging,flat,2000,memory:post_init_idle,PASS,3,3,0,0,,,,,,,,,3,16931.705078125,16890.189453125,17039.420703125,16959.288411458332,96.27998581183974,16879.810546875,17066.349609375,,,,,,,,,3,168640.0,167782.4,168640.0,168282.66666666666,618.9194885712789,167568.0,168640.0,,,,,,,,,,,,,,,,,,,,,,,,,,,,,,,,,,,,,,,,,,,,,,,,,,,,,,,,,,,,,,,,,,,,,,,,,,,,,,,,,3,11085.833007812,11048.929882811999,11099.079882812,11075.976236978668,32.48534458041254,11039.704101562,11102.391601562
phase1,E_project_title,paging,paging,hierarchical,2000,memory:post_init_idle,PASS,3,3,0,0,,,,,,,,,3,14612.825195312,14540.7392578128,14620.9330078128,14586.167643229333,55.18235996200544,14522.717773438,14622.959960938,,,,,,,,,3,165056.0,165017.6,165286.4,165136.0,181.72506706560876,165008.0,165344.0,,,,,,,,,,,,,,,,,,,,,,,,,,,,,,,,,,,,,,,,,,,,,,,,,,,,,,,,,,,,,,,,,,,,,,,,,,,,,,,,,3,8331.7900390625,8329.980664062501,8381.1275390625,8351.593424479166,36.276806060047434,8329.5283203125,8393.4619140625
phase1,E_project_title,paging,paging,hierarchical,2000,memory:post_stress_idle,PASS,3,3,0,0,,,,,,,,,3,19636.298828125,19009.051953125003,19759.859765625,19426.4296875,503.22354593498517,18852.240234375,19790.75,,,,,,,,,3,195312.0,194249.6,195862.4,195098.66666666666,1024.791360879537,193984.0,196000.0,,,,,,,,,,,,,,,,,,,,,,,,,,,,,,,,,,,,,,,,,,,,,,,,,,,,,,,,,,,,,,,,,,,,,,,,,,,,,,,,,3,9211.9853515625,9204.8978515625,9238.0916015625,9219.909830729166,21.851737538030918,9203.1259765625,9244.6181640625
phase1,E_project_title,steady_state_cold,startup,hierarchical,2000,memory:post_library_render_idle,PASS,3,3,0,0,,,,,,,,,3,8984.1318359375,8922.1279296875,9026.6185546875,8975.999674479166,65.68528257693045,8906.626953125,9037.240234375,,,,,,,,,3,169360.0,169142.4,170396.80000000002,169701.33333333334,837.8766814593502,169088.0,170656.0,,,,,,,,,,,,,,,,,,,,,,,,,,,,,,,,,,,,,,,,,,,,,,,,,,,,,,,,,,,,,,,,,,,,,,,,,,,,,,,,,3,8286.6650390625,8282.783789062501,8323.1744140625,8300.260091145834,27.85472521415684,8281.8134765625,8332.3017578125
phase1,E_project_title,steady_state_cold,startup,hierarchical,2000,memory:post_init_idle,PASS,3,3,0,0,,,,,,,,,3,12942.123046875,10798.2175781254,13230.376171875,12168.934570312667,1661.0438444441547,10262.241210938,13302.439453125,,,,,,,,,3,160912.0,160681.6,161884.8,161221.33333333334,798.2915089948867,160624.0,162128.0,,,,,,,,,,,,,,,,,,,,,,,,,,,,,,,,,,,,,,,,,,,,,,,,,,,,,,,,,,,,,,,,,,,,,,,,,,,,,,,,,3,8311.2314453125,8281.3408203125,8323.5064453125,8303.8916015625,27.10927452926267,8273.8681640625,8326.5751953125
phase1,E_project_title,warm,synthetic,flat,2000,memory:post_library_render_idle,PASS,1,1,0,0,,,,,,,,,1,20314.946289062,20314.946289062,20314.946289062,20314.946289062,0.0,20314.946289062,20314.946289062,,,,,,,,,1,192432.0,192432.0,192432.0,192432.0,0.0,192432.0,192432.0,,,,,,,,,,,,,,,,,,,,,,,,,,,,,,,,,,,,,,,,,,,,,,,,,,,,,,,,,,,,,,,,,,,,,,,,,,,,,,,,,1,11057.411132812,11057.411132812,11057.411132812,11057.411132812,0.0,11057.411132812,11057.411132812
phase1,E_project_title,warm,synthetic,flat,2000,memory:post_init_idle,PASS,1,1,0,0,,,,,,,,,1,17281.3046875,17281.3046875,17281.3046875,17281.3046875,0.0,17281.3046875,17281.3046875,,,,,,,,,1,168272.0,168272.0,168272.0,168272.0,0.0,168272.0,168272.0,,,,,,,,,,,,,,,,,,,,,,,,,,,,,,,,,,,,,,,,,,,,,,,,,,,,,,,,,,,,,,,,,,,,,,,,,,,,,,,,,1,11025.387695312,11025.387695312,11025.387695312,11025.387695312,0.0,11025.387695312,11025.387695312
phase1,E_project_title,warm,synthetic,flat,2000,memory:post_stress_idle,PASS,1,1,0,0,,,,,,,,,1,29215.536132812,29215.536132812,29215.536132812,29215.536132812,0.0,29215.536132812,29215.536132812,,,,,,,,,1,230720.0,230720.0,230720.0,230720.0,0.0,230720.0,230720.0,,,,,,,,,,,,,,,,,,,,,,,,,,,,,,,,,,,,,,,,,,,,,,,,,,,,,,,,,,,,,,,,,,,,,,,,,,,,,,,,,1,17344.935546875,17344.935546875,17344.935546875,17344.935546875,0.0,17344.935546875,17344.935546875
phase1,E_project_title,warm,synthetic,flat,50,memory:post_stress_idle,PASS,1,1,0,0,,,,,,,,,1,25272.282226562,25272.282226562,25272.282226562,25272.282226562,0.0,25272.282226562,25272.282226562,,,,,,,,,1,212688.0,212688.0,212688.0,212688.0,0.0,212688.0,212688.0,,,,,,,,,,,,,,,,,,,,,,,,,,,,,,,,,,,,,,,,,,,,,,,,,,,,,,,,,,,,,,,,,,,,,,,,,,,,,,,,,1,13620.138671875,13620.138671875,13620.138671875,13620.138671875,0.0,13620.138671875,13620.138671875
phase1,E_project_title,warm,synthetic,flat,50,memory:post_init_idle,PASS,1,1,0,0,,,,,,,,,1,15388.430664062,15388.430664062,15388.430664062,15388.430664062,0.0,15388.430664062,15388.430664062,,,,,,,,,1,168176.0,168176.0,168176.0,168176.0,0.0,168176.0,168176.0,,,,,,,,,,,,,,,,,,,,,,,,,,,,,,,,,,,,,,,,,,,,,,,,,,,,,,,,,,,,,,,,,,,,,,,,,,,,,,,,,1,8864.3212890625,8864.3212890625,8864.3212890625,8864.3212890625,0.0,8864.3212890625,8864.3212890625
phase1,E_project_title,warm,synthetic,flat,50,memory:post_library_render_idle,PASS,1,1,0,0,,,,,,,,,1,18465.154296875,18465.154296875,18465.154296875,18465.154296875,0.0,18465.154296875,18465.154296875,,,,,,,,,1,182336.0,182336.0,182336.0,182336.0,0.0,182336.0,182336.0,,,,,,,,,,,,,,,,,,,,,,,,,,,,,,,,,,,,,,,,,,,,,,,,,,,,,,,,,,,,,,,,,,,,,,,,,,,,,,,,,1,8893.1181640625,8893.1181640625,8893.1181640625,8893.1181640625,0.0,8893.1181640625,8893.1181640625
phase1,E_project_title,warm,synthetic,hierarchical,2000,memory:post_library_render_idle,PASS,1,1,0,0,,,,,,,,,1,10789.749023438,10789.749023438,10789.749023438,10789.749023438,0.0,10789.749023438,10789.749023438,,,,,,,,,1,180576.0,180576.0,180576.0,180576.0,0.0,180576.0,180576.0,,,,,,,,,,,,,,,,,,,,,,,,,,,,,,,,,,,,,,,,,,,,,,,,,,,,,,,,,,,,,,,,,,,,,,,,,,,,,,,,,1,8442.9267578125,8442.9267578125,8442.9267578125,8442.9267578125,0.0,8442.9267578125,8442.9267578125
phase1,E_project_title,warm,synthetic,hierarchical,2000,memory:post_stress_idle,PASS,1,1,0,0,,,,,,,,,1,23166.233398438,23166.233398438,23166.233398438,23166.233398438,0.0,23166.233398438,23166.233398438,,,,,,,,,1,209184.0,209184.0,209184.0,209184.0,0.0,209184.0,209184.0,,,,,,,,,,,,,,,,,,,,,,,,,,,,,,,,,,,,,,,,,,,,,,,,,,,,,,,,,,,,,,,,,,,,,,,,,,,,,,,,,1,13737.120117188,13737.120117188,13737.120117188,13737.120117188,0.0,13737.120117188,13737.120117188
phase1,E_project_title,warm,synthetic,hierarchical,2000,memory:post_init_idle,PASS,1,1,0,0,,,,,,,,,1,14249.293945312,14249.293945312,14249.293945312,14249.293945312,0.0,14249.293945312,14249.293945312,,,,,,,,,1,165696.0,165696.0,165696.0,165696.0,0.0,165696.0,165696.0,,,,,,,,,,,,,,,,,,,,,,,,,,,,,,,,,,,,,,,,,,,,,,,,,,,,,,,,,,,,,,,,,,,,,,,,,,,,,,,,,1,8406.5244140625,8406.5244140625,8406.5244140625,8406.5244140625,0.0,8406.5244140625,8406.5244140625
phase1,E_project_title,warm,synthetic,hierarchical,50,memory:post_init_idle,PASS,1,1,0,0,,,,,,,,,1,14527.837890625,14527.837890625,14527.837890625,14527.837890625,0.0,14527.837890625,14527.837890625,,,,,,,,,1,164848.0,164848.0,164848.0,164848.0,0.0,164848.0,164848.0,,,,,,,,,,,,,,,,,,,,,,,,,,,,,,,,,,,,,,,,,,,,,,,,,,,,,,,,,,,,,,,,,,,,,,,,,,,,,,,,,1,8280.0478515625,8280.0478515625,8280.0478515625,8280.0478515625,0.0,8280.0478515625,8280.0478515625
phase1,E_project_title,warm,synthetic,hierarchical,50,memory:post_stress_idle,PASS,1,1,0,0,,,,,,,,,1,22230.703125,22230.703125,22230.703125,22230.703125,0.0,22230.703125,22230.703125,,,,,,,,,1,210848.0,210848.0,210848.0,210848.0,0.0,210848.0,210848.0,,,,,,,,,,,,,,,,,,,,,,,,,,,,,,,,,,,,,,,,,,,,,,,,,,,,,,,,,,,,,,,,,,,,,,,,,,,,,,,,,1,11664.307617188,11664.307617188,11664.307617188,11664.307617188,0.0,11664.307617188,11664.307617188
phase1,E_project_title,warm,synthetic,hierarchical,50,memory:post_library_render_idle,PASS,1,1,0,0,,,,,,,,,1,16113.953125,16113.953125,16113.953125,16113.953125,0.0,16113.953125,16113.953125,,,,,,,,,1,179168.0,179168.0,179168.0,179168.0,0.0,179168.0,179168.0,,,,,,,,,,,,,,,,,,,,,,,,,,,,,,,,,,,,,,,,,,,,,,,,,,,,,,,,,,,,,,,,,,,,,,,,,,,,,,,,,1,8349.3564453125,8349.3564453125,8349.3564453125,8349.3564453125,0.0,8349.3564453125,8349.3564453125
phase1,F_vos,paging,paging,flat,2000,memory:post_init_idle,PASS,3,3,0,0,,,,,,,,,3,19691.727539062,19555.9533203124,20051.4361328124,19785.03352864567,320.0456219016316,19522.009765625,20141.36328125,,,,,,,,,3,173872.0,173526.4,174192.0,173861.33333333334,416.1025514621766,173440.0,174272.0,,,,,,,,,,,,,,,,,,,,,,,,,,,,,,,,,,,,,,,,,,,,,,,,,,,,,,,,,,,,,,,,,,,,,,,,,,,,,,,,,3,11760.666992188,11717.948242188,11760.935742188,11742.979492188,30.927035201384182,11707.268554688,11761.002929688
phase1,F_vos,paging,paging,flat,2000,memory:post_stress_idle,PASS,3,3,0,0,,,,,,,,,3,13536.451171875,12610.151953125402,13606.6410156246,13179.738932291666,695.2119184745948,12378.577148438,13624.188476562,,,,,,,,,3,198384.0,196348.8,199292.8,197914.66666666666,1884.3580692992862,195840.0,199520.0,,,,,,,,,,,,,,,,,,,,,,,,,,,,,,,,,,,,,,,,,,,,,,,,,,,,,,,,,,,,,,,,,,,,,,,,,,,,,,,,,3,12366.694335938,12361.447460938001,12397.500585938002,12377.344075521332,24.347647893936745,12360.135742188,12405.202148438
phase1,F_vos,paging,paging,hierarchical,2000,memory:post_stress_idle,PASS,3,3,0,0,,,,,,,,,3,12447.12890625,12401.3515624996,12473.220312499601,12438.926432291331,45.47619543132354,12389.907226562,12479.743164062,,,,,,,,,3,195680.0,194553.6,196499.2,195552.0,1221.0421778136904,194272.0,196704.0,,,,,,,,,,,,,,,,,,,,,,,,,,,,,,,,,,,,,,,,,,,,,,,,,,,,,,,,,,,,,,,,,,,,,,,,,,,,,,,,,3,10006.186523438,9989.6958984376,10053.008398438,10018.824544271167,41.05605082447793,9985.5732421875,10064.713867188
phase1,F_vos,paging,paging,hierarchical,2000,memory:post_init_idle,PASS,3,3,0,0,,,,,,,,,3,15274.970703125,11915.649609375401,15845.0121093754,14112.770833333669,2654.0983968272417,11075.819335938,15987.522460938,,,,,,,,,3,168880.0,167561.6,170057.6,168821.33333333334,1560.8271311498058,167232.0,170352.0,,,,,,,,,,,,,,,,,,,,,,,,,,,,,,,,,,,,,,,,,,,,,,,,,,,,,,,,,,,,,,,,,,,,,,,,,,,,,,,,,3,8888.7998046875,8884.7373046875,8925.8060546875,8902.5263671875,28.287073166037896,8883.7216796875,8935.0576171875
phase1,F_vos,steady_state_cold,startup,hierarchical,2000,memory:post_library_render_idle,PASS,3,3,0,0,,,,,,,,,3,9843.6064453125,9765.3423828125,9855.9783203125,9816.1513671875,61.43509434193927,9745.7763671875,9859.0712890625,,,,,,,,,3,170496.0,168576.00000000003,176806.4,172325.33333333334,5382.432659433217,168096.0,178384.0,,,,,,,,,,,,,,,,,,,,,,,,,,,,,,,,,,,,,,,,,,,,,,,,,,,,,,,,,,,,,,,,,,,,,,,,,,,,,,,,,3,8890.0771484375,8858.2615234375,8910.9052734375,8885.4990234375,33.14036278663652,8850.3076171875,8916.1123046875
phase1,F_vos,steady_state_cold,startup,hierarchical,2000,memory:post_init_idle,PASS,3,3,0,0,,,,,,,,,3,14794.333984375,14140.848828124601,15528.4019531246,14827.910156249665,867.7080542538125,13977.477539062,15711.918945312,,,,,,,,,3,162192.0,160476.80000000002,168515.2,164112.0,5292.010582000002,160048.0,170096.0,,,,,,,,,,,,,,,,,,,,,,,,,,,,,,,,,,,,,,,,,,,,,,,,,,,,,,,,,,,,,,,,,,,,,,,,,,,,,,,,,3,8863.9951171875,8840.1732421875,8877.8451171875,8859.840169270834,23.818292135300403,8834.2177734375,8881.3076171875
phase1,F_vos,warm,synthetic,flat,2000,memory:post_library_render_idle,PASS,1,1,0,0,,,,,,,,,1,45185.572265625,45185.572265625,45185.572265625,45185.572265625,0.0,45185.572265625,45185.572265625,,,,,,,,,1,267488.0,267488.0,267488.0,267488.0,0.0,267488.0,267488.0,,,,,,,,,,,,,,,,,,,,,,,,,,,,,,,,,,,,,,,,,,,,,,,,,,,,,,,,,,,,,,,,,,,,,,,,,,,,,,,,,1,19491.819335938,19491.819335938,19491.819335938,19491.819335938,0.0,19491.819335938,19491.819335938
phase1,F_vos,warm,synthetic,flat,2000,memory:post_init_idle,PASS,1,1,0,0,,,,,,,,,1,20304.721679688,20304.721679688,20304.721679688,20304.721679688,0.0,20304.721679688,20304.721679688,,,,,,,,,1,172032.0,172032.0,172032.0,172032.0,0.0,172032.0,172032.0,,,,,,,,,,,,,,,,,,,,,,,,,,,,,,,,,,,,,,,,,,,,,,,,,,,,,,,,,,,,,,,,,,,,,,,,,,,,,,,,,1,11745.565429688,11745.565429688,11745.565429688,11745.565429688,0.0,11745.565429688,11745.565429688
phase1,F_vos,warm,synthetic,flat,2000,memory:post_stress_idle,PASS,1,1,0,0,,,,,,,,,1,21787.848632812,21787.848632812,21787.848632812,21787.848632812,0.0,21787.848632812,21787.848632812,,,,,,,,,1,276896.0,276896.0,276896.0,276896.0,0.0,276896.0,276896.0,,,,,,,,,,,,,,,,,,,,,,,,,,,,,,,,,,,,,,,,,,,,,,,,,,,,,,,,,,,,,,,,,,,,,,,,,,,,,,,,,1,17931.345703125,17931.345703125,17931.345703125,17931.345703125,0.0,17931.345703125,17931.345703125
phase1,F_vos,warm,synthetic,flat,50,memory:post_library_render_idle,PASS,1,1,0,0,,,,,,,,,1,44429.340820312,44429.340820312,44429.340820312,44429.340820312,0.0,44429.340820312,44429.340820312,,,,,,,,,1,244576.0,244576.0,244576.0,244576.0,0.0,244576.0,244576.0,,,,,,,,,,,,,,,,,,,,,,,,,,,,,,,,,,,,,,,,,,,,,,,,,,,,,,,,,,,,,,,,,,,,,,,,,,,,,,,,,1,32783.916992188,32783.916992188,32783.916992188,32783.916992188,0.0,32783.916992188,32783.916992188
phase1,F_vos,warm,synthetic,flat,50,memory:post_init_idle,PASS,1,1,0,0,,,,,,,,,1,9999.3603515625,9999.3603515625,9999.3603515625,9999.3603515625,0.0,9999.3603515625,9999.3603515625,,,,,,,,,1,170544.0,170544.0,170544.0,170544.0,0.0,170544.0,170544.0,,,,,,,,,,,,,,,,,,,,,,,,,,,,,,,,,,,,,,,,,,,,,,,,,,,,,,,,,,,,,,,,,,,,,,,,,,,,,,,,,1,9280.6630859375,9280.6630859375,9280.6630859375,9280.6630859375,0.0,9280.6630859375,9280.6630859375
phase1,F_vos,warm,synthetic,flat,50,memory:post_stress_idle,PASS,1,1,0,0,,,,,,,,,1,17590.133789062,17590.133789062,17590.133789062,17590.133789062,0.0,17590.133789062,17590.133789062,,,,,,,,,1,246368.0,246368.0,246368.0,246368.0,0.0,246368.0,246368.0,,,,,,,,,,,,,,,,,,,,,,,,,,,,,,,,,,,,,,,,,,,,,,,,,,,,,,,,,,,,,,,,,,,,,,,,,,,,,,,,,1,14697.955078125,14697.955078125,14697.955078125,14697.955078125,0.0,14697.955078125,14697.955078125
phase1,F_vos,warm,synthetic,hierarchical,2000,memory:post_library_render_idle,PASS,1,1,0,0,,,,,,,,,1,9855.1962890625,9855.1962890625,9855.1962890625,9855.1962890625,0.0,9855.1962890625,9855.1962890625,,,,,,,,,1,177744.0,177744.0,177744.0,177744.0,0.0,177744.0,177744.0,,,,,,,,,,,,,,,,,,,,,,,,,,,,,,,,,,,,,,,,,,,,,,,,,,,,,,,,,,,,,,,,,,,,,,,,,,,,,,,,,1,8977.4521484375,8977.4521484375,8977.4521484375,8977.4521484375,0.0,8977.4521484375,8977.4521484375
phase1,F_vos,warm,synthetic,hierarchical,2000,memory:post_init_idle,PASS,1,1,0,0,,,,,,,,,1,15145.41796875,15145.41796875,15145.41796875,15145.41796875,0.0,15145.41796875,15145.41796875,,,,,,,,,1,168704.0,168704.0,168704.0,168704.0,0.0,168704.0,168704.0,,,,,,,,,,,,,,,,,,,,,,,,,,,,,,,,,,,,,,,,,,,,,,,,,,,,,,,,,,,,,,,,,,,,,,,,,,,,,,,,,1,8933.0888671875,8933.0888671875,8933.0888671875,8933.0888671875,0.0,8933.0888671875,8933.0888671875
phase1,F_vos,warm,synthetic,hierarchical,2000,memory:post_stress_idle,PASS,1,1,0,0,,,,,,,,,1,26486.172851562,26486.172851562,26486.172851562,26486.172851562,0.0,26486.172851562,26486.172851562,,,,,,,,,1,226432.0,226432.0,226432.0,226432.0,0.0,226432.0,226432.0,,,,,,,,,,,,,,,,,,,,,,,,,,,,,,,,,,,,,,,,,,,,,,,,,,,,,,,,,,,,,,,,,,,,,,,,,,,,,,,,,1,20341.837890625,20341.837890625,20341.837890625,20341.837890625,0.0,20341.837890625,20341.837890625
phase1,F_vos,warm,synthetic,hierarchical,50,memory:post_stress_idle,PASS,1,1,0,0,,,,,,,,,1,20528.5,20528.5,20528.5,20528.5,0.0,20528.5,20528.5,,,,,,,,,1,212416.0,212416.0,212416.0,212416.0,0.0,212416.0,212416.0,,,,,,,,,,,,,,,,,,,,,,,,,,,,,,,,,,,,,,,,,,,,,,,,,,,,,,,,,,,,,,,,,,,,,,,,,,,,,,,,,1,14290.505859375,14290.505859375,14290.505859375,14290.505859375,0.0,14290.505859375,14290.505859375
phase1,F_vos,warm,synthetic,hierarchical,50,memory:post_init_idle,PASS,1,1,0,0,,,,,,,,,1,9520.5263671875,9520.5263671875,9520.5263671875,9520.5263671875,0.0,9520.5263671875,9520.5263671875,,,,,,,,,1,169504.0,169504.0,169504.0,169504.0,0.0,169504.0,169504.0,,,,,,,,,,,,,,,,,,,,,,,,,,,,,,,,,,,,,,,,,,,,,,,,,,,,,,,,,,,,,,,,,,,,,,,,,,,,,,,,,1,8897.9990234375,8897.9990234375,8897.9990234375,8897.9990234375,0.0,8897.9990234375,8897.9990234375
phase1,F_vos,warm,synthetic,hierarchical,50,memory:post_library_render_idle,PASS,1,1,0,0,,,,,,,,,1,10697.854492188,10697.854492188,10697.854492188,10697.854492188,0.0,10697.854492188,10697.854492188,,,,,,,,,1,181808.0,181808.0,181808.0,181808.0,0.0,181808.0,181808.0,,,,,,,,,,,,,,,,,,,,,,,,,,,,,,,,,,,,,,,,,,,,,,,,,,,,,,,,,,,,,,,,,,,,,,,,,,,,,,,,,1,10674.940429688,10674.940429688,10674.940429688,10674.940429688,0.0,10674.940429688,10674.940429688
phase1,G_simpleui_bookshelf,paging,paging,flat,2000,memory:post_stress_idle,PASS,3,3,0,0,,,,,,,,,3,39280.564453125,38334.2761718746,44155.477734375396,40917.491536458336,3904.678972153059,38097.704101562,45374.206054688,,,,,,,,,3,245392.0,241347.2,249283.2,245328.0,4960.309667752609,240336.0,250256.0,,,,,,,,,,,,,,,,,,,,,,,,,,,,,,,,,,,,,,,,,,,,,,,,,,,,,,,,,,,,,,,,,,,,,,,,,,,,,,,,,3,19285.446289062,19273.677539062002,19314.896289062002,19292.813476562,26.54002150901952,19270.735351562,19322.258789062
phase1,G_simpleui_bookshelf,paging,paging,flat,2000,memory:post_init_idle,PASS,3,3,0,0,,,,,,,,,3,20133.779296875,19630.735546875003,20221.466796875,19960.714192708332,398.4689192830513,19504.974609375,20243.388671875,,,,,,,,,3,177632.0,177260.8,178323.2,177765.33333333334,673.9653799219462,177168.0,178496.0,,,,,,,,,,,,,,,,,,,,,,,,,,,,,,,,,,,,,,,,,,,,,,,,,,,,,,,,,,,,,,,,,,,,,,,,,,,,,,,,,3,14905.797851562,14894.000976562002,14906.835351562,14901.314778645334,8.91165914184793,14891.051757812,14907.094726562
phase1,G_simpleui_bookshelf,paging,paging,hierarchical,2000,memory:post_init_idle,PASS,3,3,0,0,,,,,,,,,3,17926.36328125,17725.414062499603,19425.07578125,18467.09798177067,1160.9274426839154,17675.176757812,19799.75390625,,,,,,,,,3,171424.0,170976.0,172768.0,171797.33333333334,1165.7329597010344,170864.0,173104.0,,,,,,,,,,,,,,,,,,,,,,,,,,,,,,,,,,,,,,,,,,,,,,,,,,,,,,,,,,,,,,,,,,,,,,,,,,,,,,,,,3,12729.313476562,12690.000976562002,12733.157226562002,12714.534830728668,29.855158091709875,12680.172851562,12734.118164062
phase1,G_simpleui_bookshelf,paging,paging,hierarchical,2000,memory:post_stress_idle,PASS,3,3,0,0,,,,,,,,,3,23070.576171875,22063.587109375,31746.821484375003,26266.099609375,6654.734523408536,21811.83984375,33915.8828125,,,,,,,,,3,228176.0,226896.00000000003,230544.0,228629.33333333334,2313.554264186024,226576.0,231136.0,,,,,,,,,,,,,,,,,,,,,,,,,,,,,,,,,,,,,,,,,,,,,,,,,,,,,,,,,,,,,,,,,,,,,,,,,,,,,,,,,3,16093.059570312,16064.075195312,16145.972070312,16103.029622395334,51.908685812695225,16056.829101562,16159.200195312
phase1,G_simpleui_bookshelf,steady_state_cold,startup,hierarchical,2000,memory:post_library_render_idle,PASS,3,3,0,0,,,,,,,,,3,13939.924804688,13850.3162109376,13944.4099609376,13904.456705729333,66.34711924159839,13827.9140625,13945.53125,,,,,,,,,3,177600.0,173900.80000000002,180697.6,177349.33333333334,4253.543150519733,172976.0,181472.0,,,,,,,,,,,,,,,,,,,,,,,,,,,,,,,,,,,,,,,,,,,,,,,,,,,,,,,,,,,,,,,,,,,,,,,,,,,,,,,,,3,12756.029296875,12739.891796875001,12787.113671875,12762.257161458334,30.00244240885097,12735.857421875,12794.884765625
phase1,G_simpleui_bookshelf,steady_state_cold,startup,hierarchical,2000,memory:post_init_idle,PASS,3,3,0,0,,,,,,,,,3,16240.515625,15195.3921875,17664.204687499998,16398.251302083332,1549.0427745239117,14934.111328125,18020.126953125,,,,,,,,,3,168832.0,165286.4,172595.2,168922.66666666666,4568.674789622624,164400.0,173536.0,,,,,,,,,,,,,,,,,,,,,,,,,,,,,,,,,,,,,,,,,,,,,,,,,,,,,,,,,,,,,,,,,,,,,,,,,,,,,,,,,3,12556.001953125,12527.720703125,12564.245703125,12547.652994791666,23.945816335101778,12520.650390625,12566.306640625
phase1,G_simpleui_bookshelf,warm,synthetic,flat,2000,memory:post_library_render_idle,PASS,1,1,0,0,,,,,,,,,1,18811.392578125,18811.392578125,18811.392578125,18811.392578125,0.0,18811.392578125,18811.392578125,,,,,,,,,1,206720.0,206720.0,206720.0,206720.0,0.0,206720.0,206720.0,,,,,,,,,,,,,,,,,,,,,,,,,,,,,,,,,,,,,,,,,,,,,,,,,,,,,,,,,,,,,,,,,,,,,,,,,,,,,,,,,1,18353.028320312,18353.028320312,18353.028320312,18353.028320312,0.0,18353.028320312,18353.028320312
phase1,G_simpleui_bookshelf,warm,synthetic,flat,2000,memory:post_init_idle,PASS,1,1,0,0,,,,,,,,,1,20146.405273438,20146.405273438,20146.405273438,20146.405273438,0.0,20146.405273438,20146.405273438,,,,,,,,,1,171904.0,171904.0,171904.0,171904.0,0.0,171904.0,171904.0,,,,,,,,,,,,,,,,,,,,,,,,,,,,,,,,,,,,,,,,,,,,,,,,,,,,,,,,,,,,,,,,,,,,,,,,,,,,,,,,,1,14868.333007812,14868.333007812,14868.333007812,14868.333007812,0.0,14868.333007812,14868.333007812
phase1,G_simpleui_bookshelf,warm,synthetic,flat,2000,memory:post_stress_idle,PASS,1,1,0,0,,,,,,,,,1,107195.234375,107195.234375,107195.234375,107195.234375,0.0,107195.234375,107195.234375,,,,,,,,,1,450816.0,450816.0,450816.0,450816.0,0.0,450816.0,450816.0,,,,,,,,,,,,,,,,,,,,,,,,,,,,,,,,,,,,,,,,,,,,,,,,,,,,,,,,,,,,,,,,,,,,,,,,,,,,,,,,,1,100039.43847656,100039.43847656,100039.43847656,100039.43847656,0.0,100039.43847656,100039.43847656
phase1,G_simpleui_bookshelf,warm,synthetic,flat,50,memory:post_init_idle,PASS,1,1,0,0,,,,,,,,,1,18537.8515625,18537.8515625,18537.8515625,18537.8515625,0.0,18537.8515625,18537.8515625,,,,,,,,,1,172448.0,172448.0,172448.0,172448.0,0.0,172448.0,172448.0,,,,,,,,,,,,,,,,,,,,,,,,,,,,,,,,,,,,,,,,,,,,,,,,,,,,,,,,,,,,,,,,,,,,,,,,,,,,,,,,,1,12961.239257812,12961.239257812,12961.239257812,12961.239257812,0.0,12961.239257812,12961.239257812
phase1,G_simpleui_bookshelf,warm,synthetic,flat,50,memory:post_stress_idle,PASS,1,1,0,0,,,,,,,,,1,64718.977539062,64718.977539062,64718.977539062,64718.977539062,0.0,64718.977539062,64718.977539062,,,,,,,,,1,311824.0,311824.0,311824.0,311824.0,0.0,311824.0,311824.0,,,,,,,,,,,,,,,,,,,,,,,,,,,,,,,,,,,,,,,,,,,,,,,,,,,,,,,,,,,,,,,,,,,,,,,,,,,,,,,,,1,49672.555664062,49672.555664062,49672.555664062,49672.555664062,0.0,49672.555664062,49672.555664062
phase1,G_simpleui_bookshelf,warm,synthetic,flat,50,memory:post_library_render_idle,PASS,1,1,0,0,,,,,,,,,1,14267.918945312,14267.918945312,14267.918945312,14267.918945312,0.0,14267.918945312,14267.918945312,,,,,,,,,1,183952.0,183952.0,183952.0,183952.0,0.0,183952.0,183952.0,,,,,,,,,,,,,,,,,,,,,,,,,,,,,,,,,,,,,,,,,,,,,,,,,,,,,,,,,,,,,,,,,,,,,,,,,,,,,,,,,1,14230.770507812,14230.770507812,14230.770507812,14230.770507812,0.0,14230.770507812,14230.770507812
phase1,G_simpleui_bookshelf,warm,synthetic,hierarchical,2000,memory:post_stress_idle,PASS,1,1,0,0,,,,,,,,,1,52790.87109375,52790.87109375,52790.87109375,52790.87109375,0.0,52790.87109375,52790.87109375,,,,,,,,,1,271200.0,271200.0,271200.0,271200.0,0.0,271200.0,271200.0,,,,,,,,,,,,,,,,,,,,,,,,,,,,,,,,,,,,,,,,,,,,,,,,,,,,,,,,,,,,,,,,,,,,,,,,,,,,,,,,,1,49408.426757812,49408.426757812,49408.426757812,49408.426757812,0.0,49408.426757812,49408.426757812
phase1,G_simpleui_bookshelf,warm,synthetic,hierarchical,2000,memory:post_init_idle,PASS,1,1,0,0,,,,,,,,,1,19795.370117188,19795.370117188,19795.370117188,19795.370117188,0.0,19795.370117188,19795.370117188,,,,,,,,,1,170880.0,170880.0,170880.0,170880.0,0.0,170880.0,170880.0,,,,,,,,,,,,,,,,,,,,,,,,,,,,,,,,,,,,,,,,,,,,,,,,,,,,,,,,,,,,,,,,,,,,,,,,,,,,,,,,,1,12773.422851562,12773.422851562,12773.422851562,12773.422851562,0.0,12773.422851562,12773.422851562
phase1,G_simpleui_bookshelf,warm,synthetic,hierarchical,2000,memory:post_library_render_idle,PASS,1,1,0,0,,,,,,,,,1,15753.37890625,15753.37890625,15753.37890625,15753.37890625,0.0,15753.37890625,15753.37890625,,,,,,,,,1,178352.0,178352.0,178352.0,178352.0,0.0,178352.0,178352.0,,,,,,,,,,,,,,,,,,,,,,,,,,,,,,,,,,,,,,,,,,,,,,,,,,,,,,,,,,,,,,,,,,,,,,,,,,,,,,,,,1,15541.063476562,15541.063476562,15541.063476562,15541.063476562,0.0,15541.063476562,15541.063476562
phase1,G_simpleui_bookshelf,warm,synthetic,hierarchical,50,memory:post_stress_idle,PASS,1,1,0,0,,,,,,,,,1,53560.590820312,53560.590820312,53560.590820312,53560.590820312,0.0,53560.590820312,53560.590820312,,,,,,,,,1,242560.0,242560.0,242560.0,242560.0,0.0,242560.0,242560.0,,,,,,,,,,,,,,,,,,,,,,,,,,,,,,,,,,,,,,,,,,,,,,,,,,,,,,,,,,,,,,,,,,,,,,,,,,,,,,,,,1,50169.614257812,50169.614257812,50169.614257812,50169.614257812,0.0,50169.614257812,50169.614257812
phase1,G_simpleui_bookshelf,warm,synthetic,hierarchical,50,memory:post_init_idle,PASS,1,1,0,0,,,,,,,,,1,19858.317382812,19858.317382812,19858.317382812,19858.317382812,0.0,19858.317382812,19858.317382812,,,,,,,,,1,174368.0,174368.0,174368.0,174368.0,0.0,174368.0,174368.0,,,,,,,,,,,,,,,,,,,,,,,,,,,,,,,,,,,,,,,,,,,,,,,,,,,,,,,,,,,,,,,,,,,,,,,,,,,,,,,,,1,12666.086914062,12666.086914062,12666.086914062,12666.086914062,0.0,12666.086914062,12666.086914062
phase1,G_simpleui_bookshelf,warm,synthetic,hierarchical,50,memory:post_library_render_idle,PASS,1,1,0,0,,,,,,,,,1,15635.458984375,15635.458984375,15635.458984375,15635.458984375,0.0,15635.458984375,15635.458984375,,,,,,,,,1,182096.0,182096.0,182096.0,182096.0,0.0,182096.0,182096.0,,,,,,,,,,,,,,,,,,,,,,,,,,,,,,,,,,,,,,,,,,,,,,,,,,,,,,,,,,,,,,,,,,,,,,,,,,,,,,,,,1,15509.700195312,15509.700195312,15509.700195312,15509.700195312,0.0,15509.700195312,15509.700195312
phase1,H_zenos_bookshelf,paging,paging,flat,2000,memory:post_init_idle,PASS,3,3,0,0,,,,,,,,,3,17410.760742188,17340.2427734376,17693.6099609376,17499.23209635433,233.76717498489225,17322.61328125,17764.322265625,,,,,,,,,3,176384.0,174758.40000000002,176755.19999999998,175861.33333333334,1327.5501246029596,174352.0,176848.0,,,,,,,,,,,,,,,,,,,,,,,,,,,,,,,,,,,,,,,,,,,,,,,,,,,,,,,,,,,,,,,,,,,,,,,,,,,,,,,,,3,14498.577148438,14481.374023438,14862.386523438001,14642.996419271332,268.9794243621321,14477.073242188,14953.338867188
phase1,H_zenos_bookshelf,paging,paging,flat,2000,memory:post_stress_idle,PASS,3,3,0,0,,,,,,,,,3,51019.982421875,37238.235546875,59046.733984375,48622.067708333336,13787.599082364479,33792.798828125,61053.421875,,,,,,,,,3,244272.0,235248.0,256636.80000000002,245664.0,13422.245415726833,232992.0,259728.0,,,,,,,,,,,,,,,,,,,,,,,,,,,,,,,,,,,,,,,,,,,,,,,,,,,,,,,,,,,,,,,,,,,,,,,,,,,,,,,,,3,24041.575195312,24003.259570312002,25392.390820312,24588.450195312,988.9831385472093,23993.680664062,25730.094726562
phase1,H_zenos_bookshelf,paging,paging,hierarchical,2000,memory:post_init_idle,PASS,3,3,0,0,,,,,,,,,3,16972.02734375,16950.87421875,17167.707812500397,17044.747070312664,149.4391493411999,16945.5859375,17216.627929688,,,,,,,,,3,175840.0,175417.6,176121.6,175781.33333333334,442.92362020255064,175312.0,176192.0,,,,,,,,,,,,,,,,,,,,,,,,,,,,,,,,,,,,,,,,,,,,,,,,,,,,,,,,,,,,,,,,,,,,,,,,,,,,,,,,,3,14482.811523438,14473.045898438002,14487.158398438,14480.553710938,9.034445227102958,14470.604492188,14488.245117188
phase1,H_zenos_bookshelf,paging,paging,hierarchical,2000,memory:post_stress_idle,PASS,3,3,0,0,,,,,,,,,3,34543.036132812,34521.75644531281,35220.4072265624,34816.407552083336,496.70721430438175,34516.436523438,35389.75,,,,,,,,,3,239072.0,238854.4,239584.0,239194.66666666666,468.21077874535666,238800.0,239712.0,,,,,,,,,,,,,,,,,,,,,,,,,,,,,,,,,,,,,,,,,,,,,,,,,,,,,,,,,,,,,,,,,,,,,,,,,,,,,,,,,3,17975.930664062,17917.936914062004,18014.602539062,17967.879882812,60.81698983879223,17903.438476562,18024.270507812
phase1,H_zenos_bookshelf,steady_state_cold,startup,hierarchical,2000,memory:post_library_render_idle,PASS,3,3,0,0,,,,,,,,,3,16507.556640625,16446.377734374604,16520.3652343746,16487.40234374967,49.42657854524656,16431.083007812,16523.567382812,,,,,,,,,3,183824.0,181648.0,188880.0,185024.0,4637.930573003438,181104.0,190144.0,,,,,,,,,,,,,,,,,,,,,,,,,,,,,,,,,,,,,,,,,,,,,,,,,,,,,,,,,,,,,,,,,,,,,,,,,,,,,,,,,3,14720.5703125,14673.414062500002,14726.754687499999,14703.498697916666,36.46909609088046,14661.625,14728.30078125
phase1,H_zenos_bookshelf,steady_state_cold,startup,hierarchical,2000,memory:post_init_idle,PASS,3,3,0,0,,,,,,,,,3,22481.740234375,22037.216015625403,22877.252734375,22461.318684896,525.3207372343442,21926.084960938,22976.130859375,,,,,,,,,3,183824.0,179740.8,185961.6,183013.33333333334,3950.8770334361625,178720.0,186496.0,,,,,,,,,,,,,,,,,,,,,,,,,,,,,,,,,,,,,,,,,,,,,,,,,,,,,,,,,,,,,,,,,,,,,,,,,,,,,,,,,3,14317.6796875,14308.432812500001,14353.7359375,14328.850260416666,29.921472728339214,14306.12109375,14362.75
phase1,H_zenos_bookshelf,warm,synthetic,flat,2000,memory:post_library_render_idle,PASS,1,1,0,0,,,,,,,,,1,21307.598632812,21307.598632812,21307.598632812,21307.598632812,0.0,21307.598632812,21307.598632812,,,,,,,,,1,202448.0,202448.0,202448.0,202448.0,0.0,202448.0,202448.0,,,,,,,,,,,,,,,,,,,,,,,,,,,,,,,,,,,,,,,,,,,,,,,,,,,,,,,,,,,,,,,,,,,,,,,,,,,,,,,,,1,21178.797851562,21178.797851562,21178.797851562,21178.797851562,0.0,21178.797851562,21178.797851562
phase1,H_zenos_bookshelf,warm,synthetic,flat,2000,memory:post_init_idle,PASS,1,1,0,0,,,,,,,,,1,16831.625976562,16831.625976562,16831.625976562,16831.625976562,0.0,16831.625976562,16831.625976562,,,,,,,,,1,172720.0,172720.0,172720.0,172720.0,0.0,172720.0,172720.0,,,,,,,,,,,,,,,,,,,,,,,,,,,,,,,,,,,,,,,,,,,,,,,,,,,,,,,,,,,,,,,,,,,,,,,,,,,,,,,,,1,14477.928710938,14477.928710938,14477.928710938,14477.928710938,0.0,14477.928710938,14477.928710938
phase1,H_zenos_bookshelf,warm,synthetic,flat,2000,memory:post_stress_idle,PASS,1,1,0,0,,,,,,,,,1,44260.28125,44260.28125,44260.28125,44260.28125,0.0,44260.28125,44260.28125,,,,,,,,,1,309088.0,309088.0,309088.0,309088.0,0.0,309088.0,309088.0,,,,,,,,,,,,,,,,,,,,,,,,,,,,,,,,,,,,,,,,,,,,,,,,,,,,,,,,,,,,,,,,,,,,,,,,,,,,,,,,,1,41447.073242188,41447.073242188,41447.073242188,41447.073242188,0.0,41447.073242188,41447.073242188
phase1,H_zenos_bookshelf,warm,synthetic,flat,50,memory:post_stress_idle,PASS,1,1,0,0,,,,,,,,,1,35427.315429688,35427.315429688,35427.315429688,35427.315429688,0.0,35427.315429688,35427.315429688,,,,,,,,,1,294928.0,294928.0,294928.0,294928.0,0.0,294928.0,294928.0,,,,,,,,,,,,,,,,,,,,,,,,,,,,,,,,,,,,,,,,,,,,,,,,,,,,,,,,,,,,,,,,,,,,,,,,,,,,,,,,,1,35411.475585938,35411.475585938,35411.475585938,35411.475585938,0.0,35411.475585938,35411.475585938
phase1,H_zenos_bookshelf,warm,synthetic,flat,50,memory:post_init_idle,PASS,1,1,0,0,,,,,,,,,1,15918.842773438,15918.842773438,15918.842773438,15918.842773438,0.0,15918.842773438,15918.842773438,,,,,,,,,1,172432.0,172432.0,172432.0,172432.0,0.0,172432.0,172432.0,,,,,,,,,,,,,,,,,,,,,,,,,,,,,,,,,,,,,,,,,,,,,,,,,,,,,,,,,,,,,,,,,,,,,,,,,,,,,,,,,1,14500.987304688,14500.987304688,14500.987304688,14500.987304688,0.0,14500.987304688,14500.987304688
phase1,H_zenos_bookshelf,warm,synthetic,flat,50,memory:post_library_render_idle,PASS,1,1,0,0,,,,,,,,,1,15409.504882812,15409.504882812,15409.504882812,15409.504882812,0.0,15409.504882812,15409.504882812,,,,,,,,,1,197920.0,197920.0,197920.0,197920.0,0.0,197920.0,197920.0,,,,,,,,,,,,,,,,,,,,,,,,,,,,,,,,,,,,,,,,,,,,,,,,,,,,,,,,,,,,,,,,,,,,,,,,,,,,,,,,,1,15213.006835938,15213.006835938,15213.006835938,15213.006835938,0.0,15213.006835938,15213.006835938
phase1,H_zenos_bookshelf,warm,synthetic,hierarchical,2000,memory:post_stress_idle,PASS,1,1,0,0,,,,,,,,,1,37765.9375,37765.9375,37765.9375,37765.9375,0.0,37765.9375,37765.9375,,,,,,,,,1,267072.0,267072.0,267072.0,267072.0,0.0,267072.0,267072.0,,,,,,,,,,,,,,,,,,,,,,,,,,,,,,,,,,,,,,,,,,,,,,,,,,,,,,,,,,,,,,,,,,,,,,,,,,,,,,,,,1,37308.944335938,37308.944335938,37308.944335938,37308.944335938,0.0,37308.944335938,37308.944335938
phase1,H_zenos_bookshelf,warm,synthetic,hierarchical,2000,memory:post_library_render_idle,PASS,1,1,0,0,,,,,,,,,1,14933.061523438,14933.061523438,14933.061523438,14933.061523438,0.0,14933.061523438,14933.061523438,,,,,,,,,1,196928.0,196928.0,196928.0,196928.0,0.0,196928.0,196928.0,,,,,,,,,,,,,,,,,,,,,,,,,,,,,,,,,,,,,,,,,,,,,,,,,,,,,,,,,,,,,,,,,,,,,,,,,,,,,,,,,1,14897.873046875,14897.873046875,14897.873046875,14897.873046875,0.0,14897.873046875,14897.873046875
phase1,H_zenos_bookshelf,warm,synthetic,hierarchical,2000,memory:post_init_idle,PASS,1,1,0,0,,,,,,,,,1,21086.391601562,21086.391601562,21086.391601562,21086.391601562,0.0,21086.391601562,21086.391601562,,,,,,,,,1,178016.0,178016.0,178016.0,178016.0,0.0,178016.0,178016.0,,,,,,,,,,,,,,,,,,,,,,,,,,,,,,,,,,,,,,,,,,,,,,,,,,,,,,,,,,,,,,,,,,,,,,,,,,,,,,,,,1,14543.022460938,14543.022460938,14543.022460938,14543.022460938,0.0,14543.022460938,14543.022460938
phase1,H_zenos_bookshelf,warm,synthetic,hierarchical,50,memory:post_init_idle,PASS,1,1,0,0,,,,,,,,,1,16955.815429688,16955.815429688,16955.815429688,16955.815429688,0.0,16955.815429688,16955.815429688,,,,,,,,,1,174832.0,174832.0,174832.0,174832.0,0.0,174832.0,174832.0,,,,,,,,,,,,,,,,,,,,,,,,,,,,,,,,,,,,,,,,,,,,,,,,,,,,,,,,,,,,,,,,,,,,,,,,,,,,,,,,,1,14568.959960938,14568.959960938,14568.959960938,14568.959960938,0.0,14568.959960938,14568.959960938
phase1,H_zenos_bookshelf,warm,synthetic,hierarchical,50,memory:post_stress_idle,PASS,1,1,0,0,,,,,,,,,1,36692.86328125,36692.86328125,36692.86328125,36692.86328125,0.0,36692.86328125,36692.86328125,,,,,,,,,1,267568.0,267568.0,267568.0,267568.0,0.0,267568.0,267568.0,,,,,,,,,,,,,,,,,,,,,,,,,,,,,,,,,,,,,,,,,,,,,,,,,,,,,,,,,,,,,,,,,,,,,,,,,,,,,,,,,1,36376.135742188,36376.135742188,36376.135742188,36376.135742188,0.0,36376.135742188,36376.135742188
phase1,H_zenos_bookshelf,warm,synthetic,hierarchical,50,memory:post_library_render_idle,PASS,1,1,0,0,,,,,,,,,1,15017.530273438,15017.530273438,15017.530273438,15017.530273438,0.0,15017.530273438,15017.530273438,,,,,,,,,1,201696.0,201696.0,201696.0,201696.0,0.0,201696.0,201696.0,,,,,,,,,,,,,,,,,,,,,,,,,,,,,,,,,,,,,,,,,,,,,,,,,,,,,,,,,,,,,,,,,,,,,,,,,,,,,,,,,1,14811.904296875,14811.904296875,14811.904296875,14811.904296875,0.0,14811.904296875,14811.904296875
phase1,I_vos_bookshelf,paging,paging,flat,2000,memory:post_stress_idle,PASS,3,3,0,0,,,,,,,,,3,27564.084960938,26882.913085938,36619.3123046876,31053.274739583663,6794.195728960442,26712.620117188,38883.119140625,,,,,,,,,3,233856.0,233779.2,237209.6,235221.33333333334,2448.4356910756983,233760.0,238048.0,,,,,,,,,,,,,,,,,,,,,,,,,,,,,,,,,,,,,,,,,,,,,,,,,,,,,,,,,,,,,,,,,,,,,,,,,,,,,,,,,3,17431.434570312,17412.743945312002,17433.734570312,17424.605143228666,14.390714244034259,17408.071289062,17434.309570312
phase1,I_vos_bookshelf,paging,paging,flat,2000,memory:post_init_idle,PASS,3,3,0,0,,,,,,,,,3,19230.064453125,17502.326953125,20460.244140625,19022.748697916668,1857.3960421610018,17070.392578125,20767.7890625,,,,,,,,,3,174240.0,172012.80000000002,175302.4,173754.66666666666,2098.5226549487934,171456.0,175568.0,,,,,,,,,,,,,,,,,,,,,,,,,,,,,,,,,,,,,,,,,,,,,,,,,,,,,,,,,,,,,,,,,,,,,,,,,,,,,,,,,3,11935.973632812,11863.592382812001,11971.583007811998,11920.652018228668,68.78606634913378,11845.497070312,11980.485351562
phase1,I_vos_bookshelf,paging,paging,hierarchical,2000,memory:post_init_idle,PASS,3,3,0,0,,,,,,,,,3,10755.765625,10727.1,15450.021875,12699.76171875,3398.1786825228396,10719.93359375,16623.5859375,,,,,,,,,3,167344.0,167267.2,168739.19999999998,167893.33333333334,1035.7245451051806,167248.0,169088.0,,,,,,,,,,,,,,,,,,,,,,,,,,,,,,,,,,,,,,,,,,,,,,,,,,,,,,,,,,,,,,,,,,,,,,,,,,,,,,,,,3,9227.7861328125,9182.1423828125,9380.2923828125,9272.312174479166,129.70813661424177,9170.7314453125,9418.4189453125
phase1,I_vos_bookshelf,paging,paging,hierarchical,2000,memory:post_stress_idle,PASS,3,3,0,0,,,,,,,,,3,20517.0078125,18883.6804687496,32563.003125,24855.61946614567,9338.786022752382,18475.348632812,35574.501953125,,,,,,,,,3,227024.0,226729.60000000003,227088.0,226928.0,238.93095236908925,226656.0,227104.0,,,,,,,,,,,,,,,,,,,,,,,,,,,,,,,,,,,,,,,,,,,,,,,,,,,,,,,,,,,,,,,,,,,,,,,,,,,,,,,,,3,14170.907226562,14154.547851562002,14179.766601562,14167.782226562,15.992373079193143,14150.458007812,14181.981445312
phase1,I_vos_bookshelf,steady_state_cold,startup,hierarchical,2000,memory:post_init_idle,PASS,3,3,0,0,,,,,,,,,3,14499.854492188,10543.459179687601,14735.385742188,12949.494466146169,2943.955103607527,9554.3603515625,14794.268554688,,,,,,,,,3,165248.0,162944.0,166502.40000000002,164810.66666666666,2256.0189124502776,162368.0,166816.0,,,,,,,,,,,,,,,,,,,,,,,,,,,,,,,,,,,,,,,,,,,,,,,,,,,,,,,,,,,,,,,,,,,,,,,,,,,,,,,,,3,8994.0166015625,8988.004101562501,9037.4072265625,9009.5908203125,33.694264371523026,8986.5009765625,9048.2548828125
phase1,I_vos_bookshelf,steady_state_cold,startup,hierarchical,2000,memory:post_library_render_idle,PASS,3,3,0,0,,,,,,,,,3,10032.356445312,10002.7712890624,10033.478320311999,10020.496744791333,21.767365206173853,9995.375,10033.758789062,,,,,,,,,3,173168.0,170787.2,174460.8,172714.66666666666,2329.3237931497056,170192.0,174784.0,,,,,,,,,,,,,,,,,,,,,,,,,,,,,,,,,,,,,,,,,,,,,,,,,,,,,,,,,,,,,,,,,,,,,,,,,,,,,,,,,3,8956.0556640625,8947.252539062501,8985.0244140625,8964.4580078125,24.70343909163462,8945.0517578125,8992.2666015625
phase1,I_vos_bookshelf,warm,synthetic,flat,2000,memory:post_init_idle,PASS,1,1,0,0,,,,,,,,,1,21068.671875,21068.671875,21068.671875,21068.671875,0.0,21068.671875,21068.671875,,,,,,,,,1,175792.0,175792.0,175792.0,175792.0,0.0,175792.0,175792.0,,,,,,,,,,,,,,,,,,,,,,,,,,,,,,,,,,,,,,,,,,,,,,,,,,,,,,,,,,,,,,,,,,,,,,,,,,,,,,,,,1,12025.547851562,12025.547851562,12025.547851562,12025.547851562,0.0,12025.547851562,12025.547851562
phase1,I_vos_bookshelf,warm,synthetic,flat,2000,memory:post_stress_idle,PASS,1,1,0,0,,,,,,,,,1,26538.793945312,26538.793945312,26538.793945312,26538.793945312,0.0,26538.793945312,26538.793945312,,,,,,,,,1,294048.0,294048.0,294048.0,294048.0,0.0,294048.0,294048.0,,,,,,,,,,,,,,,,,,,,,,,,,,,,,,,,,,,,,,,,,,,,,,,,,,,,,,,,,,,,,,,,,,,,,,,,,,,,,,,,,1,22447.196289062,22447.196289062,22447.196289062,22447.196289062,0.0,22447.196289062,22447.196289062
phase1,I_vos_bookshelf,warm,synthetic,flat,2000,memory:post_library_render_idle,PASS,1,1,0,0,,,,,,,,,1,87167.897460938,87167.897460938,87167.897460938,87167.897460938,0.0,87167.897460938,87167.897460938,,,,,,,,,1,282688.0,282688.0,282688.0,282688.0,0.0,282688.0,282688.0,,,,,,,,,,,,,,,,,,,,,,,,,,,,,,,,,,,,,,,,,,,,,,,,,,,,,,,,,,,,,,,,,,,,,,,,,,,,,,,,,1,69009.224609375,69009.224609375,69009.224609375,69009.224609375,0.0,69009.224609375,69009.224609375
phase1,I_vos_bookshelf,warm,synthetic,flat,50,memory:post_stress_idle,PASS,1,1,0,0,,,,,,,,,1,20431.689453125,20431.689453125,20431.689453125,20431.689453125,0.0,20431.689453125,20431.689453125,,,,,,,,,1,253104.0,253104.0,253104.0,253104.0,0.0,253104.0,253104.0,,,,,,,,,,,,,,,,,,,,,,,,,,,,,,,,,,,,,,,,,,,,,,,,,,,,,,,,,,,,,,,,,,,,,,,,,,,,,,,,,1,17145.645507812,17145.645507812,17145.645507812,17145.645507812,0.0,17145.645507812,17145.645507812
phase1,I_vos_bookshelf,warm,synthetic,flat,50,memory:post_library_render_idle,PASS,1,1,0,0,,,,,,,,,1,45146.408203125,45146.408203125,45146.408203125,45146.408203125,0.0,45146.408203125,45146.408203125,,,,,,,,,1,240896.0,240896.0,240896.0,240896.0,0.0,240896.0,240896.0,,,,,,,,,,,,,,,,,,,,,,,,,,,,,,,,,,,,,,,,,,,,,,,,,,,,,,,,,,,,,,,,,,,,,,,,,,,,,,,,,1,32869.438476562,32869.438476562,32869.438476562,32869.438476562,0.0,32869.438476562,32869.438476562
phase1,I_vos_bookshelf,warm,synthetic,flat,50,memory:post_init_idle,PASS,1,1,0,0,,,,,,,,,1,11201.140625,11201.140625,11201.140625,11201.140625,0.0,11201.140625,11201.140625,,,,,,,,,1,163872.0,163872.0,163872.0,163872.0,0.0,163872.0,163872.0,,,,,,,,,,,,,,,,,,,,,,,,,,,,,,,,,,,,,,,,,,,,,,,,,,,,,,,,,,,,,,,,,,,,,,,,,,,,,,,,,1,9584.1064453125,9584.1064453125,9584.1064453125,9584.1064453125,0.0,9584.1064453125,9584.1064453125
phase1,I_vos_bookshelf,warm,synthetic,hierarchical,2000,memory:post_library_render_idle,PASS,1,1,0,0,,,,,,,,,1,9630.171875,9630.171875,9630.171875,9630.171875,0.0,9630.171875,9630.171875,,,,,,,,,1,180352.0,180352.0,180352.0,180352.0,0.0,180352.0,180352.0,,,,,,,,,,,,,,,,,,,,,,,,,,,,,,,,,,,,,,,,,,,,,,,,,,,,,,,,,,,,,,,,,,,,,,,,,,,,,,,,,1,9088.2041015625,9088.2041015625,9088.2041015625,9088.2041015625,0.0,9088.2041015625,9088.2041015625
phase1,I_vos_bookshelf,warm,synthetic,hierarchical,2000,memory:post_init_idle,PASS,1,1,0,0,,,,,,,,,1,10770.3671875,10770.3671875,10770.3671875,10770.3671875,0.0,10770.3671875,10770.3671875,,,,,,,,,1,169280.0,169280.0,169280.0,169280.0,0.0,169280.0,169280.0,,,,,,,,,,,,,,,,,,,,,,,,,,,,,,,,,,,,,,,,,,,,,,,,,,,,,,,,,,,,,,,,,,,,,,,,,,,,,,,,,1,9186.2431640625,9186.2431640625,9186.2431640625,9186.2431640625,0.0,9186.2431640625,9186.2431640625
phase1,I_vos_bookshelf,warm,synthetic,hierarchical,2000,memory:post_stress_idle,PASS,1,1,0,0,,,,,,,,,1,43173.260742188,43173.260742188,43173.260742188,43173.260742188,0.0,43173.260742188,43173.260742188,,,,,,,,,1,243392.0,243392.0,243392.0,243392.0,0.0,243392.0,243392.0,,,,,,,,,,,,,,,,,,,,,,,,,,,,,,,,,,,,,,,,,,,,,,,,,,,,,,,,,,,,,,,,,,,,,,,,,,,,,,,,,1,23330.872070312,23330.872070312,23330.872070312,23330.872070312,0.0,23330.872070312,23330.872070312
phase1,I_vos_bookshelf,warm,synthetic,hierarchical,50,memory:post_library_render_idle,PASS,1,1,0,0,,,,,,,,,1,9646.146484375,9646.146484375,9646.146484375,9646.146484375,0.0,9646.146484375,9646.146484375,,,,,,,,,1,178128.0,178128.0,178128.0,178128.0,0.0,178128.0,178128.0,,,,,,,,,,,,,,,,,,,,,,,,,,,,,,,,,,,,,,,,,,,,,,,,,,,,,,,,,,,,,,,,,,,,,,,,,,,,,,,,,1,9025.1728515625,9025.1728515625,9025.1728515625,9025.1728515625,0.0,9025.1728515625,9025.1728515625
phase1,I_vos_bookshelf,warm,synthetic,hierarchical,50,memory:post_init_idle,PASS,1,1,0,0,,,,,,,,,1,16767.010742188,16767.010742188,16767.010742188,16767.010742188,0.0,16767.010742188,16767.010742188,,,,,,,,,1,168832.0,168832.0,168832.0,168832.0,0.0,168832.0,168832.0,,,,,,,,,,,,,,,,,,,,,,,,,,,,,,,,,,,,,,,,,,,,,,,,,,,,,,,,,,,,,,,,,,,,,,,,,,,,,,,,,1,9320.4736328125,9320.4736328125,9320.4736328125,9320.4736328125,0.0,9320.4736328125,9320.4736328125
phase1,I_vos_bookshelf,warm,synthetic,hierarchical,50,memory:post_stress_idle,PASS,1,1,0,0,,,,,,,,,1,27709.647460938,27709.647460938,27709.647460938,27709.647460938,0.0,27709.647460938,27709.647460938,,,,,,,,,1,225008.0,225008.0,225008.0,225008.0,0.0,225008.0,225008.0,,,,,,,,,,,,,,,,,,,,,,,,,,,,,,,,,,,,,,,,,,,,,,,,,,,,,,,,,,,,,,,,,,,,,,,,,,,,,,,,,1,14308.411132812,14308.411132812,14308.411132812,14308.411132812,0.0,14308.411132812,14308.411132812
phase1,J_simpleui_vos,paging,paging,flat,2000,memory:post_init_idle,PASS,3,3,0,0,,,,,,,,,3,21099.857421875,20620.651171875,21292.3441406246,20980.39095052067,432.3690827874301,20500.849609375,21340.465820312,,,,,,,,,3,175200.0,174816.0,176774.4,175696.0,1297.1846437573952,174720.0,177168.0,,,,,,,,,,,,,,,,,,,,,,,,,,,,,,,,,,,,,,,,,,,,,,,,,,,,,,,,,,,,,,,,,,,,,,,,,,,,,,,,,3,15342.467773438,15312.302148438,15387.561523438002,15348.687825521332,47.344550312525385,15304.760742188,15398.834960938
phase1,J_simpleui_vos,paging,paging,flat,2000,memory:post_stress_idle,PASS,3,3,0,0,,,,,,,,,3,16765.790039062,16119.225976562802,18358.796289062,17160.14095052067,1440.7923514585414,15957.584960938,18757.047851562,,,,,,,,,3,201232.0,200720.0,203292.80000000002,201877.33333333334,1702.3528815534496,200592.0,203808.0,,,,,,,,,,,,,,,,,,,,,,,,,,,,,,,,,,,,,,,,,,,,,,,,,,,,,,,,,,,,,,,,,,,,,,,,,,,,,,,,,3,15942.956054688,15879.440429688002,15976.387304688,15930.420898438,61.55658742328229,15863.561523438,15984.745117188
phase1,J_simpleui_vos,paging,paging,hierarchical,2000,memory:post_init_idle,PASS,3,3,0,0,,,,,,,,,3,20000.754882812,18178.208789062403,20126.0041015624,19293.547851562336,1362.7549656353003,17722.572265625,20157.31640625,,,,,,,,,3,173904.0,171241.60000000003,174236.8,172933.33333333334,2052.0792707235587,170576.0,174320.0,,,,,,,,,,,,,,,,,,,,,,,,,,,,,,,,,,,,,,,,,,,,,,,,,,,,,,,,,,,,,,,,,,,,,,,,,,,,,,,,,3,13007.975585938,12940.094335938002,13269.263085938,13088.561523438,217.24547351823043,12923.124023438,13334.584960938
phase1,J_simpleui_vos,paging,paging,hierarchical,2000,memory:post_stress_idle,PASS,3,3,0,0,,,,,,,,,3,18108.709960938,16749.414648437203,19036.397460938,17928.873372396,1437.8240784070636,16409.590820312,19268.319335938,,,,,,,,,3,197632.0,196556.8,200524.80000000002,198389.33333333334,2565.261260248814,196288.0,201248.0,,,,,,,,,,,,,,,,,,,,,,,,,,,,,,,,,,,,,,,,,,,,,,,,,,,,,,,,,,,,,,,,,,,,,,,,,,,,,,,,,3,14979.581054688,14172.668554688,15115.134179688,14699.847981771332,636.9122876433476,13970.940429688,15149.022460938
phase1,J_simpleui_vos,steady_state_cold,startup,hierarchical,2000,memory:post_init_idle,PASS,3,3,0,0,,,,,,,,,3,17044.377929688,16456.465429688,17855.7388671872,17137.481445312667,878.2549327725039,16309.487304688,18058.579101562,,,,,,,,,3,168144.0,165481.60000000003,172060.8,168666.66666666666,4136.838084012152,164816.0,173040.0,,,,,,,,,,,,,,,,,,,,,,,,,,,,,,,,,,,,,,,,,,,,,,,,,,,,,,,,,,,,,,,,,,,,,,,,,,,,,,,,,3,12933.70703125,12928.28203125,12940.16328125,12934.13671875,7.435099238315098,12926.92578125,12941.77734375
phase1,J_simpleui_vos,steady_state_cold,startup,hierarchical,2000,memory:post_library_render_idle,PASS,3,3,0,0,,,,,,,,,3,14087.315429688,14081.175585937603,14102.709179688,14091.171223958669,13.866559746580808,14079.640625,14106.557617188,,,,,,,,,3,178656.0,176172.80000000002,181856.0,178954.66666666666,3561.4049662083266,175552.0,182656.0,,,,,,,,,,,,,,,,,,,,,,,,,,,,,,,,,,,,,,,,,,,,,,,,,,,,,,,,,,,,,,,,,,,,,,,,,,,,,,,,,3,13092.37890625,13062.46015625,13173.46015625,13113.696614583334,71.78944310578542,13054.98046875,13193.73046875
phase1,J_simpleui_vos,warm,synthetic,flat,2000,memory:post_library_render_idle,PASS,1,1,0,0,,,,,,,,,1,26281.850585938,26281.850585938,26281.850585938,26281.850585938,0.0,26281.850585938,26281.850585938,,,,,,,,,1,211184.0,211184.0,211184.0,211184.0,0.0,211184.0,211184.0,,,,,,,,,,,,,,,,,,,,,,,,,,,,,,,,,,,,,,,,,,,,,,,,,,,,,,,,,,,,,,,,,,,,,,,,,,,,,,,,,1,19110.541992188,19110.541992188,19110.541992188,19110.541992188,0.0,19110.541992188,19110.541992188
phase1,J_simpleui_vos,warm,synthetic,flat,2000,memory:post_init_idle,PASS,1,1,0,0,,,,,,,,,1,20539.08203125,20539.08203125,20539.08203125,20539.08203125,0.0,20539.08203125,20539.08203125,,,,,,,,,1,174544.0,174544.0,174544.0,174544.0,0.0,174544.0,174544.0,,,,,,,,,,,,,,,,,,,,,,,,,,,,,,,,,,,,,,,,,,,,,,,,,,,,,,,,,,,,,,,,,,,,,,,,,,,,,,,,,1,15328.627929688,15328.627929688,15328.627929688,15328.627929688,0.0,15328.627929688,15328.627929688
phase1,J_simpleui_vos,warm,synthetic,flat,2000,memory:post_stress_idle,PASS,1,1,0,0,,,,,,,,,1,103831.42578125,103831.42578125,103831.42578125,103831.42578125,0.0,103831.42578125,103831.42578125,,,,,,,,,1,316176.0,316176.0,316176.0,316176.0,0.0,316176.0,316176.0,,,,,,,,,,,,,,,,,,,,,,,,,,,,,,,,,,,,,,,,,,,,,,,,,,,,,,,,,,,,,,,,,,,,,,,,,,,,,,,,,1,98723.931640625,98723.931640625,98723.931640625,98723.931640625,0.0,98723.931640625,98723.931640625
phase1,J_simpleui_vos,warm,synthetic,flat,50,memory:post_stress_idle,PASS,1,1,0,0,,,,,,,,,1,48150.51953125,48150.51953125,48150.51953125,48150.51953125,0.0,48150.51953125,48150.51953125,,,,,,,,,1,245232.0,245232.0,245232.0,245232.0,0.0,245232.0,245232.0,,,,,,,,,,,,,,,,,,,,,,,,,,,,,,,,,,,,,,,,,,,,,,,,,,,,,,,,,,,,,,,,,,,,,,,,,,,,,,,,,1,47059.466796875,47059.466796875,47059.466796875,47059.466796875,0.0,47059.466796875,47059.466796875
phase1,J_simpleui_vos,warm,synthetic,flat,50,memory:post_init_idle,PASS,1,1,0,0,,,,,,,,,1,20598.959960938,20598.959960938,20598.959960938,20598.959960938,0.0,20598.959960938,20598.959960938,,,,,,,,,1,172576.0,172576.0,172576.0,172576.0,0.0,172576.0,172576.0,,,,,,,,,,,,,,,,,,,,,,,,,,,,,,,,,,,,,,,,,,,,,,,,,,,,,,,,,,,,,,,,,,,,,,,,,,,,,,,,,1,13268.612304688,13268.612304688,13268.612304688,13268.612304688,0.0,13268.612304688,13268.612304688
phase1,J_simpleui_vos,warm,synthetic,flat,50,memory:post_library_render_idle,PASS,1,1,0,0,,,,,,,,,1,17649.939453125,17649.939453125,17649.939453125,17649.939453125,0.0,17649.939453125,17649.939453125,,,,,,,,,1,186768.0,186768.0,186768.0,186768.0,0.0,186768.0,186768.0,,,,,,,,,,,,,,,,,,,,,,,,,,,,,,,,,,,,,,,,,,,,,,,,,,,,,,,,,,,,,,,,,,,,,,,,,,,,,,,,,1,14153.456054688,14153.456054688,14153.456054688,14153.456054688,0.0,14153.456054688,14153.456054688
phase1,J_simpleui_vos,warm,synthetic,hierarchical,2000,memory:post_stress_idle,PASS,1,1,0,0,,,,,,,,,1,57666.560546875,57666.560546875,57666.560546875,57666.560546875,0.0,57666.560546875,57666.560546875,,,,,,,,,1,264688.0,264688.0,264688.0,264688.0,0.0,264688.0,264688.0,,,,,,,,,,,,,,,,,,,,,,,,,,,,,,,,,,,,,,,,,,,,,,,,,,,,,,,,,,,,,,,,,,,,,,,,,,,,,,,,,1,54398.037109375,54398.037109375,54398.037109375,54398.037109375,0.0,54398.037109375,54398.037109375
phase1,J_simpleui_vos,warm,synthetic,hierarchical,2000,memory:post_init_idle,PASS,1,1,0,0,,,,,,,,,1,17949.546875,17949.546875,17949.546875,17949.546875,0.0,17949.546875,17949.546875,,,,,,,,,1,173520.0,173520.0,173520.0,173520.0,0.0,173520.0,173520.0,,,,,,,,,,,,,,,,,,,,,,,,,,,,,,,,,,,,,,,,,,,,,,,,,,,,,,,,,,,,,,,,,,,,,,,,,,,,,,,,,1,12967.518554688,12967.518554688,12967.518554688,12967.518554688,0.0,12967.518554688,12967.518554688
phase1,J_simpleui_vos,warm,synthetic,hierarchical,2000,memory:post_library_render_idle,PASS,1,1,0,0,,,,,,,,,1,16154.126953125,16154.126953125,16154.126953125,16154.126953125,0.0,16154.126953125,16154.126953125,,,,,,,,,1,184928.0,184928.0,184928.0,184928.0,0.0,184928.0,184928.0,,,,,,,,,,,,,,,,,,,,,,,,,,,,,,,,,,,,,,,,,,,,,,,,,,,,,,,,,,,,,,,,,,,,,,,,,,,,,,,,,1,15428.643554688,15428.643554688,15428.643554688,15428.643554688,0.0,15428.643554688,15428.643554688
phase1,J_simpleui_vos,warm,synthetic,hierarchical,50,memory:post_library_render_idle,PASS,1,1,0,0,,,,,,,,,1,15927.495117188,15927.495117188,15927.495117188,15927.495117188,0.0,15927.495117188,15927.495117188,,,,,,,,,1,188144.0,188144.0,188144.0,188144.0,0.0,188144.0,188144.0,,,,,,,,,,,,,,,,,,,,,,,,,,,,,,,,,,,,,,,,,,,,,,,,,,,,,,,,,,,,,,,,,,,,,,,,,,,,,,,,,1,15882.655273438,15882.655273438,15882.655273438,15882.655273438,0.0,15882.655273438,15882.655273438
phase1,J_simpleui_vos,warm,synthetic,hierarchical,50,memory:post_stress_idle,PASS,1,1,0,0,,,,,,,,,1,53508.01953125,53508.01953125,53508.01953125,53508.01953125,0.0,53508.01953125,53508.01953125,,,,,,,,,1,265968.0,265968.0,265968.0,265968.0,0.0,265968.0,265968.0,,,,,,,,,,,,,,,,,,,,,,,,,,,,,,,,,,,,,,,,,,,,,,,,,,,,,,,,,,,,,,,,,,,,,,,,,,,,,,,,,1,50548.548828125,50548.548828125,50548.548828125,50548.548828125,0.0,50548.548828125,50548.548828125
phase1,J_simpleui_vos,warm,synthetic,hierarchical,50,memory:post_init_idle,PASS,1,1,0,0,,,,,,,,,1,19930.890625,19930.890625,19930.890625,19930.890625,0.0,19930.890625,19930.890625,,,,,,,,,1,174768.0,174768.0,174768.0,174768.0,0.0,174768.0,174768.0,,,,,,,,,,,,,,,,,,,,,,,,,,,,,,,,,,,,,,,,,,,,,,,,,,,,,,,,,,,,,,,,,,,,,,,,,,,,,,,,,1,12913.362304688,12913.362304688,12913.362304688,12913.362304688,0.0,12913.362304688,12913.362304688
phase1,K_simpleui_vos_bookshelf,paging,paging,flat,2000,memory:post_init_idle,PASS,3,3,0,0,,,,,,,,,3,22378.948242188,20351.569335937602,22609.3865234376,21630.222981771,1552.9797872377296,19844.724609375,22666.99609375,,,,,,,,,3,176208.0,176067.2,176860.8,176421.33333333334,529.2913501402921,176032.0,177024.0,,,,,,,,,,,,,,,,,,,,,,,,,,,,,,,,,,,,,,,,,,,,,,,,,,,,,,,,,,,,,,,,,,,,,,,,,,,,,,,,,3,15585.043945312,15575.893945312,15613.547070312,15593.107747395334,24.54751163258484,15573.606445312,15620.672851562
phase1,K_simpleui_vos_bookshelf,paging,paging,flat,2000,memory:post_stress_idle,PASS,3,3,0,0,,,,,,,,,3,32969.456054688,29056.6880859376,44705.9427734376,36229.33886718767,10180.072010209375,28078.49609375,47640.064453125,,,,,,,,,3,247120.0,231196.80000000002,247132.8,240490.66666666666,11496.20134363231,227216.0,247136.0,,,,,,,,,,,,,,,,,,,,,,,,,,,,,,,,,,,,,,,,,,,,,,,,,,,,,,,,,,,,,,,,,,,,,,,,,,,,,,,,,3,19959.094726562,19942.360351562,20692.588476562003,20257.744466145334,535.4941643338458,19938.176757812,20875.961914062
phase1,K_simpleui_vos_bookshelf,paging,paging,hierarchical,2000,memory:post_init_idle,PASS,3,3,0,0,,,,,,,,,3,20272.266601562,19324.1244140628,20279.387695312398,19880.174479166668,686.8467074465291,19087.088867188,20281.16796875,,,,,,,,,3,173216.0,172320.00000000003,173817.59999999998,173093.33333333334,942.0092002381576,172096.0,173968.0,,,,,,,,,,,,,,,,,,,,,,,,,,,,,,,,,,,,,,,,,,,,,,,,,,,,,,,,,,,,,,,,,,,,,,,,,,,,,,,,,3,13228.731445312,13148.050195312,13229.059570312,13195.250976562,58.345439083452106,13127.879882812,13229.141601562
phase1,K_simpleui_vos_bookshelf,paging,paging,hierarchical,2000,memory:post_stress_idle,PASS,3,3,0,0,,,,,,,,,3,42015.477539062,26481.405664062004,42109.01191406199,35581.920247395334,11244.653993699576,22597.887695312,42132.395507812,,,,,,,,,3,234592.0,234451.2,235590.4,234949.33333333334,776.3435665562853,234416.0,235840.0,,,,,,,,,,,,,,,,,,,,,,,,,,,,,,,,,,,,,,,,,,,,,,,,,,,,,,,,,,,,,,,,,,,,,,,,,,,,,,,,,3,16676.180664062,16673.274414062005,16735.036914062002,16699.493164062,43.562427843600574,16672.547851562,16749.750976562
phase1,K_simpleui_vos_bookshelf,steady_state_cold,startup,hierarchical,2000,memory:post_init_idle,PASS,3,3,0,0,,,,,,,,,3,17370.198242188,17294.457617188,18214.6927734376,17690.512369792,638.5490548206899,17275.522460938,18425.81640625,,,,,,,,,3,168816.0,168163.2,172899.19999999998,170245.33333333334,3208.4023022889965,168000.0,173920.0,,,,,,,,,,,,,,,,,,,,,,,,,,,,,,,,,,,,,,,,,,,,,,,,,,,,,,,,,,,,,,,,,,,,,,,,,,,,,,,,,3,13017.509765625,13001.181640625,13042.509765625,13021.123046875,26.018931319085816,12997.099609375,13048.759765625
phase1,K_simpleui_vos_bookshelf,steady_state_cold,startup,hierarchical,2000,memory:post_library_render_idle,PASS,3,3,0,0,,,,,,,,,3,14231.895507812,14205.351757812,14232.5134765624,14221.093098958,19.383140191303685,14198.715820312,14232.66796875,,,,,,,,,3,179296.0,178579.2,182739.19999999998,180432.0,2779.9050343491954,178400.0,183600.0,,,,,,,,,,,,,,,,,,,,,,,,,,,,,,,,,,,,,,,,,,,,,,,,,,,,,,,,,,,,,,,,,,,,,,,,,,,,,,,,,3,13246.994140625,13217.934765625001,13249.459765625,13235.913411458334,21.91574899277659,13210.669921875,13250.076171875
phase1,K_simpleui_vos_bookshelf,warm,synthetic,flat,2000,memory:post_library_render_idle,PASS,1,1,0,0,,,,,,,,,1,26644.981445312,26644.981445312,26644.981445312,26644.981445312,0.0,26644.981445312,26644.981445312,,,,,,,,,1,210416.0,210416.0,210416.0,210416.0,0.0,210416.0,210416.0,,,,,,,,,,,,,,,,,,,,,,,,,,,,,,,,,,,,,,,,,,,,,,,,,,,,,,,,,,,,,,,,,,,,,,,,,,,,,,,,,1,20271.231445312,20271.231445312,20271.231445312,20271.231445312,0.0,20271.231445312,20271.231445312
phase1,K_simpleui_vos_bookshelf,warm,synthetic,flat,2000,memory:post_init_idle,PASS,1,1,0,0,,,,,,,,,1,22388.3359375,22388.3359375,22388.3359375,22388.3359375,0.0,22388.3359375,22388.3359375,,,,,,,,,1,176944.0,176944.0,176944.0,176944.0,0.0,176944.0,176944.0,,,,,,,,,,,,,,,,,,,,,,,,,,,,,,,,,,,,,,,,,,,,,,,,,,,,,,,,,,,,,,,,,,,,,,,,,,,,,,,,,1,15621.758789062,15621.758789062,15621.758789062,15621.758789062,0.0,15621.758789062,15621.758789062
phase1,K_simpleui_vos_bookshelf,warm,synthetic,flat,2000,memory:post_stress_idle,PASS,1,1,0,0,,,,,,,,,1,113196.1875,113196.1875,113196.1875,113196.1875,0.0,113196.1875,113196.1875,,,,,,,,,1,473008.0,473008.0,473008.0,473008.0,0.0,473008.0,473008.0,,,,,,,,,,,,,,,,,,,,,,,,,,,,,,,,,,,,,,,,,,,,,,,,,,,,,,,,,,,,,,,,,,,,,,,,,,,,,,,,,1,103370.06738281,103370.06738281,103370.06738281,103370.06738281,0.0,103370.06738281,103370.06738281
phase1,K_simpleui_vos_bookshelf,warm,synthetic,flat,50,memory:post_library_render_idle,PASS,1,1,0,0,,,,,,,,,1,17799.067382812,17799.067382812,17799.067382812,17799.067382812,0.0,17799.067382812,17799.067382812,,,,,,,,,1,187776.0,187776.0,187776.0,187776.0,0.0,187776.0,187776.0,,,,,,,,,,,,,,,,,,,,,,,,,,,,,,,,,,,,,,,,,,,,,,,,,,,,,,,,,,,,,,,,,,,,,,,,,,,,,,,,,1,14270.915039062,14270.915039062,14270.915039062,14270.915039062,0.0,14270.915039062,14270.915039062
phase1,K_simpleui_vos_bookshelf,warm,synthetic,flat,50,memory:post_init_idle,PASS,1,1,0,0,,,,,,,,,1,14181.614257812,14181.614257812,14181.614257812,14181.614257812,0.0,14181.614257812,14181.614257812,,,,,,,,,1,175296.0,175296.0,175296.0,175296.0,0.0,175296.0,175296.0,,,,,,,,,,,,,,,,,,,,,,,,,,,,,,,,,,,,,,,,,,,,,,,,,,,,,,,,,,,,,,,,,,,,,,,,,,,,,,,,,1,13478.348632812,13478.348632812,13478.348632812,13478.348632812,0.0,13478.348632812,13478.348632812
phase1,K_simpleui_vos_bookshelf,warm,synthetic,flat,50,memory:post_stress_idle,PASS,1,1,0,0,,,,,,,,,1,56143.693359375,56143.693359375,56143.693359375,56143.693359375,0.0,56143.693359375,56143.693359375,,,,,,,,,1,357840.0,357840.0,357840.0,357840.0,0.0,357840.0,357840.0,,,,,,,,,,,,,,,,,,,,,,,,,,,,,,,,,,,,,,,,,,,,,,,,,,,,,,,,,,,,,,,,,,,,,,,,,,,,,,,,,1,49818.571289062,49818.571289062,49818.571289062,49818.571289062,0.0,49818.571289062,49818.571289062
phase1,K_simpleui_vos_bookshelf,warm,synthetic,hierarchical,2000,memory:post_stress_idle,PASS,1,1,0,0,,,,,,,,,1,63441.438476562,63441.438476562,63441.438476562,63441.438476562,0.0,63441.438476562,63441.438476562,,,,,,,,,1,248816.0,248816.0,248816.0,248816.0,0.0,248816.0,248816.0,,,,,,,,,,,,,,,,,,,,,,,,,,,,,,,,,,,,,,,,,,,,,,,,,,,,,,,,,,,,,,,,,,,,,,,,,,,,,,,,,1,55174.844726562,55174.844726562,55174.844726562,55174.844726562,0.0,55174.844726562,55174.844726562
phase1,K_simpleui_vos_bookshelf,warm,synthetic,hierarchical,2000,memory:post_library_render_idle,PASS,1,1,0,0,,,,,,,,,1,16933.920898438,16933.920898438,16933.920898438,16933.920898438,0.0,16933.920898438,16933.920898438,,,,,,,,,1,182848.0,182848.0,182848.0,182848.0,0.0,182848.0,182848.0,,,,,,,,,,,,,,,,,,,,,,,,,,,,,,,,,,,,,,,,,,,,,,,,,,,,,,,,,,,,,,,,,,,,,,,,,,,,,,,,,1,15530.106445312,15530.106445312,15530.106445312,15530.106445312,0.0,15530.106445312,15530.106445312
phase1,K_simpleui_vos_bookshelf,warm,synthetic,hierarchical,2000,memory:post_init_idle,PASS,1,1,0,0,,,,,,,,,1,21409.572265625,21409.572265625,21409.572265625,21409.572265625,0.0,21409.572265625,21409.572265625,,,,,,,,,1,172480.0,172480.0,172480.0,172480.0,0.0,172480.0,172480.0,,,,,,,,,,,,,,,,,,,,,,,,,,,,,,,,,,,,,,,,,,,,,,,,,,,,,,,,,,,,,,,,,,,,,,,,,,,,,,,,,1,13339.313476562,13339.313476562,13339.313476562,13339.313476562,0.0,13339.313476562,13339.313476562
phase1,K_simpleui_vos_bookshelf,warm,synthetic,hierarchical,50,memory:post_library_render_idle,PASS,1,1,0,0,,,,,,,,,1,16448.5546875,16448.5546875,16448.5546875,16448.5546875,0.0,16448.5546875,16448.5546875,,,,,,,,,1,184848.0,184848.0,184848.0,184848.0,0.0,184848.0,184848.0,,,,,,,,,,,,,,,,,,,,,,,,,,,,,,,,,,,,,,,,,,,,,,,,,,,,,,,,,,,,,,,,,,,,,,,,,,,,,,,,,1,15581.149414062,15581.149414062,15581.149414062,15581.149414062,0.0,15581.149414062,15581.149414062
phase1,K_simpleui_vos_bookshelf,warm,synthetic,hierarchical,50,memory:post_init_idle,PASS,1,1,0,0,,,,,,,,,1,20239.869140625,20239.869140625,20239.869140625,20239.869140625,0.0,20239.869140625,20239.869140625,,,,,,,,,1,174272.0,174272.0,174272.0,174272.0,0.0,174272.0,174272.0,,,,,,,,,,,,,,,,,,,,,,,,,,,,,,,,,,,,,,,,,,,,,,,,,,,,,,,,,,,,,,,,,,,,,,,,,,,,,,,,,1,13163.536132812,13163.536132812,13163.536132812,13163.536132812,0.0,13163.536132812,13163.536132812
phase1,K_simpleui_vos_bookshelf,warm,synthetic,hierarchical,50,memory:post_stress_idle,PASS,1,1,0,0,,,,,,,,,1,60778.02734375,60778.02734375,60778.02734375,60778.02734375,0.0,60778.02734375,60778.02734375,,,,,,,,,1,266752.0,266752.0,266752.0,266752.0,0.0,266752.0,266752.0,,,,,,,,,,,,,,,,,,,,,,,,,,,,,,,,,,,,,,,,,,,,,,,,,,,,,,,,,,,,,,,,,,,,,,,,,,,,,,,,,1,50814.723632812,50814.723632812,50814.723632812,50814.723632812,0.0,50814.723632812,50814.723632812
phase1,K_vos,first_run_cold,startup,hierarchical,2000,memory:post_library_render_idle,PASS,3,3,0,0,,,,,,,,,3,9954.423828125,9950.330078125,9967.023046875,9957.9677734375,10.875171309250913,9949.306640625,9970.1728515625,,,,,,,,,3,174432.0,172780.8,176518.4,174613.33333333334,2341.272588429919,172368.0,177040.0,,,,,,,,,,,,,,,,,,,,,,,,,,,,,,,,,,,,,,,,,,,,,,,,,,,,,,,,,,,,,,,,,,,,,,,,,,,,,,,,,3,8909.9091796875,8877.1216796875,9015.068554687501,8940.064127604166,90.0851082381415,8868.9248046875,9041.3583984375
phase1,K_vos,first_run_cold,startup,hierarchical,2000,memory:post_init_idle,PASS,3,3,0,0,,,,,,,,,3,9571.75,9530.24453125,9898.2421875,9690.494466145834,251.9414859728643,9519.8681640625,9979.865234375,,,,,,,,,3,167712.0,166560.0,168800.0,167685.33333333334,1400.1904632346748,166272.0,169072.0,,,,,,,,,,,,,,,,,,,,,,,,,,,,,,,,,,,,,,,,,,,,,,,,,,,,,,,,,,,,,,,,,,,,,,,,,,,,,,,,,3,8943.4912109375,8943.4880859375,8986.8755859375,8961.566731770834,31.311103429252647,8943.4873046875,8997.7216796875
phase1,L_project_title_vos,paging,paging,flat,2000,memory:post_init_idle,PASS,3,3,0,0,,,,,,,,,3,19979.076171875,19830.569921875,20017.921484375,19933.384114583332,123.6001539780811,19793.443359375,20027.6328125,,,,,,,,,3,173664.0,173267.2,174124.8,173690.66666666666,536.497281757637,173168.0,174240.0,,,,,,,,,,,,,,,,,,,,,,,,,,,,,,,,,,,,,,,,,,,,,,,,,,,,,,,,,,,,,,,,,,,,,,,,,,,,,,,,,3,12044.305664062,11948.715039062,12046.674414062,12005.463216145334,69.85702980545737,11924.817382812,12047.266601562
phase1,L_project_title_vos,paging,paging,flat,2000,memory:post_stress_idle,PASS,3,3,0,0,,,,,,,,,3,26418.495117188,26183.3912109376,27209.0318359376,26649.92545572933,671.6275401023631,26124.615234375,27406.666015625,,,,,,,,,3,207264.0,205126.40000000002,208812.8,207018.66666666666,2313.7755581156384,204592.0,209200.0,,,,,,,,,,,,,,,,,,,,,,,,,,,,,,,,,,,,,,,,,,,,,,,,,,,,,,,,,,,,,,,,,,,,,,,,,,,,,,,,,3,12834.184570312,12729.756445312001,12835.253320312,12791.118164062,75.75310457118475,12703.649414062,12835.520507812
phase1,L_project_title_vos,paging,paging,hierarchical,2000,memory:post_init_idle,PASS,3,3,0,0,,,,,,,,,3,9645.171875,9520.184375,12404.778125,10742.9296875,2038.172794896917,9488.9375,13094.6796875,,,,,,,,,3,170480.0,166768.0,171299.2,169274.66666666666,3018.2520327721695,165840.0,171504.0,,,,,,,,,,,,,,,,,,,,,,,,,,,,,,,,,,,,,,,,,,,,,,,,,,,,,,,,,,,,,,,,,,,,,,,,,,,,,,,,,3,9028.9267578125,8992.3517578125,9045.8455078125,9020.736653645834,34.17767613129478,8983.2080078125,9050.0751953125
phase1,L_project_title_vos,paging,paging,hierarchical,2000,memory:post_stress_idle,PASS,3,3,0,0,,,,,,,,,3,19861.700195312,19157.0728515624,20180.633789062398,19700.99446614567,654.6896775138891,18980.916015625,20260.3671875,,,,,,,,,3,197712.0,196790.4,199926.4,198250.66666666666,2014.750935806541,196560.0,200480.0,,,,,,,,,,,,,,,,,,,,,,,,,,,,,,,,,,,,,,,,,,,,,,,,,,,,,,,,,,,,,,,,,,,,,,,,,,,,,,,,,3,10057.446289062,10052.652539062,10068.346289062,10059.990559895334,10.053034213984954,10051.454101562,10071.071289062
phase1,L_project_title_vos,steady_state_cold,startup,hierarchical,2000,memory:post_init_idle,PASS,3,3,0,0,,,,,,,,,3,15179.616210938,14950.818554687601,15199.611523437201,15092.615234375,172.78819624674065,14893.619140625,15204.610351562,,,,,,,,,3,165808.0,165769.6,165910.40000000002,165834.66666666666,90.97985124923723,165760.0,165936.0,,,,,,,,,,,,,,,,,,,,,,,,,,,,,,,,,,,,,,,,,,,,,,,,,,,,,,,,,,,,,,,,,,,,,,,,,,,,,,,,,3,8983.7470703125,8962.3345703125,9184.1970703125,9058.346028645834,152.97540870126056,8956.9814453125,9234.3095703125
phase1,L_project_title_vos,steady_state_cold,startup,hierarchical,2000,memory:post_library_render_idle,PASS,3,3,0,0,,,,,,,,,3,9952.4189453125,9931.0447265625,10134.714257812899,10019.469401041833,139.91228292456614,9925.701171875,10180.288085938,,,,,,,,,3,173744.0,173731.2,173769.6,173749.33333333334,24.440403706431148,173728.0,173776.0,,,,,,,,,,,,,,,,,,,,,,,,,,,,,,,,,,,,,,,,,,,,,,,,,,,,,,,,,,,,,,,,,,,,,,,,,,,,,,,,,3,9000.5087890625,8972.002539062501,9017.4994140625,8995.710611979166,28.737557369626792,8964.8759765625,9021.7470703125
phase1,L_project_title_vos,warm,synthetic,flat,2000,memory:post_stress_idle,PASS,1,1,0,0,,,,,,,,,1,31777.793945312,31777.793945312,31777.793945312,31777.793945312,0.0,31777.793945312,31777.793945312,,,,,,,,,1,224000.0,224000.0,224000.0,224000.0,0.0,224000.0,224000.0,,,,,,,,,,,,,,,,,,,,,,,,,,,,,,,,,,,,,,,,,,,,,,,,,,,,,,,,,,,,,,,,,,,,,,,,,,,,,,,,,1,18009.619140625,18009.619140625,18009.619140625,18009.619140625,0.0,18009.619140625,18009.619140625
phase1,L_project_title_vos,warm,synthetic,flat,2000,memory:post_init_idle,PASS,1,1,0,0,,,,,,,,,1,17541.794921875,17541.794921875,17541.794921875,17541.794921875,0.0,17541.794921875,17541.794921875,,,,,,,,,1,171280.0,171280.0,171280.0,171280.0,0.0,171280.0,171280.0,,,,,,,,,,,,,,,,,,,,,,,,,,,,,,,,,,,,,,,,,,,,,,,,,,,,,,,,,,,,,,,,,,,,,,,,,,,,,,,,,1,11862.438476562,11862.438476562,11862.438476562,11862.438476562,0.0,11862.438476562,11862.438476562
phase1,L_project_title_vos,warm,synthetic,flat,2000,memory:post_library_render_idle,PASS,1,1,0,0,,,,,,,,,1,22976.168945312,22976.168945312,22976.168945312,22976.168945312,0.0,22976.168945312,22976.168945312,,,,,,,,,1,201696.0,201696.0,201696.0,201696.0,0.0,201696.0,201696.0,,,,,,,,,,,,,,,,,,,,,,,,,,,,,,,,,,,,,,,,,,,,,,,,,,,,,,,,,,,,,,,,,,,,,,,,,,,,,,,,,1,13026.879882812,13026.879882812,13026.879882812,13026.879882812,0.0,13026.879882812,13026.879882812
phase1,L_project_title_vos,warm,synthetic,flat,50,memory:post_init_idle,PASS,1,1,0,0,,,,,,,,,1,10338.827148438,10338.827148438,10338.827148438,10338.827148438,0.0,10338.827148438,10338.827148438,,,,,,,,,1,168368.0,168368.0,168368.0,168368.0,0.0,168368.0,168368.0,,,,,,,,,,,,,,,,,,,,,,,,,,,,,,,,,,,,,,,,,,,,,,,,,,,,,,,,,,,,,,,,,,,,,,,,,,,,,,,,,1,9488.8134765625,9488.8134765625,9488.8134765625,9488.8134765625,0.0,9488.8134765625,9488.8134765625
phase1,L_project_title_vos,warm,synthetic,flat,50,memory:post_stress_idle,PASS,1,1,0,0,,,,,,,,,1,28422.489257812,28422.489257812,28422.489257812,28422.489257812,0.0,28422.489257812,28422.489257812,,,,,,,,,1,219296.0,219296.0,219296.0,219296.0,0.0,219296.0,219296.0,,,,,,,,,,,,,,,,,,,,,,,,,,,,,,,,,,,,,,,,,,,,,,,,,,,,,,,,,,,,,,,,,,,,,,,,,,,,,,,,,1,14283.447265625,14283.447265625,14283.447265625,14283.447265625,0.0,14283.447265625,14283.447265625
phase1,L_project_title_vos,warm,synthetic,flat,50,memory:post_library_render_idle,PASS,1,1,0,0,,,,,,,,,1,27357.233398438,27357.233398438,27357.233398438,27357.233398438,0.0,27357.233398438,27357.233398438,,,,,,,,,1,189248.0,189248.0,189248.0,189248.0,0.0,189248.0,189248.0,,,,,,,,,,,,,,,,,,,,,,,,,,,,,,,,,,,,,,,,,,,,,,,,,,,,,,,,,,,,,,,,,,,,,,,,,,,,,,,,,1,9646.4580078125,9646.4580078125,9646.4580078125,9646.4580078125,0.0,9646.4580078125,9646.4580078125
phase1,L_project_title_vos,warm,synthetic,hierarchical,2000,memory:post_library_render_idle,PASS,1,1,0,0,,,,,,,,,1,14128.822265625,14128.822265625,14128.822265625,14128.822265625,0.0,14128.822265625,14128.822265625,,,,,,,,,1,180864.0,180864.0,180864.0,180864.0,0.0,180864.0,180864.0,,,,,,,,,,,,,,,,,,,,,,,,,,,,,,,,,,,,,,,,,,,,,,,,,,,,,,,,,,,,,,,,,,,,,,,,,,,,,,,,,1,8995.8369140625,8995.8369140625,8995.8369140625,8995.8369140625,0.0,8995.8369140625,8995.8369140625
phase1,L_project_title_vos,warm,synthetic,hierarchical,2000,memory:post_stress_idle,PASS,1,1,0,0,,,,,,,,,1,27267.7734375,27267.7734375,27267.7734375,27267.7734375,0.0,27267.7734375,27267.7734375,,,,,,,,,1,212992.0,212992.0,212992.0,212992.0,0.0,212992.0,212992.0,,,,,,,,,,,,,,,,,,,,,,,,,,,,,,,,,,,,,,,,,,,,,,,,,,,,,,,,,,,,,,,,,,,,,,,,,,,,,,,,,1,14393.646484375,14393.646484375,14393.646484375,14393.646484375,0.0,14393.646484375,14393.646484375
phase1,L_project_title_vos,warm,synthetic,hierarchical,2000,memory:post_init_idle,PASS,1,1,0,0,,,,,,,,,1,9439.8466796875,9439.8466796875,9439.8466796875,9439.8466796875,0.0,9439.8466796875,9439.8466796875,,,,,,,,,1,166448.0,166448.0,166448.0,166448.0,0.0,166448.0,166448.0,,,,,,,,,,,,,,,,,,,,,,,,,,,,,,,,,,,,,,,,,,,,,,,,,,,,,,,,,,,,,,,,,,,,,,,,,,,,,,,,,1,8950.9033203125,8950.9033203125,8950.9033203125,8950.9033203125,0.0,8950.9033203125,8950.9033203125
phase1,L_project_title_vos,warm,synthetic,hierarchical,50,memory:post_init_idle,PASS,1,1,0,0,,,,,,,,,1,16008.296875,16008.296875,16008.296875,16008.296875,0.0,16008.296875,16008.296875,,,,,,,,,1,165440.0,165440.0,165440.0,165440.0,0.0,165440.0,165440.0,,,,,,,,,,,,,,,,,,,,,,,,,,,,,,,,,,,,,,,,,,,,,,,,,,,,,,,,,,,,,,,,,,,,,,,,,,,,,,,,,1,9063.8564453125,9063.8564453125,9063.8564453125,9063.8564453125,0.0,9063.8564453125,9063.8564453125
phase1,L_project_title_vos,warm,synthetic,hierarchical,50,memory:post_stress_idle,PASS,1,1,0,0,,,,,,,,,1,24880.95703125,24880.95703125,24880.95703125,24880.95703125,0.0,24880.95703125,24880.95703125,,,,,,,,,1,206560.0,206560.0,206560.0,206560.0,0.0,206560.0,206560.0,,,,,,,,,,,,,,,,,,,,,,,,,,,,,,,,,,,,,,,,,,,,,,,,,,,,,,,,,,,,,,,,,,,,,,,,,,,,,,,,,1,13051.037109375,13051.037109375,13051.037109375,13051.037109375,0.0,13051.037109375,13051.037109375
phase1,L_project_title_vos,warm,synthetic,hierarchical,50,memory:post_library_render_idle,PASS,1,1,0,0,,,,,,,,,1,14016.224609375,14016.224609375,14016.224609375,14016.224609375,0.0,14016.224609375,14016.224609375,,,,,,,,,1,179696.0,179696.0,179696.0,179696.0,0.0,179696.0,179696.0,,,,,,,,,,,,,,,,,,,,,,,,,,,,,,,,,,,,,,,,,,,,,,,,,,,,,,,,,,,,,,,,,,,,,,,,,,,,,,,,,1,9039.2041015625,9039.2041015625,9039.2041015625,9039.2041015625,0.0,9039.2041015625,9039.2041015625
phase1_setup,A_stock,steady_init,startup,hierarchical,2000,memory:post_init_idle,PASS,1,1,0,0,,,,,,,,,1,14662.819335938,14662.819335938,14662.819335938,14662.819335938,0.0,14662.819335938,14662.819335938,,,,,,,,,1,164688.0,164688.0,164688.0,164688.0,0.0,164688.0,164688.0,,,,,,,,,,,,,,,,,,,,,,,,,,,,,,,,,,,,,,,,,,,,,,,,,,,,,,,,,,,,,,,,,,,,,,,,,,,,,,,,,1,8257.3115234375,8257.3115234375,8257.3115234375,8257.3115234375,0.0,8257.3115234375,8257.3115234375
phase1_setup,A_stock,steady_init,startup,hierarchical,2000,memory:post_library_render_idle,PASS,1,1,0,0,,,,,,,,,1,9028.83203125,9028.83203125,9028.83203125,9028.83203125,0.0,9028.83203125,9028.83203125,,,,,,,,,1,173168.0,173168.0,173168.0,173168.0,0.0,173168.0,173168.0,,,,,,,,,,,,,,,,,,,,,,,,,,,,,,,,,,,,,,,,,,,,,,,,,,,,,,,,,,,,,,,,,,,,,,,,,,,,,,,,,1,8376.2177734375,8376.2177734375,8376.2177734375,8376.2177734375,0.0,8376.2177734375,8376.2177734375
phase1_setup,B_bookshelf,steady_init,startup,hierarchical,2000,memory:post_init_idle,PASS,1,1,0,0,,,,,,,,,1,9588.263671875,9588.263671875,9588.263671875,9588.263671875,0.0,9588.263671875,9588.263671875,,,,,,,,,1,167840.0,167840.0,167840.0,167840.0,0.0,167840.0,167840.0,,,,,,,,,,,,,,,,,,,,,,,,,,,,,,,,,,,,,,,,,,,,,,,,,,,,,,,,,,,,,,,,,,,,,,,,,,,,,,,,,1,8606.6884765625,8606.6884765625,8606.6884765625,8606.6884765625,0.0,8606.6884765625,8606.6884765625
phase1_setup,B_bookshelf,steady_init,startup,hierarchical,2000,memory:post_library_render_idle,PASS,1,1,0,0,,,,,,,,,1,9459.3251953125,9459.3251953125,9459.3251953125,9459.3251953125,0.0,9459.3251953125,9459.3251953125,,,,,,,,,1,176032.0,176032.0,176032.0,176032.0,0.0,176032.0,176032.0,,,,,,,,,,,,,,,,,,,,,,,,,,,,,,,,,,,,,,,,,,,,,,,,,,,,,,,,,,,,,,,,,,,,,,,,,,,,,,,,,1,8684.1650390625,8684.1650390625,8684.1650390625,8684.1650390625,0.0,8684.1650390625,8684.1650390625
phase1_setup,C_simpleui,steady_init,startup,hierarchical,2000,memory:post_init_idle,PASS,1,1,0,0,,,,,,,,,1,18244.720703125,18244.720703125,18244.720703125,18244.720703125,0.0,18244.720703125,18244.720703125,,,,,,,,,1,168320.0,168320.0,168320.0,168320.0,0.0,168320.0,168320.0,,,,,,,,,,,,,,,,,,,,,,,,,,,,,,,,,,,,,,,,,,,,,,,,,,,,,,,,,,,,,,,,,,,,,,,,,,,,,,,,,1,12453.100585938,12453.100585938,12453.100585938,12453.100585938,0.0,12453.100585938,12453.100585938
phase1_setup,C_simpleui,steady_init,startup,hierarchical,2000,memory:post_library_render_idle,PASS,1,1,0,0,,,,,,,,,1,13764.678710938,13764.678710938,13764.678710938,13764.678710938,0.0,13764.678710938,13764.678710938,,,,,,,,,1,175472.0,175472.0,175472.0,175472.0,0.0,175472.0,175472.0,,,,,,,,,,,,,,,,,,,,,,,,,,,,,,,,,,,,,,,,,,,,,,,,,,,,,,,,,,,,,,,,,,,,,,,,,,,,,,,,,1,12652.987304688,12652.987304688,12652.987304688,12652.987304688,0.0,12652.987304688,12652.987304688
phase1_setup,D_zenos,steady_init,startup,hierarchical,2000,memory:post_library_render_idle,PASS,1,1,0,0,,,,,,,,,1,16755.609375,16755.609375,16755.609375,16755.609375,0.0,16755.609375,16755.609375,,,,,,,,,1,192064.0,192064.0,192064.0,192064.0,0.0,192064.0,192064.0,,,,,,,,,,,,,,,,,,,,,,,,,,,,,,,,,,,,,,,,,,,,,,,,,,,,,,,,,,,,,,,,,,,,,,,,,,,,,,,,,1,14722.348632812,14722.348632812,14722.348632812,14722.348632812,0.0,14722.348632812,14722.348632812
phase1_setup,D_zenos,steady_init,startup,hierarchical,2000,memory:post_init_idle,PASS,1,1,0,0,,,,,,,,,1,23478.693359375,23478.693359375,23478.693359375,23478.693359375,0.0,23478.693359375,23478.693359375,,,,,,,,,1,177664.0,177664.0,177664.0,177664.0,0.0,177664.0,177664.0,,,,,,,,,,,,,,,,,,,,,,,,,,,,,,,,,,,,,,,,,,,,,,,,,,,,,,,,,,,,,,,,,,,,,,,,,,,,,,,,,1,14227.598632812,14227.598632812,14227.598632812,14227.598632812,0.0,14227.598632812,14227.598632812
phase1_setup,E_project_title,steady_init,startup,hierarchical,2000,memory:post_init_idle,PASS,1,1,0,0,,,,,,,,,1,14328.306640625,14328.306640625,14328.306640625,14328.306640625,0.0,14328.306640625,14328.306640625,,,,,,,,,1,164752.0,164752.0,164752.0,164752.0,0.0,164752.0,164752.0,,,,,,,,,,,,,,,,,,,,,,,,,,,,,,,,,,,,,,,,,,,,,,,,,,,,,,,,,,,,,,,,,,,,,,,,,,,,,,,,,1,8256.2900390625,8256.2900390625,8256.2900390625,8256.2900390625,0.0,8256.2900390625,8256.2900390625
phase1_setup,E_project_title,steady_init,startup,hierarchical,2000,memory:post_library_render_idle,PASS,1,1,0,0,,,,,,,,,1,8974.388671875,8974.388671875,8974.388671875,8974.388671875,0.0,8974.388671875,8974.388671875,,,,,,,,,1,173232.0,173232.0,173232.0,173232.0,0.0,173232.0,173232.0,,,,,,,,,,,,,,,,,,,,,,,,,,,,,,,,,,,,,,,,,,,,,,,,,,,,,,,,,,,,,,,,,,,,,,,,,,,,,,,,,1,8288.1962890625,8288.1962890625,8288.1962890625,8288.1962890625,0.0,8288.1962890625,8288.1962890625
phase1_setup,F_vos,steady_init,startup,hierarchical,2000,memory:post_library_render_idle,PASS,1,1,0,0,,,,,,,,,1,10114.534179688,10114.534179688,10114.534179688,10114.534179688,0.0,10114.534179688,10114.534179688,,,,,,,,,1,174576.0,174576.0,174576.0,174576.0,0.0,174576.0,174576.0,,,,,,,,,,,,,,,,,,,,,,,,,,,,,,,,,,,,,,,,,,,,,,,,,,,,,,,,,,,,,,,,,,,,,,,,,,,,,,,,,1,8980.9287109375,8980.9287109375,8980.9287109375,8980.9287109375,0.0,8980.9287109375,8980.9287109375
phase1_setup,F_vos,steady_init,startup,hierarchical,2000,memory:post_init_idle,PASS,1,1,0,0,,,,,,,,,1,13360.146484375,13360.146484375,13360.146484375,13360.146484375,0.0,13360.146484375,13360.146484375,,,,,,,,,1,166208.0,166208.0,166208.0,166208.0,0.0,166208.0,166208.0,,,,,,,,,,,,,,,,,,,,,,,,,,,,,,,,,,,,,,,,,,,,,,,,,,,,,,,,,,,,,,,,,,,,,,,,,,,,,,,,,1,8993.1630859375,8993.1630859375,8993.1630859375,8993.1630859375,0.0,8993.1630859375,8993.1630859375
phase1_setup,G_simpleui_bookshelf,steady_init,startup,hierarchical,2000,memory:post_library_render_idle,PASS,1,1,0,0,,,,,,,,,1,13997.505859375,13997.505859375,13997.505859375,13997.505859375,0.0,13997.505859375,13997.505859375,,,,,,,,,1,181968.0,181968.0,181968.0,181968.0,0.0,181968.0,181968.0,,,,,,,,,,,,,,,,,,,,,,,,,,,,,,,,,,,,,,,,,,,,,,,,,,,,,,,,,,,,,,,,,,,,,,,,,,,,,,,,,1,13255.575195312,13255.575195312,13255.575195312,13255.575195312,0.0,13255.575195312,13255.575195312
phase1_setup,G_simpleui_bookshelf,steady_init,startup,hierarchical,2000,memory:post_init_idle,PASS,1,1,0,0,,,,,,,,,1,18068.208984375,18068.208984375,18068.208984375,18068.208984375,0.0,18068.208984375,18068.208984375,,,,,,,,,1,174416.0,174416.0,174416.0,174416.0,0.0,174416.0,174416.0,,,,,,,,,,,,,,,,,,,,,,,,,,,,,,,,,,,,,,,,,,,,,,,,,,,,,,,,,,,,,,,,,,,,,,,,,,,,,,,,,1,12713.391601562,12713.391601562,12713.391601562,12713.391601562,0.0,12713.391601562,12713.391601562
phase1_setup,H_zenos_bookshelf,steady_init,startup,hierarchical,2000,memory:post_library_render_idle,PASS,1,1,0,0,,,,,,,,,1,16997.836914062,16997.836914062,16997.836914062,16997.836914062,0.0,16997.836914062,16997.836914062,,,,,,,,,1,191632.0,191632.0,191632.0,191632.0,0.0,191632.0,191632.0,,,,,,,,,,,,,,,,,,,,,,,,,,,,,,,,,,,,,,,,,,,,,,,,,,,,,,,,,,,,,,,,,,,,,,,,,,,,,,,,,1,14860.666992188,14860.666992188,14860.666992188,14860.666992188,0.0,14860.666992188,14860.666992188
phase1_setup,H_zenos_bookshelf,steady_init,startup,hierarchical,2000,memory:post_init_idle,PASS,1,1,0,0,,,,,,,,,1,16766.3203125,16766.3203125,16766.3203125,16766.3203125,0.0,16766.3203125,16766.3203125,,,,,,,,,1,175648.0,175648.0,175648.0,175648.0,0.0,175648.0,175648.0,,,,,,,,,,,,,,,,,,,,,,,,,,,,,,,,,,,,,,,,,,,,,,,,,,,,,,,,,,,,,,,,,,,,,,,,,,,,,,,,,1,14438.940429688,14438.940429688,14438.940429688,14438.940429688,0.0,14438.940429688,14438.940429688
phase1_setup,I_vos_bookshelf,steady_init,startup,hierarchical,2000,memory:post_init_idle,PASS,1,1,0,0,,,,,,,,,1,10687.376953125,10687.376953125,10687.376953125,10687.376953125,0.0,10687.376953125,10687.376953125,,,,,,,,,1,165312.0,165312.0,165312.0,165312.0,0.0,165312.0,165312.0,,,,,,,,,,,,,,,,,,,,,,,,,,,,,,,,,,,,,,,,,,,,,,,,,,,,,,,,,,,,,,,,,,,,,,,,,,,,,,,,,1,9181.8291015625,9181.8291015625,9181.8291015625,9181.8291015625,0.0,9181.8291015625,9181.8291015625
phase1_setup,I_vos_bookshelf,steady_init,startup,hierarchical,2000,memory:post_library_render_idle,PASS,1,1,0,0,,,,,,,,,1,10181.015625,10181.015625,10181.015625,10181.015625,0.0,10181.015625,10181.015625,,,,,,,,,1,173008.0,173008.0,173008.0,173008.0,0.0,173008.0,173008.0,,,,,,,,,,,,,,,,,,,,,,,,,,,,,,,,,,,,,,,,,,,,,,,,,,,,,,,,,,,,,,,,,,,,,,,,,,,,,,,,,1,9060.5361328125,9060.5361328125,9060.5361328125,9060.5361328125,0.0,9060.5361328125,9060.5361328125
phase1_setup,J_simpleui_vos,steady_init,startup,hierarchical,2000,memory:post_library_render_idle,PASS,1,1,0,0,,,,,,,,,1,14252.620117188,14252.620117188,14252.620117188,14252.620117188,0.0,14252.620117188,14252.620117188,,,,,,,,,1,180416.0,180416.0,180416.0,180416.0,0.0,180416.0,180416.0,,,,,,,,,,,,,,,,,,,,,,,,,,,,,,,,,,,,,,,,,,,,,,,,,,,,,,,,,,,,,,,,,,,,,,,,,,,,,,,,,1,13147.252929688,13147.252929688,13147.252929688,13147.252929688,0.0,13147.252929688,13147.252929688
phase1_setup,J_simpleui_vos,steady_init,startup,hierarchical,2000,memory:post_init_idle,PASS,1,1,0,0,,,,,,,,,1,17631.94140625,17631.94140625,17631.94140625,17631.94140625,0.0,17631.94140625,17631.94140625,,,,,,,,,1,171104.0,171104.0,171104.0,171104.0,0.0,171104.0,171104.0,,,,,,,,,,,,,,,,,,,,,,,,,,,,,,,,,,,,,,,,,,,,,,,,,,,,,,,,,,,,,,,,,,,,,,,,,,,,,,,,,1,13009.784179688,13009.784179688,13009.784179688,13009.784179688,0.0,13009.784179688,13009.784179688
phase1_setup,K_simpleui_vos_bookshelf,steady_init,startup,hierarchical,2000,memory:post_library_render_idle,PASS,1,1,0,0,,,,,,,,,1,14596.473632812,14596.473632812,14596.473632812,14596.473632812,0.0,14596.473632812,14596.473632812,,,,,,,,,1,182912.0,182912.0,182912.0,182912.0,0.0,182912.0,182912.0,,,,,,,,,,,,,,,,,,,,,,,,,,,,,,,,,,,,,,,,,,,,,,,,,,,,,,,,,,,,,,,,,,,,,,,,,,,,,,,,,1,13382.106445312,13382.106445312,13382.106445312,13382.106445312,0.0,13382.106445312,13382.106445312
phase1_setup,K_simpleui_vos_bookshelf,steady_init,startup,hierarchical,2000,memory:post_init_idle,PASS,1,1,0,0,,,,,,,,,1,21210.166992188,21210.166992188,21210.166992188,21210.166992188,0.0,21210.166992188,21210.166992188,,,,,,,,,1,174208.0,174208.0,174208.0,174208.0,0.0,174208.0,174208.0,,,,,,,,,,,,,,,,,,,,,,,,,,,,,,,,,,,,,,,,,,,,,,,,,,,,,,,,,,,,,,,,,,,,,,,,,,,,,,,,,1,13376.625976562,13376.625976562,13376.625976562,13376.625976562,0.0,13376.625976562,13376.625976562
phase1_setup,L_project_title_vos,steady_init,startup,hierarchical,2000,memory:post_library_render_idle,PASS,1,1,0,0,,,,,,,,,1,10154.272460938,10154.272460938,10154.272460938,10154.272460938,0.0,10154.272460938,10154.272460938,,,,,,,,,1,178320.0,178320.0,178320.0,178320.0,0.0,178320.0,178320.0,,,,,,,,,,,,,,,,,,,,,,,,,,,,,,,,,,,,,,,,,,,,,,,,,,,,,,,,,,,,,,,,,,,,,,,,,,,,,,,,,1,9515.7978515625,9515.7978515625,9515.7978515625,9515.7978515625,0.0,9515.7978515625,9515.7978515625
phase1_setup,L_project_title_vos,steady_init,startup,hierarchical,2000,memory:post_init_idle,PASS,1,1,0,0,,,,,,,,,1,15972.958007812,15972.958007812,15972.958007812,15972.958007812,0.0,15972.958007812,15972.958007812,,,,,,,,,1,170048.0,170048.0,170048.0,170048.0,0.0,170048.0,170048.0,,,,,,,,,,,,,,,,,,,,,,,,,,,,,,,,,,,,,,,,,,,,,,,,,,,,,,,,,,,,,,,,,,,,,,,,,,,,,,,,,1,9136.6572265625,9136.6572265625,9136.6572265625,9136.6572265625,0.0,9136.6572265625,9136.6572265625
