Phase,Stack,Mode,Profile,Dataset,BookCount,Scenario,Status,ProcessRuns,PassSamples,FailedSamples,UnsupportedSamples,cache_database_bytes_count,cache_database_bytes_max,cache_database_bytes_mean,cache_database_bytes_median,cache_database_bytes_min,cache_database_bytes_p90,cache_database_bytes_stdev,cumulative_dirty_screen_equivalents_count,cumulative_dirty_screen_equivalents_max,cumulative_dirty_screen_equivalents_mean,cumulative_dirty_screen_equivalents_median,cumulative_dirty_screen_equivalents_min,cumulative_dirty_screen_equivalents_p90,cumulative_dirty_screen_equivalents_stdev,forced_gc_live_heap_kb_count,forced_gc_live_heap_kb_max,forced_gc_live_heap_kb_mean,forced_gc_live_heap_kb_median,forced_gc_live_heap_kb_min,forced_gc_live_heap_kb_p90,forced_gc_live_heap_kb_stdev,full_refreshes_count,full_refreshes_max,full_refreshes_mean,full_refreshes_median,full_refreshes_min,full_refreshes_p90,full_refreshes_stdev,largest_single_dirty_pct_count,largest_single_dirty_pct_max,largest_single_dirty_pct_mean,largest_single_dirty_pct_median,largest_single_dirty_pct_min,largest_single_dirty_pct_p90,largest_single_dirty_pct_stdev,lua_heap_delta_kb_count,lua_heap_delta_kb_max,lua_heap_delta_kb_mean,lua_heap_delta_kb_median,lua_heap_delta_kb_min,lua_heap_delta_kb_p90,lua_heap_delta_kb_stdev,natural_lua_heap_kb_count,natural_lua_heap_kb_max,natural_lua_heap_kb_mean,natural_lua_heap_kb_median,natural_lua_heap_kb_min,natural_lua_heap_kb_p90,natural_lua_heap_kb_stdev,partial_refreshes_count,partial_refreshes_max,partial_refreshes_mean,partial_refreshes_median,partial_refreshes_min,partial_refreshes_p90,partial_refreshes_stdev,refresh_count_count,refresh_count_max,refresh_count_mean,refresh_count_median,refresh_count_min,refresh_count_p90,refresh_count_stdev,rss_kb_count,rss_kb_max,rss_kb_mean,rss_kb_median,rss_kb_min,rss_kb_p90,rss_kb_stdev,set_dirty_calls_count,set_dirty_calls_max,set_dirty_calls_mean,set_dirty_calls_median,set_dirty_calls_min,set_dirty_calls_p90,set_dirty_calls_stdev,total_bytes_count,total_bytes_max,total_bytes_mean,total_bytes_median,total_bytes_min,total_bytes_p90,total_bytes_stdev,unique_dirty_pct_count,unique_dirty_pct_max,unique_dirty_pct_mean,unique_dirty_pct_median,unique_dirty_pct_min,unique_dirty_pct_p90,unique_dirty_pct_stdev,wall_time_ms_count,wall_time_ms_max,wall_time_ms_mean,wall_time_ms_median,wall_time_ms_min,wall_time_ms_p90,wall_time_ms_stdev
bookends_control,A_stock,warm,bookends_control,real_2692,2692,change_sort_mode,PASS,1,10,0,0,,,,,,,,10,2.000000,2.000000,2.000000,2.000000,2.000000,0.000000,,,,,,,,10,2.000000,2.000000,2.000000,2.000000,2.000000,0.000000,10,100.000000,100.000000,100.000000,100.000000,100.000000,0.000000,10,556.073242,-76.746875,503.322754,-2621.751953,520.180469,1242.816108,10,11190.191406,9825.576367,9930.174316,8572.599609,10868.846582,950.707025,10,0.000000,0.000000,0.000000,0.000000,0.000000,0.000000,10,2.000000,2.000000,2.000000,2.000000,2.000000,0.000000,10,189040.000000,189040.000000,189040.000000,189040.000000,189040.000000,0.000000,10,2.000000,2.000000,2.000000,2.000000,2.000000,0.000000,,,,,,,,10,100.000000,100.000000,100.000000,100.000000,100.000000,0.000000,10,17.901000,11.832700,10.705000,8.999000,16.884000,3.079309
bookends_control,A_stock,warm,bookends_control,real_2692,2692,close_book,PASS,1,10,0,0,,,,,,,,10,3.098301,3.098301,3.098301,3.098301,3.098301,0.000000,,,,,,,,10,3.000000,3.000000,3.000000,3.000000,3.000000,0.000000,10,100.000000,100.000000,100.000000,100.000000,100.000000,0.000000,10,1546.430664,1023.227734,1146.155273,-826.866211,1344.653125,663.794739,10,14356.853516,13234.076074,13478.125000,11220.611328,14014.379785,880.628086,10,1.000000,1.000000,1.000000,1.000000,1.000000,0.000000,10,4.000000,4.000000,4.000000,4.000000,4.000000,0.000000,10,348960.000000,348960.000000,348960.000000,348960.000000,348960.000000,0.000000,10,4.000000,4.000000,4.000000,4.000000,4.000000,0.000000,,,,,,,,10,100.000000,100.000000,100.000000,100.000000,100.000000,0.000000,10,31.382000,18.508800,17.832500,12.920000,20.314700,4.914080
bookends_control,A_stock,warm,bookends_control,real_2692,2692,home_to_library,PASS,1,10,0,0,,,,,,,,10,1.000000,1.000000,1.000000,1.000000,1.000000,0.000000,,,,,,,,10,1.000000,1.000000,1.000000,1.000000,1.000000,0.000000,10,100.000000,100.000000,100.000000,100.000000,100.000000,0.000000,10,525.920898,-572.096484,451.667480,-9882.472656,518.898438,3271.646321,10,18235.279297,13819.799219,16064.143555,8356.416016,17824.758887,4216.029230,10,0.000000,0.000000,0.000000,0.000000,0.000000,0.000000,10,1.000000,1.000000,1.000000,1.000000,1.000000,0.000000,10,187808.000000,185740.800000,186392.000000,181792.000000,187808.000000,2274.700117,10,1.000000,1.000000,1.000000,1.000000,1.000000,0.000000,,,,,,,,10,100.000000,100.000000,100.000000,100.000000,100.000000,0.000000,10,20.651000,12.105800,11.484500,8.963000,13.552700,3.200303
bookends_control,A_stock,warm,bookends_control,real_2692,2692,library_first_render,PASS,1,10,0,0,,,,,,,,10,1.000000,1.000000,1.000000,1.000000,1.000000,0.000000,,,,,,,,10,1.000000,1.000000,1.000000,1.000000,1.000000,0.000000,10,100.000000,100.000000,100.000000,100.000000,100.000000,0.000000,10,575.441406,49.543555,465.141113,-1870.026367,522.181445,932.626683,10,10239.918945,9193.933301,9122.013672,8314.728516,9904.193457,637.059661,10,0.000000,0.000000,0.000000,0.000000,0.000000,0.000000,10,1.000000,1.000000,1.000000,1.000000,1.000000,0.000000,10,188672.000000,188024.000000,187824.000000,187824.000000,188672.000000,354.436015,10,1.000000,1.000000,1.000000,1.000000,1.000000,0.000000,,,,,,,,10,100.000000,100.000000,100.000000,100.000000,100.000000,0.000000,10,17.794000,11.997500,10.870000,10.118000,17.020000,2.867146
bookends_control,A_stock,warm,bookends_control,real_2692,2692,library_folder_back,PASS,1,10,0,0,,,,,,,,10,1.098301,1.098301,1.098301,1.098301,1.098301,0.000000,,,,,,,,10,1.000000,1.000000,1.000000,1.000000,1.000000,0.000000,10,100.000000,100.000000,100.000000,100.000000,100.000000,0.000000,10,404.682617,231.886328,366.166016,-1032.947266,391.289844,444.825979,10,9982.056641,9231.229395,9290.658203,8579.751953,9917.081738,486.250791,10,1.000000,1.000000,1.000000,1.000000,1.000000,0.000000,10,2.000000,2.000000,2.000000,2.000000,2.000000,0.000000,10,189040.000000,189028.800000,189024.000000,189024.000000,189040.000000,7.728734,10,2.000000,2.000000,2.000000,2.000000,2.000000,0.000000,,,,,,,,10,100.000000,100.000000,100.000000,100.000000,100.000000,0.000000,10,20.646000,13.022300,12.706000,9.629000,14.759100,3.079135
bookends_control,A_stock,warm,bookends_control,real_2692,2692,library_folder_enter,PASS,1,10,0,0,,,,,,,,10,1.098301,1.098301,1.098301,1.098301,1.098301,0.000000,,,,,,,,10,1.000000,1.000000,1.000000,1.000000,1.000000,0.000000,10,100.000000,100.000000,100.000000,100.000000,100.000000,0.000000,10,301.037109,66.650879,206.010742,-1314.180664,289.063770,487.073951,10,9569.325195,9065.933496,9028.310547,8534.205078,9498.228711,355.007814,10,1.000000,1.000000,1.000000,1.000000,1.000000,0.000000,10,2.000000,2.000000,2.000000,2.000000,2.000000,0.000000,10,189024.000000,188971.200000,188976.000000,188896.000000,189024.000000,45.910057,10,2.000000,2.000000,2.000000,2.000000,2.000000,0.000000,,,,,,,,10,100.000000,100.000000,100.000000,100.000000,100.000000,0.000000,10,19.033000,11.317400,10.918000,8.719000,12.356800,2.903468
bookends_control,A_stock,warm,bookends_control,real_2692,2692,library_next_page,UNSUPPORTED,1,0,0,10,,,,,,,,,,,,,,,,,,,,,,,,,,,,,,,,,,,,,,,,,,,,,,,,,,,,,,,,,,,,,,,,,,,,,,,,,,,,,,,,,,,,,,,,,,,,,,,,,,
bookends_control,A_stock,warm,bookends_control,real_2692,2692,library_prev_page,UNSUPPORTED,1,0,0,10,,,,,,,,,,,,,,,,,,,,,,,,,,,,,,,,,,,,,,,,,,,,,,,,,,,,,,,,,,,,,,,,,,,,,,,,,,,,,,,,,,,,,,,,,,,,,,,,,,
bookends_control,A_stock,warm,bookends_control,real_2692,2692,open_book,PASS,1,10,0,0,,,,,,,,10,9.000000,8.900000,9.000000,8.000000,9.000000,0.316228,,,,,,,,10,9.000000,8.900000,9.000000,8.000000,9.000000,0.316228,10,100.000000,100.000000,100.000000,100.000000,100.000000,0.000000,10,1446.468750,837.380762,1166.210938,-647.814453,1342.333301,705.660126,10,13268.795898,12311.929883,12345.761719,11435.392578,13011.787891,573.712069,10,0.000000,0.000000,0.000000,0.000000,0.000000,0.000000,10,9.000000,8.900000,9.000000,8.000000,9.000000,0.316228,10,338272.000000,337841.600000,338144.000000,337008.000000,338243.200000,530.630485,10,9.000000,8.900000,9.000000,8.000000,9.000000,0.316228,,,,,,,,10,100.000000,100.000000,100.000000,100.000000,100.000000,0.000000,10,85.618000,54.061100,50.814000,33.957000,80.607700,16.434855
bookends_control,A_stock,warm,bookends_control,real_2692,2692,open_book_minimal,PASS,1,10,0,0,,,,,,,,10,0.000000,0.000000,0.000000,0.000000,0.000000,0.000000,,,,,,,,10,0.000000,0.000000,0.000000,0.000000,0.000000,0.000000,10,0.000000,0.000000,0.000000,0.000000,0.000000,0.000000,10,1512.062500,-124.955664,-88.311523,-2407.701172,1457.734668,1479.518005,10,11566.208984,10930.404785,11369.551758,10104.943359,11547.954102,686.641537,10,0.000000,0.000000,0.000000,0.000000,0.000000,0.000000,10,0.000000,0.000000,0.000000,0.000000,0.000000,0.000000,10,336816.000000,320465.600000,328200.000000,285264.000000,336729.600000,17358.990570,10,0.000000,0.000000,0.000000,0.000000,0.000000,0.000000,,,,,,,,10,0.000000,0.000000,0.000000,0.000000,0.000000,0.000000,10,236.514000,109.646000,101.700000,53.946000,133.863600,50.312068
bookends_control,A_stock,warm,bookends_control,real_2692,2692,reader_page_turn,PASS,1,10,0,0,,,,,,,,10,1.000000,1.000000,1.000000,1.000000,1.000000,0.000000,,,,,,,,10,1.000000,1.000000,1.000000,1.000000,1.000000,0.000000,10,100.000000,100.000000,100.000000,100.000000,100.000000,0.000000,10,41.660156,20.500195,16.224609,11.423828,31.882324,9.865711,10,13240.701172,12549.132324,12724.297852,11145.541992,13138.383301,675.842166,10,0.000000,0.000000,0.000000,0.000000,0.000000,0.000000,10,1.000000,1.000000,1.000000,1.000000,1.000000,0.000000,10,348960.000000,348960.000000,348960.000000,348960.000000,348960.000000,0.000000,10,1.000000,1.000000,1.000000,1.000000,1.000000,0.000000,,,,,,,,10,100.000000,100.000000,100.000000,100.000000,100.000000,0.000000,10,9.510000,7.813700,8.578000,4.050000,9.375900,1.967491
bookends_control,A_stock,warm,bookends_control,real_2692,2692,start_to_home,UNSUPPORTED,1,0,0,10,,,,,,,,,,,,,,,,,,,,,,,,,,,,,,,,,,,,,,,,,,,,,,,,,,,,,,,,,,,,,,,,,,,,,,,,,,,,,,,,,,,,,,,,,,,,,,,,,,
bookends_control,K_stock_bookends,warm,bookends_control,real_2692,2692,change_sort_mode,PASS,1,10,0,0,,,,,,,,10,2.000000,2.000000,2.000000,2.000000,2.000000,0.000000,,,,,,,,10,2.000000,2.000000,2.000000,2.000000,2.000000,0.000000,10,100.000000,100.000000,100.000000,100.000000,100.000000,0.000000,10,546.055664,0.278223,497.815430,-2123.391602,541.266504,1078.586572,10,11300.672852,10261.947656,10287.978027,9180.765625,11234.109766,760.441903,10,0.000000,0.000000,0.000000,0.000000,0.000000,0.000000,10,2.000000,2.000000,2.000000,2.000000,2.000000,0.000000,10,191120.000000,191110.400000,191104.000000,191104.000000,191120.000000,8.262364,10,2.000000,2.000000,2.000000,2.000000,2.000000,0.000000,,,,,,,,10,100.000000,100.000000,100.000000,100.000000,100.000000,0.000000,10,24.162000,12.623600,10.856000,9.762000,16.820700,4.442778
bookends_control,K_stock_bookends,warm,bookends_control,real_2692,2692,close_book,PASS,1,10,0,0,,,,,,,,10,3.098301,3.098301,3.098301,3.098301,3.098301,0.000000,,,,,,,,10,3.000000,3.000000,3.000000,3.000000,3.000000,0.000000,10,100.000000,100.000000,100.000000,100.000000,100.000000,0.000000,10,1617.388672,959.219434,1223.312012,-952.958008,1555.044336,824.621820,10,23823.897461,22756.817383,22636.070312,21827.374023,23791.285645,792.637431,10,1.000000,1.000000,1.000000,1.000000,1.000000,0.000000,10,4.000000,4.000000,4.000000,4.000000,4.000000,0.000000,10,355152.000000,355152.000000,355152.000000,355152.000000,355152.000000,0.000000,10,4.000000,4.000000,4.000000,4.000000,4.000000,0.000000,,,,,,,,10,100.000000,100.000000,100.000000,100.000000,100.000000,0.000000,10,60.585000,26.865700,20.583500,13.280000,55.774500,16.722045
bookends_control,K_stock_bookends,warm,bookends_control,real_2692,2692,home_to_library,PASS,1,10,0,0,,,,,,,,10,1.000000,1.000000,1.000000,1.000000,1.000000,0.000000,,,,,,,,10,1.000000,1.000000,1.000000,1.000000,1.000000,0.000000,10,100.000000,100.000000,100.000000,100.000000,100.000000,0.000000,10,521.711914,-580.757031,456.996094,-10022.310547,502.291602,3317.522002,10,19033.181641,15195.534082,16935.598145,9014.074219,18601.634277,4019.057979,10,0.000000,0.000000,0.000000,0.000000,0.000000,0.000000,10,1.000000,1.000000,1.000000,1.000000,1.000000,0.000000,10,190032.000000,187068.800000,187376.000000,182656.000000,190017.600000,2749.019575,10,1.000000,1.000000,1.000000,1.000000,1.000000,0.000000,,,,,,,,10,100.000000,100.000000,100.000000,100.000000,100.000000,0.000000,10,20.186000,11.916900,11.211000,9.819000,12.912200,2.987660
bookends_control,K_stock_bookends,warm,bookends_control,real_2692,2692,library_first_render,PASS,1,10,0,0,,,,,,,,10,1.000000,1.000000,1.000000,1.000000,1.000000,0.000000,,,,,,,,10,1.000000,1.000000,1.000000,1.000000,1.000000,0.000000,10,100.000000,100.000000,100.000000,100.000000,100.000000,0.000000,10,557.087891,96.656641,450.401855,-1451.291992,525.773340,812.148465,10,10401.579102,9693.987988,9711.668945,8939.332031,10389.300781,518.358779,10,0.000000,0.000000,0.000000,0.000000,0.000000,0.000000,10,1.000000,1.000000,1.000000,1.000000,1.000000,0.000000,10,190624.000000,190624.000000,190624.000000,190624.000000,190624.000000,0.000000,10,1.000000,1.000000,1.000000,1.000000,1.000000,0.000000,,,,,,,,10,100.000000,100.000000,100.000000,100.000000,100.000000,0.000000,10,17.507000,12.985500,11.369500,9.607000,17.234300,3.125492
bookends_control,K_stock_bookends,warm,bookends_control,real_2692,2692,library_folder_back,PASS,1,10,0,0,,,,,,,,10,1.098301,1.098301,1.098301,1.098301,1.098301,0.000000,,,,,,,,10,1.000000,1.000000,1.000000,1.000000,1.000000,0.000000,10,100.000000,100.000000,100.000000,100.000000,100.000000,0.000000,10,431.156250,-44.542676,349.178711,-1290.584961,387.894727,683.192348,10,10501.864258,9718.727637,9745.296387,9159.609375,10311.276074,466.519747,10,1.000000,1.000000,1.000000,1.000000,1.000000,0.000000,10,2.000000,2.000000,2.000000,2.000000,2.000000,0.000000,10,191104.000000,191094.400000,191088.000000,191088.000000,191104.000000,8.262364,10,2.000000,2.000000,2.000000,2.000000,2.000000,0.000000,,,,,,,,10,100.000000,100.000000,100.000000,100.000000,100.000000,0.000000,10,21.186000,15.019600,13.436000,11.309000,20.424600,3.847437
bookends_control,K_stock_bookends,warm,bookends_control,real_2692,2692,library_folder_enter,PASS,1,10,0,0,,,,,,,,10,1.098301,1.098301,1.098301,1.098301,1.098301,0.000000,,,,,,,,10,1.000000,1.000000,1.000000,1.000000,1.000000,0.000000,10,100.000000,100.000000,100.000000,100.000000,100.000000,0.000000,10,271.526367,222.868066,219.901367,186.845703,263.565234,35.089192,10,10702.081055,9884.860254,9962.299316,9364.861328,10573.222852,487.357577,10,1.000000,1.000000,1.000000,1.000000,1.000000,0.000000,10,2.000000,2.000000,2.000000,2.000000,2.000000,0.000000,10,191088.000000,191043.200000,191056.000000,190976.000000,191073.600000,35.216158,10,2.000000,2.000000,2.000000,2.000000,2.000000,0.000000,,,,,,,,10,100.000000,100.000000,100.000000,100.000000,100.000000,0.000000,10,11.733000,10.478900,10.859000,7.900000,11.458500,1.153801
bookends_control,K_stock_bookends,warm,bookends_control,real_2692,2692,library_next_page,UNSUPPORTED,1,0,0,10,,,,,,,,,,,,,,,,,,,,,,,,,,,,,,,,,,,,,,,,,,,,,,,,,,,,,,,,,,,,,,,,,,,,,,,,,,,,,,,,,,,,,,,,,,,,,,,,,,
bookends_control,K_stock_bookends,warm,bookends_control,real_2692,2692,library_prev_page,UNSUPPORTED,1,0,0,10,,,,,,,,,,,,,,,,,,,,,,,,,,,,,,,,,,,,,,,,,,,,,,,,,,,,,,,,,,,,,,,,,,,,,,,,,,,,,,,,,,,,,,,,,,,,,,,,,,
bookends_control,K_stock_bookends,warm,bookends_control,real_2692,2692,open_book,PASS,1,10,0,0,,,,,,,,10,11.000000,10.900000,11.000000,10.000000,11.000000,0.316228,,,,,,,,10,11.000000,10.900000,11.000000,10.000000,11.000000,0.316228,10,100.000000,100.000000,100.000000,100.000000,100.000000,0.000000,10,1265.147461,-502.869531,-636.319336,-2313.592773,816.898242,1060.447162,10,20960.245117,19361.087305,19165.616211,17891.971680,20656.964453,1095.412280,10,0.000000,0.000000,0.000000,0.000000,0.000000,0.000000,10,11.000000,10.900000,11.000000,10.000000,11.000000,0.316228,10,343840.000000,343088.000000,343680.000000,341280.000000,343840.000000,1085.408679,10,11.000000,10.900000,11.000000,10.000000,11.000000,0.316228,,,,,,,,10,100.000000,100.000000,100.000000,100.000000,100.000000,0.000000,10,107.788000,71.901400,71.033000,49.262000,86.904400,16.612073
bookends_control,K_stock_bookends,warm,bookends_control,real_2692,2692,open_book_minimal,PASS,1,10,0,0,,,,,,,,10,0.000000,0.000000,0.000000,0.000000,0.000000,0.000000,,,,,,,,10,0.000000,0.000000,0.000000,0.000000,0.000000,0.000000,10,0.000000,0.000000,0.000000,0.000000,0.000000,0.000000,10,1504.386719,105.050000,-106.659668,-1282.537109,1272.076855,945.399799,10,18196.798828,15304.629199,15214.359863,12921.651367,17701.834863,1731.631856,10,0.000000,0.000000,0.000000,0.000000,0.000000,0.000000,10,0.000000,0.000000,0.000000,0.000000,0.000000,0.000000,10,341280.000000,324824.000000,333016.000000,284864.000000,340992.000000,17468.431463,10,0.000000,0.000000,0.000000,0.000000,0.000000,0.000000,,,,,,,,10,0.000000,0.000000,0.000000,0.000000,0.000000,0.000000,10,237.752000,112.744000,104.986000,46.457000,150.206300,52.706711
bookends_control,K_stock_bookends,warm,bookends_control,real_2692,2692,reader_page_turn,PASS,1,10,0,0,,,,,,,,10,1.000000,1.000000,1.000000,1.000000,1.000000,0.000000,,,,,,,,10,1.000000,1.000000,1.000000,1.000000,1.000000,0.000000,10,100.000000,100.000000,100.000000,100.000000,100.000000,0.000000,10,57.246094,20.881836,15.690918,11.085938,37.172754,14.479044,10,20037.824219,18714.682520,18705.308594,17625.917969,19478.860059,784.026362,10,0.000000,0.000000,0.000000,0.000000,0.000000,0.000000,10,1.000000,1.000000,1.000000,1.000000,1.000000,0.000000,10,355152.000000,355152.000000,355152.000000,355152.000000,355152.000000,0.000000,10,1.000000,1.000000,1.000000,1.000000,1.000000,0.000000,,,,,,,,10,100.000000,100.000000,100.000000,100.000000,100.000000,0.000000,10,8.715000,8.302200,8.229000,7.532000,8.654700,0.352285
bookends_control,K_stock_bookends,warm,bookends_control,real_2692,2692,start_to_home,UNSUPPORTED,1,0,0,10,,,,,,,,,,,,,,,,,,,,,,,,,,,,,,,,,,,,,,,,,,,,,,,,,,,,,,,,,,,,,,,,,,,,,,,,,,,,,,,,,,,,,,,,,,,,,,,,,,
phase2,R0_stock,real_first_run,startup,real_2692,2692,home_to_library,PASS,1,1,0,0,,,,,,,,1,1.000000,1.000000,1.000000,1.000000,1.000000,0.000000,,,,,,,,1,1.000000,1.000000,1.000000,1.000000,1.000000,0.000000,1,100.000000,100.000000,100.000000,100.000000,100.000000,0.000000,1,552.246094,552.246094,552.246094,552.246094,552.246094,0.000000,1,8918.874023,8918.874023,8918.874023,8918.874023,8918.874023,0.000000,1,0.000000,0.000000,0.000000,0.000000,0.000000,0.000000,1,1.000000,1.000000,1.000000,1.000000,1.000000,0.000000,1,165760.000000,165760.000000,165760.000000,165760.000000,165760.000000,0.000000,1,1.000000,1.000000,1.000000,1.000000,1.000000,0.000000,,,,,,,,1,100.000000,100.000000,100.000000,100.000000,100.000000,0.000000,1,11.734000,11.734000,11.734000,11.734000,11.734000,0.000000
phase2,R0_stock,real_first_run,startup,real_2692,2692,library_first_render,PASS,1,1,0,0,,,,,,,,1,1.000000,1.000000,1.000000,1.000000,1.000000,0.000000,,,,,,,,1,1.000000,1.000000,1.000000,1.000000,1.000000,0.000000,1,100.000000,100.000000,100.000000,100.000000,100.000000,0.000000,1,445.367188,445.367188,445.367188,445.367188,445.367188,0.000000,1,9371.842773,9371.842773,9371.842773,9371.842773,9371.842773,0.000000,1,0.000000,0.000000,0.000000,0.000000,0.000000,0.000000,1,1.000000,1.000000,1.000000,1.000000,1.000000,0.000000,1,174208.000000,174208.000000,174208.000000,174208.000000,174208.000000,0.000000,1,1.000000,1.000000,1.000000,1.000000,1.000000,0.000000,,,,,,,,1,100.000000,100.000000,100.000000,100.000000,100.000000,0.000000,1,11.120000,11.120000,11.120000,11.120000,11.120000,0.000000
phase2,R0_stock,real_steady_cold,startup,real_2692,2692,home_to_library,PASS,3,3,0,0,,,,,,,,3,1.000000,1.000000,1.000000,1.000000,1.000000,0.000000,,,,,,,,3,1.000000,1.000000,1.000000,1.000000,1.000000,0.000000,3,100.000000,100.000000,100.000000,100.000000,100.000000,0.000000,3,567.191406,535.920898,527.772461,512.798828,559.307617,28.096902,3,8923.568359,8855.810547,8822.125977,8821.737305,8903.279883,58.680309,3,0.000000,0.000000,0.000000,0.000000,0.000000,0.000000,3,1.000000,1.000000,1.000000,1.000000,1.000000,0.000000,3,171040.000000,165946.666667,165184.000000,161616.000000,169868.800000,4758.065713,3,1.000000,1.000000,1.000000,1.000000,1.000000,0.000000,,,,,,,,3,100.000000,100.000000,100.000000,100.000000,100.000000,0.000000,3,12.045000,11.713333,11.601000,11.494000,11.956200,0.292172
phase2,R0_stock,real_steady_cold,startup,real_2692,2692,library_first_render,PASS,3,3,0,0,,,,,,,,3,1.000000,1.000000,1.000000,1.000000,1.000000,0.000000,,,,,,,,3,1.000000,1.000000,1.000000,1.000000,1.000000,0.000000,3,100.000000,100.000000,100.000000,100.000000,100.000000,0.000000,3,496.155273,476.561523,468.810547,464.718750,490.686328,17.091576,3,9399.449219,9340.790039,9324.962891,9297.958008,9384.551953,52.564156,3,0.000000,0.000000,0.000000,0.000000,0.000000,0.000000,3,1.000000,1.000000,1.000000,1.000000,1.000000,0.000000,3,173648.000000,171968.000000,171616.000000,170640.000000,173241.600000,1534.582679,3,1.000000,1.000000,1.000000,1.000000,1.000000,0.000000,,,,,,,,3,100.000000,100.000000,100.000000,100.000000,100.000000,0.000000,3,11.347000,10.399000,10.501000,9.349000,11.177800,1.002898
phase2,R0_stock,warm,real,real_2692,2692,change_sort_mode,PASS,1,10,0,0,,,,,,,,10,2.000000,2.000000,2.000000,2.000000,2.000000,0.000000,,,,,,,,10,2.000000,2.000000,2.000000,2.000000,2.000000,0.000000,10,100.000000,100.000000,100.000000,100.000000,100.000000,0.000000,10,517.281250,-51.104590,479.724609,-2469.001953,506.402148,1146.455092,10,10989.110352,9678.687793,9777.526367,8523.608398,10569.262109,867.832542,10,0.000000,0.000000,0.000000,0.000000,0.000000,0.000000,10,2.000000,2.000000,2.000000,2.000000,2.000000,0.000000,10,186256.000000,186256.000000,186256.000000,186256.000000,186256.000000,0.000000,10,2.000000,2.000000,2.000000,2.000000,2.000000,0.000000,,,,,,,,10,100.000000,100.000000,100.000000,100.000000,100.000000,0.000000,10,19.504000,11.936300,9.860500,9.029000,19.484200,4.092480
phase2,R0_stock,warm,real,real_2692,2692,close_book,PASS,1,10,0,0,,,,,,,,10,3.098301,3.098301,3.098301,3.098301,3.098301,0.000000,,,,,,,,10,3.000000,3.000000,3.000000,3.000000,3.000000,0.000000,10,100.000000,100.000000,100.000000,100.000000,100.000000,0.000000,10,1658.800781,1179.859766,1133.032227,907.782227,1509.573047,242.472480,10,13533.329102,13050.128418,13035.243164,12621.763672,13520.570020,343.953531,10,1.000000,1.000000,1.000000,1.000000,1.000000,0.000000,10,4.000000,4.000000,4.000000,4.000000,4.000000,0.000000,10,325664.000000,325664.000000,325664.000000,325664.000000,325664.000000,0.000000,10,4.000000,4.000000,4.000000,4.000000,4.000000,0.000000,,,,,,,,10,100.000000,100.000000,100.000000,100.000000,100.000000,0.000000,10,25.593000,19.705400,19.522000,15.519000,23.572500,3.466489
phase2,R0_stock,warm,real,real_2692,2692,close_quick_settings,PASS,1,10,0,0,,,,,,,,10,3.000000,3.000000,3.000000,3.000000,3.000000,0.000000,,,,,,,,10,3.000000,3.000000,3.000000,3.000000,3.000000,0.000000,10,100.000000,100.000000,100.000000,100.000000,100.000000,0.000000,10,62.623047,34.358594,30.002930,18.859375,49.468457,14.957750,10,16930.265625,15805.130566,15812.992188,14637.367188,16717.344434,770.572694,10,0.000000,0.000000,0.000000,0.000000,0.000000,0.000000,10,3.000000,3.000000,3.000000,3.000000,3.000000,0.000000,10,325664.000000,325664.000000,325664.000000,325664.000000,325664.000000,0.000000,10,3.000000,3.000000,3.000000,3.000000,3.000000,0.000000,,,,,,,,10,100.000000,100.000000,100.000000,100.000000,100.000000,0.000000,10,9.208000,8.364200,8.357500,7.709000,8.844400,0.471126
phase2,R0_stock,warm,real,real_2692,2692,home_to_library,PASS,1,10,0,0,,,,,,,,10,1.000000,1.000000,1.000000,1.000000,1.000000,0.000000,,,,,,,,10,1.000000,1.000000,1.000000,1.000000,1.000000,0.000000,10,100.000000,100.000000,100.000000,100.000000,100.000000,0.000000,10,521.698242,-589.259766,453.871582,-9998.755859,506.599512,3306.394128,10,18270.282227,14481.145605,16268.561035,8274.729492,17850.181738,4021.591552,10,0.000000,0.000000,0.000000,0.000000,0.000000,0.000000,10,1.000000,1.000000,1.000000,1.000000,1.000000,0.000000,10,185792.000000,183068.800000,183192.000000,179536.000000,185792.000000,2445.143431,10,1.000000,1.000000,1.000000,1.000000,1.000000,0.000000,,,,,,,,10,100.000000,100.000000,100.000000,100.000000,100.000000,0.000000,10,22.116000,11.790100,10.772000,9.345000,13.024200,3.733994
phase2,R0_stock,warm,real,real_2692,2692,library_first_render,PASS,1,10,0,0,,,,,,,,10,1.000000,1.000000,1.000000,1.000000,1.000000,0.000000,,,,,,,,10,1.000000,1.000000,1.000000,1.000000,1.000000,0.000000,10,100.000000,100.000000,100.000000,100.000000,100.000000,0.000000,10,587.558594,95.862598,469.687988,-1550.240234,546.574316,840.558328,10,9873.563477,9095.019238,9116.544434,8326.010742,9777.645801,537.818317,10,0.000000,0.000000,0.000000,0.000000,0.000000,0.000000,10,1.000000,1.000000,1.000000,1.000000,1.000000,0.000000,10,185824.000000,185822.400000,185824.000000,185808.000000,185824.000000,5.059644,10,1.000000,1.000000,1.000000,1.000000,1.000000,0.000000,,,,,,,,10,100.000000,100.000000,100.000000,100.000000,100.000000,0.000000,10,19.617000,12.324100,10.736000,9.181000,18.888000,3.699945
phase2,R0_stock,warm,real,real_2692,2692,library_folder_back,PASS,1,10,0,0,,,,,,,,10,1.098301,1.098301,1.098301,1.098301,1.098301,0.000000,,,,,,,,10,1.000000,1.000000,1.000000,1.000000,1.000000,0.000000,10,100.000000,100.000000,100.000000,100.000000,100.000000,0.000000,10,400.080078,-91.467480,354.434082,-1402.864258,384.867969,744.023152,10,9711.737305,9054.527637,9071.809570,8508.635742,9651.088379,455.493044,10,1.000000,1.000000,1.000000,1.000000,1.000000,0.000000,10,2.000000,2.000000,2.000000,2.000000,2.000000,0.000000,10,186256.000000,186235.200000,186232.000000,186224.000000,186256.000000,13.172362,10,2.000000,2.000000,2.000000,2.000000,2.000000,0.000000,,,,,,,,10,100.000000,100.000000,100.000000,100.000000,100.000000,0.000000,10,22.639000,15.889200,13.880000,11.338000,22.026100,4.114621
phase2,R0_stock,warm,real,real_2692,2692,library_folder_enter,PASS,1,10,0,0,,,,,,,,10,1.098301,1.098301,1.098301,1.098301,1.098301,0.000000,,,,,,,,10,1.000000,1.000000,1.000000,1.000000,1.000000,0.000000,10,100.000000,100.000000,100.000000,100.000000,100.000000,0.000000,10,279.936523,-107.150488,166.606445,-1374.399414,245.572168,647.227123,10,9480.880859,8985.782910,8957.722656,8416.791992,9464.292383,389.096380,10,1.000000,1.000000,1.000000,1.000000,1.000000,0.000000,10,2.000000,2.000000,2.000000,2.000000,2.000000,0.000000,10,186224.000000,186192.000000,186200.000000,186128.000000,186224.000000,32.876875,10,2.000000,2.000000,2.000000,2.000000,2.000000,0.000000,,,,,,,,10,100.000000,100.000000,100.000000,100.000000,100.000000,0.000000,10,20.754000,13.136700,11.417500,10.273000,20.442600,3.946305
phase2,R0_stock,warm,real,real_2692,2692,library_next_page,UNSUPPORTED,1,0,0,10,,,,,,,,,,,,,,,,,,,,,,,,,,,,,,,,,,,,,,,,,,,,,,,,,,,,,,,,,,,,,,,,,,,,,,,,,,,,,,,,,,,,,,,,,,,,,,,,,,
phase2,R0_stock,warm,real,real_2692,2692,library_prev_page,UNSUPPORTED,1,0,0,10,,,,,,,,,,,,,,,,,,,,,,,,,,,,,,,,,,,,,,,,,,,,,,,,,,,,,,,,,,,,,,,,,,,,,,,,,,,,,,,,,,,,,,,,,,,,,,,,,,
phase2,R0_stock,warm,real,real_2692,2692,open_book,PASS,1,10,0,0,,,,,,,,10,9.000000,8.900000,9.000000,8.000000,9.000000,0.316228,,,,,,,,10,9.000000,8.900000,9.000000,8.000000,9.000000,0.316228,10,100.000000,100.000000,100.000000,100.000000,100.000000,0.000000,10,624.656250,-456.445703,-372.218262,-1580.965820,325.318359,725.114514,10,12430.854492,11050.442676,11047.345703,10145.109375,12051.326074,870.893072,10,0.000000,0.000000,0.000000,0.000000,0.000000,0.000000,10,9.000000,8.900000,9.000000,8.000000,9.000000,0.316228,10,325472.000000,324761.600000,324544.000000,324368.000000,325472.000000,432.769685,10,9.000000,8.900000,9.000000,8.000000,9.000000,0.316228,,,,,,,,10,100.000000,100.000000,100.000000,100.000000,100.000000,0.000000,10,87.990000,63.496400,59.898000,48.727000,83.930100,12.317194
phase2,R0_stock,warm,real,real_2692,2692,open_book_minimal,PASS,1,10,0,0,,,,,,,,10,0.000000,0.000000,0.000000,0.000000,0.000000,0.000000,,,,,,,,10,0.000000,0.000000,0.000000,0.000000,0.000000,0.000000,10,0.000000,0.000000,0.000000,0.000000,0.000000,0.000000,10,1437.396484,-416.912402,-652.080078,-2424.322266,1404.288086,1404.631486,10,11518.565430,10746.228027,10722.906250,10082.769531,11390.071094,669.881058,10,0.000000,0.000000,0.000000,0.000000,0.000000,0.000000,10,0.000000,0.000000,0.000000,0.000000,0.000000,0.000000,10,324352.000000,312760.000000,321032.000000,279408.000000,324323.200000,15106.721506,10,0.000000,0.000000,0.000000,0.000000,0.000000,0.000000,,,,,,,,10,0.000000,0.000000,0.000000,0.000000,0.000000,0.000000,10,246.109000,115.177100,110.700500,50.194000,144.738400,53.079491
phase2,R0_stock,warm,real,real_2692,2692,open_quick_settings,PASS,1,10,0,0,,,,,,,,10,2.000000,2.000000,2.000000,2.000000,2.000000,0.000000,,,,,,,,10,2.000000,2.000000,2.000000,2.000000,2.000000,0.000000,10,100.000000,100.000000,100.000000,100.000000,100.000000,0.000000,10,333.784180,-208.500488,225.585938,-3678.982422,292.094141,1240.070932,10,13761.041992,12720.795801,12640.098145,11648.609375,13542.276953,670.572812,10,0.000000,0.000000,0.000000,0.000000,0.000000,0.000000,10,2.000000,2.000000,2.000000,2.000000,2.000000,0.000000,10,325664.000000,325664.000000,325664.000000,325664.000000,325664.000000,0.000000,10,2.000000,2.000000,2.000000,2.000000,2.000000,0.000000,,,,,,,,10,100.000000,100.000000,100.000000,100.000000,100.000000,0.000000,10,22.407000,11.044500,8.415000,7.962000,20.544900,5.486000
phase2,R0_stock,warm,real,real_2692,2692,repeated_nav,PASS,1,1,0,0,,,,,,,,1,30.000000,30.000000,30.000000,30.000000,30.000000,0.000000,,,,,,,,1,30.000000,30.000000,30.000000,30.000000,30.000000,0.000000,1,100.000000,100.000000,100.000000,100.000000,100.000000,0.000000,1,-1598.637695,-1598.637695,-1598.637695,-1598.637695,-1598.637695,0.000000,1,15345.416992,15345.416992,15345.416992,15345.416992,15345.416992,0.000000,1,0.000000,0.000000,0.000000,0.000000,0.000000,0.000000,1,30.000000,30.000000,30.000000,30.000000,30.000000,0.000000,1,339472.000000,339472.000000,339472.000000,339472.000000,339472.000000,0.000000,1,30.000000,30.000000,30.000000,30.000000,30.000000,0.000000,,,,,,,,1,100.000000,100.000000,100.000000,100.000000,100.000000,0.000000,1,458.711000,458.711000,458.711000,458.711000,458.711000,0.000000
phase2,R0_stock,warm,real,real_2692,2692,start_to_home,UNSUPPORTED,1,0,0,10,,,,,,,,,,,,,,,,,,,,,,,,,,,,,,,,,,,,,,,,,,,,,,,,,,,,,,,,,,,,,,,,,,,,,,,,,,,,,,,,,,,,,,,,,,,,,,,,,,
phase2,R10_project_title_vos,real_first_run,startup,real_2692,2692,home_to_library,PASS,1,1,0,0,,,,,,,,1,2.097694,2.097694,2.097694,2.097694,2.097694,0.000000,,,,,,,,1,2.000000,2.000000,2.000000,2.000000,2.000000,0.000000,1,100.000000,100.000000,100.000000,100.000000,100.000000,0.000000,1,742.874023,742.874023,742.874023,742.874023,742.874023,0.000000,1,9731.130859,9731.130859,9731.130859,9731.130859,9731.130859,0.000000,1,1.000000,1.000000,1.000000,1.000000,1.000000,0.000000,1,3.000000,3.000000,3.000000,3.000000,3.000000,0.000000,1,176096.000000,176096.000000,176096.000000,176096.000000,176096.000000,0.000000,1,3.000000,3.000000,3.000000,3.000000,3.000000,0.000000,,,,,,,,1,100.000000,100.000000,100.000000,100.000000,100.000000,0.000000,1,20.958000,20.958000,20.958000,20.958000,20.958000,0.000000
phase2,R10_project_title_vos,real_first_run,startup,real_2692,2692,library_first_render,PASS,1,1,0,0,,,,,,,,1,2.097694,2.097694,2.097694,2.097694,2.097694,0.000000,,,,,,,,1,2.000000,2.000000,2.000000,2.000000,2.000000,0.000000,1,100.000000,100.000000,100.000000,100.000000,100.000000,0.000000,1,562.780273,562.780273,562.780273,562.780273,562.780273,0.000000,1,10306.606445,10306.606445,10306.606445,10306.606445,10306.606445,0.000000,1,1.000000,1.000000,1.000000,1.000000,1.000000,0.000000,1,3.000000,3.000000,3.000000,3.000000,3.000000,0.000000,1,176144.000000,176144.000000,176144.000000,176144.000000,176144.000000,0.000000,1,3.000000,3.000000,3.000000,3.000000,3.000000,0.000000,,,,,,,,1,100.000000,100.000000,100.000000,100.000000,100.000000,0.000000,1,17.683000,17.683000,17.683000,17.683000,17.683000,0.000000
phase2,R10_project_title_vos,real_steady_cold,startup,real_2692,2692,home_to_library,PASS,3,3,0,0,,,,,,,,3,2.097694,2.097694,2.097694,2.097694,2.097694,0.000000,,,,,,,,3,2.000000,2.000000,2.000000,2.000000,2.000000,0.000000,3,100.000000,100.000000,100.000000,100.000000,100.000000,0.000000,3,628.990234,594.496419,588.532227,565.966797,620.898633,31.932227,3,9670.887695,9638.961589,9661.246094,9584.750977,9668.959375,47.194628,3,1.000000,1.000000,1.000000,1.000000,1.000000,0.000000,3,3.000000,3.000000,3.000000,3.000000,3.000000,0.000000,3,174464.000000,174021.333333,174048.000000,173552.000000,174380.800000,456.584421,3,3.000000,3.000000,3.000000,3.000000,3.000000,0.000000,,,,,,,,3,100.000000,100.000000,100.000000,100.000000,100.000000,0.000000,3,20.307000,18.935333,18.730000,17.769000,19.991600,1.281399
phase2,R10_project_title_vos,real_steady_cold,startup,real_2692,2692,library_first_render,PASS,3,3,0,0,,,,,,,,3,2.097694,2.097694,2.097694,2.097694,2.097694,0.000000,,,,,,,,3,2.000000,2.000000,2.000000,2.000000,2.000000,0.000000,3,100.000000,100.000000,100.000000,100.000000,100.000000,0.000000,3,677.182617,613.964518,621.542969,543.167969,666.054688,67.327975,3,10347.092773,10261.707357,10301.094727,10136.934570,10337.893164,110.476881,3,1.000000,1.000000,1.000000,1.000000,1.000000,0.000000,3,3.000000,3.000000,3.000000,3.000000,3.000000,0.000000,3,174496.000000,174037.333333,174064.000000,173552.000000,174409.600000,472.564634,3,3.000000,3.000000,3.000000,3.000000,3.000000,0.000000,,,,,,,,3,100.000000,100.000000,100.000000,100.000000,100.000000,0.000000,3,18.783000,18.687667,18.680000,18.600000,18.762400,0.091741
phase2,R10_project_title_vos,warm,real,real_2692,2692,change_sort_mode,PASS,1,10,0,0,,,,,,,,10,2.390777,2.390777,2.390777,2.390777,2.390777,0.000000,,,,,,,,10,2.000000,2.000000,2.000000,2.000000,2.000000,0.000000,10,100.000000,100.000000,100.000000,100.000000,100.000000,0.000000,10,443.875977,397.638184,390.523438,362.247070,430.069238,27.642529,10,15673.368164,13858.396777,13866.545410,12023.165039,15281.569336,1204.611886,10,4.000000,4.000000,4.000000,4.000000,4.000000,0.000000,10,6.000000,6.000000,6.000000,6.000000,6.000000,0.000000,10,180336.000000,180336.000000,180336.000000,180336.000000,180336.000000,0.000000,10,6.000000,6.000000,6.000000,6.000000,6.000000,0.000000,,,,,,,,10,100.000000,100.000000,100.000000,100.000000,100.000000,0.000000,10,10.090000,8.927000,8.839500,8.253000,9.416800,0.548490
phase2,R10_project_title_vos,warm,real,real_2692,2692,close_book,PASS,1,10,0,0,,,,,,,,10,4.383495,4.383495,4.383495,4.383495,4.383495,0.000000,,,,,,,,10,4.000000,4.000000,4.000000,4.000000,4.000000,0.000000,10,100.000000,100.000000,100.000000,100.000000,100.000000,0.000000,10,2028.976562,1302.809570,1202.175781,998.547852,1855.366211,343.762753,10,15729.135742,14703.167871,14608.025879,13792.922852,15366.604492,574.125227,10,4.000000,4.000000,4.000000,4.000000,4.000000,0.000000,10,8.000000,8.000000,8.000000,8.000000,8.000000,0.000000,10,342912.000000,342912.000000,342912.000000,342912.000000,342912.000000,0.000000,10,8.000000,8.000000,8.000000,8.000000,8.000000,0.000000,,,,,,,,10,100.000000,100.000000,100.000000,100.000000,100.000000,0.000000,10,30.687000,22.896300,21.846000,18.762000,28.265100,3.800187
phase2,R10_project_title_vos,warm,real,real_2692,2692,close_quick_settings,PASS,1,10,0,0,,,,,,,,10,3.000000,3.000000,3.000000,3.000000,3.000000,0.000000,,,,,,,,10,3.000000,3.000000,3.000000,3.000000,3.000000,0.000000,10,100.000000,100.000000,100.000000,100.000000,100.000000,0.000000,10,219.508789,76.647656,48.144043,42.211914,168.823145,62.021733,10,25793.214844,23792.487109,23725.012695,22101.769531,25251.929883,1197.675616,10,0.000000,0.000000,0.000000,0.000000,0.000000,0.000000,10,3.000000,3.000000,3.000000,3.000000,3.000000,0.000000,10,344400.000000,343358.400000,343016.000000,342912.000000,344025.600000,572.753816,10,3.000000,3.000000,3.000000,3.000000,3.000000,0.000000,,,,,,,,10,100.000000,100.000000,100.000000,100.000000,100.000000,0.000000,10,10.977000,8.926700,8.479000,8.265000,10.545000,0.968216
phase2,R10_project_title_vos,warm,real,real_2692,2692,home_to_library,PASS,1,10,0,0,,,,,,,,10,2.097694,2.097694,2.097694,2.097694,2.097694,0.000000,,,,,,,,10,2.000000,2.000000,2.000000,2.000000,2.000000,0.000000,10,100.000000,100.000000,100.000000,100.000000,100.000000,0.000000,10,647.276367,-420.533984,568.386230,-9459.729492,615.721875,3176.186645,10,21148.869141,16808.184082,18439.714844,11693.936523,20560.589941,3763.715964,10,1.000000,1.000000,1.000000,1.000000,1.000000,0.000000,10,3.000000,3.000000,3.000000,3.000000,3.000000,0.000000,10,180320.000000,179072.000000,179544.000000,176656.000000,180320.000000,1401.317475,10,3.000000,3.000000,3.000000,3.000000,3.000000,0.000000,,,,,,,,10,100.000000,100.000000,100.000000,100.000000,100.000000,0.000000,10,21.424000,19.062200,18.808000,17.957000,20.325100,1.126424
phase2,R10_project_title_vos,warm,real,real_2692,2692,library_first_render,PASS,1,10,0,0,,,,,,,,10,2.097694,2.097694,2.097694,2.097694,2.097694,0.000000,,,,,,,,10,2.000000,2.000000,2.000000,2.000000,2.000000,0.000000,10,100.000000,100.000000,100.000000,100.000000,100.000000,0.000000,10,666.805664,589.479199,593.348145,515.000000,633.817676,46.863283,10,20619.867188,17873.388477,17878.432129,15200.598633,20059.349121,1839.976905,10,1.000000,1.000000,1.000000,1.000000,1.000000,0.000000,10,3.000000,3.000000,3.000000,3.000000,3.000000,0.000000,10,180336.000000,180336.000000,180336.000000,180336.000000,180336.000000,0.000000,10,3.000000,3.000000,3.000000,3.000000,3.000000,0.000000,,,,,,,,10,100.000000,100.000000,100.000000,100.000000,100.000000,0.000000,10,21.430000,18.689600,18.361000,16.074000,20.710000,1.510699
phase2,R10_project_title_vos,warm,real,real_2692,2692,library_folder_back,PASS,1,10,0,0,,,,,,,,10,1.488471,1.488471,1.488471,1.488471,1.488471,0.000000,,,,,,,,10,1.000000,1.000000,1.000000,1.000000,1.000000,0.000000,10,100.000000,100.000000,100.000000,100.000000,100.000000,0.000000,10,349.415039,323.865332,323.430176,288.001953,347.960449,19.849160,10,21212.875977,18999.182129,18997.657227,16775.286133,20800.054590,1507.254219,10,5.000000,5.000000,5.000000,5.000000,5.000000,0.000000,10,6.000000,6.000000,6.000000,6.000000,6.000000,0.000000,10,180336.000000,180336.000000,180336.000000,180336.000000,180336.000000,0.000000,10,6.000000,6.000000,6.000000,6.000000,6.000000,0.000000,,,,,,,,10,100.000000,100.000000,100.000000,100.000000,100.000000,0.000000,10,9.912000,8.561600,8.521500,7.714000,9.037200,0.608793
phase2,R10_project_title_vos,warm,real,real_2692,2692,library_folder_enter,PASS,1,10,0,0,,,,,,,,10,1.488471,1.488471,1.488471,1.488471,1.488471,0.000000,,,,,,,,10,1.000000,1.000000,1.000000,1.000000,1.000000,0.000000,10,100.000000,100.000000,100.000000,100.000000,100.000000,0.000000,10,257.333984,193.998340,197.883789,134.506836,248.326074,45.714431,10,15325.899414,13100.262402,13077.280762,10828.654297,14933.084570,1513.679460,10,5.000000,5.000000,5.000000,5.000000,5.000000,0.000000,10,6.000000,6.000000,6.000000,6.000000,6.000000,0.000000,10,180336.000000,180336.000000,180336.000000,180336.000000,180336.000000,0.000000,10,6.000000,6.000000,6.000000,6.000000,6.000000,0.000000,,,,,,,,10,100.000000,100.000000,100.000000,100.000000,100.000000,0.000000,10,8.810000,8.359300,8.375000,7.862000,8.781200,0.325340
phase2,R10_project_title_vos,warm,real,real_2692,2692,library_next_page,UNSUPPORTED,1,0,0,10,,,,,,,,,,,,,,,,,,,,,,,,,,,,,,,,,,,,,,,,,,,,,,,,,,,,,,,,,,,,,,,,,,,,,,,,,,,,,,,,,,,,,,,,,,,,,,,,,,
phase2,R10_project_title_vos,warm,real,real_2692,2692,library_prev_page,UNSUPPORTED,1,0,0,10,,,,,,,,,,,,,,,,,,,,,,,,,,,,,,,,,,,,,,,,,,,,,,,,,,,,,,,,,,,,,,,,,,,,,,,,,,,,,,,,,,,,,,,,,,,,,,,,,,
phase2,R10_project_title_vos,warm,real,real_2692,2692,open_book,PASS,1,10,0,0,,,,,,,,10,9.000000,8.900000,9.000000,8.000000,9.000000,0.316228,,,,,,,,10,9.000000,8.900000,9.000000,8.000000,9.000000,0.316228,10,100.000000,100.000000,100.000000,100.000000,100.000000,0.000000,10,-765.695312,-1297.184961,-1003.916016,-2556.564453,-819.903613,617.959045,10,14137.317383,13563.041406,13642.304199,12713.760742,14136.978125,490.192271,10,0.000000,0.000000,0.000000,0.000000,0.000000,0.000000,10,9.000000,8.900000,9.000000,8.000000,9.000000,0.316228,10,342912.000000,342912.000000,342912.000000,342912.000000,342912.000000,0.000000,10,9.000000,8.900000,9.000000,8.000000,9.000000,0.316228,,,,,,,,10,100.000000,100.000000,100.000000,100.000000,100.000000,0.000000,10,81.596000,52.649700,48.245500,36.534000,75.869300,14.430821
phase2,R10_project_title_vos,warm,real,real_2692,2692,open_book_minimal,PASS,1,10,0,0,,,,,,,,10,0.000000,0.000000,0.000000,0.000000,0.000000,0.000000,,,,,,,,10,0.000000,0.000000,0.000000,0.000000,0.000000,0.000000,10,0.000000,0.000000,0.000000,0.000000,0.000000,0.000000,10,-943.155273,-1290.834375,-1138.038574,-2625.058594,-971.214355,488.580350,10,13960.768555,12882.552539,12780.345703,12273.731445,13527.018652,594.874162,10,0.000000,0.000000,0.000000,0.000000,0.000000,0.000000,10,0.000000,0.000000,0.000000,0.000000,0.000000,0.000000,10,342912.000000,325504.000000,337528.000000,281328.000000,342912.000000,22403.821896,10,0.000000,0.000000,0.000000,0.000000,0.000000,0.000000,,,,,,,,10,0.000000,0.000000,0.000000,0.000000,0.000000,0.000000,10,224.844000,101.709900,91.334000,42.261000,130.722000,48.679342
phase2,R10_project_title_vos,warm,real,real_2692,2692,open_quick_settings,PASS,1,10,0,0,,,,,,,,10,3.000000,3.000000,3.000000,3.000000,3.000000,0.000000,,,,,,,,10,3.000000,3.000000,3.000000,3.000000,3.000000,0.000000,10,100.000000,100.000000,100.000000,100.000000,100.000000,0.000000,10,351.232422,330.466309,331.464844,302.489258,347.236914,15.434721,10,20981.538086,19342.480957,19355.959473,17671.785156,20655.010352,1110.931303,10,0.000000,0.000000,0.000000,0.000000,0.000000,0.000000,10,3.000000,3.000000,3.000000,3.000000,3.000000,0.000000,10,342912.000000,342912.000000,342912.000000,342912.000000,342912.000000,0.000000,10,3.000000,3.000000,3.000000,3.000000,3.000000,0.000000,,,,,,,,10,100.000000,100.000000,100.000000,100.000000,100.000000,0.000000,10,9.380000,8.313900,8.357500,7.479000,8.822000,0.585727
phase2,R10_project_title_vos,warm,real,real_2692,2692,repeated_nav,PASS,1,1,0,0,,,,,,,,1,35.752427,35.752427,35.752427,35.752427,35.752427,0.000000,,,,,,,,1,30.000000,30.000000,30.000000,30.000000,30.000000,0.000000,1,100.000000,100.000000,100.000000,100.000000,100.000000,0.000000,1,-10529.403320,-10529.403320,-10529.403320,-10529.403320,-10529.403320,0.000000,1,15278.206055,15278.206055,15278.206055,15278.206055,15278.206055,0.000000,1,60.000000,60.000000,60.000000,60.000000,60.000000,0.000000,1,90.000000,90.000000,90.000000,90.000000,90.000000,0.000000,1,353840.000000,353840.000000,353840.000000,353840.000000,353840.000000,0.000000,1,90.000000,90.000000,90.000000,90.000000,90.000000,0.000000,,,,,,,,1,100.000000,100.000000,100.000000,100.000000,100.000000,0.000000,1,378.842000,378.842000,378.842000,378.842000,378.842000,0.000000
phase2,R10_project_title_vos,warm,real,real_2692,2692,start_to_home,UNSUPPORTED,1,0,0,10,,,,,,,,,,,,,,,,,,,,,,,,,,,,,,,,,,,,,,,,,,,,,,,,,,,,,,,,,,,,,,,,,,,,,,,,,,,,,,,,,,,,,,,,,,,,,,,,,,
phase2,R1_vos,real_first_run,startup,real_2692,2692,home_to_library,PASS,1,1,0,0,,,,,,,,1,2.097694,2.097694,2.097694,2.097694,2.097694,0.000000,,,,,,,,1,2.000000,2.000000,2.000000,2.000000,2.000000,0.000000,1,100.000000,100.000000,100.000000,100.000000,100.000000,0.000000,1,671.122070,671.122070,671.122070,671.122070,671.122070,0.000000,1,9704.183594,9704.183594,9704.183594,9704.183594,9704.183594,0.000000,1,1.000000,1.000000,1.000000,1.000000,1.000000,0.000000,1,3.000000,3.000000,3.000000,3.000000,3.000000,0.000000,1,176384.000000,176384.000000,176384.000000,176384.000000,176384.000000,0.000000,1,3.000000,3.000000,3.000000,3.000000,3.000000,0.000000,,,,,,,,1,100.000000,100.000000,100.000000,100.000000,100.000000,0.000000,1,22.229000,22.229000,22.229000,22.229000,22.229000,0.000000
phase2,R1_vos,real_first_run,startup,real_2692,2692,library_first_render,PASS,1,1,0,0,,,,,,,,1,2.097694,2.097694,2.097694,2.097694,2.097694,0.000000,,,,,,,,1,2.000000,2.000000,2.000000,2.000000,2.000000,0.000000,1,100.000000,100.000000,100.000000,100.000000,100.000000,0.000000,1,567.655273,567.655273,567.655273,567.655273,567.655273,0.000000,1,10280.502930,10280.502930,10280.502930,10280.502930,10280.502930,0.000000,1,1.000000,1.000000,1.000000,1.000000,1.000000,0.000000,1,3.000000,3.000000,3.000000,3.000000,3.000000,0.000000,1,176800.000000,176800.000000,176800.000000,176800.000000,176800.000000,0.000000,1,3.000000,3.000000,3.000000,3.000000,3.000000,0.000000,,,,,,,,1,100.000000,100.000000,100.000000,100.000000,100.000000,0.000000,1,21.414000,21.414000,21.414000,21.414000,21.414000,0.000000
phase2,R1_vos,real_steady_cold,startup,real_2692,2692,home_to_library,PASS,3,3,0,0,,,,,,,,3,2.097694,2.097694,2.097694,2.097694,2.097694,0.000000,,,,,,,,3,2.000000,2.000000,2.000000,2.000000,2.000000,0.000000,3,100.000000,100.000000,100.000000,100.000000,100.000000,0.000000,3,699.788086,662.119792,689.029297,597.541992,697.636328,56.184135,3,9620.720703,9561.221680,9543.520508,9519.423828,9605.280664,52.917510,3,1.000000,1.000000,1.000000,1.000000,1.000000,0.000000,3,3.000000,3.000000,3.000000,3.000000,3.000000,0.000000,3,176976.000000,174912.000000,174912.000000,172848.000000,176563.200000,2064.000000,3,3.000000,3.000000,3.000000,3.000000,3.000000,0.000000,,,,,,,,3,100.000000,100.000000,100.000000,100.000000,100.000000,0.000000,3,21.315000,20.750333,20.830000,20.106000,21.218000,0.608424
phase2,R1_vos,real_steady_cold,startup,real_2692,2692,library_first_render,PASS,3,3,0,0,,,,,,,,3,2.097694,2.097694,2.097694,2.097694,2.097694,0.000000,,,,,,,,3,2.000000,2.000000,2.000000,2.000000,2.000000,0.000000,3,100.000000,100.000000,100.000000,100.000000,100.000000,0.000000,3,666.342773,605.229818,604.643555,544.703125,654.002930,60.821943,3,10295.727539,10175.115560,10156.828125,10072.791016,10267.947656,112.587726,3,1.000000,1.000000,1.000000,1.000000,1.000000,0.000000,3,3.000000,3.000000,3.000000,3.000000,3.000000,0.000000,3,176992.000000,175061.333333,175344.000000,172848.000000,176662.400000,2086.410634,3,3.000000,3.000000,3.000000,3.000000,3.000000,0.000000,,,,,,,,3,100.000000,100.000000,100.000000,100.000000,100.000000,0.000000,3,20.583000,20.051667,20.274000,19.298000,20.521200,0.670731
phase2,R1_vos,warm,real,real_2692,2692,change_sort_mode,PASS,1,10,0,0,,,,,,,,10,2.390777,2.390777,2.390777,2.390777,2.390777,0.000000,,,,,,,,10,2.000000,2.000000,2.000000,2.000000,2.000000,0.000000,10,100.000000,100.000000,100.000000,100.000000,100.000000,0.000000,10,352.442383,45.603125,328.912109,-2524.056641,342.752441,902.943614,10,12633.516602,11310.205078,11185.942383,10120.374023,12327.449805,803.295644,10,4.000000,4.000000,4.000000,4.000000,4.000000,0.000000,10,6.000000,6.000000,6.000000,6.000000,6.000000,0.000000,10,181136.000000,181052.800000,181056.000000,180960.000000,181107.200000,60.245424,10,6.000000,6.000000,6.000000,6.000000,6.000000,0.000000,,,,,,,,10,100.000000,100.000000,100.000000,100.000000,100.000000,0.000000,10,20.130000,9.195300,8.452000,4.248000,10.184100,4.082320
phase2,R1_vos,warm,real,real_2692,2692,close_book,PASS,1,10,0,0,,,,,,,,10,4.383495,4.383495,4.383495,4.383495,4.383495,0.000000,,,,,,,,10,4.000000,4.000000,4.000000,4.000000,4.000000,0.000000,10,100.000000,100.000000,100.000000,100.000000,100.000000,0.000000,10,1728.119141,1319.898633,1298.111328,1072.074219,1625.520020,209.023816,10,15201.768555,13970.474707,13898.466797,13192.614258,14443.882422,555.566382,10,4.000000,4.000000,4.000000,4.000000,4.000000,0.000000,10,8.000000,8.000000,8.000000,8.000000,8.000000,0.000000,10,332512.000000,332512.000000,332512.000000,332512.000000,332512.000000,0.000000,10,8.000000,8.000000,8.000000,8.000000,8.000000,0.000000,,,,,,,,10,100.000000,100.000000,100.000000,100.000000,100.000000,0.000000,10,32.119000,27.672400,26.885000,24.109000,30.872500,2.785603
phase2,R1_vos,warm,real,real_2692,2692,close_quick_settings,PASS,1,10,0,0,,,,,,,,10,3.000000,3.000000,3.000000,3.000000,3.000000,0.000000,,,,,,,,10,3.000000,3.000000,3.000000,3.000000,3.000000,0.000000,10,100.000000,100.000000,100.000000,100.000000,100.000000,0.000000,10,150.502930,63.416602,51.698242,29.252930,133.225391,42.704671,10,20608.999023,18778.266406,18776.465820,17094.822266,20103.543555,1135.345038,10,0.000000,0.000000,0.000000,0.000000,0.000000,0.000000,10,3.000000,3.000000,3.000000,3.000000,3.000000,0.000000,10,333040.000000,332582.400000,332512.000000,332512.000000,332723.200000,170.032154,10,3.000000,3.000000,3.000000,3.000000,3.000000,0.000000,,,,,,,,10,100.000000,100.000000,100.000000,100.000000,100.000000,0.000000,10,9.364000,8.485300,8.619500,7.182000,9.064300,0.674457
phase2,R1_vos,warm,real,real_2692,2692,home_to_library,PASS,1,10,0,0,,,,,,,,10,2.097694,2.097694,2.097694,2.097694,2.097694,0.000000,,,,,,,,10,2.000000,2.000000,2.000000,2.000000,2.000000,0.000000,10,100.000000,100.000000,100.000000,100.000000,100.000000,0.000000,10,653.863281,235.473437,580.287598,-2934.645508,652.042187,1115.183757,10,11890.421875,10434.348633,10433.337891,8960.635742,11381.710938,917.452505,10,1.000000,1.000000,1.000000,1.000000,1.000000,0.000000,10,3.000000,3.000000,3.000000,3.000000,3.000000,0.000000,10,180320.000000,180318.400000,180320.000000,180304.000000,180320.000000,5.059644,10,3.000000,3.000000,3.000000,3.000000,3.000000,0.000000,,,,,,,,10,100.000000,100.000000,100.000000,100.000000,100.000000,0.000000,10,25.158000,19.739100,19.430000,17.390000,21.180000,2.140358
phase2,R1_vos,warm,real,real_2692,2692,library_first_render,PASS,1,10,0,0,,,,,,,,10,2.097694,2.097694,2.097694,2.097694,2.097694,0.000000,,,,,,,,10,2.000000,2.000000,2.000000,2.000000,2.000000,0.000000,10,100.000000,100.000000,100.000000,100.000000,100.000000,0.000000,10,652.416992,-7.703223,558.185547,-2399.987305,634.402930,1231.822579,10,11399.208984,10221.626270,10227.484863,9003.487305,11333.064258,870.691300,10,1.000000,1.000000,1.000000,1.000000,1.000000,0.000000,10,3.000000,3.000000,3.000000,3.000000,3.000000,0.000000,10,180320.000000,180320.000000,180320.000000,180320.000000,180320.000000,0.000000,10,3.000000,3.000000,3.000000,3.000000,3.000000,0.000000,,,,,,,,10,100.000000,100.000000,100.000000,100.000000,100.000000,0.000000,10,23.090000,19.632100,19.243500,17.668000,21.477200,1.640318
phase2,R1_vos,warm,real,real_2692,2692,library_folder_back,PASS,1,10,0,0,,,,,,,,10,1.488471,1.488471,1.488471,1.488471,1.488471,0.000000,,,,,,,,10,1.000000,1.000000,1.000000,1.000000,1.000000,0.000000,10,100.000000,100.000000,100.000000,100.000000,100.000000,0.000000,10,351.695312,102.386719,310.625488,-803.373047,340.819727,441.748803,10,10385.930664,9851.949512,9875.293945,9418.168945,10189.208594,317.282677,10,5.000000,5.000000,5.000000,5.000000,5.000000,0.000000,10,6.000000,6.000000,6.000000,6.000000,6.000000,0.000000,10,180912.000000,180582.400000,180480.000000,180400.000000,180854.400000,206.035164,10,6.000000,6.000000,6.000000,6.000000,6.000000,0.000000,,,,,,,,10,100.000000,100.000000,100.000000,100.000000,100.000000,0.000000,10,19.341000,13.729900,12.986500,9.606000,18.166500,3.175107
phase2,R1_vos,warm,real,real_2692,2692,library_folder_enter,PASS,1,10,0,0,,,,,,,,10,1.488471,1.488471,1.488471,1.488471,1.488471,0.000000,,,,,,,,10,1.000000,1.000000,1.000000,1.000000,1.000000,0.000000,10,100.000000,100.000000,100.000000,100.000000,100.000000,0.000000,10,246.177734,-152.679395,153.469727,-1735.293945,220.990039,703.630212,10,10471.337891,9669.310547,9564.156738,9044.190430,10209.268262,477.486078,10,5.000000,5.000000,5.000000,5.000000,5.000000,0.000000,10,6.000000,6.000000,6.000000,6.000000,6.000000,0.000000,10,180384.000000,180355.200000,180352.000000,180320.000000,180384.000000,28.019041,10,6.000000,6.000000,6.000000,6.000000,6.000000,0.000000,,,,,,,,10,100.000000,100.000000,100.000000,100.000000,100.000000,0.000000,10,20.616000,12.761000,11.383000,8.265000,20.465700,4.206059
phase2,R1_vos,warm,real,real_2692,2692,library_next_page,UNSUPPORTED,1,0,0,10,,,,,,,,,,,,,,,,,,,,,,,,,,,,,,,,,,,,,,,,,,,,,,,,,,,,,,,,,,,,,,,,,,,,,,,,,,,,,,,,,,,,,,,,,,,,,,,,,,
phase2,R1_vos,warm,real,real_2692,2692,library_prev_page,UNSUPPORTED,1,0,0,10,,,,,,,,,,,,,,,,,,,,,,,,,,,,,,,,,,,,,,,,,,,,,,,,,,,,,,,,,,,,,,,,,,,,,,,,,,,,,,,,,,,,,,,,,,,,,,,,,,
phase2,R1_vos,warm,real,real_2692,2692,open_book,PASS,1,10,0,0,,,,,,,,10,9.000000,8.900000,9.000000,8.000000,9.000000,0.316228,,,,,,,,10,9.000000,8.900000,9.000000,8.000000,9.000000,0.316228,10,100.000000,100.000000,100.000000,100.000000,100.000000,0.000000,10,1194.610352,-447.253906,-262.304199,-2653.276367,1177.732715,1643.623671,10,13528.558594,12730.834473,12974.527832,11010.014648,13404.536133,760.804816,10,0.000000,0.000000,0.000000,0.000000,0.000000,0.000000,10,9.000000,8.900000,9.000000,8.000000,9.000000,0.316228,10,332512.000000,332300.800000,332304.000000,331792.000000,332512.000000,249.221365,10,9.000000,8.900000,9.000000,8.000000,9.000000,0.316228,,,,,,,,10,100.000000,100.000000,100.000000,100.000000,100.000000,0.000000,10,102.367000,64.722500,62.888500,30.354000,84.791800,18.981074
phase2,R1_vos,warm,real,real_2692,2692,open_book_minimal,PASS,1,10,0,0,,,,,,,,10,0.000000,0.000000,0.000000,0.000000,0.000000,0.000000,,,,,,,,10,0.000000,0.000000,0.000000,0.000000,0.000000,0.000000,10,0.000000,0.000000,0.000000,0.000000,0.000000,0.000000,10,1240.627930,-231.423145,-477.334473,-1681.833008,1220.672363,1105.334233,10,13538.166992,12525.077539,12456.549805,11232.459961,13491.071680,860.788604,10,0.000000,0.000000,0.000000,0.000000,0.000000,0.000000,10,0.000000,0.000000,0.000000,0.000000,0.000000,0.000000,10,331600.000000,317868.800000,326776.000000,277296.000000,331600.000000,18027.769276,10,0.000000,0.000000,0.000000,0.000000,0.000000,0.000000,,,,,,,,10,0.000000,0.000000,0.000000,0.000000,0.000000,0.000000,10,250.315000,114.303500,108.419000,48.302000,140.054200,54.340080
phase2,R1_vos,warm,real,real_2692,2692,open_quick_settings,PASS,1,10,0,0,,,,,,,,10,3.000000,3.000000,3.000000,3.000000,3.000000,0.000000,,,,,,,,10,3.000000,3.000000,3.000000,3.000000,3.000000,0.000000,10,100.000000,100.000000,100.000000,100.000000,100.000000,0.000000,10,378.115234,326.192285,322.574707,287.823242,367.455859,29.378664,10,15842.085938,14533.136133,14411.576660,13650.521484,15444.339551,698.170980,10,0.000000,0.000000,0.000000,0.000000,0.000000,0.000000,10,3.000000,3.000000,3.000000,3.000000,3.000000,0.000000,10,332512.000000,332512.000000,332512.000000,332512.000000,332512.000000,0.000000,10,3.000000,3.000000,3.000000,3.000000,3.000000,0.000000,,,,,,,,10,100.000000,100.000000,100.000000,100.000000,100.000000,0.000000,10,8.881000,7.762500,8.325000,3.088000,8.605600,1.685740
phase2,R1_vos,warm,real,real_2692,2692,repeated_nav,PASS,1,1,0,0,,,,,,,,1,35.752427,35.752427,35.752427,35.752427,35.752427,0.000000,,,,,,,,1,30.000000,30.000000,30.000000,30.000000,30.000000,0.000000,1,100.000000,100.000000,100.000000,100.000000,100.000000,0.000000,1,-7685.789062,-7685.789062,-7685.789062,-7685.789062,-7685.789062,0.000000,1,12938.225586,12938.225586,12938.225586,12938.225586,12938.225586,0.000000,1,60.000000,60.000000,60.000000,60.000000,60.000000,0.000000,1,90.000000,90.000000,90.000000,90.000000,90.000000,0.000000,1,348144.000000,348144.000000,348144.000000,348144.000000,348144.000000,0.000000,1,90.000000,90.000000,90.000000,90.000000,90.000000,0.000000,,,,,,,,1,100.000000,100.000000,100.000000,100.000000,100.000000,0.000000,1,513.457000,513.457000,513.457000,513.457000,513.457000,0.000000
phase2,R1_vos,warm,real,real_2692,2692,start_to_home,UNSUPPORTED,1,0,0,10,,,,,,,,,,,,,,,,,,,,,,,,,,,,,,,,,,,,,,,,,,,,,,,,,,,,,,,,,,,,,,,,,,,,,,,,,,,,,,,,,,,,,,,,,,,,,,,,,,
phase2,R2_bookshelf,real_first_run,startup,real_2692,2692,home_to_library,PASS,1,1,0,0,,,,,,,,1,1.000000,1.000000,1.000000,1.000000,1.000000,0.000000,,,,,,,,1,1.000000,1.000000,1.000000,1.000000,1.000000,0.000000,1,100.000000,100.000000,100.000000,100.000000,100.000000,0.000000,1,572.842773,572.842773,572.842773,572.842773,572.842773,0.000000,1,9121.550781,9121.550781,9121.550781,9121.550781,9121.550781,0.000000,1,0.000000,0.000000,0.000000,0.000000,0.000000,0.000000,1,1.000000,1.000000,1.000000,1.000000,1.000000,0.000000,1,166560.000000,166560.000000,166560.000000,166560.000000,166560.000000,0.000000,1,1.000000,1.000000,1.000000,1.000000,1.000000,0.000000,,,,,,,,1,100.000000,100.000000,100.000000,100.000000,100.000000,0.000000,1,12.858000,12.858000,12.858000,12.858000,12.858000,0.000000
phase2,R2_bookshelf,real_first_run,startup,real_2692,2692,library_first_render,PASS,1,1,0,0,,,,,,,,1,1.000000,1.000000,1.000000,1.000000,1.000000,0.000000,,,,,,,,1,1.000000,1.000000,1.000000,1.000000,1.000000,0.000000,1,100.000000,100.000000,100.000000,100.000000,100.000000,0.000000,1,461.896484,461.896484,461.896484,461.896484,461.896484,0.000000,1,9590.517578,9590.517578,9590.517578,9590.517578,9590.517578,0.000000,1,0.000000,0.000000,0.000000,0.000000,0.000000,0.000000,1,1.000000,1.000000,1.000000,1.000000,1.000000,0.000000,1,175344.000000,175344.000000,175344.000000,175344.000000,175344.000000,0.000000,1,1.000000,1.000000,1.000000,1.000000,1.000000,0.000000,,,,,,,,1,100.000000,100.000000,100.000000,100.000000,100.000000,0.000000,1,11.657000,11.657000,11.657000,11.657000,11.657000,0.000000
phase2,R2_bookshelf,real_steady_cold,startup,real_2692,2692,home_to_library,PASS,3,3,0,0,,,,,,,,3,1.000000,1.000000,1.000000,1.000000,1.000000,0.000000,,,,,,,,3,1.000000,1.000000,1.000000,1.000000,1.000000,0.000000,3,100.000000,100.000000,100.000000,100.000000,100.000000,0.000000,3,542.167969,510.461914,502.895508,486.322266,534.313477,28.681414,3,8973.522461,8931.374349,8930.044922,8890.555664,8964.826953,41.499372,3,0.000000,0.000000,0.000000,0.000000,0.000000,0.000000,3,1.000000,1.000000,1.000000,1.000000,1.000000,0.000000,3,175296.000000,169728.000000,170624.000000,163264.000000,174361.600000,6065.836134,3,1.000000,1.000000,1.000000,1.000000,1.000000,0.000000,,,,,,,,3,100.000000,100.000000,100.000000,100.000000,100.000000,0.000000,3,11.857000,10.799000,11.194000,9.346000,11.724400,1.301268
phase2,R2_bookshelf,real_steady_cold,startup,real_2692,2692,library_first_render,PASS,3,3,0,0,,,,,,,,3,1.000000,1.000000,1.000000,1.000000,1.000000,0.000000,,,,,,,,3,1.000000,1.000000,1.000000,1.000000,1.000000,0.000000,3,100.000000,100.000000,100.000000,100.000000,100.000000,0.000000,3,558.096680,514.125977,507.166016,477.115234,547.910547,40.936896,3,9538.689453,9452.840169,9414.230469,9405.600586,9513.797656,74.472769,3,0.000000,0.000000,0.000000,0.000000,0.000000,0.000000,3,1.000000,1.000000,1.000000,1.000000,1.000000,0.000000,3,175296.000000,172736.000000,172256.000000,170656.000000,174688.000000,2356.947178,3,1.000000,1.000000,1.000000,1.000000,1.000000,0.000000,,,,,,,,3,100.000000,100.000000,100.000000,100.000000,100.000000,0.000000,3,10.871000,10.391000,10.435000,9.867000,10.783800,0.503444
phase2,R2_bookshelf,warm,real,real_2692,2692,bookshelf_first_render,PASS,1,10,0,0,,,,,,,,10,0.000000,0.000000,0.000000,0.000000,0.000000,0.000000,,,,,,,,10,0.000000,0.000000,0.000000,0.000000,0.000000,0.000000,10,0.000000,0.000000,0.000000,0.000000,0.000000,0.000000,10,562.900391,-627.468262,484.054688,-8887.919922,561.484473,2966.414712,10,24939.569336,18447.916406,17146.001465,16053.032227,24497.502344,3337.237254,10,0.000000,0.000000,0.000000,0.000000,0.000000,0.000000,10,0.000000,0.000000,0.000000,0.000000,0.000000,0.000000,10,342384.000000,342384.000000,342384.000000,342384.000000,342384.000000,0.000000,10,0.000000,0.000000,0.000000,0.000000,0.000000,0.000000,,,,,,,,10,0.000000,0.000000,0.000000,0.000000,0.000000,0.000000,10,20.654000,6.276500,3.866500,3.274000,13.166900,5.737501
phase2,R2_bookshelf,warm,real,real_2692,2692,bookshelf_page_turn,PASS,1,10,0,0,,,,,,,,10,0.000000,0.000000,0.000000,0.000000,0.000000,0.000000,,,,,,,,10,0.000000,0.000000,0.000000,0.000000,0.000000,0.000000,10,0.000000,0.000000,0.000000,0.000000,0.000000,0.000000,10,31.941406,16.873047,14.742188,13.109375,19.545312,5.629596,10,18036.050781,17890.216016,17893.400391,17743.894531,18006.811328,98.712697,10,0.000000,0.000000,0.000000,0.000000,0.000000,0.000000,10,0.000000,0.000000,0.000000,0.000000,0.000000,0.000000,10,342384.000000,342384.000000,342384.000000,342384.000000,342384.000000,0.000000,10,0.000000,0.000000,0.000000,0.000000,0.000000,0.000000,,,,,,,,10,0.000000,0.000000,0.000000,0.000000,0.000000,0.000000,10,0.239000,0.102600,0.074000,0.028000,0.210200,0.070000
phase2,R2_bookshelf,warm,real,real_2692,2692,change_sort_mode,PASS,1,10,0,0,,,,,,,,10,2.000000,2.000000,2.000000,2.000000,2.000000,0.000000,,,,,,,,10,2.000000,2.000000,2.000000,2.000000,2.000000,0.000000,10,100.000000,100.000000,100.000000,100.000000,100.000000,0.000000,10,499.760742,-112.996680,474.250000,-2914.925781,498.800977,1265.624714,10,11574.188477,9945.714355,9871.460449,8663.461914,11146.030176,1035.929176,10,0.000000,0.000000,0.000000,0.000000,0.000000,0.000000,10,2.000000,2.000000,2.000000,2.000000,2.000000,0.000000,10,187456.000000,187456.000000,187456.000000,187456.000000,187456.000000,0.000000,10,2.000000,2.000000,2.000000,2.000000,2.000000,0.000000,,,,,,,,10,100.000000,100.000000,100.000000,100.000000,100.000000,0.000000,10,19.734000,12.186700,10.632000,8.898000,19.503600,4.012400
phase2,R2_bookshelf,warm,real,real_2692,2692,close_book,PASS,1,10,0,0,,,,,,,,10,3.098301,3.098301,3.098301,3.098301,3.098301,0.000000,,,,,,,,10,3.000000,3.000000,3.000000,3.000000,3.000000,0.000000,10,100.000000,100.000000,100.000000,100.000000,100.000000,0.000000,10,1630.348633,1190.095703,1135.536621,981.450195,1524.893066,216.099011,10,15042.816406,13820.075098,13704.783203,13091.519531,14335.506934,538.398640,10,1.000000,1.000000,1.000000,1.000000,1.000000,0.000000,10,4.000000,4.000000,4.000000,4.000000,4.000000,0.000000,10,328960.000000,328960.000000,328960.000000,328960.000000,328960.000000,0.000000,10,4.000000,4.000000,4.000000,4.000000,4.000000,0.000000,,,,,,,,10,100.000000,100.000000,100.000000,100.000000,100.000000,0.000000,10,26.125000,19.810500,19.551500,15.499000,23.381800,3.174550
phase2,R2_bookshelf,warm,real,real_2692,2692,close_bookshelf,PASS,1,10,0,0,,,,,,,,10,1.000000,1.000000,1.000000,1.000000,1.000000,0.000000,,,,,,,,10,1.000000,1.000000,1.000000,1.000000,1.000000,0.000000,10,100.000000,100.000000,100.000000,100.000000,100.000000,0.000000,10,127.963867,47.493555,40.202148,19.841797,83.425293,32.633584,10,21473.490234,20013.588281,19969.200684,18538.050781,21425.742773,1044.491925,10,0.000000,0.000000,0.000000,0.000000,0.000000,0.000000,10,1.000000,1.000000,1.000000,1.000000,1.000000,0.000000,10,342640.000000,342523.200000,342536.000000,342384.000000,342640.000000,108.530385,10,1.000000,1.000000,1.000000,1.000000,1.000000,0.000000,,,,,,,,10,100.000000,100.000000,100.000000,100.000000,100.000000,0.000000,10,9.486000,8.810900,8.857000,8.021000,9.323100,0.513995
phase2,R2_bookshelf,warm,real,real_2692,2692,close_quick_settings,PASS,1,10,0,0,,,,,,,,10,3.000000,3.000000,3.000000,3.000000,3.000000,0.000000,,,,,,,,10,3.000000,3.000000,3.000000,3.000000,3.000000,0.000000,10,100.000000,100.000000,100.000000,100.000000,100.000000,0.000000,10,51.577148,37.109766,34.549316,24.163086,49.458984,8.457611,10,30458.687500,29278.515820,29269.253418,28111.934570,30216.427539,788.393342,10,0.000000,0.000000,0.000000,0.000000,0.000000,0.000000,10,3.000000,3.000000,3.000000,3.000000,3.000000,0.000000,10,342640.000000,342640.000000,342640.000000,342640.000000,342640.000000,0.000000,10,3.000000,3.000000,3.000000,3.000000,3.000000,0.000000,,,,,,,,10,100.000000,100.000000,100.000000,100.000000,100.000000,0.000000,10,9.117000,8.354600,8.182000,7.777000,8.961300,0.514836
phase2,R2_bookshelf,warm,real,real_2692,2692,home_to_library,PASS,1,10,0,0,,,,,,,,10,1.000000,1.000000,1.000000,1.000000,1.000000,0.000000,,,,,,,,10,1.000000,1.000000,1.000000,1.000000,1.000000,0.000000,10,100.000000,100.000000,100.000000,100.000000,100.000000,0.000000,10,548.537109,-577.917383,491.878906,-10237.032227,520.300488,3393.976839,10,18645.111328,14698.979785,16418.462891,8411.282227,18239.851172,4098.946571,10,0.000000,0.000000,0.000000,0.000000,0.000000,0.000000,10,1.000000,1.000000,1.000000,1.000000,1.000000,0.000000,10,186832.000000,183300.800000,183552.000000,178720.000000,186630.400000,2946.463221,10,1.000000,1.000000,1.000000,1.000000,1.000000,0.000000,,,,,,,,10,100.000000,100.000000,100.000000,100.000000,100.000000,0.000000,10,24.651000,12.575200,11.383000,10.232000,13.446900,4.287691
phase2,R2_bookshelf,warm,real,real_2692,2692,library_first_render,PASS,1,10,0,0,,,,,,,,10,1.000000,1.000000,1.000000,1.000000,1.000000,0.000000,,,,,,,,10,1.000000,1.000000,1.000000,1.000000,1.000000,0.000000,10,100.000000,100.000000,100.000000,100.000000,100.000000,0.000000,10,596.637695,54.234863,477.760742,-1967.847656,534.982422,942.556923,10,10338.938477,9239.137598,9178.292480,8373.762695,9920.796191,652.257747,10,0.000000,0.000000,0.000000,0.000000,0.000000,0.000000,10,1.000000,1.000000,1.000000,1.000000,1.000000,0.000000,10,187040.000000,187038.400000,187040.000000,187024.000000,187040.000000,5.059644,10,1.000000,1.000000,1.000000,1.000000,1.000000,0.000000,,,,,,,,10,100.000000,100.000000,100.000000,100.000000,100.000000,0.000000,10,18.107000,11.712100,9.916500,9.228000,17.805500,3.463143
phase2,R2_bookshelf,warm,real,real_2692,2692,library_folder_back,PASS,1,10,0,0,,,,,,,,10,1.098301,1.098301,1.098301,1.098301,1.098301,0.000000,,,,,,,,10,1.000000,1.000000,1.000000,1.000000,1.000000,0.000000,10,100.000000,100.000000,100.000000,100.000000,100.000000,0.000000,10,413.420898,-8.359863,364.916992,-986.844727,406.879199,631.982433,10,9733.792969,9105.045215,9215.792480,8637.184570,9447.033984,374.838086,10,1.000000,1.000000,1.000000,1.000000,1.000000,0.000000,10,2.000000,2.000000,2.000000,2.000000,2.000000,0.000000,10,187456.000000,187456.000000,187456.000000,187456.000000,187456.000000,0.000000,10,2.000000,2.000000,2.000000,2.000000,2.000000,0.000000,,,,,,,,10,100.000000,100.000000,100.000000,100.000000,100.000000,0.000000,10,23.101000,15.971400,13.877000,12.311000,22.362100,4.274676
phase2,R2_bookshelf,warm,real,real_2692,2692,library_folder_enter,PASS,1,10,0,0,,,,,,,,10,1.098301,1.098301,1.098301,1.098301,1.098301,0.000000,,,,,,,,10,1.000000,1.000000,1.000000,1.000000,1.000000,0.000000,10,100.000000,100.000000,100.000000,100.000000,100.000000,0.000000,10,344.536133,-177.634277,169.943848,-1400.895508,264.054687,652.524887,10,9667.678711,9045.439551,9100.986816,8528.223633,9650.434570,409.992312,10,1.000000,1.000000,1.000000,1.000000,1.000000,0.000000,10,2.000000,2.000000,2.000000,2.000000,2.000000,0.000000,10,187456.000000,187430.400000,187424.000000,187392.000000,187456.000000,24.088725,10,2.000000,2.000000,2.000000,2.000000,2.000000,0.000000,,,,,,,,10,100.000000,100.000000,100.000000,100.000000,100.000000,0.000000,10,21.161000,13.934800,11.610000,10.220000,20.370800,4.302005
phase2,R2_bookshelf,warm,real,real_2692,2692,library_next_page,UNSUPPORTED,1,0,0,10,,,,,,,,,,,,,,,,,,,,,,,,,,,,,,,,,,,,,,,,,,,,,,,,,,,,,,,,,,,,,,,,,,,,,,,,,,,,,,,,,,,,,,,,,,,,,,,,,,
phase2,R2_bookshelf,warm,real,real_2692,2692,library_prev_page,UNSUPPORTED,1,0,0,10,,,,,,,,,,,,,,,,,,,,,,,,,,,,,,,,,,,,,,,,,,,,,,,,,,,,,,,,,,,,,,,,,,,,,,,,,,,,,,,,,,,,,,,,,,,,,,,,,,
phase2,R2_bookshelf,warm,real,real_2692,2692,open_book,PASS,1,10,0,0,,,,,,,,10,9.000000,8.900000,9.000000,8.000000,9.000000,0.316228,,,,,,,,10,9.000000,8.900000,9.000000,8.000000,9.000000,0.316228,10,100.000000,100.000000,100.000000,100.000000,100.000000,0.000000,10,1067.881836,23.266797,-17.804199,-1953.156250,1032.337988,1011.298482,10,13607.219727,12628.644434,12688.977539,11466.541016,13504.999414,766.588790,10,0.000000,0.000000,0.000000,0.000000,0.000000,0.000000,10,9.000000,8.900000,9.000000,8.000000,9.000000,0.316228,10,328960.000000,328808.000000,328912.000000,328400.000000,328960.000000,219.413359,10,9.000000,8.900000,9.000000,8.000000,9.000000,0.316228,,,,,,,,10,100.000000,100.000000,100.000000,100.000000,100.000000,0.000000,10,94.275000,58.960800,54.267000,41.216000,84.393900,16.639328
phase2,R2_bookshelf,warm,real,real_2692,2692,open_book_minimal,PASS,1,10,0,0,,,,,,,,10,0.000000,0.000000,0.000000,0.000000,0.000000,0.000000,,,,,,,,10,0.000000,0.000000,0.000000,0.000000,0.000000,0.000000,10,0.000000,0.000000,0.000000,0.000000,0.000000,0.000000,10,1524.765625,-451.050684,-773.512695,-2456.692383,1458.928516,1467.322141,10,12073.854492,11225.166016,11148.541992,10560.373047,11959.016602,689.807740,10,0.000000,0.000000,0.000000,0.000000,0.000000,0.000000,10,0.000000,0.000000,0.000000,0.000000,0.000000,0.000000,10,327520.000000,314168.000000,322752.000000,280752.000000,327462.400000,15977.340844,10,0.000000,0.000000,0.000000,0.000000,0.000000,0.000000,,,,,,,,10,0.000000,0.000000,0.000000,0.000000,0.000000,0.000000,10,249.432000,116.472700,112.413000,50.790000,145.101300,53.750002
phase2,R2_bookshelf,warm,real,real_2692,2692,open_bookshelf,PASS,1,10,0,0,,,,,,,,10,1.000000,1.000000,1.000000,1.000000,1.000000,0.000000,,,,,,,,10,1.000000,1.000000,1.000000,1.000000,1.000000,0.000000,10,100.000000,100.000000,100.000000,100.000000,100.000000,0.000000,10,990.176758,731.084570,694.650391,637.644531,856.884473,105.726491,10,23373.054688,19873.780273,19825.887695,16466.044922,22669.068359,2315.864334,10,0.000000,0.000000,0.000000,0.000000,0.000000,0.000000,10,1.000000,1.000000,1.000000,1.000000,1.000000,0.000000,10,342384.000000,342184.000000,342264.000000,341760.000000,342384.000000,234.818133,10,1.000000,1.000000,1.000000,1.000000,1.000000,0.000000,,,,,,,,10,100.000000,100.000000,100.000000,100.000000,100.000000,0.000000,10,13.704000,9.720300,9.140000,7.840000,13.680600,2.163337
phase2,R2_bookshelf,warm,real,real_2692,2692,open_quick_settings,PASS,1,10,0,0,,,,,,,,10,11.000000,2.900000,2.000000,2.000000,2.900000,2.846050,,,,,,,,10,11.000000,2.900000,2.000000,2.000000,2.900000,2.846050,10,100.000000,100.000000,100.000000,100.000000,100.000000,0.000000,10,922.483398,318.013770,244.384766,223.444336,371.280859,214.195602,10,27232.725586,25921.351367,26005.668457,24280.807617,26991.620508,960.636681,10,0.000000,0.000000,0.000000,0.000000,0.000000,0.000000,10,11.000000,2.900000,2.000000,2.000000,2.900000,2.846050,10,342640.000000,342640.000000,342640.000000,342640.000000,342640.000000,0.000000,10,11.000000,2.900000,2.000000,2.000000,2.900000,2.846050,,,,,,,,10,100.000000,100.000000,100.000000,100.000000,100.000000,0.000000,10,13.547000,8.666700,8.148500,7.354000,9.141500,1.763947
phase2,R2_bookshelf,warm,real,real_2692,2692,repeated_nav,PASS,1,1,0,0,,,,,,,,1,30.000000,30.000000,30.000000,30.000000,30.000000,0.000000,,,,,,,,1,30.000000,30.000000,30.000000,30.000000,30.000000,0.000000,1,100.000000,100.000000,100.000000,100.000000,100.000000,0.000000,1,-12642.938477,-12642.938477,-12642.938477,-12642.938477,-12642.938477,0.000000,1,17828.514648,17828.514648,17828.514648,17828.514648,17828.514648,0.000000,1,0.000000,0.000000,0.000000,0.000000,0.000000,0.000000,1,30.000000,30.000000,30.000000,30.000000,30.000000,0.000000,1,356048.000000,356048.000000,356048.000000,356048.000000,356048.000000,0.000000,1,30.000000,30.000000,30.000000,30.000000,30.000000,0.000000,,,,,,,,1,100.000000,100.000000,100.000000,100.000000,100.000000,0.000000,1,570.139000,570.139000,570.139000,570.139000,570.139000,0.000000
phase2,R2_bookshelf,warm,real,real_2692,2692,start_to_home,UNSUPPORTED,1,0,0,10,,,,,,,,,,,,,,,,,,,,,,,,,,,,,,,,,,,,,,,,,,,,,,,,,,,,,,,,,,,,,,,,,,,,,,,,,,,,,,,,,,,,,,,,,,,,,,,,,,
phase2,R3_vos_bookshelf,real_first_run,startup,real_2692,2692,home_to_library,PASS,1,1,0,0,,,,,,,,1,2.097694,2.097694,2.097694,2.097694,2.097694,0.000000,,,,,,,,1,2.000000,2.000000,2.000000,2.000000,2.000000,0.000000,1,100.000000,100.000000,100.000000,100.000000,100.000000,0.000000,1,759.481445,759.481445,759.481445,759.481445,759.481445,0.000000,1,10022.728516,10022.728516,10022.728516,10022.728516,10022.728516,0.000000,1,1.000000,1.000000,1.000000,1.000000,1.000000,0.000000,1,3.000000,3.000000,3.000000,3.000000,3.000000,0.000000,1,175568.000000,175568.000000,175568.000000,175568.000000,175568.000000,0.000000,1,3.000000,3.000000,3.000000,3.000000,3.000000,0.000000,,,,,,,,1,100.000000,100.000000,100.000000,100.000000,100.000000,0.000000,1,23.245000,23.245000,23.245000,23.245000,23.245000,0.000000
phase2,R3_vos_bookshelf,real_first_run,startup,real_2692,2692,library_first_render,PASS,1,1,0,0,,,,,,,,1,2.097694,2.097694,2.097694,2.097694,2.097694,0.000000,,,,,,,,1,2.000000,2.000000,2.000000,2.000000,2.000000,0.000000,1,100.000000,100.000000,100.000000,100.000000,100.000000,0.000000,1,611.987305,611.987305,611.987305,611.987305,611.987305,0.000000,1,10643.379883,10643.379883,10643.379883,10643.379883,10643.379883,0.000000,1,1.000000,1.000000,1.000000,1.000000,1.000000,0.000000,1,3.000000,3.000000,3.000000,3.000000,3.000000,0.000000,1,175968.000000,175968.000000,175968.000000,175968.000000,175968.000000,0.000000,1,3.000000,3.000000,3.000000,3.000000,3.000000,0.000000,,,,,,,,1,100.000000,100.000000,100.000000,100.000000,100.000000,0.000000,1,20.643000,20.643000,20.643000,20.643000,20.643000,0.000000
phase2,R3_vos_bookshelf,real_steady_cold,startup,real_2692,2692,home_to_library,PASS,3,3,0,0,,,,,,,,3,2.097694,2.097694,2.097694,2.097694,2.097694,0.000000,,,,,,,,3,2.000000,2.000000,2.000000,2.000000,2.000000,0.000000,3,100.000000,100.000000,100.000000,100.000000,100.000000,0.000000,3,674.114258,667.757161,667.070312,662.086914,672.705469,6.043018,3,9792.649414,9715.486003,9713.580078,9640.228516,9776.835547,76.228321,3,1.000000,1.000000,1.000000,1.000000,1.000000,0.000000,3,3.000000,3.000000,3.000000,3.000000,3.000000,0.000000,3,176720.000000,174544.000000,173696.000000,173216.000000,176115.200000,1899.692607,3,3.000000,3.000000,3.000000,3.000000,3.000000,0.000000,,,,,,,,3,100.000000,100.000000,100.000000,100.000000,100.000000,0.000000,3,20.329000,19.347000,19.320000,18.392000,20.127200,0.968782
phase2,R3_vos_bookshelf,real_steady_cold,startup,real_2692,2692,library_first_render,PASS,3,3,0,0,,,,,,,,3,2.097694,2.097694,2.097694,2.097694,2.097694,0.000000,,,,,,,,3,2.000000,2.000000,2.000000,2.000000,2.000000,0.000000,3,100.000000,100.000000,100.000000,100.000000,100.000000,0.000000,3,596.712891,552.806641,542.238281,519.468750,585.817969,39.691712,3,10398.026367,10278.027018,10264.482422,10171.572266,10371.317578,113.833023,3,1.000000,1.000000,1.000000,1.000000,1.000000,0.000000,3,3.000000,3.000000,3.000000,3.000000,3.000000,0.000000,3,176720.000000,174741.333333,174144.000000,173360.000000,176204.800000,1757.841100,3,3.000000,3.000000,3.000000,3.000000,3.000000,0.000000,,,,,,,,3,100.000000,100.000000,100.000000,100.000000,100.000000,0.000000,3,19.300000,18.269000,17.814000,17.693000,19.002800,0.894920
phase2,R3_vos_bookshelf,warm,real,real_2692,2692,bookshelf_first_render,PASS,1,10,0,0,,,,,,,,10,0.000000,0.000000,0.000000,0.000000,0.000000,0.000000,,,,,,,,10,0.000000,0.000000,0.000000,0.000000,0.000000,0.000000,10,0.000000,0.000000,0.000000,0.000000,0.000000,0.000000,10,561.629883,-608.787402,493.456055,-8754.332031,558.138867,2926.511596,10,25140.885742,18774.449609,17511.854492,16387.936523,24671.738770,3266.386570,10,0.000000,0.000000,0.000000,0.000000,0.000000,0.000000,10,0.000000,0.000000,0.000000,0.000000,0.000000,0.000000,10,338048.000000,338048.000000,338048.000000,338048.000000,338048.000000,0.000000,10,0.000000,0.000000,0.000000,0.000000,0.000000,0.000000,,,,,,,,10,0.000000,0.000000,0.000000,0.000000,0.000000,0.000000,10,20.116000,6.078500,3.597500,3.066000,13.621600,5.761477
phase2,R3_vos_bookshelf,warm,real,real_2692,2692,bookshelf_page_turn,PASS,1,10,0,0,,,,,,,,10,0.000000,0.000000,0.000000,0.000000,0.000000,0.000000,,,,,,,,10,0.000000,0.000000,0.000000,0.000000,0.000000,0.000000,10,0.000000,0.000000,0.000000,0.000000,0.000000,0.000000,10,26.617188,15.717187,13.244141,13.046875,20.957031,4.584125,10,18432.493164,18295.095117,18307.879883,18143.329102,18407.300195,99.615428,10,0.000000,0.000000,0.000000,0.000000,0.000000,0.000000,10,0.000000,0.000000,0.000000,0.000000,0.000000,0.000000,10,338048.000000,338048.000000,338048.000000,338048.000000,338048.000000,0.000000,10,0.000000,0.000000,0.000000,0.000000,0.000000,0.000000,,,,,,,,10,0.000000,0.000000,0.000000,0.000000,0.000000,0.000000,10,0.244000,0.087300,0.056500,0.021000,0.171100,0.077464
phase2,R3_vos_bookshelf,warm,real,real_2692,2692,change_sort_mode,PASS,1,10,0,0,,,,,,,,10,2.390777,2.390777,2.390777,2.390777,2.390777,0.000000,,,,,,,,10,2.000000,2.000000,2.000000,2.000000,2.000000,0.000000,10,100.000000,100.000000,100.000000,100.000000,100.000000,0.000000,10,486.605469,174.939063,436.777344,-2267.177734,461.617285,858.245671,10,12066.921875,10819.841016,10906.703613,9322.469727,11662.200488,865.174818,10,4.000000,4.000000,4.000000,4.000000,4.000000,0.000000,10,6.000000,6.000000,6.000000,6.000000,6.000000,0.000000,10,179392.000000,179392.000000,179392.000000,179392.000000,179392.000000,0.000000,10,6.000000,6.000000,6.000000,6.000000,6.000000,0.000000,,,,,,,,10,100.000000,100.000000,100.000000,100.000000,100.000000,0.000000,10,19.193000,10.076000,9.092500,8.096000,11.272100,3.281116
phase2,R3_vos_bookshelf,warm,real,real_2692,2692,close_book,PASS,1,10,0,0,,,,,,,,10,4.383495,4.383495,4.383495,4.383495,4.383495,0.000000,,,,,,,,10,4.000000,4.000000,4.000000,4.000000,4.000000,0.000000,10,100.000000,100.000000,100.000000,100.000000,100.000000,0.000000,10,1849.530273,969.864746,1323.232910,-984.625977,1814.824902,1035.509840,10,16036.203125,14180.784961,14522.415039,12135.906250,15183.086621,1233.435034,10,4.000000,4.000000,4.000000,4.000000,4.000000,0.000000,10,8.000000,8.000000,8.000000,8.000000,8.000000,0.000000,10,323152.000000,322635.200000,323072.000000,321536.000000,323152.000000,759.323207,10,8.000000,8.000000,8.000000,8.000000,8.000000,0.000000,,,,,,,,10,100.000000,100.000000,100.000000,100.000000,100.000000,0.000000,10,38.023000,30.459600,30.759500,23.286000,34.942300,4.603236
phase2,R3_vos_bookshelf,warm,real,real_2692,2692,close_bookshelf,PASS,1,10,0,0,,,,,,,,10,1.000000,1.000000,1.000000,1.000000,1.000000,0.000000,,,,,,,,10,1.000000,1.000000,1.000000,1.000000,1.000000,0.000000,10,100.000000,100.000000,100.000000,100.000000,100.000000,0.000000,10,42.995117,-11.964844,25.049316,-375.674805,39.436426,128.131505,10,21802.678711,20524.925879,20630.180664,19188.318359,21466.094531,852.386902,10,0.000000,0.000000,0.000000,0.000000,0.000000,0.000000,10,1.000000,1.000000,1.000000,1.000000,1.000000,0.000000,10,338768.000000,338568.000000,338576.000000,338368.000000,338696.000000,127.833225,10,1.000000,1.000000,1.000000,1.000000,1.000000,0.000000,,,,,,,,10,100.000000,100.000000,100.000000,100.000000,100.000000,0.000000,10,9.401000,8.878600,8.938000,7.953000,9.373100,0.512192
phase2,R3_vos_bookshelf,warm,real,real_2692,2692,close_quick_settings,PASS,1,10,0,0,,,,,,,,10,3.000000,3.000000,3.000000,3.000000,3.000000,0.000000,,,,,,,,10,3.000000,3.000000,3.000000,3.000000,3.000000,0.000000,10,100.000000,100.000000,100.000000,100.000000,100.000000,0.000000,10,51.469727,42.681836,41.555664,33.919922,51.372168,6.821931,10,32065.485352,30059.443262,29737.970703,28188.258789,31764.500391,1403.143038,10,0.000000,0.000000,0.000000,0.000000,0.000000,0.000000,10,3.000000,3.000000,3.000000,3.000000,3.000000,0.000000,10,338768.000000,338768.000000,338768.000000,338768.000000,338768.000000,0.000000,10,3.000000,3.000000,3.000000,3.000000,3.000000,0.000000,,,,,,,,10,100.000000,100.000000,100.000000,100.000000,100.000000,0.000000,10,8.911000,8.410900,8.604500,7.776000,8.758900,0.415213
phase2,R3_vos_bookshelf,warm,real,real_2692,2692,home_to_library,PASS,1,10,0,0,,,,,,,,10,2.097694,2.097694,2.097694,2.097694,2.097694,0.000000,,,,,,,,10,2.000000,2.000000,2.000000,2.000000,2.000000,0.000000,10,100.000000,100.000000,100.000000,100.000000,100.000000,0.000000,10,650.925781,317.473340,608.646484,-2286.945312,650.330762,915.890308,10,11553.326172,10378.075000,10289.333984,9170.453125,11458.933398,801.017478,10,1.000000,1.000000,1.000000,1.000000,1.000000,0.000000,10,3.000000,3.000000,3.000000,3.000000,3.000000,0.000000,10,179392.000000,179392.000000,179392.000000,179392.000000,179392.000000,0.000000,10,3.000000,3.000000,3.000000,3.000000,3.000000,0.000000,,,,,,,,10,100.000000,100.000000,100.000000,100.000000,100.000000,0.000000,10,24.848000,20.434500,20.022000,18.399000,23.068700,1.995883
phase2,R3_vos_bookshelf,warm,real,real_2692,2692,library_first_render,PASS,1,10,0,0,,,,,,,,10,2.097694,2.097694,2.097694,2.097694,2.097694,0.000000,,,,,,,,10,2.000000,2.000000,2.000000,2.000000,2.000000,0.000000,10,100.000000,100.000000,100.000000,100.000000,100.000000,0.000000,10,697.377930,-53.290332,603.172852,-3057.207031,665.478027,1427.378209,10,12199.750000,10550.975684,10467.979004,9146.808594,11703.714648,1052.621105,10,1.000000,1.000000,1.000000,1.000000,1.000000,0.000000,10,3.000000,3.000000,3.000000,3.000000,3.000000,0.000000,10,179392.000000,179392.000000,179392.000000,179392.000000,179392.000000,0.000000,10,3.000000,3.000000,3.000000,3.000000,3.000000,0.000000,,,,,,,,10,100.000000,100.000000,100.000000,100.000000,100.000000,0.000000,10,31.662000,21.924700,19.875000,19.188000,28.610100,4.357368
phase2,R3_vos_bookshelf,warm,real,real_2692,2692,library_folder_back,PASS,1,10,0,0,,,,,,,,10,1.488471,1.488471,1.488471,1.488471,1.488471,0.000000,,,,,,,,10,1.000000,1.000000,1.000000,1.000000,1.000000,0.000000,10,100.000000,100.000000,100.000000,100.000000,100.000000,0.000000,10,360.871094,-63.402441,313.114258,-1160.799805,336.361914,634.708175,10,10358.177734,9755.783789,9780.476074,9248.458008,10217.564160,384.178203,10,5.000000,5.000000,5.000000,5.000000,5.000000,0.000000,10,6.000000,6.000000,6.000000,6.000000,6.000000,0.000000,10,179392.000000,179392.000000,179392.000000,179392.000000,179392.000000,0.000000,10,6.000000,6.000000,6.000000,6.000000,6.000000,0.000000,,,,,,,,10,100.000000,100.000000,100.000000,100.000000,100.000000,0.000000,10,23.178000,15.984900,13.669500,12.071000,23.012400,4.512035
phase2,R3_vos_bookshelf,warm,real,real_2692,2692,library_folder_enter,PASS,1,10,0,0,,,,,,,,10,1.488471,1.488471,1.488471,1.488471,1.488471,0.000000,,,,,,,,10,1.000000,1.000000,1.000000,1.000000,1.000000,0.000000,10,100.000000,100.000000,100.000000,100.000000,100.000000,0.000000,10,258.775391,-21.361426,191.319336,-1976.986328,251.539355,688.438300,10,10994.301758,10015.177930,10068.935059,9084.649414,10733.289453,606.887541,10,5.000000,5.000000,5.000000,5.000000,5.000000,0.000000,10,6.000000,6.000000,6.000000,6.000000,6.000000,0.000000,10,179392.000000,179392.000000,179392.000000,179392.000000,179392.000000,0.000000,10,6.000000,6.000000,6.000000,6.000000,6.000000,0.000000,,,,,,,,10,100.000000,100.000000,100.000000,100.000000,100.000000,0.000000,10,20.545000,11.851300,11.249000,8.572000,12.713200,3.186430
phase2,R3_vos_bookshelf,warm,real,real_2692,2692,library_next_page,UNSUPPORTED,1,0,0,10,,,,,,,,,,,,,,,,,,,,,,,,,,,,,,,,,,,,,,,,,,,,,,,,,,,,,,,,,,,,,,,,,,,,,,,,,,,,,,,,,,,,,,,,,,,,,,,,,,
phase2,R3_vos_bookshelf,warm,real,real_2692,2692,library_prev_page,UNSUPPORTED,1,0,0,10,,,,,,,,,,,,,,,,,,,,,,,,,,,,,,,,,,,,,,,,,,,,,,,,,,,,,,,,,,,,,,,,,,,,,,,,,,,,,,,,,,,,,,,,,,,,,,,,,,
phase2,R3_vos_bookshelf,warm,real,real_2692,2692,open_book,PASS,1,10,0,0,,,,,,,,10,9.000000,8.900000,9.000000,8.000000,9.000000,0.316228,,,,,,,,10,9.000000,8.900000,9.000000,8.000000,9.000000,0.316228,10,100.000000,100.000000,100.000000,100.000000,100.000000,0.000000,10,1493.588867,-1058.980469,-942.840332,-4110.210938,1209.782129,1963.278108,10,14555.414062,12667.570215,12383.295898,11460.446289,14128.923926,1087.493459,10,0.000000,0.000000,0.000000,0.000000,0.000000,0.000000,10,9.000000,8.900000,9.000000,8.000000,9.000000,0.316228,10,321536.000000,321536.000000,321536.000000,321536.000000,321536.000000,0.000000,10,9.000000,8.900000,9.000000,8.000000,9.000000,0.316228,,,,,,,,10,100.000000,100.000000,100.000000,100.000000,100.000000,0.000000,10,98.741000,67.261100,71.606000,38.218000,80.586200,17.306193
phase2,R3_vos_bookshelf,warm,real,real_2692,2692,open_book_minimal,PASS,1,10,0,0,,,,,,,,10,0.000000,0.000000,0.000000,0.000000,0.000000,0.000000,,,,,,,,10,0.000000,0.000000,0.000000,0.000000,0.000000,0.000000,10,0.000000,0.000000,0.000000,0.000000,0.000000,0.000000,10,1303.497070,-425.106836,-940.331543,-1877.419922,1291.205566,1290.039742,10,14124.099609,13013.159375,12867.389160,11672.286133,14116.939160,879.411877,10,0.000000,0.000000,0.000000,0.000000,0.000000,0.000000,10,0.000000,0.000000,0.000000,0.000000,0.000000,0.000000,10,321536.000000,310361.600000,318384.000000,277232.000000,321536.000000,14923.259840,10,0.000000,0.000000,0.000000,0.000000,0.000000,0.000000,,,,,,,,10,0.000000,0.000000,0.000000,0.000000,0.000000,0.000000,10,246.560000,115.737500,112.186000,54.972000,139.940600,52.090810
phase2,R3_vos_bookshelf,warm,real,real_2692,2692,open_bookshelf,PASS,1,10,0,0,,,,,,,,10,1.000000,1.000000,1.000000,1.000000,1.000000,0.000000,,,,,,,,10,1.000000,1.000000,1.000000,1.000000,1.000000,0.000000,10,100.000000,100.000000,100.000000,100.000000,100.000000,0.000000,10,981.321289,739.807715,710.247559,665.607422,841.267578,96.071602,10,23626.736328,20101.474121,19976.670410,16611.666992,22961.062402,2373.133838,10,0.000000,0.000000,0.000000,0.000000,0.000000,0.000000,10,1.000000,1.000000,1.000000,1.000000,1.000000,0.000000,10,338048.000000,337934.400000,338040.000000,337568.000000,338048.000000,169.067508,10,1.000000,1.000000,1.000000,1.000000,1.000000,0.000000,,,,,,,,10,100.000000,100.000000,100.000000,100.000000,100.000000,0.000000,10,12.890000,9.495500,9.003500,8.192000,11.375300,1.491115
phase2,R3_vos_bookshelf,warm,real,real_2692,2692,open_quick_settings,PASS,1,10,0,0,,,,,,,,10,3.000000,3.000000,3.000000,3.000000,3.000000,0.000000,,,,,,,,10,3.000000,3.000000,3.000000,3.000000,3.000000,0.000000,10,100.000000,100.000000,100.000000,100.000000,100.000000,0.000000,10,359.754883,332.520508,338.458008,301.941406,354.892773,21.059071,10,27094.077148,25491.197949,25493.531738,23843.786133,26768.581250,1074.138114,10,0.000000,0.000000,0.000000,0.000000,0.000000,0.000000,10,3.000000,3.000000,3.000000,3.000000,3.000000,0.000000,10,338768.000000,338768.000000,338768.000000,338768.000000,338768.000000,0.000000,10,3.000000,3.000000,3.000000,3.000000,3.000000,0.000000,,,,,,,,10,100.000000,100.000000,100.000000,100.000000,100.000000,0.000000,10,9.050000,8.456800,8.411000,7.825000,8.874500,0.382088
phase2,R3_vos_bookshelf,warm,real,real_2692,2692,repeated_nav,PASS,1,1,0,0,,,,,,,,1,35.752427,35.752427,35.752427,35.752427,35.752427,0.000000,,,,,,,,1,30.000000,30.000000,30.000000,30.000000,30.000000,0.000000,1,100.000000,100.000000,100.000000,100.000000,100.000000,0.000000,1,-13288.887695,-13288.887695,-13288.887695,-13288.887695,-13288.887695,0.000000,1,18790.617188,18790.617188,18790.617188,18790.617188,18790.617188,0.000000,1,60.000000,60.000000,60.000000,60.000000,60.000000,0.000000,1,90.000000,90.000000,90.000000,90.000000,90.000000,0.000000,1,352672.000000,352672.000000,352672.000000,352672.000000,352672.000000,0.000000,1,90.000000,90.000000,90.000000,90.000000,90.000000,0.000000,,,,,,,,1,100.000000,100.000000,100.000000,100.000000,100.000000,0.000000,1,535.740000,535.740000,535.740000,535.740000,535.740000,0.000000
phase2,R3_vos_bookshelf,warm,real,real_2692,2692,start_to_home,UNSUPPORTED,1,0,0,10,,,,,,,,,,,,,,,,,,,,,,,,,,,,,,,,,,,,,,,,,,,,,,,,,,,,,,,,,,,,,,,,,,,,,,,,,,,,,,,,,,,,,,,,,,,,,,,,,,
phase2,R4_simpleui,real_first_run,startup,real_2692,2692,home_to_library,PASS,1,1,0,0,,,,,,,,1,0.000000,0.000000,0.000000,0.000000,0.000000,0.000000,,,,,,,,1,0.000000,0.000000,0.000000,0.000000,0.000000,0.000000,1,0.000000,0.000000,0.000000,0.000000,0.000000,0.000000,1,5.679688,5.679688,5.679688,5.679688,5.679688,0.000000,1,12840.347656,12840.347656,12840.347656,12840.347656,12840.347656,0.000000,1,0.000000,0.000000,0.000000,0.000000,0.000000,0.000000,1,0.000000,0.000000,0.000000,0.000000,0.000000,0.000000,1,170592.000000,170592.000000,170592.000000,170592.000000,170592.000000,0.000000,1,0.000000,0.000000,0.000000,0.000000,0.000000,0.000000,,,,,,,,1,0.000000,0.000000,0.000000,0.000000,0.000000,0.000000,1,0.087000,0.087000,0.087000,0.087000,0.087000,0.000000
phase2,R4_simpleui,real_first_run,startup,real_2692,2692,library_first_render,PASS,1,1,0,0,,,,,,,,1,5.393204,5.393204,5.393204,5.393204,5.393204,0.000000,,,,,,,,1,5.000000,5.000000,5.000000,5.000000,5.000000,0.000000,1,100.000000,100.000000,100.000000,100.000000,100.000000,0.000000,1,723.316406,723.316406,723.316406,723.316406,723.316406,0.000000,1,13569.445312,13569.445312,13569.445312,13569.445312,13569.445312,0.000000,1,4.000000,4.000000,4.000000,4.000000,4.000000,0.000000,1,9.000000,9.000000,9.000000,9.000000,9.000000,0.000000,1,173296.000000,173296.000000,173296.000000,173296.000000,173296.000000,0.000000,1,9.000000,9.000000,9.000000,9.000000,9.000000,0.000000,,,,,,,,1,100.000000,100.000000,100.000000,100.000000,100.000000,0.000000,1,17.605000,17.605000,17.605000,17.605000,17.605000,0.000000
phase2,R4_simpleui,real_steady_cold,startup,real_2692,2692,home_to_library,PASS,3,3,0,0,,,,,,,,3,0.000000,0.000000,0.000000,0.000000,0.000000,0.000000,,,,,,,,3,0.000000,0.000000,0.000000,0.000000,0.000000,0.000000,3,0.000000,0.000000,0.000000,0.000000,0.000000,0.000000,3,10.230469,7.520833,6.242188,6.089844,9.432813,2.347849,3,12849.540039,12826.124674,12815.926758,12812.907227,12842.817383,20.334426,3,0.000000,0.000000,0.000000,0.000000,0.000000,0.000000,3,0.000000,0.000000,0.000000,0.000000,0.000000,0.000000,3,172080.000000,170368.000000,170064.000000,168960.000000,171676.800000,1582.059417,3,0.000000,0.000000,0.000000,0.000000,0.000000,0.000000,,,,,,,,3,0.000000,0.000000,0.000000,0.000000,0.000000,0.000000,3,0.099000,0.068667,0.061000,0.046000,0.091400,0.027319
phase2,R4_simpleui,real_steady_cold,startup,real_2692,2692,library_first_render,PASS,3,3,0,0,,,,,,,,3,4.393204,4.393204,4.393204,4.393204,4.393204,0.000000,,,,,,,,3,4.000000,4.000000,4.000000,4.000000,4.000000,0.000000,3,100.000000,100.000000,100.000000,100.000000,100.000000,0.000000,3,719.684570,690.843099,691.328125,661.516602,714.013281,29.087017,3,13541.392578,13522.749023,13516.837891,13510.016602,13536.481641,16.502094,3,4.000000,4.000000,4.000000,4.000000,4.000000,0.000000,3,8.000000,8.000000,8.000000,8.000000,8.000000,0.000000,3,179728.000000,175834.666667,174256.000000,173520.000000,178633.600000,3391.748418,3,8.000000,8.000000,8.000000,8.000000,8.000000,0.000000,,,,,,,,3,100.000000,100.000000,100.000000,100.000000,100.000000,0.000000,3,18.535000,17.257000,17.844000,15.392000,18.396800,1.651678
phase2,R4_simpleui,warm,real,real_2692,2692,change_sort_mode,PASS,1,10,0,0,,,,,,,,10,2.393204,2.393204,2.393204,2.393204,2.393204,0.000000,,,,,,,,10,2.000000,2.000000,2.000000,2.000000,2.000000,0.000000,10,100.000000,100.000000,100.000000,100.000000,100.000000,0.000000,10,503.970703,164.898535,389.445312,-2063.912109,499.025098,784.602939,10,21158.494141,20302.494531,20347.578613,19065.907227,21126.429004,676.744254,10,4.000000,4.000000,4.000000,4.000000,4.000000,0.000000,10,6.000000,6.000000,6.000000,6.000000,6.000000,0.000000,10,188336.000000,188336.000000,188336.000000,188336.000000,188336.000000,0.000000,10,6.000000,6.000000,6.000000,6.000000,6.000000,0.000000,,,,,,,,10,100.000000,100.000000,100.000000,100.000000,100.000000,0.000000,10,40.478000,11.449100,8.369500,6.792000,12.465500,10.234427
phase2,R4_simpleui,warm,real,real_2692,2692,close_book,PASS,1,10,0,0,,,,,,,,10,17.393204,17.393204,17.393204,17.393204,17.393204,0.000000,,,,,,,,10,17.000000,17.000000,17.000000,17.000000,17.000000,0.000000,10,100.000000,100.000000,100.000000,100.000000,100.000000,0.000000,10,4724.411133,3439.146094,3767.324707,206.645508,4409.748633,1260.588075,10,50256.943359,46429.814551,46469.506348,41611.835938,49109.612988,2367.053438,10,4.000000,4.000000,4.000000,4.000000,4.000000,0.000000,10,21.000000,21.000000,21.000000,21.000000,21.000000,0.000000,10,376464.000000,374960.000000,374512.000000,374400.000000,376464.000000,830.871029,10,21.000000,21.000000,21.000000,21.000000,21.000000,0.000000,,,,,,,,10,100.000000,100.000000,100.000000,100.000000,100.000000,0.000000,10,17155.345000,1754.794900,37.718000,24.947000,1822.848700,5411.271218
phase2,R4_simpleui,warm,real,real_2692,2692,close_quick_settings,PASS,1,10,0,0,,,,,,,,10,3.000000,3.000000,3.000000,3.000000,3.000000,0.000000,,,,,,,,10,3.000000,3.000000,3.000000,3.000000,3.000000,0.000000,10,100.000000,100.000000,100.000000,100.000000,100.000000,0.000000,10,69.718750,37.022461,36.120117,18.495117,50.642090,15.708808,10,56748.714844,55832.249902,55843.594727,54888.337891,56576.519531,629.300616,10,0.000000,0.000000,0.000000,0.000000,0.000000,0.000000,10,3.000000,3.000000,3.000000,3.000000,3.000000,0.000000,10,379632.000000,379632.000000,379632.000000,379632.000000,379632.000000,0.000000,10,3.000000,3.000000,3.000000,3.000000,3.000000,0.000000,,,,,,,,10,100.000000,100.000000,100.000000,100.000000,100.000000,0.000000,10,8.653000,8.163500,8.241000,7.811000,8.385700,0.277506
phase2,R4_simpleui,warm,real,real_2692,2692,home_to_library,PASS,1,10,0,0,,,,,,,,10,0.000000,0.000000,0.000000,0.000000,0.000000,0.000000,,,,,,,,10,0.000000,0.000000,0.000000,0.000000,0.000000,0.000000,10,0.000000,0.000000,0.000000,0.000000,0.000000,0.000000,10,11.222656,6.680859,6.859375,2.140625,9.109766,2.615694,10,13071.329102,13009.998633,13013.973633,12945.375977,13062.051367,42.237287,10,0.000000,0.000000,0.000000,0.000000,0.000000,0.000000,10,0.000000,0.000000,0.000000,0.000000,0.000000,0.000000,10,169072.000000,169072.000000,169072.000000,169072.000000,169072.000000,0.000000,10,0.000000,0.000000,0.000000,0.000000,0.000000,0.000000,,,,,,,,10,0.000000,0.000000,0.000000,0.000000,0.000000,0.000000,10,0.107000,0.063600,0.066500,0.014000,0.096200,0.027081
phase2,R4_simpleui,warm,real,real_2692,2692,library_first_render,PASS,1,10,0,0,,,,,,,,10,2.294903,2.294903,2.294903,2.294903,2.294903,0.000000,,,,,,,,10,2.000000,2.000000,2.000000,2.000000,2.000000,0.000000,10,100.000000,100.000000,100.000000,100.000000,100.000000,0.000000,10,1140.545898,255.427930,970.705078,-4071.888672,1091.745508,1725.451894,10,19860.461914,17381.219727,17129.565918,15414.280273,18984.504395,1399.375296,10,3.000000,3.000000,3.000000,3.000000,3.000000,0.000000,10,5.000000,5.000000,5.000000,5.000000,5.000000,0.000000,10,184384.000000,182270.400000,182208.000000,180816.000000,184369.600000,1383.040387,10,5.000000,5.000000,5.000000,5.000000,5.000000,0.000000,,,,,,,,10,100.000000,100.000000,100.000000,100.000000,100.000000,0.000000,10,42.680000,26.444700,24.068500,22.442000,32.085200,6.223850
phase2,R4_simpleui,warm,real,real_2692,2692,library_folder_back,PASS,1,10,0,0,,,,,,,,10,2.393204,2.393204,2.393204,2.393204,2.393204,0.000000,,,,,,,,10,2.000000,2.000000,2.000000,2.000000,2.000000,0.000000,10,100.000000,100.000000,100.000000,100.000000,100.000000,0.000000,10,585.280273,-230.688184,385.552734,-1510.310547,508.478809,893.142390,10,18554.098633,17961.349512,17946.557129,17089.293945,18516.528906,526.902184,10,4.000000,4.000000,4.000000,4.000000,4.000000,0.000000,10,6.000000,6.000000,6.000000,6.000000,6.000000,0.000000,10,188336.000000,187980.800000,187904.000000,187888.000000,188177.600000,150.055397,10,6.000000,6.000000,6.000000,6.000000,6.000000,0.000000,,,,,,,,10,100.000000,100.000000,100.000000,100.000000,100.000000,0.000000,10,47.759000,23.571500,17.914500,7.563000,40.042400,14.549339
phase2,R4_simpleui,warm,real,real_2692,2692,library_folder_enter,PASS,1,10,0,0,,,,,,,,10,2.393204,2.393204,2.393204,2.393204,2.393204,0.000000,,,,,,,,10,2.000000,2.000000,2.000000,2.000000,2.000000,0.000000,10,100.000000,100.000000,100.000000,100.000000,100.000000,0.000000,10,433.087891,193.058105,249.496582,-660.748047,382.804785,310.142635,10,17935.254883,17233.030957,17185.608887,16167.543945,17918.893164,597.244527,10,4.000000,4.000000,4.000000,4.000000,4.000000,0.000000,10,6.000000,6.000000,6.000000,6.000000,6.000000,0.000000,10,187792.000000,187686.400000,187760.000000,187440.000000,187792.000000,140.743423,10,6.000000,6.000000,6.000000,6.000000,6.000000,0.000000,,,,,,,,10,100.000000,100.000000,100.000000,100.000000,100.000000,0.000000,10,37.894000,14.643400,11.932500,10.933000,16.429000,8.223631
phase2,R4_simpleui,warm,real,real_2692,2692,library_next_page,UNSUPPORTED,1,0,0,10,,,,,,,,,,,,,,,,,,,,,,,,,,,,,,,,,,,,,,,,,,,,,,,,,,,,,,,,,,,,,,,,,,,,,,,,,,,,,,,,,,,,,,,,,,,,,,,,,,
phase2,R4_simpleui,warm,real,real_2692,2692,library_prev_page,UNSUPPORTED,1,0,0,10,,,,,,,,,,,,,,,,,,,,,,,,,,,,,,,,,,,,,,,,,,,,,,,,,,,,,,,,,,,,,,,,,,,,,,,,,,,,,,,,,,,,,,,,,,,,,,,,,,
phase2,R4_simpleui,warm,real,real_2692,2692,open_book,PASS,1,10,0,0,,,,,,,,10,15.000000,12.500000,13.000000,8.000000,15.000000,2.273030,,,,,,,,10,15.000000,12.500000,13.000000,8.000000,15.000000,2.273030,10,100.000000,100.000000,100.000000,100.000000,100.000000,0.000000,10,1673.704102,-914.262012,-243.255371,-4440.510742,1505.947266,2498.673049,10,39266.737305,35841.205078,35701.556152,32519.084961,38556.801660,2418.226117,10,0.000000,0.000000,0.000000,0.000000,0.000000,0.000000,10,15.000000,12.500000,13.000000,8.000000,15.000000,2.273030,10,369520.000000,365476.800000,365240.000000,362624.000000,369044.800000,2917.026675,10,15.000000,12.500000,13.000000,8.000000,15.000000,2.273030,,,,,,,,10,100.000000,100.000000,100.000000,100.000000,100.000000,0.000000,10,170.303000,139.786600,150.739000,79.194000,167.367200,32.155093
phase2,R4_simpleui,warm,real,real_2692,2692,open_book_minimal,PASS,1,10,0,0,,,,,,,,10,0.000000,0.000000,0.000000,0.000000,0.000000,0.000000,,,,,,,,10,0.000000,0.000000,0.000000,0.000000,0.000000,0.000000,10,0.000000,0.000000,0.000000,0.000000,0.000000,0.000000,10,1394.704102,-954.817969,-350.125000,-4723.416992,1355.832715,2360.001509,10,30227.970703,26629.041602,26994.941895,22874.965820,29726.822754,2590.043124,10,0.000000,0.000000,0.000000,0.000000,0.000000,0.000000,10,0.000000,0.000000,0.000000,0.000000,0.000000,0.000000,10,356656.000000,341392.000000,348440.000000,304176.000000,355648.000000,17822.223730,10,0.000000,0.000000,0.000000,0.000000,0.000000,0.000000,,,,,,,,10,0.000000,0.000000,0.000000,0.000000,0.000000,0.000000,10,300.731000,163.652100,154.871500,96.264000,204.466100,56.358064
phase2,R4_simpleui,warm,real,real_2692,2692,open_quick_settings,PASS,1,10,0,0,,,,,,,,10,2.000000,2.000000,2.000000,2.000000,2.000000,0.000000,,,,,,,,10,2.000000,2.000000,2.000000,2.000000,2.000000,0.000000,10,100.000000,100.000000,100.000000,100.000000,100.000000,0.000000,10,201.089844,184.349609,183.940430,163.127930,196.597754,11.196121,10,54249.226562,53298.234180,53298.895996,52306.444336,54070.662695,644.962979,10,0.000000,0.000000,0.000000,0.000000,0.000000,0.000000,10,2.000000,2.000000,2.000000,2.000000,2.000000,0.000000,10,379632.000000,379632.000000,379632.000000,379632.000000,379632.000000,0.000000,10,2.000000,2.000000,2.000000,2.000000,2.000000,0.000000,,,,,,,,10,100.000000,100.000000,100.000000,100.000000,100.000000,0.000000,10,9.134000,8.266000,8.230500,7.523000,9.020600,0.512015
phase2,R4_simpleui,warm,real,real_2692,2692,repeated_nav,PASS,1,1,0,0,,,,,,,,1,34.949029,34.949029,34.949029,34.949029,34.949029,0.000000,,,,,,,,1,32.000000,32.000000,32.000000,32.000000,32.000000,0.000000,1,100.000000,100.000000,100.000000,100.000000,100.000000,0.000000,1,-3628.708984,-3628.708984,-3628.708984,-3628.708984,-3628.708984,0.000000,1,53151.306641,53151.306641,53151.306641,53151.306641,53151.306641,0.000000,1,30.000000,30.000000,30.000000,30.000000,30.000000,0.000000,1,62.000000,62.000000,62.000000,62.000000,62.000000,0.000000,1,397744.000000,397744.000000,397744.000000,397744.000000,397744.000000,0.000000,1,62.000000,62.000000,62.000000,62.000000,62.000000,0.000000,,,,,,,,1,100.000000,100.000000,100.000000,100.000000,100.000000,0.000000,1,784.846000,784.846000,784.846000,784.846000,784.846000,0.000000
phase2,R4_simpleui,warm,real,real_2692,2692,start_to_home,PASS,1,10,0,0,,,,,,,,10,0.000000,0.000000,0.000000,0.000000,0.000000,0.000000,,,,,,,,10,0.000000,0.000000,0.000000,0.000000,0.000000,0.000000,10,0.000000,0.000000,0.000000,0.000000,0.000000,0.000000,10,8.578125,4.370703,3.666016,2.242188,8.553516,2.317195,10,12898.305664,12846.203711,12842.752930,12807.563477,12880.344336,28.132259,10,0.000000,0.000000,0.000000,0.000000,0.000000,0.000000,10,0.000000,0.000000,0.000000,0.000000,0.000000,0.000000,10,169072.000000,169068.800000,169072.000000,169056.000000,169072.000000,6.746192,10,0.000000,0.000000,0.000000,0.000000,0.000000,0.000000,,,,,,,,10,0.000000,0.000000,0.000000,0.000000,0.000000,0.000000,10,0.109000,0.062900,0.060000,0.016000,0.109000,0.036026
phase2,R5_simpleui_bookshelf,real_first_run,startup,real_2692,2692,home_to_library,PASS,1,1,0,0,,,,,,,,1,0.000000,0.000000,0.000000,0.000000,0.000000,0.000000,,,,,,,,1,0.000000,0.000000,0.000000,0.000000,0.000000,0.000000,1,0.000000,0.000000,0.000000,0.000000,0.000000,0.000000,1,3.273438,3.273438,3.273438,3.273438,3.273438,0.000000,1,13105.904297,13105.904297,13105.904297,13105.904297,13105.904297,0.000000,1,0.000000,0.000000,0.000000,0.000000,0.000000,0.000000,1,0.000000,0.000000,0.000000,0.000000,0.000000,0.000000,1,174048.000000,174048.000000,174048.000000,174048.000000,174048.000000,0.000000,1,0.000000,0.000000,0.000000,0.000000,0.000000,0.000000,,,,,,,,1,0.000000,0.000000,0.000000,0.000000,0.000000,0.000000,1,0.026000,0.026000,0.026000,0.026000,0.026000,0.000000
phase2,R5_simpleui_bookshelf,real_first_run,startup,real_2692,2692,library_first_render,PASS,1,1,0,0,,,,,,,,1,5.393204,5.393204,5.393204,5.393204,5.393204,0.000000,,,,,,,,1,5.000000,5.000000,5.000000,5.000000,5.000000,0.000000,1,100.000000,100.000000,100.000000,100.000000,100.000000,0.000000,1,679.331055,679.331055,679.331055,679.331055,679.331055,0.000000,1,13791.434570,13791.434570,13791.434570,13791.434570,13791.434570,0.000000,1,4.000000,4.000000,4.000000,4.000000,4.000000,0.000000,1,9.000000,9.000000,9.000000,9.000000,9.000000,0.000000,1,175968.000000,175968.000000,175968.000000,175968.000000,175968.000000,0.000000,1,9.000000,9.000000,9.000000,9.000000,9.000000,0.000000,,,,,,,,1,100.000000,100.000000,100.000000,100.000000,100.000000,0.000000,1,17.282000,17.282000,17.282000,17.282000,17.282000,0.000000
phase2,R5_simpleui_bookshelf,real_steady_cold,startup,real_2692,2692,home_to_library,PASS,3,3,0,0,,,,,,,,3,0.000000,0.000000,0.000000,0.000000,0.000000,0.000000,,,,,,,,3,0.000000,0.000000,0.000000,0.000000,0.000000,0.000000,3,0.000000,0.000000,0.000000,0.000000,0.000000,0.000000,3,5.734375,4.158854,3.468750,3.273438,5.281250,1.367931,3,12938.987305,12925.872721,12919.366211,12919.264648,12935.063086,11.357676,3,0.000000,0.000000,0.000000,0.000000,0.000000,0.000000,3,0.000000,0.000000,0.000000,0.000000,0.000000,0.000000,3,171744.000000,170709.333333,170400.000000,169984.000000,171475.200000,919.872455,3,0.000000,0.000000,0.000000,0.000000,0.000000,0.000000,,,,,,,,3,0.000000,0.000000,0.000000,0.000000,0.000000,0.000000,3,0.086000,0.050667,0.039000,0.027000,0.076600,0.031182
phase2,R5_simpleui_bookshelf,real_steady_cold,startup,real_2692,2692,library_first_render,PASS,3,3,0,0,,,,,,,,3,4.393204,4.393204,4.393204,4.393204,4.393204,0.000000,,,,,,,,3,4.000000,4.000000,4.000000,4.000000,4.000000,0.000000,3,100.000000,100.000000,100.000000,100.000000,100.000000,0.000000,3,709.944336,697.088216,702.014648,679.305664,708.358398,15.902338,3,13654.712891,13629.763021,13627.162109,13607.414062,13649.202734,23.756438,3,4.000000,4.000000,4.000000,4.000000,4.000000,0.000000,3,8.000000,8.000000,8.000000,8.000000,8.000000,0.000000,3,182368.000000,178826.666667,181120.000000,172992.000000,182118.400000,5091.353193,3,8.000000,8.000000,8.000000,8.000000,8.000000,0.000000,,,,,,,,3,100.000000,100.000000,100.000000,100.000000,100.000000,0.000000,3,19.292000,18.241667,18.262000,17.171000,19.086000,1.060646
phase2,R5_simpleui_bookshelf,warm,real,real_2692,2692,bookshelf_first_render,PASS,1,10,0,0,,,,,,,,10,0.000000,0.000000,0.000000,0.000000,0.000000,0.000000,,,,,,,,10,0.000000,0.000000,0.000000,0.000000,0.000000,0.000000,10,0.000000,0.000000,0.000000,0.000000,0.000000,0.000000,10,827.029297,36.122949,739.319336,-3371.905273,815.968262,1552.239604,10,52101.231445,50249.648926,50288.098145,48658.033203,51441.619336,1143.632887,10,0.000000,0.000000,0.000000,0.000000,0.000000,0.000000,10,0.000000,0.000000,0.000000,0.000000,0.000000,0.000000,10,381408.000000,381408.000000,381408.000000,381408.000000,381408.000000,0.000000,10,0.000000,0.000000,0.000000,0.000000,0.000000,0.000000,,,,,,,,10,0.000000,0.000000,0.000000,0.000000,0.000000,0.000000,10,48.072000,14.574200,6.730000,6.284000,44.228100,16.564023
phase2,R5_simpleui_bookshelf,warm,real,real_2692,2692,bookshelf_page_turn,PASS,1,10,0,0,,,,,,,,10,0.000000,0.000000,0.000000,0.000000,0.000000,0.000000,,,,,,,,10,0.000000,0.000000,0.000000,0.000000,0.000000,0.000000,10,0.000000,0.000000,0.000000,0.000000,0.000000,0.000000,10,35.546875,20.907031,20.154297,12.625000,26.705078,6.591900,10,51487.416016,51297.520703,51304.812500,51083.263672,51450.073047,136.689966,10,0.000000,0.000000,0.000000,0.000000,0.000000,0.000000,10,0.000000,0.000000,0.000000,0.000000,0.000000,0.000000,10,381408.000000,381408.000000,381408.000000,381408.000000,381408.000000,0.000000,10,0.000000,0.000000,0.000000,0.000000,0.000000,0.000000,,,,,,,,10,0.000000,0.000000,0.000000,0.000000,0.000000,0.000000,10,0.445000,0.203900,0.197000,0.104000,0.262300,0.100802
phase2,R5_simpleui_bookshelf,warm,real,real_2692,2692,change_sort_mode,PASS,1,10,0,0,,,,,,,,10,2.393204,2.393204,2.393204,2.393204,2.393204,0.000000,,,,,,,,10,2.000000,2.000000,2.000000,2.000000,2.000000,0.000000,10,100.000000,100.000000,100.000000,100.000000,100.000000,0.000000,10,590.382812,-109.137402,518.475098,-3007.473633,568.221191,1370.943433,10,21343.835938,19852.773535,19976.082520,18068.780273,21096.951172,1105.776901,10,4.000000,4.000000,4.000000,4.000000,4.000000,0.000000,10,6.000000,6.000000,6.000000,6.000000,6.000000,0.000000,10,188416.000000,188416.000000,188416.000000,188416.000000,188416.000000,0.000000,10,6.000000,6.000000,6.000000,6.000000,6.000000,0.000000,,,,,,,,10,100.000000,100.000000,100.000000,100.000000,100.000000,0.000000,10,41.309000,17.953500,12.742000,11.108000,39.807800,11.910895
phase2,R5_simpleui_bookshelf,warm,real,real_2692,2692,close_book,PASS,1,10,0,0,,,,,,,,10,107.393204,26.393204,17.393204,17.393204,26.393204,28.460499,,,,,,,,10,107.000000,26.000000,17.000000,17.000000,26.000000,28.460499,10,100.000000,100.000000,100.000000,100.000000,100.000000,0.000000,10,5488.312500,2809.082812,3609.885254,-939.593750,4664.077734,2286.267447,10,50874.855469,46092.653125,46506.794434,42975.700195,48328.719434,2420.837880,10,4.000000,4.000000,4.000000,4.000000,4.000000,0.000000,10,111.000000,30.000000,21.000000,21.000000,30.000000,28.460499,10,381408.000000,380902.400000,381408.000000,378304.000000,381408.000000,1099.939716,10,111.000000,30.000000,21.000000,21.000000,30.000000,28.460499,,,,,,,,10,100.000000,100.000000,100.000000,100.000000,100.000000,0.000000,10,13087.060000,1403.707500,52.863000,39.486000,1695.499900,4106.835448
phase2,R5_simpleui_bookshelf,warm,real,real_2692,2692,close_bookshelf,PASS,1,10,0,0,,,,,,,,10,8.062500,8.062500,8.062500,8.062500,8.062500,0.000000,,,,,,,,10,8.000000,8.000000,8.000000,8.000000,8.000000,0.000000,10,100.000000,100.000000,100.000000,100.000000,100.000000,0.000000,10,1169.178711,-703.181543,1036.836914,-8547.355469,1135.554395,3771.448835,10,56567.209961,53020.887402,53474.791016,49007.503906,55805.185937,2669.406065,10,1.000000,1.000000,1.000000,1.000000,1.000000,0.000000,10,9.000000,9.000000,9.000000,9.000000,9.000000,0.000000,10,381408.000000,381408.000000,381408.000000,381408.000000,381408.000000,0.000000,10,9.000000,9.000000,9.000000,9.000000,9.000000,0.000000,,,,,,,,10,100.000000,100.000000,100.000000,100.000000,100.000000,0.000000,10,68.720000,31.826900,23.777000,21.036000,66.057800,18.722137
phase2,R5_simpleui_bookshelf,warm,real,real_2692,2692,close_quick_settings,PASS,1,10,0,0,,,,,,,,10,4.000000,4.000000,4.000000,4.000000,4.000000,0.000000,,,,,,,,10,4.000000,4.000000,4.000000,4.000000,4.000000,0.000000,10,100.000000,100.000000,100.000000,100.000000,100.000000,0.000000,10,254.537109,189.218750,182.079102,154.231445,215.453027,28.970722,10,66660.747070,64591.969922,64584.211426,62538.455078,66250.865625,1389.159728,10,0.000000,0.000000,0.000000,0.000000,0.000000,0.000000,10,4.000000,4.000000,4.000000,4.000000,4.000000,0.000000,10,381408.000000,381408.000000,381408.000000,381408.000000,381408.000000,0.000000,10,4.000000,4.000000,4.000000,4.000000,4.000000,0.000000,,,,,,,,10,100.000000,100.000000,100.000000,100.000000,100.000000,0.000000,10,9.511000,8.698300,8.759000,8.121000,9.062800,0.412907
phase2,R5_simpleui_bookshelf,warm,real,real_2692,2692,home_to_library,PASS,1,10,0,0,,,,,,,,10,0.000000,0.000000,0.000000,0.000000,0.000000,0.000000,,,,,,,,10,0.000000,0.000000,0.000000,0.000000,0.000000,0.000000,10,0.000000,0.000000,0.000000,0.000000,0.000000,0.000000,10,5.726562,3.099219,2.626953,2.140625,4.717578,1.197341,10,13178.225586,13144.088477,13143.616211,13108.030273,13172.192773,22.805531,10,0.000000,0.000000,0.000000,0.000000,0.000000,0.000000,10,0.000000,0.000000,0.000000,0.000000,0.000000,0.000000,10,170080.000000,170080.000000,170080.000000,170080.000000,170080.000000,0.000000,10,0.000000,0.000000,0.000000,0.000000,0.000000,0.000000,,,,,,,,10,0.000000,0.000000,0.000000,0.000000,0.000000,0.000000,10,0.055000,0.025400,0.018000,0.014000,0.043300,0.013994
phase2,R5_simpleui_bookshelf,warm,real,real_2692,2692,library_first_render,PASS,1,10,0,0,,,,,,,,10,2.294903,2.294903,2.294903,2.294903,2.294903,0.000000,,,,,,,,10,2.000000,2.000000,2.000000,2.000000,2.000000,0.000000,10,100.000000,100.000000,100.000000,100.000000,100.000000,0.000000,10,1097.537109,247.546387,1035.462402,-4235.500977,1092.772559,1789.958662,10,19951.220703,17372.782227,17105.958984,15390.356445,19014.518457,1437.659221,10,3.000000,3.000000,3.000000,3.000000,3.000000,0.000000,10,5.000000,5.000000,5.000000,5.000000,5.000000,0.000000,10,184848.000000,182582.400000,182568.000000,180736.000000,184804.800000,1607.045820,10,5.000000,5.000000,5.000000,5.000000,5.000000,0.000000,,,,,,,,10,100.000000,100.000000,100.000000,100.000000,100.000000,0.000000,10,39.483000,26.049500,25.025000,22.097000,27.983700,4.935027
phase2,R5_simpleui_bookshelf,warm,real,real_2692,2692,library_folder_back,PASS,1,10,0,0,,,,,,,,10,2.393204,2.393204,2.393204,2.393204,2.393204,0.000000,,,,,,,,10,2.000000,2.000000,2.000000,2.000000,2.000000,0.000000,10,100.000000,100.000000,100.000000,100.000000,100.000000,0.000000,10,597.366211,-19.025977,415.252930,-1481.167969,557.099121,845.647947,10,19455.518555,18209.550098,18341.813965,17185.131836,18990.376758,729.043177,10,4.000000,4.000000,4.000000,4.000000,4.000000,0.000000,10,6.000000,6.000000,6.000000,6.000000,6.000000,0.000000,10,188416.000000,188107.200000,188008.000000,187856.000000,188372.800000,240.420373,10,6.000000,6.000000,6.000000,6.000000,6.000000,0.000000,,,,,,,,10,100.000000,100.000000,100.000000,100.000000,100.000000,0.000000,10,48.020000,24.945800,18.636000,11.379000,46.434200,15.265701
phase2,R5_simpleui_bookshelf,warm,real,real_2692,2692,library_folder_enter,PASS,1,10,0,0,,,,,,,,10,2.393204,2.393204,2.393204,2.393204,2.393204,0.000000,,,,,,,,10,2.000000,2.000000,2.000000,2.000000,2.000000,0.000000,10,100.000000,100.000000,100.000000,100.000000,100.000000,0.000000,10,382.088867,63.037988,258.243652,-1859.811523,360.060840,678.011160,10,18118.197266,17328.018652,17314.081055,16523.763672,17927.907031,551.532172,10,4.000000,4.000000,4.000000,4.000000,4.000000,0.000000,10,6.000000,6.000000,6.000000,6.000000,6.000000,0.000000,10,187840.000000,187772.800000,187768.000000,187728.000000,187811.200000,35.216158,10,6.000000,6.000000,6.000000,6.000000,6.000000,0.000000,,,,,,,,10,100.000000,100.000000,100.000000,100.000000,100.000000,0.000000,10,41.596000,14.697200,11.774000,10.476000,16.153000,9.482580
phase2,R5_simpleui_bookshelf,warm,real,real_2692,2692,library_next_page,UNSUPPORTED,1,0,0,10,,,,,,,,,,,,,,,,,,,,,,,,,,,,,,,,,,,,,,,,,,,,,,,,,,,,,,,,,,,,,,,,,,,,,,,,,,,,,,,,,,,,,,,,,,,,,,,,,,
phase2,R5_simpleui_bookshelf,warm,real,real_2692,2692,library_prev_page,UNSUPPORTED,1,0,0,10,,,,,,,,,,,,,,,,,,,,,,,,,,,,,,,,,,,,,,,,,,,,,,,,,,,,,,,,,,,,,,,,,,,,,,,,,,,,,,,,,,,,,,,,,,,,,,,,,,
phase2,R5_simpleui_bookshelf,warm,real,real_2692,2692,open_book,PASS,1,10,0,0,,,,,,,,10,13.000000,11.300000,13.000000,8.000000,13.000000,2.213594,,,,,,,,10,13.000000,11.300000,13.000000,8.000000,13.000000,2.213594,10,100.000000,100.000000,100.000000,100.000000,100.000000,0.000000,10,1736.822266,-1085.868164,-342.704102,-4402.052734,1451.222559,2564.387593,10,39276.803711,35657.922266,35840.277832,31860.844727,38265.780273,2407.802143,10,0.000000,0.000000,0.000000,0.000000,0.000000,0.000000,10,13.000000,11.300000,13.000000,8.000000,13.000000,2.213594,10,374544.000000,370633.600000,371288.000000,366160.000000,374270.400000,3075.157636,10,13.000000,11.300000,13.000000,8.000000,13.000000,2.213594,,,,,,,,10,100.000000,100.000000,100.000000,100.000000,100.000000,0.000000,10,194.821000,148.402000,150.885500,86.182000,180.661300,33.735158
phase2,R5_simpleui_bookshelf,warm,real,real_2692,2692,open_book_minimal,PASS,1,10,0,0,,,,,,,,10,0.000000,0.000000,0.000000,0.000000,0.000000,0.000000,,,,,,,,10,0.000000,0.000000,0.000000,0.000000,0.000000,0.000000,10,0.000000,0.000000,0.000000,0.000000,0.000000,0.000000,10,1724.512695,-161.367480,409.581543,-3429.809570,1279.026758,1654.913402,10,29346.159180,26296.899707,26550.278809,22444.018555,29069.475098,2546.786763,10,0.000000,0.000000,0.000000,0.000000,0.000000,0.000000,10,0.000000,0.000000,0.000000,0.000000,0.000000,0.000000,10,365056.000000,348632.000000,359504.000000,298144.000000,365056.000000,21441.621498,10,0.000000,0.000000,0.000000,0.000000,0.000000,0.000000,,,,,,,,10,0.000000,0.000000,0.000000,0.000000,0.000000,0.000000,10,305.362000,170.812900,164.630500,95.811000,203.215600,57.870894
phase2,R5_simpleui_bookshelf,warm,real,real_2692,2692,open_bookshelf,PASS,1,10,0,0,,,,,,,,10,1.000000,1.000000,1.000000,1.000000,1.000000,0.000000,,,,,,,,10,1.000000,1.000000,1.000000,1.000000,1.000000,0.000000,10,100.000000,100.000000,100.000000,100.000000,100.000000,0.000000,10,1081.796875,1003.775293,997.542480,931.070312,1069.844629,57.136338,10,63181.702148,53513.413770,52807.187988,49477.792969,56615.958691,4151.040806,10,0.000000,0.000000,0.000000,0.000000,0.000000,0.000000,10,1.000000,1.000000,1.000000,1.000000,1.000000,0.000000,10,381408.000000,381408.000000,381408.000000,381408.000000,381408.000000,0.000000,10,1.000000,1.000000,1.000000,1.000000,1.000000,0.000000,,,,,,,,10,100.000000,100.000000,100.000000,100.000000,100.000000,0.000000,10,18.676000,15.043000,14.518000,12.829000,16.813900,1.709852
phase2,R5_simpleui_bookshelf,warm,real,real_2692,2692,open_quick_settings,PASS,1,10,0,0,,,,,,,,10,2.000000,2.000000,2.000000,2.000000,2.000000,0.000000,,,,,,,,10,2.000000,2.000000,2.000000,2.000000,2.000000,0.000000,10,100.000000,100.000000,100.000000,100.000000,100.000000,0.000000,10,288.264648,263.908984,270.983398,212.909180,285.499609,23.368304,10,61207.625000,59473.602344,59503.327148,57723.655273,60846.626562,1164.770645,10,0.000000,0.000000,0.000000,0.000000,0.000000,0.000000,10,2.000000,2.000000,2.000000,2.000000,2.000000,0.000000,10,381408.000000,381408.000000,381408.000000,381408.000000,381408.000000,0.000000,10,2.000000,2.000000,2.000000,2.000000,2.000000,0.000000,,,,,,,,10,100.000000,100.000000,100.000000,100.000000,100.000000,0.000000,10,9.155000,8.480500,8.496000,7.638000,9.103700,0.558380
phase2,R5_simpleui_bookshelf,warm,real,real_2692,2692,repeated_nav,PASS,1,1,0,0,,,,,,,,1,34.949029,34.949029,34.949029,34.949029,34.949029,0.000000,,,,,,,,1,32.000000,32.000000,32.000000,32.000000,32.000000,0.000000,1,100.000000,100.000000,100.000000,100.000000,100.000000,0.000000,1,-2397.930664,-2397.930664,-2397.930664,-2397.930664,-2397.930664,0.000000,1,64284.328125,64284.328125,64284.328125,64284.328125,64284.328125,0.000000,1,30.000000,30.000000,30.000000,30.000000,30.000000,0.000000,1,62.000000,62.000000,62.000000,62.000000,62.000000,0.000000,1,381408.000000,381408.000000,381408.000000,381408.000000,381408.000000,0.000000,1,62.000000,62.000000,62.000000,62.000000,62.000000,0.000000,,,,,,,,1,100.000000,100.000000,100.000000,100.000000,100.000000,0.000000,1,733.971000,733.971000,733.971000,733.971000,733.971000,0.000000
phase2,R5_simpleui_bookshelf,warm,real,real_2692,2692,start_to_home,PASS,1,10,0,0,,,,,,,,10,0.000000,0.000000,0.000000,0.000000,0.000000,0.000000,,,,,,,,10,0.000000,0.000000,0.000000,0.000000,0.000000,0.000000,10,0.000000,0.000000,0.000000,0.000000,0.000000,0.000000,10,9.527344,5.346484,5.113281,2.148438,8.145703,2.492636,10,13076.366211,13028.479102,13024.194336,12978.506836,13070.393164,33.863810,10,0.000000,0.000000,0.000000,0.000000,0.000000,0.000000,10,0.000000,0.000000,0.000000,0.000000,0.000000,0.000000,10,170080.000000,170080.000000,170080.000000,170080.000000,170080.000000,0.000000,10,0.000000,0.000000,0.000000,0.000000,0.000000,0.000000,,,,,,,,10,0.000000,0.000000,0.000000,0.000000,0.000000,0.000000,10,0.103000,0.052400,0.052000,0.012000,0.092200,0.031060
phase2,R6_simpleui_vos,real_first_run,startup,real_2692,2692,home_to_library,PASS,1,1,0,0,,,,,,,,1,0.000000,0.000000,0.000000,0.000000,0.000000,0.000000,,,,,,,,1,0.000000,0.000000,0.000000,0.000000,0.000000,0.000000,1,0.000000,0.000000,0.000000,0.000000,0.000000,0.000000,1,3.089844,3.089844,3.089844,3.089844,3.089844,0.000000,1,13324.589844,13324.589844,13324.589844,13324.589844,13324.589844,0.000000,1,0.000000,0.000000,0.000000,0.000000,0.000000,0.000000,1,0.000000,0.000000,0.000000,0.000000,0.000000,0.000000,1,171408.000000,171408.000000,171408.000000,171408.000000,171408.000000,0.000000,1,0.000000,0.000000,0.000000,0.000000,0.000000,0.000000,,,,,,,,1,0.000000,0.000000,0.000000,0.000000,0.000000,0.000000,1,0.069000,0.069000,0.069000,0.069000,0.069000,0.000000
phase2,R6_simpleui_vos,real_first_run,startup,real_2692,2692,library_first_render,PASS,1,1,0,0,,,,,,,,1,5.575243,5.575243,5.575243,5.575243,5.575243,0.000000,,,,,,,,1,5.000000,5.000000,5.000000,5.000000,5.000000,0.000000,1,100.000000,100.000000,100.000000,100.000000,100.000000,0.000000,1,607.862305,607.862305,607.862305,607.862305,607.862305,0.000000,1,13938.233398,13938.233398,13938.233398,13938.233398,13938.233398,0.000000,1,6.000000,6.000000,6.000000,6.000000,6.000000,0.000000,1,11.000000,11.000000,11.000000,11.000000,11.000000,0.000000,1,181808.000000,181808.000000,181808.000000,181808.000000,181808.000000,0.000000,1,11.000000,11.000000,11.000000,11.000000,11.000000,0.000000,,,,,,,,1,100.000000,100.000000,100.000000,100.000000,100.000000,0.000000,1,15.633000,15.633000,15.633000,15.633000,15.633000,0.000000
phase2,R6_simpleui_vos,real_steady_cold,startup,real_2692,2692,home_to_library,PASS,3,3,0,0,,,,,,,,3,0.000000,0.000000,0.000000,0.000000,0.000000,0.000000,,,,,,,,3,0.000000,0.000000,0.000000,0.000000,0.000000,0.000000,3,0.000000,0.000000,0.000000,0.000000,0.000000,0.000000,3,12.464844,7.334635,6.308594,3.230469,11.233594,4.701914,3,13264.922852,13237.228841,13250.950195,13195.813477,13262.128320,36.540842,3,0.000000,0.000000,0.000000,0.000000,0.000000,0.000000,3,0.000000,0.000000,0.000000,0.000000,0.000000,0.000000,3,170976.000000,170016.000000,170064.000000,169008.000000,170793.600000,984.877657,3,0.000000,0.000000,0.000000,0.000000,0.000000,0.000000,,,,,,,,3,0.000000,0.000000,0.000000,0.000000,0.000000,0.000000,3,0.131000,0.074333,0.062000,0.030000,0.117200,0.051617
phase2,R6_simpleui_vos,real_steady_cold,startup,real_2692,2692,library_first_render,PASS,3,3,0,0,,,,,,,,3,4.575243,4.575243,4.575243,4.575243,4.575243,0.000000,,,,,,,,3,4.000000,4.000000,4.000000,4.000000,4.000000,0.000000,3,100.000000,100.000000,100.000000,100.000000,100.000000,0.000000,3,681.440430,653.400391,648.514648,630.246094,674.855273,25.944515,3,13938.777344,13896.612305,13919.218750,13831.840820,13934.865625,56.939824,3,6.000000,6.000000,6.000000,6.000000,6.000000,0.000000,3,10.000000,10.000000,10.000000,10.000000,10.000000,0.000000,3,181376.000000,175130.666667,172224.000000,171792.000000,179545.600000,5412.928721,3,10.000000,10.000000,10.000000,10.000000,10.000000,0.000000,,,,,,,,3,100.000000,100.000000,100.000000,100.000000,100.000000,0.000000,3,15.033000,13.838000,13.945000,12.536000,14.815400,1.251934
phase2,R6_simpleui_vos,warm,real,real_2692,2692,change_sort_mode,PASS,1,10,0,0,,,,,,,,10,2.781553,2.781553,2.781553,2.781553,2.781553,0.000000,,,,,,,,10,2.000000,2.000000,2.000000,2.000000,2.000000,0.000000,10,100.000000,100.000000,100.000000,100.000000,100.000000,0.000000,10,657.116211,-4.203027,423.203613,-3102.281250,591.727344,1159.582792,10,22014.391602,20190.647070,19894.969238,18922.157227,21612.888770,1046.926183,10,8.000000,8.000000,8.000000,8.000000,8.000000,0.000000,10,10.000000,10.000000,10.000000,10.000000,10.000000,0.000000,10,191632.000000,191216.000000,191120.000000,191120.000000,191574.400000,202.947174,10,10.000000,10.000000,10.000000,10.000000,10.000000,0.000000,,,,,,,,10,100.000000,100.000000,100.000000,100.000000,100.000000,0.000000,10,27.860000,12.208800,8.835500,5.712000,26.603600,8.032913
phase2,R6_simpleui_vos,warm,real,real_2692,2692,close_book,PASS,1,10,0,0,,,,,,,,10,17.483010,17.483010,17.483010,17.483010,17.483010,0.000000,,,,,,,,10,17.000000,17.000000,17.000000,17.000000,17.000000,0.000000,10,100.000000,100.000000,100.000000,100.000000,100.000000,0.000000,10,4017.951172,2633.702539,3447.420898,-1039.867188,3792.553906,1945.089567,10,50371.452148,47222.217187,47083.485352,43601.329102,49660.335254,2385.438401,10,5.000000,5.000000,5.000000,5.000000,5.000000,0.000000,10,22.000000,22.000000,22.000000,22.000000,22.000000,0.000000,10,384768.000000,379856.000000,380064.000000,375280.000000,384609.600000,3507.922715,10,22.000000,22.000000,22.000000,22.000000,22.000000,0.000000,,,,,,,,10,100.000000,100.000000,100.000000,100.000000,100.000000,0.000000,10,111.081000,56.160000,40.789500,33.503000,94.188000,29.420596
phase2,R6_simpleui_vos,warm,real,real_2692,2692,close_quick_settings,PASS,1,10,0,0,,,,,,,,10,3.000000,3.000000,3.000000,3.000000,3.000000,0.000000,,,,,,,,10,3.000000,3.000000,3.000000,3.000000,3.000000,0.000000,10,100.000000,100.000000,100.000000,100.000000,100.000000,0.000000,10,1878.491211,342.577344,151.492676,92.109375,440.027539,543.987473,10,64842.834961,61147.269336,62534.052246,55498.580078,64386.612305,3610.995140,10,0.000000,0.000000,0.000000,0.000000,0.000000,0.000000,10,3.000000,3.000000,3.000000,3.000000,3.000000,0.000000,10,389136.000000,388697.600000,389136.000000,387376.000000,389136.000000,718.287346,10,3.000000,3.000000,3.000000,3.000000,3.000000,0.000000,,,,,,,,10,100.000000,100.000000,100.000000,100.000000,100.000000,0.000000,10,13630.291000,1394.783800,9.206000,7.296000,1583.109700,4299.755841
phase2,R6_simpleui_vos,warm,real,real_2692,2692,home_to_library,PASS,1,10,0,0,,,,,,,,10,0.000000,0.000000,0.000000,0.000000,0.000000,0.000000,,,,,,,,10,0.000000,0.000000,0.000000,0.000000,0.000000,0.000000,10,0.000000,0.000000,0.000000,0.000000,0.000000,0.000000,10,6.589844,3.091797,2.320312,2.164062,5.542187,1.588168,10,13497.008789,13465.252930,13469.206055,13431.262695,13489.763086,22.690081,10,0.000000,0.000000,0.000000,0.000000,0.000000,0.000000,10,0.000000,0.000000,0.000000,0.000000,0.000000,0.000000,10,169632.000000,169632.000000,169632.000000,169632.000000,169632.000000,0.000000,10,0.000000,0.000000,0.000000,0.000000,0.000000,0.000000,,,,,,,,10,0.000000,0.000000,0.000000,0.000000,0.000000,0.000000,10,0.044000,0.021300,0.018500,0.006000,0.036800,0.013166
phase2,R6_simpleui_vos,warm,real,real_2692,2692,library_first_render,PASS,1,10,0,0,,,,,,,,10,2.390777,2.390777,2.390777,2.390777,2.390777,0.000000,,,,,,,,10,2.000000,2.000000,2.000000,2.000000,2.000000,0.000000,10,100.000000,100.000000,100.000000,100.000000,100.000000,0.000000,10,869.320312,532.636914,769.143066,-1737.452148,838.929492,798.747608,10,19937.278320,17921.437500,18074.565430,15414.581055,19360.914453,1436.182519,10,4.000000,4.000000,4.000000,4.000000,4.000000,0.000000,10,6.000000,6.000000,6.000000,6.000000,6.000000,0.000000,10,188608.000000,188608.000000,188608.000000,188608.000000,188608.000000,0.000000,10,6.000000,6.000000,6.000000,6.000000,6.000000,0.000000,,,,,,,,10,100.000000,100.000000,100.000000,100.000000,100.000000,0.000000,10,25.628000,22.614100,22.058500,21.143000,24.471500,1.403373
phase2,R6_simpleui_vos,warm,real,real_2692,2692,library_folder_back,PASS,1,10,0,0,,,,,,,,10,2.586165,2.586165,2.586165,2.586165,2.586165,0.000000,,,,,,,,10,2.000000,2.000000,2.000000,2.000000,2.000000,0.000000,10,100.000000,100.000000,100.000000,100.000000,100.000000,0.000000,10,307.628906,4.775879,284.848633,-763.080078,303.664160,467.716336,10,19105.250977,18594.215234,18548.897949,17871.188477,18954.523828,358.153643,10,6.000000,6.000000,6.000000,6.000000,6.000000,0.000000,10,8.000000,8.000000,8.000000,8.000000,8.000000,0.000000,10,191120.000000,190454.400000,190832.000000,188608.000000,191091.200000,980.469185,10,8.000000,8.000000,8.000000,8.000000,8.000000,0.000000,,,,,,,,10,100.000000,100.000000,100.000000,100.000000,100.000000,0.000000,10,28.650000,15.665500,11.036000,7.782000,28.207200,8.234464
phase2,R6_simpleui_vos,warm,real,real_2692,2692,library_folder_enter,PASS,1,10,0,0,,,,,,,,10,2.586165,2.586165,2.586165,2.586165,2.586165,0.000000,,,,,,,,10,2.000000,2.000000,2.000000,2.000000,2.000000,0.000000,10,100.000000,100.000000,100.000000,100.000000,100.000000,0.000000,10,303.770508,-43.575391,242.182617,-1875.583984,264.883301,683.811968,10,18107.444336,17276.464941,17325.971191,16044.529297,18074.728809,674.083331,10,6.000000,6.000000,6.000000,6.000000,6.000000,0.000000,10,8.000000,8.000000,8.000000,8.000000,8.000000,0.000000,10,188608.000000,188608.000000,188608.000000,188608.000000,188608.000000,0.000000,10,8.000000,8.000000,8.000000,8.000000,8.000000,0.000000,,,,,,,,10,100.000000,100.000000,100.000000,100.000000,100.000000,0.000000,10,32.332000,14.933000,11.273000,10.569000,28.659100,8.156485
phase2,R6_simpleui_vos,warm,real,real_2692,2692,library_next_page,UNSUPPORTED,1,0,0,10,,,,,,,,,,,,,,,,,,,,,,,,,,,,,,,,,,,,,,,,,,,,,,,,,,,,,,,,,,,,,,,,,,,,,,,,,,,,,,,,,,,,,,,,,,,,,,,,,,
phase2,R6_simpleui_vos,warm,real,real_2692,2692,library_prev_page,UNSUPPORTED,1,0,0,10,,,,,,,,,,,,,,,,,,,,,,,,,,,,,,,,,,,,,,,,,,,,,,,,,,,,,,,,,,,,,,,,,,,,,,,,,,,,,,,,,,,,,,,,,,,,,,,,,,
phase2,R6_simpleui_vos,warm,real,real_2692,2692,open_book,PASS,1,10,0,0,,,,,,,,10,15.000000,12.300000,13.000000,8.000000,13.200000,2.110819,,,,,,,,10,15.000000,12.300000,13.000000,8.000000,13.200000,2.110819,10,100.000000,100.000000,100.000000,100.000000,100.000000,0.000000,10,1277.032227,-1816.358691,-2095.015137,-3925.041992,1135.904492,1749.405544,10,38943.482422,35494.046680,35405.922363,32199.337891,38246.957129,2532.812798,10,0.000000,0.000000,0.000000,0.000000,0.000000,0.000000,10,15.000000,12.300000,13.000000,8.000000,13.200000,2.110819,10,371312.000000,367208.000000,366400.000000,363104.000000,371240.000000,3114.002212,10,15.000000,12.300000,13.000000,8.000000,13.200000,2.110819,,,,,,,,10,100.000000,100.000000,100.000000,100.000000,100.000000,0.000000,10,180.092000,127.062900,129.128000,65.302000,178.219100,39.166408
phase2,R6_simpleui_vos,warm,real,real_2692,2692,open_book_minimal,PASS,1,10,0,0,,,,,,,,10,0.000000,0.000000,0.000000,0.000000,0.000000,0.000000,,,,,,,,10,0.000000,0.000000,0.000000,0.000000,0.000000,0.000000,10,0.000000,0.000000,0.000000,0.000000,0.000000,0.000000,10,1377.189453,-1229.783496,-1563.921387,-3673.142578,1321.652246,2013.292603,10,30137.336914,26301.219727,25982.425293,21795.317383,30075.285254,3041.667921,10,0.000000,0.000000,0.000000,0.000000,0.000000,0.000000,10,0.000000,0.000000,0.000000,0.000000,0.000000,0.000000,10,360976.000000,343180.800000,350048.000000,302384.000000,360976.000000,18757.355018,10,0.000000,0.000000,0.000000,0.000000,0.000000,0.000000,,,,,,,,10,0.000000,0.000000,0.000000,0.000000,0.000000,0.000000,10,283.810000,145.383600,135.518500,69.369000,184.136800,57.995538
phase2,R6_simpleui_vos,warm,real,real_2692,2692,open_quick_settings,PASS,1,10,0,0,,,,,,,,10,3.000000,3.000000,3.000000,3.000000,3.000000,0.000000,,,,,,,,10,3.000000,3.000000,3.000000,3.000000,3.000000,0.000000,10,100.000000,100.000000,100.000000,100.000000,100.000000,0.000000,10,426.575195,352.729785,340.589355,309.710938,417.088281,40.673079,10,54136.191406,51927.349219,51795.940918,49832.686523,53744.378516,1488.620271,10,0.000000,0.000000,0.000000,0.000000,0.000000,0.000000,10,3.000000,3.000000,3.000000,3.000000,3.000000,0.000000,10,387056.000000,387056.000000,387056.000000,387056.000000,387056.000000,0.000000,10,3.000000,3.000000,3.000000,3.000000,3.000000,0.000000,,,,,,,,10,100.000000,100.000000,100.000000,100.000000,100.000000,0.000000,10,9.129000,8.286200,8.391000,7.602000,8.609700,0.455527
phase2,R6_simpleui_vos,warm,real,real_2692,2692,repeated_nav,PASS,1,1,0,0,,,,,,,,1,38.628641,38.628641,38.628641,38.628641,38.628641,0.000000,,,,,,,,1,30.000000,30.000000,30.000000,30.000000,30.000000,0.000000,1,100.000000,100.000000,100.000000,100.000000,100.000000,0.000000,1,-16330.797852,-16330.797852,-16330.797852,-16330.797852,-16330.797852,0.000000,1,48527.548828,48527.548828,48527.548828,48527.548828,48527.548828,0.000000,1,90.000000,90.000000,90.000000,90.000000,90.000000,0.000000,1,120.000000,120.000000,120.000000,120.000000,120.000000,0.000000,1,389136.000000,389136.000000,389136.000000,389136.000000,389136.000000,0.000000,1,120.000000,120.000000,120.000000,120.000000,120.000000,0.000000,,,,,,,,1,100.000000,100.000000,100.000000,100.000000,100.000000,0.000000,1,660.269000,660.269000,660.269000,660.269000,660.269000,0.000000
phase2,R6_simpleui_vos,warm,real,real_2692,2692,start_to_home,PASS,1,10,0,0,,,,,,,,10,0.000000,0.000000,0.000000,0.000000,0.000000,0.000000,,,,,,,,10,0.000000,0.000000,0.000000,0.000000,0.000000,0.000000,10,0.000000,0.000000,0.000000,0.000000,0.000000,0.000000,10,6.144531,2.913281,2.708984,2.148438,3.289844,1.180776,10,13402.692383,13363.532227,13365.372070,13316.254883,13396.940820,30.456636,10,0.000000,0.000000,0.000000,0.000000,0.000000,0.000000,10,0.000000,0.000000,0.000000,0.000000,0.000000,0.000000,10,169632.000000,169632.000000,169632.000000,169632.000000,169632.000000,0.000000,10,0.000000,0.000000,0.000000,0.000000,0.000000,0.000000,,,,,,,,10,0.000000,0.000000,0.000000,0.000000,0.000000,0.000000,10,0.159000,0.038600,0.025000,0.013000,0.053700,0.043306
phase2,R7_simpleui_vos_bookshelf,real_first_run,startup,real_2692,2692,home_to_library,PASS,1,1,0,0,,,,,,,,1,0.000000,0.000000,0.000000,0.000000,0.000000,0.000000,,,,,,,,1,0.000000,0.000000,0.000000,0.000000,0.000000,0.000000,1,0.000000,0.000000,0.000000,0.000000,0.000000,0.000000,1,3.300781,3.300781,3.300781,3.300781,3.300781,0.000000,1,13492.349609,13492.349609,13492.349609,13492.349609,13492.349609,0.000000,1,0.000000,0.000000,0.000000,0.000000,0.000000,0.000000,1,0.000000,0.000000,0.000000,0.000000,0.000000,0.000000,1,178304.000000,178304.000000,178304.000000,178304.000000,178304.000000,0.000000,1,0.000000,0.000000,0.000000,0.000000,0.000000,0.000000,,,,,,,,1,0.000000,0.000000,0.000000,0.000000,0.000000,0.000000,1,0.023000,0.023000,0.023000,0.023000,0.023000,0.000000
phase2,R7_simpleui_vos_bookshelf,real_first_run,startup,real_2692,2692,library_first_render,PASS,1,1,0,0,,,,,,,,1,5.575243,5.575243,5.575243,5.575243,5.575243,0.000000,,,,,,,,1,5.000000,5.000000,5.000000,5.000000,5.000000,0.000000,1,100.000000,100.000000,100.000000,100.000000,100.000000,0.000000,1,667.357422,667.357422,667.357422,667.357422,667.357422,0.000000,1,14165.488281,14165.488281,14165.488281,14165.488281,14165.488281,0.000000,1,6.000000,6.000000,6.000000,6.000000,6.000000,0.000000,1,11.000000,11.000000,11.000000,11.000000,11.000000,0.000000,1,181088.000000,181088.000000,181088.000000,181088.000000,181088.000000,0.000000,1,11.000000,11.000000,11.000000,11.000000,11.000000,0.000000,,,,,,,,1,100.000000,100.000000,100.000000,100.000000,100.000000,0.000000,1,17.789000,17.789000,17.789000,17.789000,17.789000,0.000000
phase2,R7_simpleui_vos_bookshelf,real_steady_cold,startup,real_2692,2692,home_to_library,PASS,3,3,0,0,,,,,,,,3,0.000000,0.000000,0.000000,0.000000,0.000000,0.000000,,,,,,,,3,0.000000,0.000000,0.000000,0.000000,0.000000,0.000000,3,0.000000,0.000000,0.000000,0.000000,0.000000,0.000000,3,9.511719,6.326823,5.394531,4.074219,8.688281,2.836102,3,13393.963867,13356.064128,13383.881836,13290.346680,13391.947461,57.135795,3,0.000000,0.000000,0.000000,0.000000,0.000000,0.000000,3,0.000000,0.000000,0.000000,0.000000,0.000000,0.000000,3,169216.000000,168837.333333,169216.000000,168080.000000,169216.000000,655.869906,3,0.000000,0.000000,0.000000,0.000000,0.000000,0.000000,,,,,,,,3,0.000000,0.000000,0.000000,0.000000,0.000000,0.000000,3,0.106000,0.074000,0.069000,0.047000,0.098600,0.029816
phase2,R7_simpleui_vos_bookshelf,real_steady_cold,startup,real_2692,2692,library_first_render,PASS,3,3,0,0,,,,,,,,3,4.575243,4.575243,4.575243,4.575243,4.575243,0.000000,,,,,,,,3,4.000000,4.000000,4.000000,4.000000,4.000000,0.000000,3,100.000000,100.000000,100.000000,100.000000,100.000000,0.000000,3,648.917969,629.793620,629.275391,611.187500,644.989453,18.870572,3,14039.186523,13991.840820,14010.932617,13925.403320,14033.535742,59.245480,3,6.000000,6.000000,6.000000,6.000000,6.000000,0.000000,3,10.000000,10.000000,10.000000,10.000000,10.000000,0.000000,3,180336.000000,174170.666667,171152.000000,171024.000000,178499.200000,5339.718844,3,10.000000,10.000000,10.000000,10.000000,10.000000,0.000000,,,,,,,,3,100.000000,100.000000,100.000000,100.000000,100.000000,0.000000,3,15.159000,13.969333,14.025000,12.724000,14.932200,1.218454
phase2,R7_simpleui_vos_bookshelf,warm,real,real_2692,2692,bookshelf_first_render,PASS,1,10,0,0,,,,,,,,10,0.000000,0.000000,0.000000,0.000000,0.000000,0.000000,,,,,,,,10,0.000000,0.000000,0.000000,0.000000,0.000000,0.000000,10,0.000000,0.000000,0.000000,0.000000,0.000000,0.000000,10,647.780273,-6.662598,564.540039,-2953.347656,607.304883,1264.072660,10,52985.138672,51277.841211,51236.145020,50031.462891,52486.748730,983.278096,10,0.000000,0.000000,0.000000,0.000000,0.000000,0.000000,10,0.000000,0.000000,0.000000,0.000000,0.000000,0.000000,10,396576.000000,396576.000000,396576.000000,396576.000000,396576.000000,0.000000,10,0.000000,0.000000,0.000000,0.000000,0.000000,0.000000,,,,,,,,10,0.000000,0.000000,0.000000,0.000000,0.000000,0.000000,10,43.798000,13.102800,5.439500,4.886000,42.244600,15.747962
phase2,R7_simpleui_vos_bookshelf,warm,real,real_2692,2692,bookshelf_page_turn,PASS,1,10,0,0,,,,,,,,10,0.000000,0.000000,0.000000,0.000000,0.000000,0.000000,,,,,,,,10,0.000000,0.000000,0.000000,0.000000,0.000000,0.000000,10,0.000000,0.000000,0.000000,0.000000,0.000000,0.000000,10,29.156250,17.961719,17.093750,12.949219,21.225000,4.779156,10,52254.377930,52081.473242,52100.563477,51884.112305,52220.093555,127.561072,10,0.000000,0.000000,0.000000,0.000000,0.000000,0.000000,10,0.000000,0.000000,0.000000,0.000000,0.000000,0.000000,10,396576.000000,396576.000000,396576.000000,396576.000000,396576.000000,0.000000,10,0.000000,0.000000,0.000000,0.000000,0.000000,0.000000,,,,,,,,10,0.000000,0.000000,0.000000,0.000000,0.000000,0.000000,10,0.234000,0.172400,0.183500,0.050000,0.228600,0.059664
phase2,R7_simpleui_vos_bookshelf,warm,real,real_2692,2692,change_sort_mode,PASS,1,10,0,0,,,,,,,,10,2.781553,2.781553,2.781553,2.781553,2.781553,0.000000,,,,,,,,10,2.000000,2.000000,2.000000,2.000000,2.000000,0.000000,10,100.000000,100.000000,100.000000,100.000000,100.000000,0.000000,10,541.022461,138.577441,487.487793,-1698.883789,539.543262,756.654888,10,20029.115234,19319.412598,19380.485352,18319.948242,20010.804102,545.566003,10,8.000000,8.000000,8.000000,8.000000,8.000000,0.000000,10,10.000000,10.000000,10.000000,10.000000,10.000000,0.000000,10,191136.000000,191136.000000,191136.000000,191136.000000,191136.000000,0.000000,10,10.000000,10.000000,10.000000,10.000000,10.000000,0.000000,,,,,,,,10,100.000000,100.000000,100.000000,100.000000,100.000000,0.000000,10,26.742000,11.974900,8.818500,7.375000,23.760300,7.030872
phase2,R7_simpleui_vos_bookshelf,warm,real,real_2692,2692,close_book,PASS,1,10,0,0,,,,,,,,10,20.483010,17.783010,17.483010,17.483010,17.783010,0.948683,,,,,,,,10,20.000000,17.300000,17.000000,17.000000,17.300000,0.948683,10,100.000000,100.000000,100.000000,100.000000,100.000000,0.000000,10,4560.481445,2714.513965,3609.777344,-1892.455078,4196.433203,2311.374291,10,51407.860352,47388.467676,47710.778809,42145.228516,50384.169238,2824.932653,10,5.000000,5.000000,5.000000,5.000000,5.000000,0.000000,10,25.000000,22.300000,22.000000,22.000000,22.300000,0.948683,10,387744.000000,381547.200000,381408.000000,376640.000000,387744.000000,3966.544894,10,25.000000,22.300000,22.000000,22.000000,22.300000,0.948683,,,,,,,,10,100.000000,100.000000,100.000000,100.000000,100.000000,0.000000,10,122.117000,52.958200,39.544000,29.919000,102.111800,31.698229
phase2,R7_simpleui_vos_bookshelf,warm,real,real_2692,2692,close_bookshelf,PASS,1,10,0,0,,,,,,,,10,8.061286,8.061286,8.061286,8.061286,8.061286,0.000000,,,,,,,,10,8.000000,8.000000,8.000000,8.000000,8.000000,0.000000,10,100.000000,100.000000,100.000000,100.000000,100.000000,0.000000,10,1762.221680,-416.612598,1690.458984,-9554.615234,1711.144043,4465.697384,10,59225.790039,55112.739355,55667.875977,50502.589844,58413.587500,3109.317337,10,1.000000,1.000000,1.000000,1.000000,1.000000,0.000000,10,9.000000,9.000000,9.000000,9.000000,9.000000,0.000000,10,396576.000000,396576.000000,396576.000000,396576.000000,396576.000000,0.000000,10,9.000000,9.000000,9.000000,9.000000,9.000000,0.000000,,,,,,,,10,100.000000,100.000000,100.000000,100.000000,100.000000,0.000000,10,72.724000,36.291500,27.604000,25.705000,71.652100,18.919948
phase2,R7_simpleui_vos_bookshelf,warm,real,real_2692,2692,close_quick_settings,PASS,1,10,0,0,,,,,,,,10,4.000000,4.000000,4.000000,4.000000,4.000000,0.000000,,,,,,,,10,4.000000,4.000000,4.000000,4.000000,4.000000,0.000000,10,100.000000,100.000000,100.000000,100.000000,100.000000,0.000000,10,415.322266,-97.880273,339.934570,-4077.529297,412.478125,1399.201552,10,73198.378906,68004.751855,67667.219727,62889.058594,72630.021875,4017.749208,10,0.000000,0.000000,0.000000,0.000000,0.000000,0.000000,10,4.000000,4.000000,4.000000,4.000000,4.000000,0.000000,10,396576.000000,396576.000000,396576.000000,396576.000000,396576.000000,0.000000,10,4.000000,4.000000,4.000000,4.000000,4.000000,0.000000,,,,,,,,10,100.000000,100.000000,100.000000,100.000000,100.000000,0.000000,10,16.237000,11.763700,11.761000,9.060000,14.863600,2.573093
phase2,R7_simpleui_vos_bookshelf,warm,real,real_2692,2692,home_to_library,PASS,1,10,0,0,,,,,,,,10,0.000000,0.000000,0.000000,0.000000,0.000000,0.000000,,,,,,,,10,0.000000,0.000000,0.000000,0.000000,0.000000,0.000000,10,0.000000,0.000000,0.000000,0.000000,0.000000,0.000000,10,5.230469,3.436719,3.066406,2.320312,4.815625,1.141319,10,13636.686523,13589.827539,13587.338867,13551.256836,13626.276758,28.757734,10,0.000000,0.000000,0.000000,0.000000,0.000000,0.000000,10,0.000000,0.000000,0.000000,0.000000,0.000000,0.000000,10,169904.000000,169904.000000,169904.000000,169904.000000,169904.000000,0.000000,10,0.000000,0.000000,0.000000,0.000000,0.000000,0.000000,,,,,,,,10,0.000000,0.000000,0.000000,0.000000,0.000000,0.000000,10,0.152000,0.055900,0.039500,0.018000,0.104300,0.043155
phase2,R7_simpleui_vos_bookshelf,warm,real,real_2692,2692,library_first_render,PASS,1,10,0,0,,,,,,,,10,2.390777,2.390777,2.390777,2.390777,2.390777,0.000000,,,,,,,,10,2.000000,2.000000,2.000000,2.000000,2.000000,0.000000,10,100.000000,100.000000,100.000000,100.000000,100.000000,0.000000,10,1011.087891,562.791113,772.645508,-1468.261719,827.661035,719.562725,10,20224.675781,18212.852832,18374.248535,15685.191406,19574.764160,1425.529056,10,4.000000,4.000000,4.000000,4.000000,4.000000,0.000000,10,6.000000,6.000000,6.000000,6.000000,6.000000,0.000000,10,184464.000000,181971.200000,181976.000000,180256.000000,183787.200000,1577.293096,10,6.000000,6.000000,6.000000,6.000000,6.000000,0.000000,,,,,,,,10,100.000000,100.000000,100.000000,100.000000,100.000000,0.000000,10,27.456000,23.046400,22.502000,20.220000,27.266100,2.412584
phase2,R7_simpleui_vos_bookshelf,warm,real,real_2692,2692,library_folder_back,PASS,1,10,0,0,,,,,,,,10,2.586165,2.586165,2.586165,2.586165,2.586165,0.000000,,,,,,,,10,2.000000,2.000000,2.000000,2.000000,2.000000,0.000000,10,100.000000,100.000000,100.000000,100.000000,100.000000,0.000000,10,427.752930,-12.540137,333.382324,-2137.727539,416.264746,841.489025,10,19154.073242,18029.562598,17834.571289,17074.530273,19118.266602,783.555461,10,6.000000,6.000000,6.000000,6.000000,6.000000,0.000000,10,8.000000,8.000000,8.000000,8.000000,8.000000,0.000000,10,191136.000000,190027.200000,191032.000000,186768.000000,191136.000000,1763.439871,10,8.000000,8.000000,8.000000,8.000000,8.000000,0.000000,,,,,,,,10,100.000000,100.000000,100.000000,100.000000,100.000000,0.000000,10,32.000000,13.849900,10.082000,8.601000,24.571400,7.888229
phase2,R7_simpleui_vos_bookshelf,warm,real,real_2692,2692,library_folder_enter,PASS,1,10,0,0,,,,,,,,10,2.586165,2.586165,2.586165,2.586165,2.586165,0.000000,,,,,,,,10,2.000000,2.000000,2.000000,2.000000,2.000000,0.000000,10,100.000000,100.000000,100.000000,100.000000,100.000000,0.000000,10,304.283203,-255.784766,242.643555,-2446.179688,302.791699,930.880717,10,18170.839844,16987.421387,16881.772461,16163.741211,17966.224316,710.990052,10,6.000000,6.000000,6.000000,6.000000,6.000000,0.000000,10,8.000000,8.000000,8.000000,8.000000,8.000000,0.000000,10,186640.000000,186596.800000,186608.000000,186512.000000,186640.000000,42.699987,10,8.000000,8.000000,8.000000,8.000000,8.000000,0.000000,,,,,,,,10,100.000000,100.000000,100.000000,100.000000,100.000000,0.000000,10,32.039000,16.634900,11.243500,9.013000,30.733100,9.489877
phase2,R7_simpleui_vos_bookshelf,warm,real,real_2692,2692,library_next_page,UNSUPPORTED,1,0,0,10,,,,,,,,,,,,,,,,,,,,,,,,,,,,,,,,,,,,,,,,,,,,,,,,,,,,,,,,,,,,,,,,,,,,,,,,,,,,,,,,,,,,,,,,,,,,,,,,,,
phase2,R7_simpleui_vos_bookshelf,warm,real,real_2692,2692,library_prev_page,UNSUPPORTED,1,0,0,10,,,,,,,,,,,,,,,,,,,,,,,,,,,,,,,,,,,,,,,,,,,,,,,,,,,,,,,,,,,,,,,,,,,,,,,,,,,,,,,,,,,,,,,,,,,,,,,,,,
phase2,R7_simpleui_vos_bookshelf,warm,real,real_2692,2692,open_book,PASS,1,10,0,0,,,,,,,,10,15.000000,13.300000,13.000000,12.000000,15.000000,0.948683,,,,,,,,10,15.000000,13.300000,13.000000,12.000000,15.000000,0.948683,10,100.000000,100.000000,100.000000,100.000000,100.000000,0.000000,10,1722.566406,-2353.607520,-2714.867676,-4126.990234,-1076.581250,1686.609966,10,38560.828125,35491.972461,35443.941406,32004.098633,38282.300098,2498.637514,10,0.000000,0.000000,0.000000,0.000000,0.000000,0.000000,10,15.000000,13.300000,13.000000,12.000000,15.000000,0.948683,10,373184.000000,370036.800000,369648.000000,365888.000000,372982.400000,2394.138620,10,15.000000,13.300000,13.000000,12.000000,15.000000,0.948683,,,,,,,,10,100.000000,100.000000,100.000000,100.000000,100.000000,0.000000,10,170.181000,134.039300,131.957500,93.184000,164.028600,23.724460
phase2,R7_simpleui_vos_bookshelf,warm,real,real_2692,2692,open_book_minimal,PASS,1,10,0,0,,,,,,,,10,0.000000,0.000000,0.000000,0.000000,0.000000,0.000000,,,,,,,,10,0.000000,0.000000,0.000000,0.000000,0.000000,0.000000,10,0.000000,0.000000,0.000000,0.000000,0.000000,0.000000,10,2490.760742,-1150.702441,-1780.273926,-3505.514648,1783.155957,2122.726666,10,29520.743164,26301.524805,26702.970215,22460.471680,29216.595898,2784.086575,10,0.000000,0.000000,0.000000,0.000000,0.000000,0.000000,10,0.000000,0.000000,0.000000,0.000000,0.000000,0.000000,10,362272.000000,340931.200000,346432.000000,301824.000000,361105.600000,19405.864937,10,0.000000,0.000000,0.000000,0.000000,0.000000,0.000000,,,,,,,,10,0.000000,0.000000,0.000000,0.000000,0.000000,0.000000,10,289.151000,151.632500,145.181500,91.843000,173.478500,52.380522
phase2,R7_simpleui_vos_bookshelf,warm,real,real_2692,2692,open_bookshelf,PASS,1,10,0,0,,,,,,,,10,1.000000,1.000000,1.000000,1.000000,1.000000,0.000000,,,,,,,,10,1.000000,1.000000,1.000000,1.000000,1.000000,0.000000,10,100.000000,100.000000,100.000000,100.000000,100.000000,0.000000,10,956.971680,830.240918,820.256348,737.904297,932.525781,72.560427,10,70661.407227,56283.261328,55142.320312,50855.458008,60541.877539,5854.131449,10,0.000000,0.000000,0.000000,0.000000,0.000000,0.000000,10,1.000000,1.000000,1.000000,1.000000,1.000000,0.000000,10,396576.000000,396576.000000,396576.000000,396576.000000,396576.000000,0.000000,10,1.000000,1.000000,1.000000,1.000000,1.000000,0.000000,,,,,,,,10,100.000000,100.000000,100.000000,100.000000,100.000000,0.000000,10,256.031000,37.303000,13.334500,11.085000,38.344400,76.858099
phase2,R7_simpleui_vos_bookshelf,warm,real,real_2692,2692,open_quick_settings,PASS,1,10,0,0,,,,,,,,10,3.000000,3.000000,3.000000,3.000000,3.000000,0.000000,,,,,,,,10,3.000000,3.000000,3.000000,3.000000,3.000000,0.000000,10,100.000000,100.000000,100.000000,100.000000,100.000000,0.000000,10,500.230469,444.463086,436.481934,415.094727,479.867090,29.080204,10,67667.540039,64434.446387,64472.047852,61282.707031,67004.026465,2174.996381,10,0.000000,0.000000,0.000000,0.000000,0.000000,0.000000,10,3.000000,3.000000,3.000000,3.000000,3.000000,0.000000,10,396576.000000,396576.000000,396576.000000,396576.000000,396576.000000,0.000000,10,3.000000,3.000000,3.000000,3.000000,3.000000,0.000000,,,,,,,,10,100.000000,100.000000,100.000000,100.000000,100.000000,0.000000,10,8.975000,8.550600,8.590500,8.029000,8.946200,0.328955
phase2,R7_simpleui_vos_bookshelf,warm,real,real_2692,2692,repeated_nav,PASS,1,1,0,0,,,,,,,,1,38.628641,38.628641,38.628641,38.628641,38.628641,0.000000,,,,,,,,1,30.000000,30.000000,30.000000,30.000000,30.000000,0.000000,1,100.000000,100.000000,100.000000,100.000000,100.000000,0.000000,1,-11552.519531,-11552.519531,-11552.519531,-11552.519531,-11552.519531,0.000000,1,53724.532227,53724.532227,53724.532227,53724.532227,53724.532227,0.000000,1,90.000000,90.000000,90.000000,90.000000,90.000000,0.000000,1,120.000000,120.000000,120.000000,120.000000,120.000000,0.000000,1,396576.000000,396576.000000,396576.000000,396576.000000,396576.000000,0.000000,1,120.000000,120.000000,120.000000,120.000000,120.000000,0.000000,,,,,,,,1,100.000000,100.000000,100.000000,100.000000,100.000000,0.000000,1,718.056000,718.056000,718.056000,718.056000,718.056000,0.000000
phase2,R7_simpleui_vos_bookshelf,warm,real,real_2692,2692,start_to_home,PASS,1,10,0,0,,,,,,,,10,0.000000,0.000000,0.000000,0.000000,0.000000,0.000000,,,,,,,,10,0.000000,0.000000,0.000000,0.000000,0.000000,0.000000,10,0.000000,0.000000,0.000000,0.000000,0.000000,0.000000,10,9.453125,5.988281,6.402344,2.546875,9.031250,2.578825,10,13504.030273,13440.851367,13440.249023,13378.920898,13496.281836,45.640871,10,0.000000,0.000000,0.000000,0.000000,0.000000,0.000000,10,0.000000,0.000000,0.000000,0.000000,0.000000,0.000000,10,169904.000000,169904.000000,169904.000000,169904.000000,169904.000000,0.000000,10,0.000000,0.000000,0.000000,0.000000,0.000000,0.000000,,,,,,,,10,0.000000,0.000000,0.000000,0.000000,0.000000,0.000000,10,0.082000,0.053700,0.056500,0.023000,0.068500,0.019126
phase2,R8_zenos,real_first_run,startup,real_2692,2692,home_to_library,PASS,1,1,0,0,,,,,,,,1,6.132888,6.132888,6.132888,6.132888,6.132888,0.000000,,,,,,,,1,6.000000,6.000000,6.000000,6.000000,6.000000,0.000000,1,100.000000,100.000000,100.000000,100.000000,100.000000,0.000000,1,2787.833008,2787.833008,2787.833008,2787.833008,2787.833008,0.000000,1,17570.675781,17570.675781,17570.675781,17570.675781,17570.675781,0.000000,1,3.000000,3.000000,3.000000,3.000000,3.000000,0.000000,1,9.000000,9.000000,9.000000,9.000000,9.000000,0.000000,1,199504.000000,199504.000000,199504.000000,199504.000000,199504.000000,0.000000,1,9.000000,9.000000,9.000000,9.000000,9.000000,0.000000,,,,,,,,1,100.000000,100.000000,100.000000,100.000000,100.000000,0.000000,1,44.899000,44.899000,44.899000,44.899000,44.899000,0.000000
phase2,R8_zenos,real_first_run,startup,real_2692,2692,library_first_render,PASS,1,1,0,0,,,,,,,,1,3.088592,3.088592,3.088592,3.088592,3.088592,0.000000,,,,,,,,1,3.000000,3.000000,3.000000,3.000000,3.000000,0.000000,1,100.000000,100.000000,100.000000,100.000000,100.000000,0.000000,1,671.210938,671.210938,671.210938,671.210938,671.210938,0.000000,1,18255.917969,18255.917969,18255.917969,18255.917969,18255.917969,0.000000,1,2.000000,2.000000,2.000000,2.000000,2.000000,0.000000,1,5.000000,5.000000,5.000000,5.000000,5.000000,0.000000,1,199504.000000,199504.000000,199504.000000,199504.000000,199504.000000,0.000000,1,5.000000,5.000000,5.000000,5.000000,5.000000,0.000000,,,,,,,,1,100.000000,100.000000,100.000000,100.000000,100.000000,0.000000,1,19.640000,19.640000,19.640000,19.640000,19.640000,0.000000
phase2,R8_zenos,real_steady_cold,startup,real_2692,2692,home_to_library,PASS,3,3,0,0,,,,,,,,3,6.132888,6.132888,6.132888,6.132888,6.132888,0.000000,,,,,,,,3,6.000000,6.000000,6.000000,6.000000,6.000000,0.000000,3,100.000000,100.000000,100.000000,100.000000,100.000000,0.000000,3,3159.890625,3145.080729,3159.636719,3115.714844,3159.839844,25.431920,3,17391.556641,17377.612630,17373.111328,17368.169922,17387.867578,12.326027,3,3.000000,3.000000,3.000000,3.000000,3.000000,0.000000,3,9.000000,9.000000,9.000000,9.000000,9.000000,0.000000,3,191040.000000,187098.666667,186656.000000,183600.000000,190163.200000,3739.701236,3,9.000000,9.000000,9.000000,9.000000,9.000000,0.000000,,,,,,,,3,100.000000,100.000000,100.000000,100.000000,100.000000,0.000000,3,58.094000,56.726667,57.759000,54.327000,58.027000,2.084912
phase2,R8_zenos,real_steady_cold,startup,real_2692,2692,library_first_render,PASS,3,3,0,0,,,,,,,,3,3.088592,3.088592,3.088592,3.088592,3.088592,0.000000,,,,,,,,3,3.000000,3.000000,3.000000,3.000000,3.000000,0.000000,3,100.000000,100.000000,100.000000,100.000000,100.000000,0.000000,3,862.812500,799.718750,828.154297,708.189453,855.880859,81.138813,3,18244.662109,18191.783203,18216.492188,18114.195312,18239.028125,68.653454,3,2.000000,2.000000,2.000000,2.000000,2.000000,0.000000,3,5.000000,5.000000,5.000000,5.000000,5.000000,0.000000,3,191040.000000,187098.666667,186656.000000,183600.000000,190163.200000,3739.701236,3,5.000000,5.000000,5.000000,5.000000,5.000000,0.000000,,,,,,,,3,100.000000,100.000000,100.000000,100.000000,100.000000,0.000000,3,27.795000,26.293667,27.018000,24.068000,27.639600,1.966247
phase2,R8_zenos,warm,real,real_2692,2692,change_sort_mode,PASS,1,10,0,0,,,,,,,,10,2.000000,2.000000,2.000000,2.000000,2.000000,0.000000,,,,,,,,10,2.000000,2.000000,2.000000,2.000000,2.000000,0.000000,10,100.000000,100.000000,100.000000,100.000000,100.000000,0.000000,10,730.137695,153.545312,694.349121,-2671.939453,728.121484,1186.195487,10,17839.843750,16407.024316,16496.574707,15171.404297,17392.683496,884.182116,10,0.000000,0.000000,0.000000,0.000000,0.000000,0.000000,10,2.000000,2.000000,2.000000,2.000000,2.000000,0.000000,10,195376.000000,195376.000000,195376.000000,195376.000000,195376.000000,0.000000,10,2.000000,2.000000,2.000000,2.000000,2.000000,0.000000,,,,,,,,10,100.000000,100.000000,100.000000,100.000000,100.000000,0.000000,10,27.207000,18.029700,16.432500,13.605000,26.555400,4.816150
phase2,R8_zenos,warm,real,real_2692,2692,close_book,PASS,1,10,0,0,,,,,,,,10,7.000000,7.000000,7.000000,7.000000,7.000000,0.000000,,,,,,,,10,7.000000,7.000000,7.000000,7.000000,7.000000,0.000000,10,100.000000,100.000000,100.000000,100.000000,100.000000,0.000000,10,3092.808594,2777.316504,2779.007324,2531.630859,2949.401855,158.462727,10,35463.196289,33840.098926,33919.684082,31483.830078,35177.451563,1230.121148,10,0.000000,0.000000,0.000000,0.000000,0.000000,0.000000,10,7.000000,7.000000,7.000000,7.000000,7.000000,0.000000,10,377024.000000,375136.000000,374672.000000,374240.000000,376174.400000,930.540584,10,7.000000,7.000000,7.000000,7.000000,7.000000,0.000000,,,,,,,,10,100.000000,100.000000,100.000000,100.000000,100.000000,0.000000,10,45.111000,33.359200,32.475000,25.850000,39.081900,5.341309
phase2,R8_zenos,warm,real,real_2692,2692,close_quick_settings,PASS,1,10,0,0,,,,,,,,10,3.000000,3.000000,3.000000,3.000000,3.000000,0.000000,,,,,,,,10,3.000000,3.000000,3.000000,3.000000,3.000000,0.000000,10,100.000000,100.000000,100.000000,100.000000,100.000000,0.000000,10,80.390625,61.737402,59.877930,50.193359,75.630469,9.674751,10,40344.969727,39154.398242,39160.316895,37934.826172,40116.078809,808.721072,10,0.000000,0.000000,0.000000,0.000000,0.000000,0.000000,10,3.000000,3.000000,3.000000,3.000000,3.000000,0.000000,10,384560.000000,383014.400000,383024.000000,381424.000000,384286.400000,1061.727230,10,3.000000,3.000000,3.000000,3.000000,3.000000,0.000000,,,,,,,,10,100.000000,100.000000,100.000000,100.000000,100.000000,0.000000,10,9.038000,8.424800,8.433000,7.697000,8.982200,0.553898
phase2,R8_zenos,warm,real,real_2692,2692,home_to_library,PASS,1,10,0,0,,,,,,,,10,5.177184,5.177184,5.177184,5.177184,5.177184,0.000000,,,,,,,,10,5.000000,5.000000,5.000000,5.000000,5.000000,0.000000,10,100.000000,100.000000,100.000000,100.000000,100.000000,0.000000,10,1332.610352,464.915332,1195.828125,-2662.388672,1317.816602,1612.034567,10,17613.634766,16476.573828,16292.856445,14935.489258,17521.281055,1004.805649,10,4.000000,4.000000,4.000000,4.000000,4.000000,0.000000,10,9.000000,9.000000,9.000000,9.000000,9.000000,0.000000,10,195056.000000,195020.800000,195024.000000,194992.000000,195056.000000,23.611673,10,9.000000,9.000000,9.000000,9.000000,9.000000,0.000000,,,,,,,,10,100.000000,100.000000,100.000000,100.000000,100.000000,0.000000,10,39.694000,34.585200,34.412000,31.169000,37.437700,2.518692
phase2,R8_zenos,warm,real,real_2692,2692,library_first_render,PASS,1,10,0,0,,,,,,,,10,3.088592,3.088592,3.088592,3.088592,3.088592,0.000000,,,,,,,,10,3.000000,3.000000,3.000000,3.000000,3.000000,0.000000,10,100.000000,100.000000,100.000000,100.000000,100.000000,0.000000,10,910.717773,148.422070,820.358887,-2706.608398,909.012695,1457.121239,10,18301.029297,16470.663281,16526.541992,14800.977539,17592.949902,1201.281431,10,2.000000,2.000000,2.000000,2.000000,2.000000,0.000000,10,5.000000,5.000000,5.000000,5.000000,5.000000,0.000000,10,195056.000000,195056.000000,195056.000000,195056.000000,195056.000000,0.000000,10,5.000000,5.000000,5.000000,5.000000,5.000000,0.000000,,,,,,,,10,100.000000,100.000000,100.000000,100.000000,100.000000,0.000000,10,31.767000,27.289400,26.833500,23.771000,31.394400,2.577915
phase2,R8_zenos,warm,real,real_2692,2692,library_folder_back,PASS,1,10,0,0,,,,,,,,10,1.044296,1.044296,1.044296,1.044296,1.044296,0.000000,,,,,,,,10,1.000000,1.000000,1.000000,1.000000,1.000000,0.000000,10,100.000000,100.000000,100.000000,100.000000,100.000000,0.000000,10,585.036133,-5.584863,505.612305,-1656.614258,528.787012,863.123513,10,16619.426758,15800.093457,15850.040527,15089.340820,16558.809473,581.027310,10,1.000000,1.000000,1.000000,1.000000,1.000000,0.000000,10,2.000000,2.000000,2.000000,2.000000,2.000000,0.000000,10,195376.000000,195366.400000,195376.000000,195328.000000,195376.000000,20.238577,10,2.000000,2.000000,2.000000,2.000000,2.000000,0.000000,,,,,,,,10,100.000000,100.000000,100.000000,100.000000,100.000000,0.000000,10,28.155000,18.133600,14.611500,12.978000,27.941700,6.520443
phase2,R8_zenos,warm,real,real_2692,2692,library_folder_enter,PASS,1,10,0,0,,,,,,,,10,1.044296,1.044296,1.044296,1.044296,1.044296,0.000000,,,,,,,,10,1.000000,1.000000,1.000000,1.000000,1.000000,0.000000,10,100.000000,100.000000,100.000000,100.000000,100.000000,0.000000,10,293.956055,-385.119629,200.068359,-2049.332031,280.866504,1012.939580,10,16500.657227,15750.072656,15743.509766,14930.872070,16485.314160,619.118793,10,1.000000,1.000000,1.000000,1.000000,1.000000,0.000000,10,2.000000,2.000000,2.000000,2.000000,2.000000,0.000000,10,195312.000000,195267.200000,195264.000000,195216.000000,195312.000000,38.311008,10,2.000000,2.000000,2.000000,2.000000,2.000000,0.000000,,,,,,,,10,100.000000,100.000000,100.000000,100.000000,100.000000,0.000000,10,27.740000,13.637600,9.303000,8.616000,23.519900,7.405725
phase2,R8_zenos,warm,real,real_2692,2692,library_next_page,PASS,1,10,0,0,,,,,,,,10,1.000000,1.000000,1.000000,1.000000,1.000000,0.000000,,,,,,,,10,1.000000,1.000000,1.000000,1.000000,1.000000,0.000000,10,100.000000,100.000000,100.000000,100.000000,100.000000,0.000000,10,447.444336,74.714844,433.363770,-3022.868164,444.311914,1088.890498,10,17778.804688,16352.503320,16334.824219,14938.680664,17420.305859,937.281941,10,0.000000,0.000000,0.000000,0.000000,0.000000,0.000000,10,1.000000,1.000000,1.000000,1.000000,1.000000,0.000000,10,195056.000000,195056.000000,195056.000000,195056.000000,195056.000000,0.000000,10,1.000000,1.000000,1.000000,1.000000,1.000000,0.000000,,,,,,,,10,100.000000,100.000000,100.000000,100.000000,100.000000,0.000000,10,25.789000,13.786400,12.818500,9.578000,16.148200,4.459191
phase2,R8_zenos,warm,real,real_2692,2692,library_prev_page,PASS,1,10,0,0,,,,,,,,10,1.000000,1.000000,1.000000,1.000000,1.000000,0.000000,,,,,,,,10,1.000000,1.000000,1.000000,1.000000,1.000000,0.000000,10,100.000000,100.000000,100.000000,100.000000,100.000000,0.000000,10,480.296875,-97.807617,401.375977,-1380.268555,447.546191,833.998251,10,16262.907227,15543.493262,15454.978516,14918.540039,16192.240527,513.842262,10,0.000000,0.000000,0.000000,0.000000,0.000000,0.000000,10,1.000000,1.000000,1.000000,1.000000,1.000000,0.000000,10,195056.000000,195056.000000,195056.000000,195056.000000,195056.000000,0.000000,10,1.000000,1.000000,1.000000,1.000000,1.000000,0.000000,,,,,,,,10,100.000000,100.000000,100.000000,100.000000,100.000000,0.000000,10,30.685000,16.775700,12.472000,11.052000,29.563600,8.053895
phase2,R8_zenos,warm,real,real_2692,2692,open_book,PASS,1,10,0,0,,,,,,,,10,9.000000,8.900000,9.000000,8.000000,9.000000,0.316228,,,,,,,,10,9.000000,8.900000,9.000000,8.000000,9.000000,0.316228,10,100.000000,100.000000,100.000000,100.000000,100.000000,0.000000,10,1679.705078,269.840527,1033.774414,-2044.130859,1559.905762,1441.108384,10,28631.898438,26912.161816,27177.775391,23925.047852,27980.895215,1415.747978,10,0.000000,0.000000,0.000000,0.000000,0.000000,0.000000,10,9.000000,8.900000,9.000000,8.000000,9.000000,0.316228,10,371104.000000,370150.400000,370384.000000,369344.000000,370988.800000,738.746566,10,9.000000,8.900000,9.000000,8.000000,9.000000,0.316228,,,,,,,,10,100.000000,100.000000,100.000000,100.000000,100.000000,0.000000,10,132.828000,85.887200,71.658500,63.712000,131.096400,27.556678
phase2,R8_zenos,warm,real,real_2692,2692,open_book_minimal,PASS,1,10,0,0,,,,,,,,10,0.000000,0.000000,0.000000,0.000000,0.000000,0.000000,,,,,,,,10,0.000000,0.000000,0.000000,0.000000,0.000000,0.000000,10,0.000000,0.000000,0.000000,0.000000,0.000000,0.000000,10,781.317383,-2207.020703,-2825.925781,-5083.036133,751.120801,2036.049267,10,24446.425781,19975.989844,19702.484375,17381.083984,22222.154004,2029.292129,10,0.000000,0.000000,0.000000,0.000000,0.000000,0.000000,10,0.000000,0.000000,0.000000,0.000000,0.000000,0.000000,10,363392.000000,350707.200000,362776.000000,307936.000000,362859.200000,18386.268577,10,0.000000,0.000000,0.000000,0.000000,0.000000,0.000000,,,,,,,,10,0.000000,0.000000,0.000000,0.000000,0.000000,0.000000,10,252.904000,132.478700,130.684500,79.577000,158.228500,48.901016
phase2,R8_zenos,warm,real,real_2692,2692,open_quick_settings,PASS,1,10,0,0,,,,,,,,10,3.000000,3.000000,3.000000,3.000000,3.000000,0.000000,,,,,,,,10,3.000000,3.000000,3.000000,3.000000,3.000000,0.000000,10,100.000000,100.000000,100.000000,100.000000,100.000000,0.000000,10,276.622070,240.138281,230.375000,206.122070,271.150879,24.088903,10,37060.515625,35497.901660,35561.629883,33750.276367,36755.703027,1099.100530,10,0.000000,0.000000,0.000000,0.000000,0.000000,0.000000,10,3.000000,3.000000,3.000000,3.000000,3.000000,0.000000,10,380480.000000,380068.800000,380088.000000,379552.000000,380379.200000,300.664745,10,3.000000,3.000000,3.000000,3.000000,3.000000,0.000000,,,,,,,,10,100.000000,100.000000,100.000000,100.000000,100.000000,0.000000,10,8.980000,8.363000,8.293500,7.316000,8.895400,0.467036
phase2,R8_zenos,warm,real,real_2692,2692,repeated_nav,UNSUPPORTED,1,0,0,1,,,,,,,,,,,,,,,,,,,,,,,,,,,,,,,,,,,,,,,,,,,,,,,,,,,,,,,,,,,,,,,,,,,,,,,,,,,,,,,,,,,,,,,,,,,,,,,,,,
phase2,R8_zenos,warm,real,real_2692,2692,start_to_home,PASS,1,10,0,0,,,,,,,,10,1.000000,1.000000,1.000000,1.000000,1.000000,0.000000,,,,,,,,10,1.000000,1.000000,1.000000,1.000000,1.000000,0.000000,10,100.000000,100.000000,100.000000,100.000000,100.000000,0.000000,10,118.229492,-1121.123828,94.312012,-9309.551758,116.309082,3009.425182,10,22737.103516,17427.764062,16204.020996,14673.583984,21629.685156,2977.657598,10,0.000000,0.000000,0.000000,0.000000,0.000000,0.000000,10,1.000000,1.000000,1.000000,1.000000,1.000000,0.000000,10,194992.000000,193251.200000,194608.000000,188432.000000,194992.000000,2543.477794,10,1.000000,1.000000,1.000000,1.000000,1.000000,0.000000,,,,,,,,10,100.000000,100.000000,100.000000,100.000000,100.000000,0.000000,10,24.714000,12.221500,9.837500,7.964000,21.964500,5.882051
phase2,R9_zenos_bookshelf,real_first_run,startup,real_2692,2692,home_to_library,PASS,1,1,0,0,,,,,,,,1,6.132888,6.132888,6.132888,6.132888,6.132888,0.000000,,,,,,,,1,6.000000,6.000000,6.000000,6.000000,6.000000,0.000000,1,100.000000,100.000000,100.000000,100.000000,100.000000,0.000000,1,3279.209961,3279.209961,3279.209961,3279.209961,3279.209961,0.000000,1,18115.968750,18115.968750,18115.968750,18115.968750,18115.968750,0.000000,1,3.000000,3.000000,3.000000,3.000000,3.000000,0.000000,1,9.000000,9.000000,9.000000,9.000000,9.000000,0.000000,1,191264.000000,191264.000000,191264.000000,191264.000000,191264.000000,0.000000,1,9.000000,9.000000,9.000000,9.000000,9.000000,0.000000,,,,,,,,1,100.000000,100.000000,100.000000,100.000000,100.000000,0.000000,1,57.713000,57.713000,57.713000,57.713000,57.713000,0.000000
phase2,R9_zenos_bookshelf,real_first_run,startup,real_2692,2692,library_first_render,PASS,1,1,0,0,,,,,,,,1,3.088592,3.088592,3.088592,3.088592,3.088592,0.000000,,,,,,,,1,3.000000,3.000000,3.000000,3.000000,3.000000,0.000000,1,100.000000,100.000000,100.000000,100.000000,100.000000,0.000000,1,798.034180,798.034180,798.034180,798.034180,798.034180,0.000000,1,18928.034180,18928.034180,18928.034180,18928.034180,18928.034180,0.000000,1,2.000000,2.000000,2.000000,2.000000,2.000000,0.000000,1,5.000000,5.000000,5.000000,5.000000,5.000000,0.000000,1,192240.000000,192240.000000,192240.000000,192240.000000,192240.000000,0.000000,1,5.000000,5.000000,5.000000,5.000000,5.000000,0.000000,,,,,,,,1,100.000000,100.000000,100.000000,100.000000,100.000000,0.000000,1,28.829000,28.829000,28.829000,28.829000,28.829000,0.000000
phase2,R9_zenos_bookshelf,real_steady_cold,startup,real_2692,2692,home_to_library,PASS,3,3,0,0,,,,,,,,3,6.132888,6.132888,6.132888,6.132888,6.132888,0.000000,,,,,,,,3,6.000000,6.000000,6.000000,6.000000,6.000000,0.000000,3,100.000000,100.000000,100.000000,100.000000,100.000000,0.000000,3,3284.278320,3225.768880,3259.425781,3133.602539,3279.307813,80.779874,3,17628.340820,17570.767578,17602.035156,17481.926758,17623.079687,78.054567,3,3.000000,3.000000,3.000000,3.000000,3.000000,0.000000,3,9.000000,9.000000,9.000000,9.000000,9.000000,0.000000,3,193376.000000,189312.000000,187584.000000,186976.000000,192217.600000,3532.631880,3,9.000000,9.000000,9.000000,9.000000,9.000000,0.000000,,,,,,,,3,100.000000,100.000000,100.000000,100.000000,100.000000,0.000000,3,57.867000,54.729667,53.559000,52.763000,57.005400,2.746006
phase2,R9_zenos_bookshelf,real_steady_cold,startup,real_2692,2692,library_first_render,PASS,3,3,0,0,,,,,,,,3,3.088592,3.088592,3.088592,3.088592,3.088592,0.000000,,,,,,,,3,3.000000,3.000000,3.000000,3.000000,3.000000,0.000000,3,100.000000,100.000000,100.000000,100.000000,100.000000,0.000000,3,926.318359,854.638997,869.287109,768.311523,914.912109,80.015408,3,18568.690430,18439.320638,18384.377930,18364.893555,18531.827930,112.460293,3,2.000000,2.000000,2.000000,2.000000,2.000000,0.000000,3,5.000000,5.000000,5.000000,5.000000,5.000000,0.000000,3,193376.000000,189312.000000,187584.000000,186976.000000,192217.600000,3532.631880,3,5.000000,5.000000,5.000000,5.000000,5.000000,0.000000,,,,,,,,3,100.000000,100.000000,100.000000,100.000000,100.000000,0.000000,3,26.556000,26.197333,26.303000,25.733000,26.505400,0.421552
phase2,R9_zenos_bookshelf,warm,real,real_2692,2692,bookshelf_first_render,PASS,1,10,0,0,,,,,,,,10,0.000000,0.000000,0.000000,0.000000,0.000000,0.000000,,,,,,,,10,0.000000,0.000000,0.000000,0.000000,0.000000,0.000000,10,0.000000,0.000000,0.000000,0.000000,0.000000,0.000000,10,691.166992,-803.437402,589.041016,-11221.798828,647.941504,3736.569188,10,47784.391602,39542.945605,37875.413574,36563.975586,47216.387891,4229.740049,10,0.000000,0.000000,0.000000,0.000000,0.000000,0.000000,10,0.000000,0.000000,0.000000,0.000000,0.000000,0.000000,10,396048.000000,396048.000000,396048.000000,396048.000000,396048.000000,0.000000,10,0.000000,0.000000,0.000000,0.000000,0.000000,0.000000,,,,,,,,10,0.000000,0.000000,0.000000,0.000000,0.000000,0.000000,10,38.277000,9.785100,3.989500,3.049000,30.059100,12.802253
phase2,R9_zenos_bookshelf,warm,real,real_2692,2692,bookshelf_page_turn,PASS,1,10,0,0,,,,,,,,10,0.000000,0.000000,0.000000,0.000000,0.000000,0.000000,,,,,,,,10,0.000000,0.000000,0.000000,0.000000,0.000000,0.000000,10,0.000000,0.000000,0.000000,0.000000,0.000000,0.000000,10,25.617188,15.012891,12.945312,12.562500,17.977734,4.089149,10,38835.743164,38699.880664,38701.793945,38559.266602,38810.546680,93.354470,10,0.000000,0.000000,0.000000,0.000000,0.000000,0.000000,10,0.000000,0.000000,0.000000,0.000000,0.000000,0.000000,10,396048.000000,396048.000000,396048.000000,396048.000000,396048.000000,0.000000,10,0.000000,0.000000,0.000000,0.000000,0.000000,0.000000,,,,,,,,10,0.000000,0.000000,0.000000,0.000000,0.000000,0.000000,10,0.214000,0.074500,0.063500,0.026000,0.113200,0.056230
phase2,R9_zenos_bookshelf,warm,real,real_2692,2692,change_sort_mode,PASS,1,10,0,0,,,,,,,,10,2.000000,2.000000,2.000000,2.000000,2.000000,0.000000,,,,,,,,10,2.000000,2.000000,2.000000,2.000000,2.000000,0.000000,10,100.000000,100.000000,100.000000,100.000000,100.000000,0.000000,10,585.041016,-84.616016,433.214844,-2958.285156,546.689062,1210.288377,10,18483.338867,17236.951758,17394.233398,15528.538086,18243.183008,945.907943,10,0.000000,0.000000,0.000000,0.000000,0.000000,0.000000,10,2.000000,2.000000,2.000000,2.000000,2.000000,0.000000,10,199632.000000,199632.000000,199632.000000,199632.000000,199632.000000,0.000000,10,2.000000,2.000000,2.000000,2.000000,2.000000,0.000000,,,,,,,,10,100.000000,100.000000,100.000000,100.000000,100.000000,0.000000,10,25.232000,11.651700,8.634000,5.582000,23.672300,6.840185
phase2,R9_zenos_bookshelf,warm,real,real_2692,2692,close_book,PASS,1,10,0,0,,,,,,,,10,7.000000,7.000000,7.000000,7.000000,7.000000,0.000000,,,,,,,,10,7.000000,7.000000,7.000000,7.000000,7.000000,0.000000,10,100.000000,100.000000,100.000000,100.000000,100.000000,0.000000,10,3074.151367,2630.839453,2826.721191,771.003906,2930.602246,664.330028,10,36822.475586,34322.274707,33990.281738,32481.800781,36392.274707,1689.495224,10,0.000000,0.000000,0.000000,0.000000,0.000000,0.000000,10,7.000000,7.000000,7.000000,7.000000,7.000000,0.000000,10,381120.000000,377256.000000,376120.000000,375088.000000,381120.000000,2476.818030,10,7.000000,7.000000,7.000000,7.000000,7.000000,0.000000,,,,,,,,10,100.000000,100.000000,100.000000,100.000000,100.000000,0.000000,10,79.699000,39.139600,35.578500,27.663000,43.356100,14.722655
phase2,R9_zenos_bookshelf,warm,real,real_2692,2692,close_bookshelf,PASS,1,10,0,0,,,,,,,,10,1.000000,1.000000,1.000000,1.000000,1.000000,0.000000,,,,,,,,10,1.000000,1.000000,1.000000,1.000000,1.000000,0.000000,10,100.000000,100.000000,100.000000,100.000000,100.000000,0.000000,10,80.326172,60.636621,59.630859,43.670898,71.517773,10.785410,10,46903.295898,43370.039551,43387.797363,39823.616211,46183.451465,2378.915020,10,0.000000,0.000000,0.000000,0.000000,0.000000,0.000000,10,1.000000,1.000000,1.000000,1.000000,1.000000,0.000000,10,396864.000000,396648.000000,396648.000000,396432.000000,396806.400000,139.739440,10,1.000000,1.000000,1.000000,1.000000,1.000000,0.000000,,,,,,,,10,100.000000,100.000000,100.000000,100.000000,100.000000,0.000000,10,9.201000,8.347900,8.261000,7.662000,9.041700,0.530719
phase2,R9_zenos_bookshelf,warm,real,real_2692,2692,close_quick_settings,PASS,1,10,0,0,,,,,,,,10,3.000000,3.000000,3.000000,3.000000,3.000000,0.000000,,,,,,,,10,3.000000,3.000000,3.000000,3.000000,3.000000,0.000000,10,100.000000,100.000000,100.000000,100.000000,100.000000,0.000000,10,310.975586,173.380957,143.878418,117.405273,250.219434,63.418396,10,50973.583984,49287.146484,49366.653809,47334.799805,50658.944336,1200.951831,10,0.000000,0.000000,0.000000,0.000000,0.000000,0.000000,10,3.000000,3.000000,3.000000,3.000000,3.000000,0.000000,10,400240.000000,400240.000000,400240.000000,400240.000000,400240.000000,0.000000,10,3.000000,3.000000,3.000000,3.000000,3.000000,0.000000,,,,,,,,10,100.000000,100.000000,100.000000,100.000000,100.000000,0.000000,10,13.174000,9.073900,8.560500,7.739000,10.361500,1.575701
phase2,R9_zenos_bookshelf,warm,real,real_2692,2692,home_to_library,PASS,1,10,0,0,,,,,,,,10,5.177184,5.177184,5.177184,5.177184,5.177184,0.000000,,,,,,,,10,5.000000,5.000000,5.000000,5.000000,5.000000,0.000000,10,100.000000,100.000000,100.000000,100.000000,100.000000,0.000000,10,1298.880859,478.999023,1016.830566,-2222.320312,1175.268848,1256.878188,10,18491.692383,17028.254590,17197.416992,14961.561523,17989.061719,1009.891110,10,4.000000,4.000000,4.000000,4.000000,4.000000,0.000000,10,9.000000,9.000000,9.000000,9.000000,9.000000,0.000000,10,199632.000000,199235.200000,199408.000000,198736.000000,199488.000000,351.255779,10,9.000000,9.000000,9.000000,9.000000,9.000000,0.000000,,,,,,,,10,100.000000,100.000000,100.000000,100.000000,100.000000,0.000000,10,30.343000,25.340800,25.279500,21.092000,29.650900,3.537863
phase2,R9_zenos_bookshelf,warm,real,real_2692,2692,library_first_render,PASS,1,10,0,0,,,,,,,,10,3.088592,3.088592,3.088592,3.088592,3.088592,0.000000,,,,,,,,10,3.000000,3.000000,3.000000,3.000000,3.000000,0.000000,10,100.000000,100.000000,100.000000,100.000000,100.000000,0.000000,10,641.301758,-46.124316,570.016602,-3656.841797,617.757617,1425.565504,10,18850.165039,17023.709375,16996.442383,15199.307617,18316.073926,1093.479509,10,2.000000,2.000000,2.000000,2.000000,2.000000,0.000000,10,5.000000,5.000000,5.000000,5.000000,5.000000,0.000000,10,199632.000000,199632.000000,199632.000000,199632.000000,199632.000000,0.000000,10,5.000000,5.000000,5.000000,5.000000,5.000000,0.000000,,,,,,,,10,100.000000,100.000000,100.000000,100.000000,100.000000,0.000000,10,41.040000,20.027500,17.243000,16.054000,25.128000,7.668311
phase2,R9_zenos_bookshelf,warm,real,real_2692,2692,library_folder_back,PASS,1,10,0,0,,,,,,,,10,1.044296,1.044296,1.044296,1.044296,1.044296,0.000000,,,,,,,,10,1.000000,1.000000,1.000000,1.000000,1.000000,0.000000,10,100.000000,100.000000,100.000000,100.000000,100.000000,0.000000,10,424.370117,179.955859,322.900879,-634.761719,398.596191,354.374282,10,18312.067383,16605.439746,16359.271484,15851.183594,17265.153809,731.463084,10,1.000000,1.000000,1.000000,1.000000,1.000000,0.000000,10,2.000000,2.000000,2.000000,2.000000,2.000000,0.000000,10,199632.000000,199632.000000,199632.000000,199632.000000,199632.000000,0.000000,10,2.000000,2.000000,2.000000,2.000000,2.000000,0.000000,,,,,,,,10,100.000000,100.000000,100.000000,100.000000,100.000000,0.000000,10,21.532000,10.805200,8.519500,5.846000,20.906500,5.550272
phase2,R9_zenos_bookshelf,warm,real,real_2692,2692,library_folder_enter,PASS,1,10,0,0,,,,,,,,10,1.044296,1.044296,1.044296,1.044296,1.044296,0.000000,,,,,,,,10,1.000000,1.000000,1.000000,1.000000,1.000000,0.000000,10,100.000000,100.000000,100.000000,100.000000,100.000000,0.000000,10,213.902344,-38.950098,154.109863,-936.702148,209.141309,440.182672,10,17945.816406,17275.912207,17230.588379,16679.780273,17633.378418,387.828345,10,1.000000,1.000000,1.000000,1.000000,1.000000,0.000000,10,2.000000,2.000000,2.000000,2.000000,2.000000,0.000000,10,199632.000000,199632.000000,199632.000000,199632.000000,199632.000000,0.000000,10,2.000000,2.000000,2.000000,2.000000,2.000000,0.000000,,,,,,,,10,100.000000,100.000000,100.000000,100.000000,100.000000,0.000000,10,21.680000,10.440400,8.675500,4.464000,21.088700,6.036917
phase2,R9_zenos_bookshelf,warm,real,real_2692,2692,library_next_page,PASS,1,10,0,0,,,,,,,,10,1.000000,1.000000,1.000000,1.000000,1.000000,0.000000,,,,,,,,10,1.000000,1.000000,1.000000,1.000000,1.000000,0.000000,10,100.000000,100.000000,100.000000,100.000000,100.000000,0.000000,10,262.376953,-25.833691,242.498047,-1447.753906,256.381055,597.624241,10,17508.281250,16668.394824,16672.691895,15798.780273,17353.166602,575.259904,10,0.000000,0.000000,0.000000,0.000000,0.000000,0.000000,10,1.000000,1.000000,1.000000,1.000000,1.000000,0.000000,10,199632.000000,199632.000000,199632.000000,199632.000000,199632.000000,0.000000,10,1.000000,1.000000,1.000000,1.000000,1.000000,0.000000,,,,,,,,10,100.000000,100.000000,100.000000,100.000000,100.000000,0.000000,10,20.080000,10.772900,8.850000,7.623000,19.603000,4.804997
phase2,R9_zenos_bookshelf,warm,real,real_2692,2692,library_prev_page,PASS,1,10,0,0,,,,,,,,10,1.000000,1.000000,1.000000,1.000000,1.000000,0.000000,,,,,,,,10,1.000000,1.000000,1.000000,1.000000,1.000000,0.000000,10,100.000000,100.000000,100.000000,100.000000,100.000000,0.000000,10,239.717773,86.232031,231.154785,-580.369141,238.891602,313.249247,10,17049.961914,16628.309180,16688.130859,16310.174805,16914.248242,252.357429,10,0.000000,0.000000,0.000000,0.000000,0.000000,0.000000,10,1.000000,1.000000,1.000000,1.000000,1.000000,0.000000,10,199632.000000,199632.000000,199632.000000,199632.000000,199632.000000,0.000000,10,1.000000,1.000000,1.000000,1.000000,1.000000,0.000000,,,,,,,,10,100.000000,100.000000,100.000000,100.000000,100.000000,0.000000,10,21.185000,10.303700,8.692000,3.903000,20.809700,5.989801
phase2,R9_zenos_bookshelf,warm,real,real_2692,2692,open_book,PASS,1,10,0,0,,,,,,,,10,9.000000,8.900000,9.000000,8.000000,9.000000,0.316228,,,,,,,,10,9.000000,8.900000,9.000000,8.000000,9.000000,0.316228,10,100.000000,100.000000,100.000000,100.000000,100.000000,0.000000,10,1759.980469,199.662598,401.569336,-2154.897461,1374.508008,1287.254446,10,29084.008789,27390.742090,27534.687500,24371.178711,28345.764453,1252.637406,10,0.000000,0.000000,0.000000,0.000000,0.000000,0.000000,10,9.000000,8.900000,9.000000,8.000000,9.000000,0.316228,10,372128.000000,370595.200000,370912.000000,367952.000000,371969.600000,1447.404175,10,9.000000,8.900000,9.000000,8.000000,9.000000,0.316228,,,,,,,,10,100.000000,100.000000,100.000000,100.000000,100.000000,0.000000,10,127.541000,82.614500,72.925500,62.284000,111.294200,22.250346
phase2,R9_zenos_bookshelf,warm,real,real_2692,2692,open_book_minimal,PASS,1,10,0,0,,,,,,,,10,0.000000,0.000000,0.000000,0.000000,0.000000,0.000000,,,,,,,,10,0.000000,0.000000,0.000000,0.000000,0.000000,0.000000,10,0.000000,0.000000,0.000000,0.000000,0.000000,0.000000,10,1319.967773,-2178.773828,-2345.260254,-4711.616211,895.419141,2012.303009,10,23809.613281,21131.769922,21030.514160,18287.582031,22782.255371,1558.108927,10,0.000000,0.000000,0.000000,0.000000,0.000000,0.000000,10,0.000000,0.000000,0.000000,0.000000,0.000000,0.000000,10,365392.000000,342833.600000,344160.000000,300432.000000,365392.000000,21044.659493,10,0.000000,0.000000,0.000000,0.000000,0.000000,0.000000,,,,,,,,10,0.000000,0.000000,0.000000,0.000000,0.000000,0.000000,10,254.879000,130.521300,126.540500,77.539000,155.488400,49.665844
phase2,R9_zenos_bookshelf,warm,real,real_2692,2692,open_bookshelf,PASS,1,10,0,0,,,,,,,,10,1.000000,1.000000,1.000000,1.000000,1.000000,0.000000,,,,,,,,10,1.000000,1.000000,1.000000,1.000000,1.000000,0.000000,10,100.000000,100.000000,100.000000,100.000000,100.000000,0.000000,10,989.399414,842.672363,824.812012,749.847656,940.951465,81.806146,10,45882.306641,41588.297461,41532.253906,37216.566406,45124.727246,2966.053970,10,0.000000,0.000000,0.000000,0.000000,0.000000,0.000000,10,1.000000,1.000000,1.000000,1.000000,1.000000,0.000000,10,396048.000000,395920.000000,396040.000000,395552.000000,396048.000000,180.074059,10,1.000000,1.000000,1.000000,1.000000,1.000000,0.000000,,,,,,,,10,100.000000,100.000000,100.000000,100.000000,100.000000,0.000000,10,11.003000,9.376700,9.249500,7.714000,10.384700,0.924849
phase2,R9_zenos_bookshelf,warm,real,real_2692,2692,open_quick_settings,PASS,1,10,0,0,,,,,,,,10,3.000000,3.000000,3.000000,3.000000,3.000000,0.000000,,,,,,,,10,3.000000,3.000000,3.000000,3.000000,3.000000,0.000000,10,100.000000,100.000000,100.000000,100.000000,100.000000,0.000000,10,255.293945,49.191016,226.883301,-1567.883789,251.143750,568.534758,10,51101.776367,47901.905664,49475.373047,43131.207031,50807.500977,3135.306193,10,0.000000,0.000000,0.000000,0.000000,0.000000,0.000000,10,3.000000,3.000000,3.000000,3.000000,3.000000,0.000000,10,400192.000000,398249.600000,398024.000000,397360.000000,399270.400000,884.439710,10,3.000000,3.000000,3.000000,3.000000,3.000000,0.000000,,,,,,,,10,100.000000,100.000000,100.000000,100.000000,100.000000,0.000000,10,9.256000,8.173800,8.754500,2.989000,9.141700,1.874860
phase2,R9_zenos_bookshelf,warm,real,real_2692,2692,repeated_nav,PASS,1,1,0,0,,,,,,,,1,30.000000,30.000000,30.000000,30.000000,30.000000,0.000000,,,,,,,,1,30.000000,30.000000,30.000000,30.000000,30.000000,0.000000,1,100.000000,100.000000,100.000000,100.000000,100.000000,0.000000,1,-13782.369141,-13782.369141,-13782.369141,-13782.369141,-13782.369141,0.000000,1,37206.089844,37206.089844,37206.089844,37206.089844,37206.089844,0.000000,1,0.000000,0.000000,0.000000,0.000000,0.000000,0.000000,1,30.000000,30.000000,30.000000,30.000000,30.000000,0.000000,1,404752.000000,404752.000000,404752.000000,404752.000000,404752.000000,0.000000,1,30.000000,30.000000,30.000000,30.000000,30.000000,0.000000,,,,,,,,1,100.000000,100.000000,100.000000,100.000000,100.000000,0.000000,1,498.652000,498.652000,498.652000,498.652000,498.652000,0.000000
phase2,R9_zenos_bookshelf,warm,real,real_2692,2692,start_to_home,PASS,1,10,0,0,,,,,,,,10,1.000000,1.000000,1.000000,1.000000,1.000000,0.000000,,,,,,,,10,1.000000,1.000000,1.000000,1.000000,1.000000,0.000000,10,100.000000,100.000000,100.000000,100.000000,100.000000,0.000000,10,130.387695,-850.588379,72.584961,-9262.321289,127.499609,2955.746045,10,22698.286133,18050.367285,17454.179199,14738.238281,21544.908887,2611.256927,10,0.000000,0.000000,0.000000,0.000000,0.000000,0.000000,10,1.000000,1.000000,1.000000,1.000000,1.000000,0.000000,10,198256.000000,194472.000000,195952.000000,187088.000000,197276.800000,3506.675792,10,1.000000,1.000000,1.000000,1.000000,1.000000,0.000000,,,,,,,,10,100.000000,100.000000,100.000000,100.000000,100.000000,0.000000,10,28.728000,11.044500,9.009500,8.485000,11.854800,6.227076
bookends_control,A_stock,warm,bookends_control,real_2692,2692,process:spawn_to_ui_ready_ms,PASS,1,1,0,0,,,,,,,,,,,,,,,,,,,,,,,,,,,,,,,,,,,,,,,,,,,,,,,,,,,,,,,,,,,,,,,,,,,,,,,,,,,,,,,,,,,,,,,,,,,,1,513.452625,513.452625,513.452625,513.452625,513.452625,0.000000
bookends_control,A_stock,warm,bookends_control,real_2692,2692,process:spawn_to_library_ready_ms,PASS,1,1,0,0,,,,,,,,,,,,,,,,,,,,,,,,,,,,,,,,,,,,,,,,,,,,,,,,,,,,,,,,,,,,,,,,,,,,,,,,,,,,,,,,,,,,,,,,,,,,1,950.335542,950.335542,950.335542,950.335542,950.335542,0.000000
bookends_control,A_stock,warm,bookends_control,real_2692,2692,process:spawn_to_process_exit_ms,PASS,1,1,0,0,,,,,,,,,,,,,,,,,,,,,,,,,,,,,,,,,,,,,,,,,,,,,,,,,,,,,,,,,,,,,,,,,,,,,,,,,,,,,,,,,,,,,,,,,,,,1,7472.864667,7472.864667,7472.864667,7472.864667,7472.864667,0.000000
bookends_control,K_stock_bookends,warm,bookends_control,real_2692,2692,process:spawn_to_ui_ready_ms,PASS,1,1,0,0,,,,,,,,,,,,,,,,,,,,,,,,,,,,,,,,,,,,,,,,,,,,,,,,,,,,,,,,,,,,,,,,,,,,,,,,,,,,,,,,,,,,,,,,,,,,1,540.413667,540.413667,540.413667,540.413667,540.413667,0.000000
bookends_control,K_stock_bookends,warm,bookends_control,real_2692,2692,process:spawn_to_library_ready_ms,PASS,1,1,0,0,,,,,,,,,,,,,,,,,,,,,,,,,,,,,,,,,,,,,,,,,,,,,,,,,,,,,,,,,,,,,,,,,,,,,,,,,,,,,,,,,,,,,,,,,,,,1,981.647542,981.647542,981.647542,981.647542,981.647542,0.000000
bookends_control,K_stock_bookends,warm,bookends_control,real_2692,2692,process:spawn_to_process_exit_ms,PASS,1,1,0,0,,,,,,,,,,,,,,,,,,,,,,,,,,,,,,,,,,,,,,,,,,,,,,,,,,,,,,,,,,,,,,,,,,,,,,,,,,,,,,,,,,,,,,,,,,,,1,8945.412250,8945.412250,8945.412250,8945.412250,8945.412250,0.000000
phase2,R0_stock,real_first_run,startup,real_2692,2692,process:spawn_to_ui_ready_ms,PASS,1,1,0,0,,,,,,,,,,,,,,,,,,,,,,,,,,,,,,,,,,,,,,,,,,,,,,,,,,,,,,,,,,,,,,,,,,,,,,,,,,,,,,,,,,,,,,,,,,,,1,774.629875,774.629875,774.629875,774.629875,774.629875,0.000000
phase2,R0_stock,real_first_run,startup,real_2692,2692,process:spawn_to_library_ready_ms,PASS,1,1,0,0,,,,,,,,,,,,,,,,,,,,,,,,,,,,,,,,,,,,,,,,,,,,,,,,,,,,,,,,,,,,,,,,,,,,,,,,,,,,,,,,,,,,,,,,,,,,1,803.023292,803.023292,803.023292,803.023292,803.023292,0.000000
phase2,R0_stock,real_first_run,startup,real_2692,2692,process:spawn_to_process_exit_ms,PASS,1,1,0,0,,,,,,,,,,,,,,,,,,,,,,,,,,,,,,,,,,,,,,,,,,,,,,,,,,,,,,,,,,,,,,,,,,,,,,,,,,,,,,,,,,,,,,,,,,,,1,832.721542,832.721542,832.721542,832.721542,832.721542,0.000000
phase2,R0_stock,real_steady_cold,startup,real_2692,2692,process:spawn_to_ui_ready_ms,PASS,3,3,0,0,,,,,,,,,,,,,,,,,,,,,,,,,,,,,,,,,,,,,,,,,,,,,,,,,,,,,,,,,,,,,,,,,,,,,,,,,,,,,,,,,,,,,,,,,,,,3,505.058084,489.886167,503.774292,460.826125,504.801326,25.174919
phase2,R0_stock,real_steady_cold,startup,real_2692,2692,process:spawn_to_library_ready_ms,PASS,3,3,0,0,,,,,,,,,,,,,,,,,,,,,,,,,,,,,,,,,,,,,,,,,,,,,,,,,,,,,,,,,,,,,,,,,,,,,,,,,,,,,,,,,,,,,,,,,,,,3,532.157750,517.264736,531.948292,487.688166,532.115858,25.614275
phase2,R0_stock,real_steady_cold,startup,real_2692,2692,process:spawn_to_process_exit_ms,PASS,3,3,0,0,,,,,,,,,,,,,,,,,,,,,,,,,,,,,,,,,,,,,,,,,,,,,,,,,,,,,,,,,,,,,,,,,,,,,,,,,,,,,,,,,,,,,,,,,,,,3,561.724625,545.443111,559.987917,514.616791,561.377283,26.710495
phase2,R0_stock,warm,real,real_2692,2692,process:spawn_to_ui_ready_ms,PASS,1,1,0,0,,,,,,,,,,,,,,,,,,,,,,,,,,,,,,,,,,,,,,,,,,,,,,,,,,,,,,,,,,,,,,,,,,,,,,,,,,,,,,,,,,,,,,,,,,,,1,470.075583,470.075583,470.075583,470.075583,470.075583,0.000000
phase2,R0_stock,warm,real,real_2692,2692,process:spawn_to_library_ready_ms,PASS,1,1,0,0,,,,,,,,,,,,,,,,,,,,,,,,,,,,,,,,,,,,,,,,,,,,,,,,,,,,,,,,,,,,,,,,,,,,,,,,,,,,,,,,,,,,,,,,,,,,1,904.153708,904.153708,904.153708,904.153708,904.153708,0.000000
phase2,R0_stock,warm,real,real_2692,2692,process:spawn_to_process_exit_ms,PASS,1,1,0,0,,,,,,,,,,,,,,,,,,,,,,,,,,,,,,,,,,,,,,,,,,,,,,,,,,,,,,,,,,,,,,,,,,,,,,,,,,,,,,,,,,,,,,,,,,,,1,6673.824917,6673.824917,6673.824917,6673.824917,6673.824917,0.000000
phase2,R10_project_title_vos,real_first_run,startup,real_2692,2692,process:spawn_to_ui_ready_ms,PASS,1,1,0,0,,,,,,,,,,,,,,,,,,,,,,,,,,,,,,,,,,,,,,,,,,,,,,,,,,,,,,,,,,,,,,,,,,,,,,,,,,,,,,,,,,,,,,,,,,,,1,471.818500,471.818500,471.818500,471.818500,471.818500,0.000000
phase2,R10_project_title_vos,real_first_run,startup,real_2692,2692,process:spawn_to_library_ready_ms,PASS,1,1,0,0,,,,,,,,,,,,,,,,,,,,,,,,,,,,,,,,,,,,,,,,,,,,,,,,,,,,,,,,,,,,,,,,,,,,,,,,,,,,,,,,,,,,,,,,,,,,1,515.397042,515.397042,515.397042,515.397042,515.397042,0.000000
phase2,R10_project_title_vos,real_first_run,startup,real_2692,2692,process:spawn_to_process_exit_ms,PASS,1,1,0,0,,,,,,,,,,,,,,,,,,,,,,,,,,,,,,,,,,,,,,,,,,,,,,,,,,,,,,,,,,,,,,,,,,,,,,,,,,,,,,,,,,,,,,,,,,,,1,539.777750,539.777750,539.777750,539.777750,539.777750,0.000000
phase2,R10_project_title_vos,real_steady_cold,startup,real_2692,2692,process:spawn_to_ui_ready_ms,PASS,3,3,0,0,,,,,,,,,,,,,,,,,,,,,,,,,,,,,,,,,,,,,,,,,,,,,,,,,,,,,,,,,,,,,,,,,,,,,,,,,,,,,,,,,,,,,,,,,,,,3,438.651917,423.574028,416.866709,415.203458,434.294875,13.084290
phase2,R10_project_title_vos,real_steady_cold,startup,real_2692,2692,process:spawn_to_library_ready_ms,PASS,3,3,0,0,,,,,,,,,,,,,,,,,,,,,,,,,,,,,,,,,,,,,,,,,,,,,,,,,,,,,,,,,,,,,,,,,,,,,,,,,,,,,,,,,,,,,,,,,,,,3,479.964500,465.812305,460.853250,456.619166,476.142250,12.437658
phase2,R10_project_title_vos,real_steady_cold,startup,real_2692,2692,process:spawn_to_process_exit_ms,PASS,3,3,0,0,,,,,,,,,,,,,,,,,,,,,,,,,,,,,,,,,,,,,,,,,,,,,,,,,,,,,,,,,,,,,,,,,,,,,,,,,,,,,,,,,,,,,,,,,,,,3,505.483542,491.093125,484.279000,483.516834,501.242634,12.468292
phase2,R10_project_title_vos,warm,real,real_2692,2692,process:spawn_to_ui_ready_ms,PASS,1,1,0,0,,,,,,,,,,,,,,,,,,,,,,,,,,,,,,,,,,,,,,,,,,,,,,,,,,,,,,,,,,,,,,,,,,,,,,,,,,,,,,,,,,,,,,,,,,,,1,392.894125,392.894125,392.894125,392.894125,392.894125,0.000000
phase2,R10_project_title_vos,warm,real,real_2692,2692,process:spawn_to_library_ready_ms,PASS,1,1,0,0,,,,,,,,,,,,,,,,,,,,,,,,,,,,,,,,,,,,,,,,,,,,,,,,,,,,,,,,,,,,,,,,,,,,,,,,,,,,,,,,,,,,,,,,,,,,1,1077.220416,1077.220416,1077.220416,1077.220416,1077.220416,0.000000
phase2,R10_project_title_vos,warm,real,real_2692,2692,process:spawn_to_process_exit_ms,PASS,1,1,0,0,,,,,,,,,,,,,,,,,,,,,,,,,,,,,,,,,,,,,,,,,,,,,,,,,,,,,,,,,,,,,,,,,,,,,,,,,,,,,,,,,,,,,,,,,,,,1,5854.966250,5854.966250,5854.966250,5854.966250,5854.966250,0.000000
phase2,R1_vos,real_first_run,startup,real_2692,2692,process:spawn_to_ui_ready_ms,PASS,1,1,0,0,,,,,,,,,,,,,,,,,,,,,,,,,,,,,,,,,,,,,,,,,,,,,,,,,,,,,,,,,,,,,,,,,,,,,,,,,,,,,,,,,,,,,,,,,,,,1,551.432375,551.432375,551.432375,551.432375,551.432375,0.000000
phase2,R1_vos,real_first_run,startup,real_2692,2692,process:spawn_to_library_ready_ms,PASS,1,1,0,0,,,,,,,,,,,,,,,,,,,,,,,,,,,,,,,,,,,,,,,,,,,,,,,,,,,,,,,,,,,,,,,,,,,,,,,,,,,,,,,,,,,,,,,,,,,,1,601.156375,601.156375,601.156375,601.156375,601.156375,0.000000
phase2,R1_vos,real_first_run,startup,real_2692,2692,process:spawn_to_process_exit_ms,PASS,1,1,0,0,,,,,,,,,,,,,,,,,,,,,,,,,,,,,,,,,,,,,,,,,,,,,,,,,,,,,,,,,,,,,,,,,,,,,,,,,,,,,,,,,,,,,,,,,,,,1,632.726250,632.726250,632.726250,632.726250,632.726250,0.000000
phase2,R1_vos,real_steady_cold,startup,real_2692,2692,process:spawn_to_ui_ready_ms,PASS,3,3,0,0,,,,,,,,,,,,,,,,,,,,,,,,,,,,,,,,,,,,,,,,,,,,,,,,,,,,,,,,,,,,,,,,,,,,,,,,,,,,,,,,,,,,,,,,,,,,3,544.929000,511.500653,504.527375,485.045583,536.848675,30.544654
phase2,R1_vos,real_steady_cold,startup,real_2692,2692,process:spawn_to_library_ready_ms,PASS,3,3,0,0,,,,,,,,,,,,,,,,,,,,,,,,,,,,,,,,,,,,,,,,,,,,,,,,,,,,,,,,,,,,,,,,,,,,,,,,,,,,,,,,,,,,,,,,,,,,3,592.535083,557.484361,549.880250,530.037750,584.004116,31.935028
phase2,R1_vos,real_steady_cold,startup,real_2692,2692,process:spawn_to_process_exit_ms,PASS,3,3,0,0,,,,,,,,,,,,,,,,,,,,,,,,,,,,,,,,,,,,,,,,,,,,,,,,,,,,,,,,,,,,,,,,,,,,,,,,,,,,,,,,,,,,,,,,,,,,3,619.357750,585.530792,580.105958,557.128667,611.507392,31.467226
phase2,R1_vos,warm,real,real_2692,2692,process:spawn_to_ui_ready_ms,PASS,1,1,0,0,,,,,,,,,,,,,,,,,,,,,,,,,,,,,,,,,,,,,,,,,,,,,,,,,,,,,,,,,,,,,,,,,,,,,,,,,,,,,,,,,,,,,,,,,,,,1,488.456292,488.456292,488.456292,488.456292,488.456292,0.000000
phase2,R1_vos,warm,real,real_2692,2692,process:spawn_to_library_ready_ms,PASS,1,1,0,0,,,,,,,,,,,,,,,,,,,,,,,,,,,,,,,,,,,,,,,,,,,,,,,,,,,,,,,,,,,,,,,,,,,,,,,,,,,,,,,,,,,,,,,,,,,,1,1215.905834,1215.905834,1215.905834,1215.905834,1215.905834,0.000000
phase2,R1_vos,warm,real,real_2692,2692,process:spawn_to_process_exit_ms,PASS,1,1,0,0,,,,,,,,,,,,,,,,,,,,,,,,,,,,,,,,,,,,,,,,,,,,,,,,,,,,,,,,,,,,,,,,,,,,,,,,,,,,,,,,,,,,,,,,,,,,1,7276.505750,7276.505750,7276.505750,7276.505750,7276.505750,0.000000
phase2,R2_bookshelf,real_first_run,startup,real_2692,2692,process:spawn_to_ui_ready_ms,PASS,1,1,0,0,,,,,,,,,,,,,,,,,,,,,,,,,,,,,,,,,,,,,,,,,,,,,,,,,,,,,,,,,,,,,,,,,,,,,,,,,,,,,,,,,,,,,,,,,,,,1,531.559667,531.559667,531.559667,531.559667,531.559667,0.000000
phase2,R2_bookshelf,real_first_run,startup,real_2692,2692,process:spawn_to_library_ready_ms,PASS,1,1,0,0,,,,,,,,,,,,,,,,,,,,,,,,,,,,,,,,,,,,,,,,,,,,,,,,,,,,,,,,,,,,,,,,,,,,,,,,,,,,,,,,,,,,,,,,,,,,1,560.523125,560.523125,560.523125,560.523125,560.523125,0.000000
phase2,R2_bookshelf,real_first_run,startup,real_2692,2692,process:spawn_to_process_exit_ms,PASS,1,1,0,0,,,,,,,,,,,,,,,,,,,,,,,,,,,,,,,,,,,,,,,,,,,,,,,,,,,,,,,,,,,,,,,,,,,,,,,,,,,,,,,,,,,,,,,,,,,,1,591.018167,591.018167,591.018167,591.018167,591.018167,0.000000
phase2,R2_bookshelf,real_steady_cold,startup,real_2692,2692,process:spawn_to_ui_ready_ms,PASS,3,3,0,0,,,,,,,,,,,,,,,,,,,,,,,,,,,,,,,,,,,,,,,,,,,,,,,,,,,,,,,,,,,,,,,,,,,,,,,,,,,,,,,,,,,,,,,,,,,,3,504.001083,492.885111,489.796667,484.857583,501.160200,9.938424
phase2,R2_bookshelf,real_steady_cold,startup,real_2692,2692,process:spawn_to_library_ready_ms,PASS,3,3,0,0,,,,,,,,,,,,,,,,,,,,,,,,,,,,,,,,,,,,,,,,,,,,,,,,,,,,,,,,,,,,,,,,,,,,,,,,,,,,,,,,,,,,,,,,,,,,3,530.719833,519.626361,515.379875,512.779375,527.651841,9.694818
phase2,R2_bookshelf,real_steady_cold,startup,real_2692,2692,process:spawn_to_process_exit_ms,PASS,3,3,0,0,,,,,,,,,,,,,,,,,,,,,,,,,,,,,,,,,,,,,,,,,,,,,,,,,,,,,,,,,,,,,,,,,,,,,,,,,,,,,,,,,,,,,,,,,,,,3,557.968083,547.846667,542.881792,542.690125,554.950825,8.765928
phase2,R2_bookshelf,warm,real,real_2692,2692,process:spawn_to_ui_ready_ms,PASS,1,1,0,0,,,,,,,,,,,,,,,,,,,,,,,,,,,,,,,,,,,,,,,,,,,,,,,,,,,,,,,,,,,,,,,,,,,,,,,,,,,,,,,,,,,,,,,,,,,,1,481.781291,481.781291,481.781291,481.781291,481.781291,0.000000
phase2,R2_bookshelf,warm,real,real_2692,2692,process:spawn_to_library_ready_ms,PASS,1,1,0,0,,,,,,,,,,,,,,,,,,,,,,,,,,,,,,,,,,,,,,,,,,,,,,,,,,,,,,,,,,,,,,,,,,,,,,,,,,,,,,,,,,,,,,,,,,,,1,907.328708,907.328708,907.328708,907.328708,907.328708,0.000000
phase2,R2_bookshelf,warm,real,real_2692,2692,process:spawn_to_process_exit_ms,PASS,1,1,0,0,,,,,,,,,,,,,,,,,,,,,,,,,,,,,,,,,,,,,,,,,,,,,,,,,,,,,,,,,,,,,,,,,,,,,,,,,,,,,,,,,,,,,,,,,,,,1,7749.849500,7749.849500,7749.849500,7749.849500,7749.849500,0.000000
phase2,R3_vos_bookshelf,real_first_run,startup,real_2692,2692,process:spawn_to_ui_ready_ms,PASS,1,1,0,0,,,,,,,,,,,,,,,,,,,,,,,,,,,,,,,,,,,,,,,,,,,,,,,,,,,,,,,,,,,,,,,,,,,,,,,,,,,,,,,,,,,,,,,,,,,,1,569.467458,569.467458,569.467458,569.467458,569.467458,0.000000
phase2,R3_vos_bookshelf,real_first_run,startup,real_2692,2692,process:spawn_to_library_ready_ms,PASS,1,1,0,0,,,,,,,,,,,,,,,,,,,,,,,,,,,,,,,,,,,,,,,,,,,,,,,,,,,,,,,,,,,,,,,,,,,,,,,,,,,,,,,,,,,,,,,,,,,,1,618.216708,618.216708,618.216708,618.216708,618.216708,0.000000
phase2,R3_vos_bookshelf,real_first_run,startup,real_2692,2692,process:spawn_to_process_exit_ms,PASS,1,1,0,0,,,,,,,,,,,,,,,,,,,,,,,,,,,,,,,,,,,,,,,,,,,,,,,,,,,,,,,,,,,,,,,,,,,,,,,,,,,,,,,,,,,,,,,,,,,,1,648.665041,648.665041,648.665041,648.665041,648.665041,0.000000
phase2,R3_vos_bookshelf,real_steady_cold,startup,real_2692,2692,process:spawn_to_ui_ready_ms,PASS,3,3,0,0,,,,,,,,,,,,,,,,,,,,,,,,,,,,,,,,,,,,,,,,,,,,,,,,,,,,,,,,,,,,,,,,,,,,,,,,,,,,,,,,,,,,,,,,,,,,3,557.049625,520.301333,511.426333,492.428042,547.924967,33.212369
phase2,R3_vos_bookshelf,real_steady_cold,startup,real_2692,2692,process:spawn_to_library_ready_ms,PASS,3,3,0,0,,,,,,,,,,,,,,,,,,,,,,,,,,,,,,,,,,,,,,,,,,,,,,,,,,,,,,,,,,,,,,,,,,,,,,,,,,,,,,,,,,,,,,,,,,,,3,596.830375,563.196764,556.195250,536.564667,588.703350,30.736864
phase2,R3_vos_bookshelf,real_steady_cold,startup,real_2692,2692,process:spawn_to_process_exit_ms,PASS,3,3,0,0,,,,,,,,,,,,,,,,,,,,,,,,,,,,,,,,,,,,,,,,,,,,,,,,,,,,,,,,,,,,,,,,,,,,,,,,,,,,,,,,,,,,,,,,,,,,3,622.970500,589.806125,582.944833,563.503042,614.965367,30.321653
phase2,R3_vos_bookshelf,warm,real,real_2692,2692,process:spawn_to_ui_ready_ms,PASS,1,1,0,0,,,,,,,,,,,,,,,,,,,,,,,,,,,,,,,,,,,,,,,,,,,,,,,,,,,,,,,,,,,,,,,,,,,,,,,,,,,,,,,,,,,,,,,,,,,,1,482.199875,482.199875,482.199875,482.199875,482.199875,0.000000
phase2,R3_vos_bookshelf,warm,real,real_2692,2692,process:spawn_to_library_ready_ms,PASS,1,1,0,0,,,,,,,,,,,,,,,,,,,,,,,,,,,,,,,,,,,,,,,,,,,,,,,,,,,,,,,,,,,,,,,,,,,,,,,,,,,,,,,,,,,,,,,,,,,,1,1244.856250,1244.856250,1244.856250,1244.856250,1244.856250,0.000000
phase2,R3_vos_bookshelf,warm,real,real_2692,2692,process:spawn_to_process_exit_ms,PASS,1,1,0,0,,,,,,,,,,,,,,,,,,,,,,,,,,,,,,,,,,,,,,,,,,,,,,,,,,,,,,,,,,,,,,,,,,,,,,,,,,,,,,,,,,,,,,,,,,,,1,8120.673792,8120.673792,8120.673792,8120.673792,8120.673792,0.000000
phase2,R4_simpleui,real_first_run,startup,real_2692,2692,process:spawn_to_ui_ready_ms,PASS,1,1,0,0,,,,,,,,,,,,,,,,,,,,,,,,,,,,,,,,,,,,,,,,,,,,,,,,,,,,,,,,,,,,,,,,,,,,,,,,,,,,,,,,,,,,,,,,,,,,1,657.028667,657.028667,657.028667,657.028667,657.028667,0.000000
phase2,R4_simpleui,real_first_run,startup,real_2692,2692,process:spawn_to_library_ready_ms,PASS,1,1,0,0,,,,,,,,,,,,,,,,,,,,,,,,,,,,,,,,,,,,,,,,,,,,,,,,,,,,,,,,,,,,,,,,,,,,,,,,,,,,,,,,,,,,,,,,,,,,1,685.190917,685.190917,685.190917,685.190917,685.190917,0.000000
phase2,R4_simpleui,real_first_run,startup,real_2692,2692,process:spawn_to_process_exit_ms,PASS,1,1,0,0,,,,,,,,,,,,,,,,,,,,,,,,,,,,,,,,,,,,,,,,,,,,,,,,,,,,,,,,,,,,,,,,,,,,,,,,,,,,,,,,,,,,,,,,,,,,1,722.000333,722.000333,722.000333,722.000333,722.000333,0.000000
phase2,R4_simpleui,real_steady_cold,startup,real_2692,2692,process:spawn_to_ui_ready_ms,PASS,3,3,0,0,,,,,,,,,,,,,,,,,,,,,,,,,,,,,,,,,,,,,,,,,,,,,,,,,,,,,,,,,,,,,,,,,,,,,,,,,,,,,,,,,,,,,,,,,,,,3,599.756375,592.250333,590.635000,586.359625,597.932100,6.842894
phase2,R4_simpleui,real_steady_cold,startup,real_2692,2692,process:spawn_to_library_ready_ms,PASS,3,3,0,0,,,,,,,,,,,,,,,,,,,,,,,,,,,,,,,,,,,,,,,,,,,,,,,,,,,,,,,,,,,,,,,,,,,,,,,,,,,,,,,,,,,,,,,,,,,,3,624.815458,618.948514,617.022625,615.007458,623.256891,5.179865
phase2,R4_simpleui,real_steady_cold,startup,real_2692,2692,process:spawn_to_process_exit_ms,PASS,3,3,0,0,,,,,,,,,,,,,,,,,,,,,,,,,,,,,,,,,,,,,,,,,,,,,,,,,,,,,,,,,,,,,,,,,,,,,,,,,,,,,,,,,,,,,,,,,,,,3,660.209666,653.880416,652.341875,649.089708,658.636108,5.717403
phase2,R4_simpleui,warm,real,real_2692,2692,process:spawn_to_ui_ready_ms,PASS,1,1,0,0,,,,,,,,,,,,,,,,,,,,,,,,,,,,,,,,,,,,,,,,,,,,,,,,,,,,,,,,,,,,,,,,,,,,,,,,,,,,,,,,,,,,,,,,,,,,1,582.758208,582.758208,582.758208,582.758208,582.758208,0.000000
phase2,R4_simpleui,warm,real,real_2692,2692,process:spawn_to_library_ready_ms,PASS,1,1,0,0,,,,,,,,,,,,,,,,,,,,,,,,,,,,,,,,,,,,,,,,,,,,,,,,,,,,,,,,,,,,,,,,,,,,,,,,,,,,,,,,,,,,,,,,,,,,1,891.434292,891.434292,891.434292,891.434292,891.434292,0.000000
phase2,R4_simpleui,warm,real,real_2692,2692,process:spawn_to_process_exit_ms,PASS,1,1,0,0,,,,,,,,,,,,,,,,,,,,,,,,,,,,,,,,,,,,,,,,,,,,,,,,,,,,,,,,,,,,,,,,,,,,,,,,,,,,,,,,,,,,,,,,,,,,1,49193.724042,49193.724042,49193.724042,49193.724042,49193.724042,0.000000
phase2,R5_simpleui_bookshelf,real_first_run,startup,real_2692,2692,process:spawn_to_ui_ready_ms,PASS,1,1,0,0,,,,,,,,,,,,,,,,,,,,,,,,,,,,,,,,,,,,,,,,,,,,,,,,,,,,,,,,,,,,,,,,,,,,,,,,,,,,,,,,,,,,,,,,,,,,1,869.904083,869.904083,869.904083,869.904083,869.904083,0.000000
phase2,R5_simpleui_bookshelf,real_first_run,startup,real_2692,2692,process:spawn_to_library_ready_ms,PASS,1,1,0,0,,,,,,,,,,,,,,,,,,,,,,,,,,,,,,,,,,,,,,,,,,,,,,,,,,,,,,,,,,,,,,,,,,,,,,,,,,,,,,,,,,,,,,,,,,,,1,897.303333,897.303333,897.303333,897.303333,897.303333,0.000000
phase2,R5_simpleui_bookshelf,real_first_run,startup,real_2692,2692,process:spawn_to_process_exit_ms,PASS,1,1,0,0,,,,,,,,,,,,,,,,,,,,,,,,,,,,,,,,,,,,,,,,,,,,,,,,,,,,,,,,,,,,,,,,,,,,,,,,,,,,,,,,,,,,,,,,,,,,1,932.240167,932.240167,932.240167,932.240167,932.240167,0.000000
phase2,R5_simpleui_bookshelf,real_steady_cold,startup,real_2692,2692,process:spawn_to_ui_ready_ms,PASS,3,3,0,0,,,,,,,,,,,,,,,,,,,,,,,,,,,,,,,,,,,,,,,,,,,,,,,,,,,,,,,,,,,,,,,,,,,,,,,,,,,,,,,,,,,,,,,,,,,,3,597.881750,576.283056,584.985292,545.982125,595.302458,27.022018
phase2,R5_simpleui_bookshelf,real_steady_cold,startup,real_2692,2692,process:spawn_to_library_ready_ms,PASS,3,3,0,0,,,,,,,,,,,,,,,,,,,,,,,,,,,,,,,,,,,,,,,,,,,,,,,,,,,,,,,,,,,,,,,,,,,,,,,,,,,,,,,,,,,,,,,,,,,,3,625.297458,604.115167,615.586667,571.461375,623.355300,28.692812
phase2,R5_simpleui_bookshelf,real_steady_cold,startup,real_2692,2692,process:spawn_to_process_exit_ms,PASS,3,3,0,0,,,,,,,,,,,,,,,,,,,,,,,,,,,,,,,,,,,,,,,,,,,,,,,,,,,,,,,,,,,,,,,,,,,,,,,,,,,,,,,,,,,,,,,,,,,,3,663.352042,639.581306,646.454500,608.937375,659.972534,27.850846
phase2,R5_simpleui_bookshelf,warm,real,real_2692,2692,process:spawn_to_ui_ready_ms,PASS,1,1,0,0,,,,,,,,,,,,,,,,,,,,,,,,,,,,,,,,,,,,,,,,,,,,,,,,,,,,,,,,,,,,,,,,,,,,,,,,,,,,,,,,,,,,,,,,,,,,1,561.365375,561.365375,561.365375,561.365375,561.365375,0.000000
phase2,R5_simpleui_bookshelf,warm,real,real_2692,2692,process:spawn_to_library_ready_ms,PASS,1,1,0,0,,,,,,,,,,,,,,,,,,,,,,,,,,,,,,,,,,,,,,,,,,,,,,,,,,,,,,,,,,,,,,,,,,,,,,,,,,,,,,,,,,,,,,,,,,,,1,863.703833,863.703833,863.703833,863.703833,863.703833,0.000000
phase2,R5_simpleui_bookshelf,warm,real,real_2692,2692,process:spawn_to_process_exit_ms,PASS,1,1,0,0,,,,,,,,,,,,,,,,,,,,,,,,,,,,,,,,,,,,,,,,,,,,,,,,,,,,,,,,,,,,,,,,,,,,,,,,,,,,,,,,,,,,,,,,,,,,1,47759.544166,47759.544166,47759.544166,47759.544166,47759.544166,0.000000
phase2,R6_simpleui_vos,real_first_run,startup,real_2692,2692,process:spawn_to_ui_ready_ms,PASS,1,1,0,0,,,,,,,,,,,,,,,,,,,,,,,,,,,,,,,,,,,,,,,,,,,,,,,,,,,,,,,,,,,,,,,,,,,,,,,,,,,,,,,,,,,,,,,,,,,,1,717.380500,717.380500,717.380500,717.380500,717.380500,0.000000
phase2,R6_simpleui_vos,real_first_run,startup,real_2692,2692,process:spawn_to_library_ready_ms,PASS,1,1,0,0,,,,,,,,,,,,,,,,,,,,,,,,,,,,,,,,,,,,,,,,,,,,,,,,,,,,,,,,,,,,,,,,,,,,,,,,,,,,,,,,,,,,,,,,,,,,1,741.012084,741.012084,741.012084,741.012084,741.012084,0.000000
phase2,R6_simpleui_vos,real_first_run,startup,real_2692,2692,process:spawn_to_process_exit_ms,PASS,1,1,0,0,,,,,,,,,,,,,,,,,,,,,,,,,,,,,,,,,,,,,,,,,,,,,,,,,,,,,,,,,,,,,,,,,,,,,,,,,,,,,,,,,,,,,,,,,,,,1,773.707834,773.707834,773.707834,773.707834,773.707834,0.000000
phase2,R6_simpleui_vos,real_steady_cold,startup,real_2692,2692,process:spawn_to_ui_ready_ms,PASS,3,3,0,0,,,,,,,,,,,,,,,,,,,,,,,,,,,,,,,,,,,,,,,,,,,,,,,,,,,,,,,,,,,,,,,,,,,,,,,,,,,,,,,,,,,,,,,,,,,,3,552.150833,506.046666,483.179000,482.810166,538.356466,39.927805
phase2,R6_simpleui_vos,real_steady_cold,startup,real_2692,2692,process:spawn_to_library_ready_ms,PASS,3,3,0,0,,,,,,,,,,,,,,,,,,,,,,,,,,,,,,,,,,,,,,,,,,,,,,,,,,,,,,,,,,,,,,,,,,,,,,,,,,,,,,,,,,,,,,,,,,,,3,574.347875,527.475361,504.721166,503.357041,560.422533,40.598518
phase2,R6_simpleui_vos,real_steady_cold,startup,real_2692,2692,process:spawn_to_process_exit_ms,PASS,3,3,0,0,,,,,,,,,,,,,,,,,,,,,,,,,,,,,,,,,,,,,,,,,,,,,,,,,,,,,,,,,,,,,,,,,,,,,,,,,,,,,,,,,,,,,,,,,,,,3,600.027667,554.094389,533.073375,529.182125,586.636809,39.826938
phase2,R6_simpleui_vos,warm,real,real_2692,2692,process:spawn_to_ui_ready_ms,PASS,1,1,0,0,,,,,,,,,,,,,,,,,,,,,,,,,,,,,,,,,,,,,,,,,,,,,,,,,,,,,,,,,,,,,,,,,,,,,,,,,,,,,,,,,,,,,,,,,,,,1,463.662542,463.662542,463.662542,463.662542,463.662542,0.000000
phase2,R6_simpleui_vos,warm,real,real_2692,2692,process:spawn_to_library_ready_ms,PASS,1,1,0,0,,,,,,,,,,,,,,,,,,,,,,,,,,,,,,,,,,,,,,,,,,,,,,,,,,,,,,,,,,,,,,,,,,,,,,,,,,,,,,,,,,,,,,,,,,,,1,724.731250,724.731250,724.731250,724.731250,724.731250,0.000000
phase2,R6_simpleui_vos,warm,real,real_2692,2692,process:spawn_to_process_exit_ms,PASS,1,1,0,0,,,,,,,,,,,,,,,,,,,,,,,,,,,,,,,,,,,,,,,,,,,,,,,,,,,,,,,,,,,,,,,,,,,,,,,,,,,,,,,,,,,,,,,,,,,,1,29604.524542,29604.524542,29604.524542,29604.524542,29604.524542,0.000000
phase2,R7_simpleui_vos_bookshelf,real_first_run,startup,real_2692,2692,process:spawn_to_ui_ready_ms,PASS,1,1,0,0,,,,,,,,,,,,,,,,,,,,,,,,,,,,,,,,,,,,,,,,,,,,,,,,,,,,,,,,,,,,,,,,,,,,,,,,,,,,,,,,,,,,,,,,,,,,1,554.888459,554.888459,554.888459,554.888459,554.888459,0.000000
phase2,R7_simpleui_vos_bookshelf,real_first_run,startup,real_2692,2692,process:spawn_to_library_ready_ms,PASS,1,1,0,0,,,,,,,,,,,,,,,,,,,,,,,,,,,,,,,,,,,,,,,,,,,,,,,,,,,,,,,,,,,,,,,,,,,,,,,,,,,,,,,,,,,,,,,,,,,,1,579.706584,579.706584,579.706584,579.706584,579.706584,0.000000
phase2,R7_simpleui_vos_bookshelf,real_first_run,startup,real_2692,2692,process:spawn_to_process_exit_ms,PASS,1,1,0,0,,,,,,,,,,,,,,,,,,,,,,,,,,,,,,,,,,,,,,,,,,,,,,,,,,,,,,,,,,,,,,,,,,,,,,,,,,,,,,,,,,,,,,,,,,,,1,610.831125,610.831125,610.831125,610.831125,610.831125,0.000000
phase2,R7_simpleui_vos_bookshelf,real_steady_cold,startup,real_2692,2692,process:spawn_to_ui_ready_ms,PASS,3,3,0,0,,,,,,,,,,,,,,,,,,,,,,,,,,,,,,,,,,,,,,,,,,,,,,,,,,,,,,,,,,,,,,,,,,,,,,,,,,,,,,,,,,,,,,,,,,,,3,492.944750,485.141556,492.196167,470.283750,492.795033,12.872680
phase2,R7_simpleui_vos_bookshelf,real_steady_cold,startup,real_2692,2692,process:spawn_to_library_ready_ms,PASS,3,3,0,0,,,,,,,,,,,,,,,,,,,,,,,,,,,,,,,,,,,,,,,,,,,,,,,,,,,,,,,,,,,,,,,,,,,,,,,,,,,,,,,,,,,,,,,,,,,,3,515.533750,506.803153,513.817542,491.058167,515.190508,13.662532
phase2,R7_simpleui_vos_bookshelf,real_steady_cold,startup,real_2692,2692,process:spawn_to_process_exit_ms,PASS,3,3,0,0,,,,,,,,,,,,,,,,,,,,,,,,,,,,,,,,,,,,,,,,,,,,,,,,,,,,,,,,,,,,,,,,,,,,,,,,,,,,,,,,,,,,,,,,,,,,3,543.017208,533.637875,540.229667,517.666750,542.459700,13.901447
phase2,R7_simpleui_vos_bookshelf,warm,real,real_2692,2692,process:spawn_to_ui_ready_ms,PASS,1,1,0,0,,,,,,,,,,,,,,,,,,,,,,,,,,,,,,,,,,,,,,,,,,,,,,,,,,,,,,,,,,,,,,,,,,,,,,,,,,,,,,,,,,,,,,,,,,,,1,471.354541,471.354541,471.354541,471.354541,471.354541,0.000000
phase2,R7_simpleui_vos_bookshelf,warm,real,real_2692,2692,process:spawn_to_library_ready_ms,PASS,1,1,0,0,,,,,,,,,,,,,,,,,,,,,,,,,,,,,,,,,,,,,,,,,,,,,,,,,,,,,,,,,,,,,,,,,,,,,,,,,,,,,,,,,,,,,,,,,,,,1,743.917958,743.917958,743.917958,743.917958,743.917958,0.000000
phase2,R7_simpleui_vos_bookshelf,warm,real,real_2692,2692,process:spawn_to_process_exit_ms,PASS,1,1,0,0,,,,,,,,,,,,,,,,,,,,,,,,,,,,,,,,,,,,,,,,,,,,,,,,,,,,,,,,,,,,,,,,,,,,,,,,,,,,,,,,,,,,,,,,,,,,1,30976.666625,30976.666625,30976.666625,30976.666625,30976.666625,0.000000
phase2,R8_zenos,real_first_run,startup,real_2692,2692,process:spawn_to_ui_ready_ms,PASS,1,1,0,0,,,,,,,,,,,,,,,,,,,,,,,,,,,,,,,,,,,,,,,,,,,,,,,,,,,,,,,,,,,,,,,,,,,,,,,,,,,,,,,,,,,,,,,,,,,,1,616.664458,616.664458,616.664458,616.664458,616.664458,0.000000
phase2,R8_zenos,real_first_run,startup,real_2692,2692,process:spawn_to_library_ready_ms,PASS,1,1,0,0,,,,,,,,,,,,,,,,,,,,,,,,,,,,,,,,,,,,,,,,,,,,,,,,,,,,,,,,,,,,,,,,,,,,,,,,,,,,,,,,,,,,,,,,,,,,1,704.522292,704.522292,704.522292,704.522292,704.522292,0.000000
phase2,R8_zenos,real_first_run,startup,real_2692,2692,process:spawn_to_process_exit_ms,PASS,1,1,0,0,,,,,,,,,,,,,,,,,,,,,,,,,,,,,,,,,,,,,,,,,,,,,,,,,,,,,,,,,,,,,,,,,,,,,,,,,,,,,,,,,,,,,,,,,,,,1,736.221917,736.221917,736.221917,736.221917,736.221917,0.000000
phase2,R8_zenos,real_steady_cold,startup,real_2692,2692,process:spawn_to_ui_ready_ms,PASS,3,3,0,0,,,,,,,,,,,,,,,,,,,,,,,,,,,,,,,,,,,,,,,,,,,,,,,,,,,,,,,,,,,,,,,,,,,,,,,,,,,,,,,,,,,,,,,,,,,,3,540.482416,517.889333,513.355750,499.829833,535.057083,20.702009
phase2,R8_zenos,real_steady_cold,startup,real_2692,2692,process:spawn_to_library_ready_ms,PASS,3,3,0,0,,,,,,,,,,,,,,,,,,,,,,,,,,,,,,,,,,,,,,,,,,,,,,,,,,,,,,,,,,,,,,,,,,,,,,,,,,,,,,,,,,,,,,,,,,,,3,626.065583,609.379236,607.674458,594.397667,622.387358,15.902639
phase2,R8_zenos,real_steady_cold,startup,real_2692,2692,process:spawn_to_process_exit_ms,PASS,3,3,0,0,,,,,,,,,,,,,,,,,,,,,,,,,,,,,,,,,,,,,,,,,,,,,,,,,,,,,,,,,,,,,,,,,,,,,,,,,,,,,,,,,,,,,,,,,,,,3,656.636041,639.015958,638.056583,622.355250,652.920149,17.160520
phase2,R8_zenos,warm,real,real_2692,2692,process:spawn_to_ui_ready_ms,PASS,1,1,0,0,,,,,,,,,,,,,,,,,,,,,,,,,,,,,,,,,,,,,,,,,,,,,,,,,,,,,,,,,,,,,,,,,,,,,,,,,,,,,,,,,,,,,,,,,,,,1,514.916833,514.916833,514.916833,514.916833,514.916833,0.000000
phase2,R8_zenos,warm,real,real_2692,2692,process:spawn_to_library_ready_ms,PASS,1,1,0,0,,,,,,,,,,,,,,,,,,,,,,,,,,,,,,,,,,,,,,,,,,,,,,,,,,,,,,,,,,,,,,,,,,,,,,,,,,,,,,,,,,,,,,,,,,,,1,1963.421167,1963.421167,1963.421167,1963.421167,1963.421167,0.000000
phase2,R8_zenos,warm,real,real_2692,2692,process:spawn_to_process_exit_ms,PASS,1,1,0,0,,,,,,,,,,,,,,,,,,,,,,,,,,,,,,,,,,,,,,,,,,,,,,,,,,,,,,,,,,,,,,,,,,,,,,,,,,,,,,,,,,,,,,,,,,,,1,9898.352875,9898.352875,9898.352875,9898.352875,9898.352875,0.000000
phase2,R9_zenos_bookshelf,real_first_run,startup,real_2692,2692,process:spawn_to_ui_ready_ms,PASS,1,1,0,0,,,,,,,,,,,,,,,,,,,,,,,,,,,,,,,,,,,,,,,,,,,,,,,,,,,,,,,,,,,,,,,,,,,,,,,,,,,,,,,,,,,,,,,,,,,,1,574.441208,574.441208,574.441208,574.441208,574.441208,0.000000
phase2,R9_zenos_bookshelf,real_first_run,startup,real_2692,2692,process:spawn_to_library_ready_ms,PASS,1,1,0,0,,,,,,,,,,,,,,,,,,,,,,,,,,,,,,,,,,,,,,,,,,,,,,,,,,,,,,,,,,,,,,,,,,,,,,,,,,,,,,,,,,,,,,,,,,,,1,680.508458,680.508458,680.508458,680.508458,680.508458,0.000000
phase2,R9_zenos_bookshelf,real_first_run,startup,real_2692,2692,process:spawn_to_process_exit_ms,PASS,1,1,0,0,,,,,,,,,,,,,,,,,,,,,,,,,,,,,,,,,,,,,,,,,,,,,,,,,,,,,,,,,,,,,,,,,,,,,,,,,,,,,,,,,,,,,,,,,,,,1,714.679875,714.679875,714.679875,714.679875,714.679875,0.000000
phase2,R9_zenos_bookshelf,real_steady_cold,startup,real_2692,2692,process:spawn_to_ui_ready_ms,PASS,3,3,0,0,,,,,,,,,,,,,,,,,,,,,,,,,,,,,,,,,,,,,,,,,,,,,,,,,,,,,,,,,,,,,,,,,,,,,,,,,,,,,,,,,,,,,,,,,,,,3,541.938916,511.888666,496.915916,496.811166,532.934316,26.024333
phase2,R9_zenos_bookshelf,real_steady_cold,startup,real_2692,2692,process:spawn_to_library_ready_ms,PASS,3,3,0,0,,,,,,,,,,,,,,,,,,,,,,,,,,,,,,,,,,,,,,,,,,,,,,,,,,,,,,,,,,,,,,,,,,,,,,,,,,,,,,,,,,,,,,,,,,,,3,634.269166,601.729639,586.068250,584.851500,624.628983,28.186624
phase2,R9_zenos_bookshelf,real_steady_cold,startup,real_2692,2692,process:spawn_to_process_exit_ms,PASS,3,3,0,0,,,,,,,,,,,,,,,,,,,,,,,,,,,,,,,,,,,,,,,,,,,,,,,,,,,,,,,,,,,,,,,,,,,,,,,,,,,,,,,,,,,,,,,,,,,,3,666.623083,633.064152,618.952083,613.617291,657.088883,29.185037
phase2,R9_zenos_bookshelf,warm,real,real_2692,2692,process:spawn_to_ui_ready_ms,PASS,1,1,0,0,,,,,,,,,,,,,,,,,,,,,,,,,,,,,,,,,,,,,,,,,,,,,,,,,,,,,,,,,,,,,,,,,,,,,,,,,,,,,,,,,,,,,,,,,,,,1,506.761917,506.761917,506.761917,506.761917,506.761917,0.000000
phase2,R9_zenos_bookshelf,warm,real,real_2692,2692,process:spawn_to_library_ready_ms,PASS,1,1,0,0,,,,,,,,,,,,,,,,,,,,,,,,,,,,,,,,,,,,,,,,,,,,,,,,,,,,,,,,,,,,,,,,,,,,,,,,,,,,,,,,,,,,,,,,,,,,1,1698.236209,1698.236209,1698.236209,1698.236209,1698.236209,0.000000
phase2,R9_zenos_bookshelf,warm,real,real_2692,2692,process:spawn_to_process_exit_ms,PASS,1,1,0,0,,,,,,,,,,,,,,,,,,,,,,,,,,,,,,,,,,,,,,,,,,,,,,,,,,,,,,,,,,,,,,,,,,,,,,,,,,,,,,,,,,,,,,,,,,,,1,10333.704667,10333.704667,10333.704667,10333.704667,10333.704667,0.000000
bookends_control,A_stock,warm,bookends_control,real_2692,2692,memory:post_init_idle,PASS,1,1,0,0,,,,,,,,,,,,,,,1,8398.853516,8398.853516,8398.853516,8398.853516,8398.853516,0.000000,,,,,,,,,,,,,,,,,,,,,,1,14561.414062,14561.414062,14561.414062,14561.414062,14561.414062,0.000000,,,,,,,,,,,,,,,1,166432.000000,166432.000000,166432.000000,166432.000000,166432.000000,0.000000,,,,,,,,,,,,,,,,,,,,,,,,,,,,
bookends_control,A_stock,warm,bookends_control,real_2692,2692,memory:post_library_render_idle,PASS,1,1,0,0,,,,,,,,,,,,,,,1,8313.974609,8313.974609,8313.974609,8313.974609,8313.974609,0.000000,,,,,,,,,,,,,,,,,,,,,,1,8905.386719,8905.386719,8905.386719,8905.386719,8905.386719,0.000000,,,,,,,,,,,,,,,1,188672.000000,188672.000000,188672.000000,188672.000000,188672.000000,0.000000,,,,,,,,,,,,,,,,,,,,,,,,,,,,
bookends_control,A_stock,warm,bookends_control,real_2692,2692,memory:post_reader_live_heap,PASS,1,1,0,0,,,,,,,,,,,,,,,1,10573.294922,10573.294922,10573.294922,10573.294922,10573.294922,0.000000,,,,,,,,,,,,,,,,,,,,,,1,10574.294922,10574.294922,10574.294922,10574.294922,10574.294922,0.000000,,,,,,,,,,,,,,,1,348960.000000,348960.000000,348960.000000,348960.000000,348960.000000,0.000000,,,,,,,,,,,,,,,,,,,,,,,,,,,,
bookends_control,A_stock,warm,bookends_control,real_2692,2692,memory:post_stress_idle,PASS,1,1,0,0,,,,,,,,,,,,,,,1,12140.873047,12140.873047,12140.873047,12140.873047,12140.873047,0.000000,,,,,,,,,,,,,,,,,,,,,,1,13602.152344,13602.152344,13602.152344,13602.152344,13602.152344,0.000000,,,,,,,,,,,,,,,1,348960.000000,348960.000000,348960.000000,348960.000000,348960.000000,0.000000,,,,,,,,,,,,,,,,,,,,,,,,,,,,
bookends_control,K_stock_bookends,warm,bookends_control,real_2692,2692,memory:post_init_idle,PASS,1,1,0,0,,,,,,,,,,,,,,,1,8969.582031,8969.582031,8969.582031,8969.582031,8969.582031,0.000000,,,,,,,,,,,,,,,,,,,,,,1,9750.329102,9750.329102,9750.329102,9750.329102,9750.329102,0.000000,,,,,,,,,,,,,,,1,166528.000000,166528.000000,166528.000000,166528.000000,166528.000000,0.000000,,,,,,,,,,,,,,,,,,,,,,,,,,,,
bookends_control,K_stock_bookends,warm,bookends_control,real_2692,2692,memory:post_library_render_idle,PASS,1,1,0,0,,,,,,,,,,,,,,,1,9033.753906,9033.753906,9033.753906,9033.753906,9033.753906,0.000000,,,,,,,,,,,,,,,,,,,,,,1,9945.632812,9945.632812,9945.632812,9945.632812,9945.632812,0.000000,,,,,,,,,,,,,,,1,190624.000000,190624.000000,190624.000000,190624.000000,190624.000000,0.000000,,,,,,,,,,,,,,,,,,,,,,,,,,,,
bookends_control,K_stock_bookends,warm,bookends_control,real_2692,2692,memory:post_reader_live_heap,PASS,1,1,0,0,,,,,,,,,,,,,,,1,16468.708984,16468.708984,16468.708984,16468.708984,16468.708984,0.000000,,,,,,,,,,,,,,,,,,,,,,1,16469.708984,16469.708984,16469.708984,16469.708984,16469.708984,0.000000,,,,,,,,,,,,,,,1,355152.000000,355152.000000,355152.000000,355152.000000,355152.000000,0.000000,,,,,,,,,,,,,,,,,,,,,,,,,,,,
bookends_control,K_stock_bookends,warm,bookends_control,real_2692,2692,memory:post_stress_idle,PASS,1,1,0,0,,,,,,,,,,,,,,,1,23044.378906,23044.378906,23044.378906,23044.378906,23044.378906,0.000000,,,,,,,,,,,,,,,,,,,,,,1,23053.101562,23053.101562,23053.101562,23053.101562,23053.101562,0.000000,,,,,,,,,,,,,,,1,355152.000000,355152.000000,355152.000000,355152.000000,355152.000000,0.000000,,,,,,,,,,,,,,,,,,,,,,,,,,,,
phase2,R0_stock,real_first_run,startup,real_2692,2692,memory:post_init_idle,PASS,1,1,0,0,,,,,,,,,,,,,,,1,8365.389648,8365.389648,8365.389648,8365.389648,8365.389648,0.000000,,,,,,,,,,,,,,,,,,,,,,1,14687.903320,14687.903320,14687.903320,14687.903320,14687.903320,0.000000,,,,,,,,,,,,,,,1,165552.000000,165552.000000,165552.000000,165552.000000,165552.000000,0.000000,,,,,,,,,,,,,,,,,,,,,,,,,,,,
phase2,R0_stock,real_first_run,startup,real_2692,2692,memory:post_library_render_idle,PASS,1,1,0,0,,,,,,,,,,,,,,,1,8350.870117,8350.870117,8350.870117,8350.870117,8350.870117,0.000000,,,,,,,,,,,,,,,,,,,,,,1,9378.698242,9378.698242,9378.698242,9378.698242,9378.698242,0.000000,,,,,,,,,,,,,,,1,174208.000000,174208.000000,174208.000000,174208.000000,174208.000000,0.000000,,,,,,,,,,,,,,,,,,,,,,,,,,,,
phase2,R0_stock,real_steady_cold,startup,real_2692,2692,memory:post_init_idle,PASS,3,3,0,0,,,,,,,,,,,,,,,3,8394.557617,8318.515951,8307.682617,8253.307617,8377.182617,71.245431,,,,,,,,,,,,,,,,,,,,,,3,14109.942383,12604.927409,12128.675781,11576.164062,13713.689062,1332.336239,,,,,,,,,,,,,,,3,164912.000000,162725.333333,161904.000000,161360.000000,164310.400000,1913.143312,,,,,,,,,,,,,,,,,,,,,,,,,,,,
phase2,R0_stock,real_steady_cold,startup,real_2692,2692,memory:post_library_render_idle,PASS,3,3,0,0,,,,,,,,,,,,,,,3,8643.026367,8414.668294,8303.584961,8297.393555,8575.138086,197.788120,,,,,,,,,,,,,,,,,,,,,,3,9406.304688,9347.645508,9331.818359,9304.813477,9391.407422,52.564156,,,,,,,,,,,,,,,3,173648.000000,171968.000000,171616.000000,170640.000000,173241.600000,1534.582679,,,,,,,,,,,,,,,,,,,,,,,,,,,,
phase2,R0_stock,warm,real,real_2692,2692,memory:post_init_idle,PASS,1,1,0,0,,,,,,,,,,,,,,,1,8330.436523,8330.436523,8330.436523,8330.436523,8330.436523,0.000000,,,,,,,,,,,,,,,,,,,,,,1,11913.082031,11913.082031,11913.082031,11913.082031,11913.082031,0.000000,,,,,,,,,,,,,,,1,161920.000000,161920.000000,161920.000000,161920.000000,161920.000000,0.000000,,,,,,,,,,,,,,,,,,,,,,,,,,,,
phase2,R0_stock,warm,real,real_2692,2692,memory:post_library_render_idle,PASS,1,1,0,0,,,,,,,,,,,,,,,1,8350.831055,8350.831055,8350.831055,8350.831055,8350.831055,0.000000,,,,,,,,,,,,,,,,,,,,,,1,9327.957031,9327.957031,9327.957031,9327.957031,9327.957031,0.000000,,,,,,,,,,,,,,,1,185824.000000,185824.000000,185824.000000,185824.000000,185824.000000,0.000000,,,,,,,,,,,,,,,,,,,,,,,,,,,,
phase2,R0_stock,warm,real,real_2692,2692,memory:post_stress_idle,PASS,1,1,0,0,,,,,,,,,,,,,,,1,12819.893555,12819.893555,12819.893555,12819.893555,12819.893555,0.000000,,,,,,,,,,,,,,,,,,,,,,1,15379.987305,15379.987305,15379.987305,15379.987305,15379.987305,0.000000,,,,,,,,,,,,,,,1,339472.000000,339472.000000,339472.000000,339472.000000,339472.000000,0.000000,,,,,,,,,,,,,,,,,,,,,,,,,,,,
phase2,R10_project_title_vos,real_first_run,startup,real_2692,2692,memory:post_init_idle,PASS,1,1,0,0,,,,,,,,,,,,,,,1,8987.018555,8987.018555,8987.018555,8987.018555,8987.018555,0.000000,,,,,,,,,,,,,,,,,,,,,,1,9509.572266,9509.572266,9509.572266,9509.572266,9509.572266,0.000000,,,,,,,,,,,,,,,1,168112.000000,168112.000000,168112.000000,168112.000000,168112.000000,0.000000,,,,,,,,,,,,,,,,,,,,,,,,,,,,
phase2,R10_project_title_vos,real_first_run,startup,real_2692,2692,memory:post_library_render_idle,PASS,1,1,0,0,,,,,,,,,,,,,,,1,9064.745117,9064.745117,9064.745117,9064.745117,9064.745117,0.000000,,,,,,,,,,,,,,,,,,,,,,1,10319.657227,10319.657227,10319.657227,10319.657227,10319.657227,0.000000,,,,,,,,,,,,,,,1,176144.000000,176144.000000,176144.000000,176144.000000,176144.000000,0.000000,,,,,,,,,,,,,,,,,,,,,,,,,,,,
phase2,R10_project_title_vos,real_steady_cold,startup,real_2692,2692,memory:post_init_idle,PASS,3,3,0,0,,,,,,,,,,,,,,,3,9071.475586,9043.226888,9040.659180,9017.545898,9065.312305,27.056379,,,,,,,,,,,,,,,,,,,,,,3,15258.455078,13817.987956,14628.413086,11567.095703,15132.446680,1974.620262,,,,,,,,,,,,,,,3,166544.000000,166058.666667,166096.000000,165536.000000,166454.400000,505.035972,,,,,,,,,,,,,,,,,,,,,,,,,,,,
phase2,R10_project_title_vos,real_steady_cold,startup,real_2692,2692,memory:post_library_render_idle,PASS,3,3,0,0,,,,,,,,,,,,,,,3,9007.221680,8999.428711,9005.772461,8985.291992,9006.931836,12.264182,,,,,,,,,,,,,,,,,,,,,,3,10355.541992,10270.358398,10309.543945,10145.989258,10346.342383,110.134996,,,,,,,,,,,,,,,3,174496.000000,174037.333333,174064.000000,173552.000000,174409.600000,472.564634,,,,,,,,,,,,,,,,,,,,,,,,,,,,
phase2,R10_project_title_vos,warm,real,real_2692,2692,memory:post_init_idle,PASS,1,1,0,0,,,,,,,,,,,,,,,1,8989.752930,8989.752930,8989.752930,8989.752930,8989.752930,0.000000,,,,,,,,,,,,,,,,,,,,,,1,15255.418945,15255.418945,15255.418945,15255.418945,15255.418945,0.000000,,,,,,,,,,,,,,,1,165248.000000,165248.000000,165248.000000,165248.000000,165248.000000,0.000000,,,,,,,,,,,,,,,,,,,,,,,,,,,,
phase2,R10_project_title_vos,warm,real,real_2692,2692,memory:post_library_render_idle,PASS,1,1,0,0,,,,,,,,,,,,,,,1,9064.307617,9064.307617,9064.307617,9064.307617,9064.307617,0.000000,,,,,,,,,,,,,,,,,,,,,,1,20636.250000,20636.250000,20636.250000,20636.250000,20636.250000,0.000000,,,,,,,,,,,,,,,1,180336.000000,180336.000000,180336.000000,180336.000000,180336.000000,0.000000,,,,,,,,,,,,,,,,,,,,,,,,,,,,
phase2,R10_project_title_vos,warm,real,real_2692,2692,memory:post_stress_idle,PASS,1,1,0,0,,,,,,,,,,,,,,,1,12725.500000,12725.500000,12725.500000,12725.500000,12725.500000,0.000000,,,,,,,,,,,,,,,,,,,,,,1,15375.858398,15375.858398,15375.858398,15375.858398,15375.858398,0.000000,,,,,,,,,,,,,,,1,353840.000000,353840.000000,353840.000000,353840.000000,353840.000000,0.000000,,,,,,,,,,,,,,,,,,,,,,,,,,,,
phase2,R1_vos,real_first_run,startup,real_2692,2692,memory:post_init_idle,PASS,1,1,0,0,,,,,,,,,,,,,,,1,9031.823242,9031.823242,9031.823242,9031.823242,9031.823242,0.000000,,,,,,,,,,,,,,,,,,,,,,1,15994.324219,15994.324219,15994.324219,15994.324219,15994.324219,0.000000,,,,,,,,,,,,,,,1,168384.000000,168384.000000,168384.000000,168384.000000,168384.000000,0.000000,,,,,,,,,,,,,,,,,,,,,,,,,,,,
phase2,R1_vos,real_first_run,startup,real_2692,2692,memory:post_library_render_idle,PASS,1,1,0,0,,,,,,,,,,,,,,,1,8986.487305,8986.487305,8986.487305,8986.487305,8986.487305,0.000000,,,,,,,,,,,,,,,,,,,,,,1,10288.952148,10288.952148,10288.952148,10288.952148,10288.952148,0.000000,,,,,,,,,,,,,,,1,176800.000000,176800.000000,176800.000000,176800.000000,176800.000000,0.000000,,,,,,,,,,,,,,,,,,,,,,,,,,,,
phase2,R1_vos,real_steady_cold,startup,real_2692,2692,memory:post_init_idle,PASS,3,3,0,0,,,,,,,,,,,,,,,3,8919.725586,8897.557617,8919.694336,8853.252930,8919.719336,38.368988,,,,,,,,,,,,,,,,,,,,,,3,15660.022461,14800.360352,14727.939453,14013.119141,15473.605859,825.836683,,,,,,,,,,,,,,,3,169024.000000,166842.666667,166624.000000,164880.000000,168544.000000,2080.635800,,,,,,,,,,,,,,,,,,,,,,,,,,,,
phase2,R1_vos,real_steady_cold,startup,real_2692,2692,memory:post_library_render_idle,PASS,3,3,0,0,,,,,,,,,,,,,,,3,8961.401367,8906.318034,8892.456055,8865.096680,8947.612305,49.626244,,,,,,,,,,,,,,,,,,,,,,3,10304.176758,10184.585612,10168.339844,10081.240234,10277.009375,112.352646,,,,,,,,,,,,,,,3,176992.000000,175061.333333,175344.000000,172848.000000,176662.400000,2086.410634,,,,,,,,,,,,,,,,,,,,,,,,,,,,
phase2,R1_vos,warm,real,real_2692,2692,memory:post_init_idle,PASS,1,1,0,0,,,,,,,,,,,,,,,1,8937.944336,8937.944336,8937.944336,8937.944336,8937.944336,0.000000,,,,,,,,,,,,,,,,,,,,,,1,14657.916992,14657.916992,14657.916992,14657.916992,14657.916992,0.000000,,,,,,,,,,,,,,,1,165568.000000,165568.000000,165568.000000,165568.000000,165568.000000,0.000000,,,,,,,,,,,,,,,,,,,,,,,,,,,,
phase2,R1_vos,warm,real,real_2692,2692,memory:post_library_render_idle,PASS,1,1,0,0,,,,,,,,,,,,,,,1,8901.784180,8901.784180,8901.784180,8901.784180,8901.784180,0.000000,,,,,,,,,,,,,,,,,,,,,,1,10182.643555,10182.643555,10182.643555,10182.643555,10182.643555,0.000000,,,,,,,,,,,,,,,1,180320.000000,180320.000000,180320.000000,180320.000000,180320.000000,0.000000,,,,,,,,,,,,,,,,,,,,,,,,,,,,
phase2,R1_vos,warm,real,real_2692,2692,memory:post_stress_idle,PASS,1,1,0,0,,,,,,,,,,,,,,,1,12978.639648,12978.639648,12978.639648,12978.639648,12978.639648,0.000000,,,,,,,,,,,,,,,,,,,,,,1,13039.303711,13039.303711,13039.303711,13039.303711,13039.303711,0.000000,,,,,,,,,,,,,,,1,348144.000000,348144.000000,348144.000000,348144.000000,348144.000000,0.000000,,,,,,,,,,,,,,,,,,,,,,,,,,,,
phase2,R2_bookshelf,real_first_run,startup,real_2692,2692,memory:post_init_idle,PASS,1,1,0,0,,,,,,,,,,,,,,,1,8547.469727,8547.469727,8547.469727,8547.469727,8547.469727,0.000000,,,,,,,,,,,,,,,,,,,,,,1,9213.337891,9213.337891,9213.337891,9213.337891,9213.337891,0.000000,,,,,,,,,,,,,,,1,166560.000000,166560.000000,166560.000000,166560.000000,166560.000000,0.000000,,,,,,,,,,,,,,,,,,,,,,,,,,,,
phase2,R2_bookshelf,real_first_run,startup,real_2692,2692,memory:post_library_render_idle,PASS,1,1,0,0,,,,,,,,,,,,,,,1,8514.465820,8514.465820,8514.465820,8514.465820,8514.465820,0.000000,,,,,,,,,,,,,,,,,,,,,,1,9597.373047,9597.373047,9597.373047,9597.373047,9597.373047,0.000000,,,,,,,,,,,,,,,1,175344.000000,175344.000000,175344.000000,175344.000000,175344.000000,0.000000,,,,,,,,,,,,,,,,,,,,,,,,,,,,
phase2,R2_bookshelf,real_steady_cold,startup,real_2692,2692,memory:post_init_idle,PASS,3,3,0,0,,,,,,,,,,,,,,,3,8485.961914,8419.674154,8425.911133,8347.149414,8473.951758,69.616108,,,,,,,,,,,,,,,,,,,,,,3,14470.962891,13238.593099,12891.898438,12352.917969,14155.150000,1100.761765,,,,,,,,,,,,,,,3,166832.000000,163978.666667,163120.000000,161984.000000,166089.600000,2535.499425,,,,,,,,,,,,,,,,,,,,,,,,,,,,
phase2,R2_bookshelf,real_steady_cold,startup,real_2692,2692,memory:post_library_render_idle,PASS,3,3,0,0,,,,,,,,,,,,,,,3,8413.641602,8388.896810,8381.997070,8371.051758,8407.312695,22.117380,,,,,,,,,,,,,,,,,,,,,,3,9545.544922,9460.716471,9424.148438,9412.456055,9521.265625,73.695844,,,,,,,,,,,,,,,3,175296.000000,172736.000000,172256.000000,170656.000000,174688.000000,2356.947178,,,,,,,,,,,,,,,,,,,,,,,,,,,,
phase2,R2_bookshelf,warm,real,real_2692,2692,memory:post_init_idle,PASS,1,1,0,0,,,,,,,,,,,,,,,1,8481.555664,8481.555664,8481.555664,8481.555664,8481.555664,0.000000,,,,,,,,,,,,,,,,,,,,,,1,11484.200195,11484.200195,11484.200195,11484.200195,11484.200195,0.000000,,,,,,,,,,,,,,,1,162432.000000,162432.000000,162432.000000,162432.000000,162432.000000,0.000000,,,,,,,,,,,,,,,,,,,,,,,,,,,,
phase2,R2_bookshelf,warm,real,real_2692,2692,memory:post_library_render_idle,PASS,1,1,0,0,,,,,,,,,,,,,,,1,8412.747070,8412.747070,8412.747070,8412.747070,8412.747070,0.000000,,,,,,,,,,,,,,,,,,,,,,1,8988.607422,8988.607422,8988.607422,8988.607422,8988.607422,0.000000,,,,,,,,,,,,,,,1,187040.000000,187040.000000,187040.000000,187040.000000,187040.000000,0.000000,,,,,,,,,,,,,,,,,,,,,,,,,,,,
phase2,R2_bookshelf,warm,real,real_2692,2692,memory:post_stress_idle,PASS,1,1,0,0,,,,,,,,,,,,,,,1,16409.589844,16409.589844,16409.589844,16409.589844,16409.589844,0.000000,,,,,,,,,,,,,,,,,,,,,,1,17862.674805,17862.674805,17862.674805,17862.674805,17862.674805,0.000000,,,,,,,,,,,,,,,1,356048.000000,356048.000000,356048.000000,356048.000000,356048.000000,0.000000,,,,,,,,,,,,,,,,,,,,,,,,,,,,
phase2,R3_vos_bookshelf,real_first_run,startup,real_2692,2692,memory:post_init_idle,PASS,1,1,0,0,,,,,,,,,,,,,,,1,9261.196289,9261.196289,9261.196289,9261.196289,9261.196289,0.000000,,,,,,,,,,,,,,,,,,,,,,1,10660.894531,10660.894531,10660.894531,10660.894531,10660.894531,0.000000,,,,,,,,,,,,,,,1,167920.000000,167920.000000,167920.000000,167920.000000,167920.000000,0.000000,,,,,,,,,,,,,,,,,,,,,,,,,,,,
phase2,R3_vos_bookshelf,real_first_run,startup,real_2692,2692,memory:post_library_render_idle,PASS,1,1,0,0,,,,,,,,,,,,,,,1,9137.887695,9137.887695,9137.887695,9137.887695,9137.887695,0.000000,,,,,,,,,,,,,,,,,,,,,,1,10651.829102,10651.829102,10651.829102,10651.829102,10651.829102,0.000000,,,,,,,,,,,,,,,1,175968.000000,175968.000000,175968.000000,175968.000000,175968.000000,0.000000,,,,,,,,,,,,,,,,,,,,,,,,,,,,
phase2,R3_vos_bookshelf,real_steady_cold,startup,real_2692,2692,memory:post_init_idle,PASS,3,3,0,0,,,,,,,,,,,,,,,3,9124.340820,9046.219727,9037.415039,8976.903320,9106.955664,74.112050,,,,,,,,,,,,,,,,,,,,,,3,14766.858398,13034.179362,14734.185547,9601.494141,14760.323828,2972.837491,,,,,,,,,,,,,,,3,168768.000000,166208.000000,165264.000000,164592.000000,168067.200000,2242.341633,,,,,,,,,,,,,,,,,,,,,,,,,,,,
phase2,R3_vos_bookshelf,real_steady_cold,startup,real_2692,2692,memory:post_library_render_idle,PASS,3,3,0,0,,,,,,,,,,,,,,,3,9353.754883,9152.826497,9069.922852,9034.801758,9296.988477,174.892924,,,,,,,,,,,,,,,,,,,,,,3,10406.475586,10286.476237,10272.931641,10180.021484,10379.766797,113.833023,,,,,,,,,,,,,,,3,176720.000000,174741.333333,174144.000000,173360.000000,176204.800000,1757.841100,,,,,,,,,,,,,,,,,,,,,,,,,,,,
phase2,R3_vos_bookshelf,warm,real,real_2692,2692,memory:post_init_idle,PASS,1,1,0,0,,,,,,,,,,,,,,,1,9002.891602,9002.891602,9002.891602,9002.891602,9002.891602,0.000000,,,,,,,,,,,,,,,,,,,,,,1,15240.763672,15240.763672,15240.763672,15240.763672,15240.763672,0.000000,,,,,,,,,,,,,,,1,166032.000000,166032.000000,166032.000000,166032.000000,166032.000000,0.000000,,,,,,,,,,,,,,,,,,,,,,,,,,,,
phase2,R3_vos_bookshelf,warm,real,real_2692,2692,memory:post_library_render_idle,PASS,1,1,0,0,,,,,,,,,,,,,,,1,9019.852539,9019.852539,9019.852539,9019.852539,9019.852539,0.000000,,,,,,,,,,,,,,,,,,,,,,1,10558.787109,10558.787109,10558.787109,10558.787109,10558.787109,0.000000,,,,,,,,,,,,,,,1,179392.000000,179392.000000,179392.000000,179392.000000,179392.000000,0.000000,,,,,,,,,,,,,,,,,,,,,,,,,,,,
phase2,R3_vos_bookshelf,warm,real,real_2692,2692,memory:post_stress_idle,PASS,1,1,0,0,,,,,,,,,,,,,,,1,18153.785156,18153.785156,18153.785156,18153.785156,18153.785156,0.000000,,,,,,,,,,,,,,,,,,,,,,1,18887.226562,18887.226562,18887.226562,18887.226562,18887.226562,0.000000,,,,,,,,,,,,,,,1,352672.000000,352672.000000,352672.000000,352672.000000,352672.000000,0.000000,,,,,,,,,,,,,,,,,,,,,,,,,,,,
phase2,R4_simpleui,real_first_run,startup,real_2692,2692,memory:post_init_idle,PASS,1,1,0,0,,,,,,,,,,,,,,,1,12827.648438,12827.648438,12827.648438,12827.648438,12827.648438,0.000000,,,,,,,,,,,,,,,,,,,,,,1,18646.458984,18646.458984,18646.458984,18646.458984,18646.458984,0.000000,,,,,,,,,,,,,,,1,170592.000000,170592.000000,170592.000000,170592.000000,170592.000000,0.000000,,,,,,,,,,,,,,,,,,,,,,,,,,,,
phase2,R4_simpleui,real_first_run,startup,real_2692,2692,memory:post_library_render_idle,PASS,1,1,0,0,,,,,,,,,,,,,,,1,12949.464844,12949.464844,12949.464844,12949.464844,12949.464844,0.000000,,,,,,,,,,,,,,,,,,,,,,1,13585.988281,13585.988281,13585.988281,13585.988281,13585.988281,0.000000,,,,,,,,,,,,,,,1,173312.000000,173312.000000,173312.000000,173312.000000,173312.000000,0.000000,,,,,,,,,,,,,,,,,,,,,,,,,,,,
phase2,R4_simpleui,real_steady_cold,startup,real_2692,2692,memory:post_init_idle,PASS,3,3,0,0,,,,,,,,,,,,,,,3,12835.969727,12809.993164,12798.368164,12795.641602,12828.449414,22.537633,,,,,,,,,,,,,,,,,,,,,,3,17945.564453,16876.109375,16778.070312,15904.693359,17712.065625,1023.961644,,,,,,,,,,,,,,,3,172080.000000,170368.000000,170064.000000,168960.000000,171676.800000,1582.059417,,,,,,,,,,,,,,,,,,,,,,,,,,,,
phase2,R4_simpleui,real_steady_cold,startup,real_2692,2692,memory:post_library_render_idle,PASS,3,3,0,0,,,,,,,,,,,,,,,3,12985.286133,12955.490560,12974.469727,12906.715820,12983.122852,42.584975,,,,,,,,,,,,,,,,,,,,,,3,13556.935547,13536.315430,13529.591797,13522.418945,13551.466797,18.214126,,,,,,,,,,,,,,,3,179728.000000,175834.666667,174256.000000,173520.000000,178633.600000,3391.748418,,,,,,,,,,,,,,,,,,,,,,,,,,,,
phase2,R4_simpleui,warm,real,real_2692,2692,memory:post_init_idle,PASS,1,1,0,0,,,,,,,,,,,,,,,1,12768.766602,12768.766602,12768.766602,12768.766602,12768.766602,0.000000,,,,,,,,,,,,,,,,,,,,,,1,16376.682617,16376.682617,16376.682617,16376.682617,16376.682617,0.000000,,,,,,,,,,,,,,,1,169040.000000,169040.000000,169040.000000,169040.000000,169040.000000,0.000000,,,,,,,,,,,,,,,,,,,,,,,,,,,,
phase2,R4_simpleui,warm,real,real_2692,2692,memory:post_library_render_idle,PASS,1,1,0,0,,,,,,,,,,,,,,,1,15824.540039,15824.540039,15824.540039,15824.540039,15824.540039,0.000000,,,,,,,,,,,,,,,,,,,,,,1,16905.498047,16905.498047,16905.498047,16905.498047,16905.498047,0.000000,,,,,,,,,,,,,,,1,184384.000000,184384.000000,184384.000000,184384.000000,184384.000000,0.000000,,,,,,,,,,,,,,,,,,,,,,,,,,,,
phase2,R4_simpleui,warm,real,real_2692,2692,memory:post_stress_idle,PASS,1,1,0,0,,,,,,,,,,,,,,,1,47463.634766,47463.634766,47463.634766,47463.634766,47463.634766,0.000000,,,,,,,,,,,,,,,,,,,,,,1,53215.373047,53215.373047,53215.373047,53215.373047,53215.373047,0.000000,,,,,,,,,,,,,,,1,397744.000000,397744.000000,397744.000000,397744.000000,397744.000000,0.000000,,,,,,,,,,,,,,,,,,,,,,,,,,,,
phase2,R5_simpleui_bookshelf,real_first_run,startup,real_2692,2692,memory:post_init_idle,PASS,1,1,0,0,,,,,,,,,,,,,,,1,13098.119141,13098.119141,13098.119141,13098.119141,13098.119141,0.000000,,,,,,,,,,,,,,,,,,,,,,1,20591.813477,20591.813477,20591.813477,20591.813477,20591.813477,0.000000,,,,,,,,,,,,,,,1,174048.000000,174048.000000,174048.000000,174048.000000,174048.000000,0.000000,,,,,,,,,,,,,,,,,,,,,,,,,,,,
phase2,R5_simpleui_bookshelf,real_first_run,startup,real_2692,2692,memory:post_library_render_idle,PASS,1,1,0,0,,,,,,,,,,,,,,,1,13168.568359,13168.568359,13168.568359,13168.568359,13168.568359,0.000000,,,,,,,,,,,,,,,,,,,,,,1,13804.852539,13804.852539,13804.852539,13804.852539,13804.852539,0.000000,,,,,,,,,,,,,,,1,176032.000000,176032.000000,176032.000000,176032.000000,176032.000000,0.000000,,,,,,,,,,,,,,,,,,,,,,,,,,,,
phase2,R5_simpleui_bookshelf,real_steady_cold,startup,real_2692,2692,memory:post_init_idle,PASS,3,3,0,0,,,,,,,,,,,,,,,3,12928.401367,12915.216471,12909.706055,12907.541992,12924.662305,11.469608,,,,,,,,,,,,,,,,,,,,,,3,18232.179688,16902.092773,16357.100586,16116.998047,17857.163867,1158.128105,,,,,,,,,,,,,,,3,171744.000000,170709.333333,170400.000000,169984.000000,171475.200000,919.872455,,,,,,,,,,,,,,,,,,,,,,,,,,,,
phase2,R5_simpleui_bookshelf,real_steady_cold,startup,real_2692,2692,memory:post_library_render_idle,PASS,3,3,0,0,,,,,,,,,,,,,,,3,13106.002930,13055.592773,13058.002930,13002.772461,13096.402930,51.657420,,,,,,,,,,,,,,,,,,,,,,3,13667.720703,13642.828125,13640.947266,13619.816406,13662.366016,24.007470,,,,,,,,,,,,,,,3,182368.000000,178826.666667,181120.000000,172992.000000,182118.400000,5091.353193,,,,,,,,,,,,,,,,,,,,,,,,,,,,
phase2,R5_simpleui_bookshelf,warm,real,real_2692,2692,memory:post_init_idle,PASS,1,1,0,0,,,,,,,,,,,,,,,1,12925.561523,12925.561523,12925.561523,12925.561523,12925.561523,0.000000,,,,,,,,,,,,,,,,,,,,,,1,17017.348633,17017.348633,17017.348633,17017.348633,17017.348633,0.000000,,,,,,,,,,,,,,,1,170080.000000,170080.000000,170080.000000,170080.000000,170080.000000,0.000000,,,,,,,,,,,,,,,,,,,,,,,,,,,,
phase2,R5_simpleui_bookshelf,warm,real,real_2692,2692,memory:post_library_render_idle,PASS,1,1,0,0,,,,,,,,,,,,,,,1,15935.815430,15935.815430,15935.815430,15935.815430,15935.815430,0.000000,,,,,,,,,,,,,,,,,,,,,,1,16835.779297,16835.779297,16835.779297,16835.779297,16835.779297,0.000000,,,,,,,,,,,,,,,1,184848.000000,184848.000000,184848.000000,184848.000000,184848.000000,0.000000,,,,,,,,,,,,,,,,,,,,,,,,,,,,
phase2,R5_simpleui_bookshelf,warm,real,real_2692,2692,memory:post_stress_idle,PASS,1,1,0,0,,,,,,,,,,,,,,,1,49892.686523,49892.686523,49892.686523,49892.686523,49892.686523,0.000000,,,,,,,,,,,,,,,,,,,,,,1,64351.523438,64351.523438,64351.523438,64351.523438,64351.523438,0.000000,,,,,,,,,,,,,,,1,381408.000000,381408.000000,381408.000000,381408.000000,381408.000000,0.000000,,,,,,,,,,,,,,,,,,,,,,,,,,,,
phase2,R6_simpleui_vos,real_first_run,startup,real_2692,2692,memory:post_init_idle,PASS,1,1,0,0,,,,,,,,,,,,,,,1,13315.902344,13315.902344,13315.902344,13315.902344,13315.902344,0.000000,,,,,,,,,,,,,,,,,,,,,,1,18074.476562,18074.476562,18074.476562,18074.476562,18074.476562,0.000000,,,,,,,,,,,,,,,1,171408.000000,171408.000000,171408.000000,171408.000000,171408.000000,0.000000,,,,,,,,,,,,,,,,,,,,,,,,,,,,
phase2,R6_simpleui_vos,real_first_run,startup,real_2692,2692,memory:post_library_render_idle,PASS,1,1,0,0,,,,,,,,,,,,,,,1,13391.957031,13391.957031,13391.957031,13391.957031,13391.957031,0.000000,,,,,,,,,,,,,,,,,,,,,,1,13953.534180,13953.534180,13953.534180,13953.534180,13953.534180,0.000000,,,,,,,,,,,,,,,1,181808.000000,181808.000000,181808.000000,181808.000000,181808.000000,0.000000,,,,,,,,,,,,,,,,,,,,,,,,,,,,
phase2,R6_simpleui_vos,real_steady_cold,startup,real_2692,2692,memory:post_init_idle,PASS,3,3,0,0,,,,,,,,,,,,,,,3,13244.454102,13223.166341,13238.551758,13186.493164,13243.273633,31.896722,,,,,,,,,,,,,,,,,,,,,,3,18601.022461,17624.474284,17285.581055,16986.819336,18337.934180,858.806962,,,,,,,,,,,,,,,3,170976.000000,170016.000000,170064.000000,169008.000000,170793.600000,984.877657,,,,,,,,,,,,,,,,,,,,,,,,,,,,
phase2,R6_simpleui_vos,real_steady_cold,startup,real_2692,2692,memory:post_library_render_idle,PASS,3,3,0,0,,,,,,,,,,,,,,,3,13447.688477,13394.200195,13438.141602,13296.770508,13445.779102,84.511500,,,,,,,,,,,,,,,,,,,,,,3,13956.085938,13912.122721,13934.257812,13846.024414,13951.720313,58.273977,,,,,,,,,,,,,,,3,181376.000000,175130.666667,172224.000000,171792.000000,179545.600000,5412.928721,,,,,,,,,,,,,,,,,,,,,,,,,,,,
phase2,R6_simpleui_vos,warm,real,real_2692,2692,memory:post_init_idle,PASS,1,1,0,0,,,,,,,,,,,,,,,1,13290.719727,13290.719727,13290.719727,13290.719727,13290.719727,0.000000,,,,,,,,,,,,,,,,,,,,,,1,17575.281250,17575.281250,17575.281250,17575.281250,17575.281250,0.000000,,,,,,,,,,,,,,,1,169632.000000,169632.000000,169632.000000,169632.000000,169632.000000,0.000000,,,,,,,,,,,,,,,,,,,,,,,,,,,,
phase2,R6_simpleui_vos,warm,real,real_2692,2692,memory:post_library_render_idle,PASS,1,1,0,0,,,,,,,,,,,,,,,1,15456.172852,15456.172852,15456.172852,15456.172852,15456.172852,0.000000,,,,,,,,,,,,,,,,,,,,,,1,19958.395508,19958.395508,19958.395508,19958.395508,19958.395508,0.000000,,,,,,,,,,,,,,,1,188608.000000,188608.000000,188608.000000,188608.000000,188608.000000,0.000000,,,,,,,,,,,,,,,,,,,,,,,,,,,,
phase2,R6_simpleui_vos,warm,real,real_2692,2692,memory:post_stress_idle,PASS,1,1,0,0,,,,,,,,,,,,,,,1,46622.181641,46622.181641,46622.181641,46622.181641,46622.181641,0.000000,,,,,,,,,,,,,,,,,,,,,,1,48643.591797,48643.591797,48643.591797,48643.591797,48643.591797,0.000000,,,,,,,,,,,,,,,1,389136.000000,389136.000000,389136.000000,389136.000000,389136.000000,0.000000,,,,,,,,,,,,,,,,,,,,,,,,,,,,
phase2,R7_simpleui_vos_bookshelf,real_first_run,startup,real_2692,2692,memory:post_init_idle,PASS,1,1,0,0,,,,,,,,,,,,,,,1,13483.423828,13483.423828,13483.423828,13483.423828,13483.423828,0.000000,,,,,,,,,,,,,,,,,,,,,,1,20179.849609,20179.849609,20179.849609,20179.849609,20179.849609,0.000000,,,,,,,,,,,,,,,1,178304.000000,178304.000000,178304.000000,178304.000000,178304.000000,0.000000,,,,,,,,,,,,,,,,,,,,,,,,,,,,
phase2,R7_simpleui_vos_bookshelf,real_first_run,startup,real_2692,2692,memory:post_library_render_idle,PASS,1,1,0,0,,,,,,,,,,,,,,,1,13618.138672,13618.138672,13618.138672,13618.138672,13618.138672,0.000000,,,,,,,,,,,,,,,,,,,,,,1,14184.179688,14184.179688,14184.179688,14184.179688,14184.179688,0.000000,,,,,,,,,,,,,,,1,181088.000000,181088.000000,181088.000000,181088.000000,181088.000000,0.000000,,,,,,,,,,,,,,,,,,,,,,,,,,,,
phase2,R7_simpleui_vos_bookshelf,real_steady_cold,startup,real_2692,2692,memory:post_init_idle,PASS,3,3,0,0,,,,,,,,,,,,,,,3,13383.799805,13343.178711,13371.963867,13273.772461,13381.432617,60.398204,,,,,,,,,,,,,,,,,,,,,,3,17582.947266,17372.480143,17361.817383,17172.675781,17538.721289,205.343477,,,,,,,,,,,,,,,3,169216.000000,168837.333333,169216.000000,168080.000000,169216.000000,655.869906,,,,,,,,,,,,,,,,,,,,,,,,,,,,
phase2,R7_simpleui_vos_bookshelf,real_steady_cold,startup,real_2692,2692,memory:post_library_render_idle,PASS,3,3,0,0,,,,,,,,,,,,,,,3,13516.370117,13493.084961,13512.393555,13450.491211,13515.574805,36.940816,,,,,,,,,,,,,,,,,,,,,,3,14056.791992,14007.300456,14025.522461,13939.586914,14050.538086,60.690104,,,,,,,,,,,,,,,3,180336.000000,174170.666667,171152.000000,171024.000000,178499.200000,5339.718844,,,,,,,,,,,,,,,,,,,,,,,,,,,,
phase2,R7_simpleui_vos_bookshelf,warm,real,real_2692,2692,memory:post_init_idle,PASS,1,1,0,0,,,,,,,,,,,,,,,1,13325.604492,13325.604492,13325.604492,13325.604492,13325.604492,0.000000,,,,,,,,,,,,,,,,,,,,,,1,17680.950195,17680.950195,17680.950195,17680.950195,17680.950195,0.000000,,,,,,,,,,,,,,,1,169904.000000,169904.000000,169904.000000,169904.000000,169904.000000,0.000000,,,,,,,,,,,,,,,,,,,,,,,,,,,,
phase2,R7_simpleui_vos_bookshelf,warm,real,real_2692,2692,memory:post_library_render_idle,PASS,1,1,0,0,,,,,,,,,,,,,,,1,15543.315430,15543.315430,15543.315430,15543.315430,15543.315430,0.000000,,,,,,,,,,,,,,,,,,,,,,1,20241.921875,20241.921875,20241.921875,20241.921875,20241.921875,0.000000,,,,,,,,,,,,,,,1,184464.000000,184464.000000,184464.000000,184464.000000,184464.000000,0.000000,,,,,,,,,,,,,,,,,,,,,,,,,,,,
phase2,R7_simpleui_vos_bookshelf,warm,real,real_2692,2692,memory:post_stress_idle,PASS,1,1,0,0,,,,,,,,,,,,,,,1,51684.155273,51684.155273,51684.155273,51684.155273,51684.155273,0.000000,,,,,,,,,,,,,,,,,,,,,,1,53840.532227,53840.532227,53840.532227,53840.532227,53840.532227,0.000000,,,,,,,,,,,,,,,1,396576.000000,396576.000000,396576.000000,396576.000000,396576.000000,0.000000,,,,,,,,,,,,,,,,,,,,,,,,,,,,
phase2,R8_zenos,real_first_run,startup,real_2692,2692,memory:post_init_idle,PASS,1,1,0,0,,,,,,,,,,,,,,,1,14578.958008,14578.958008,14578.958008,14578.958008,14578.958008,0.000000,,,,,,,,,,,,,,,,,,,,,,1,16669.583984,16669.583984,16669.583984,16669.583984,16669.583984,0.000000,,,,,,,,,,,,,,,1,184096.000000,184096.000000,184096.000000,184096.000000,184096.000000,0.000000,,,,,,,,,,,,,,,,,,,,,,,,,,,,
phase2,R8_zenos,real_first_run,startup,real_2692,2692,memory:post_library_render_idle,PASS,1,1,0,0,,,,,,,,,,,,,,,1,15910.879883,15910.879883,15910.879883,15910.879883,15910.879883,0.000000,,,,,,,,,,,,,,,,,,,,,,1,18266.023438,18266.023438,18266.023438,18266.023438,18266.023438,0.000000,,,,,,,,,,,,,,,1,199504.000000,199504.000000,199504.000000,199504.000000,199504.000000,0.000000,,,,,,,,,,,,,,,,,,,,,,,,,,,,
phase2,R8_zenos,real_steady_cold,startup,real_2692,2692,memory:post_init_idle,PASS,3,3,0,0,,,,,,,,,,,,,,,3,14274.080078,14230.100911,14209.451172,14206.771484,14261.154297,38.110635,,,,,,,,,,,,,,,,,,,,,,3,22449.948242,22208.153320,22256.877930,21917.633789,22411.334180,269.481419,,,,,,,,,,,,,,,3,185920.000000,183488.000000,183600.000000,180944.000000,185456.000000,2489.889957,,,,,,,,,,,,,,,,,,,,,,,,,,,,
phase2,R8_zenos,real_steady_cold,startup,real_2692,2692,memory:post_library_render_idle,PASS,3,3,0,0,,,,,,,,,,,,,,,3,14700.673828,14650.945964,14660.419922,14591.744141,14692.623047,55.079362,,,,,,,,,,,,,,,,,,,,,,3,18254.767578,18202.005859,18226.597656,18124.652344,18249.133594,68.454809,,,,,,,,,,,,,,,3,191040.000000,187098.666667,186656.000000,183600.000000,190163.200000,3739.701236,,,,,,,,,,,,,,,,,,,,,,,,,,,,
phase2,R8_zenos,warm,real,real_2692,2692,memory:post_init_idle,PASS,1,1,0,0,,,,,,,,,,,,,,,1,14273.166016,14273.166016,14273.166016,14273.166016,14273.166016,0.000000,,,,,,,,,,,,,,,,,,,,,,1,21869.226562,21869.226562,21869.226562,21869.226562,21869.226562,0.000000,,,,,,,,,,,,,,,1,172256.000000,172256.000000,172256.000000,172256.000000,172256.000000,0.000000,,,,,,,,,,,,,,,,,,,,,,,,,,,,
phase2,R8_zenos,warm,real,real_2692,2692,memory:post_library_render_idle,PASS,1,1,0,0,,,,,,,,,,,,,,,1,14861.540039,14861.540039,14861.540039,14861.540039,14861.540039,0.000000,,,,,,,,,,,,,,,,,,,,,,1,18316.896484,18316.896484,18316.896484,18316.896484,18316.896484,0.000000,,,,,,,,,,,,,,,1,195056.000000,195056.000000,195056.000000,195056.000000,195056.000000,0.000000,,,,,,,,,,,,,,,,,,,,,,,,,,,,
phase2,R8_zenos,warm,real,real_2692,2692,memory:post_stress_idle,PASS,1,1,0,0,,,,,,,,,,,,,,,1,36070.610352,36070.610352,36070.610352,36070.610352,36070.610352,0.000000,,,,,,,,,,,,,,,,,,,,,,1,40362.040039,40362.040039,40362.040039,40362.040039,40362.040039,0.000000,,,,,,,,,,,,,,,1,384560.000000,384560.000000,384560.000000,384560.000000,384560.000000,0.000000,,,,,,,,,,,,,,,,,,,,,,,,,,,,
phase2,R9_zenos_bookshelf,real_first_run,startup,real_2692,2692,memory:post_init_idle,PASS,1,1,0,0,,,,,,,,,,,,,,,1,14626.940430,14626.940430,14626.940430,14626.940430,14626.940430,0.000000,,,,,,,,,,,,,,,,,,,,,,1,18085.761719,18085.761719,18085.761719,18085.761719,18085.761719,0.000000,,,,,,,,,,,,,,,1,180528.000000,180528.000000,180528.000000,180528.000000,180528.000000,0.000000,,,,,,,,,,,,,,,,,,,,,,,,,,,,
phase2,R9_zenos_bookshelf,real_first_run,startup,real_2692,2692,memory:post_library_render_idle,PASS,1,1,0,0,,,,,,,,,,,,,,,1,15136.252930,15136.252930,15136.252930,15136.252930,15136.252930,0.000000,,,,,,,,,,,,,,,,,,,,,,1,18938.139648,18938.139648,18938.139648,18938.139648,18938.139648,0.000000,,,,,,,,,,,,,,,1,192240.000000,192240.000000,192240.000000,192240.000000,192240.000000,0.000000,,,,,,,,,,,,,,,,,,,,,,,,,,,,
phase2,R9_zenos_bookshelf,real_steady_cold,startup,real_2692,2692,memory:post_init_idle,PASS,3,3,0,0,,,,,,,,,,,,,,,3,14346.562500,14343.078125,14341.824219,14340.847656,14345.614844,3.056807,,,,,,,,,,,,,,,,,,,,,,3,22453.438477,22054.021484,22162.006836,21546.619141,22395.152148,462.953512,,,,,,,,,,,,,,,3,188192.000000,184496.000000,182880.000000,182416.000000,187129.600000,3209.226698,,,,,,,,,,,,,,,,,,,,,,,,,,,,
phase2,R9_zenos_bookshelf,real_steady_cold,startup,real_2692,2692,memory:post_library_render_idle,PASS,3,3,0,0,,,,,,,,,,,,,,,3,14859.031250,14805.925781,14791.175781,14767.570312,14845.460156,47.481024,,,,,,,,,,,,,,,,,,,,,,3,18582.006836,18450.613607,18394.483398,18375.350586,18544.502148,114.191294,,,,,,,,,,,,,,,3,193376.000000,189312.000000,187584.000000,186976.000000,192217.600000,3532.631880,,,,,,,,,,,,,,,,,,,,,,,,,,,,
phase2,R9_zenos_bookshelf,warm,real,real_2692,2692,memory:post_init_idle,PASS,1,1,0,0,,,,,,,,,,,,,,,1,14295.648438,14295.648438,14295.648438,14295.648438,14295.648438,0.000000,,,,,,,,,,,,,,,,,,,,,,1,20307.843750,20307.843750,20307.843750,20307.843750,20307.843750,0.000000,,,,,,,,,,,,,,,1,180896.000000,180896.000000,180896.000000,180896.000000,180896.000000,0.000000,,,,,,,,,,,,,,,,,,,,,,,,,,,,
phase2,R9_zenos_bookshelf,warm,real,real_2692,2692,memory:post_library_render_idle,PASS,1,1,0,0,,,,,,,,,,,,,,,1,15130.049805,15130.049805,15130.049805,15130.049805,15130.049805,0.000000,,,,,,,,,,,,,,,,,,,,,,1,15215.909180,15215.909180,15215.909180,15215.909180,15215.909180,0.000000,,,,,,,,,,,,,,,1,199632.000000,199632.000000,199632.000000,199632.000000,199632.000000,0.000000,,,,,,,,,,,,,,,,,,,,,,,,,,,,
phase2,R9_zenos_bookshelf,warm,real,real_2692,2692,memory:post_stress_idle,PASS,1,1,0,0,,,,,,,,,,,,,,,1,36944.341797,36944.341797,36944.341797,36944.341797,36944.341797,0.000000,,,,,,,,,,,,,,,,,,,,,,1,37244.089844,37244.089844,37244.089844,37244.089844,37244.089844,0.000000,,,,,,,,,,,,,,,1,404752.000000,404752.000000,404752.000000,404752.000000,404752.000000,0.000000,,,,,,,,,,,,,,,,,,,,,,,,,,,,
bookends_control,A_stock,warm,bookends_control,real_2692,2692,disk:ko_home,PASS,1,1,0,0,1,258631.000000,258631.000000,258631.000000,258631.000000,258631.000000,0.000000,,,,,,,,,,,,,,,,,,,,,,,,,,,,,,,,,,,,,,,,,,,,,,,,,,,,,,,,,,,,,,,,,,,,,,,1,5912183.000000,5912183.000000,5912183.000000,5912183.000000,5912183.000000,0.000000,,,,,,,,,,,,,,
bookends_control,K_stock_bookends,warm,bookends_control,real_2692,2692,disk:ko_home,PASS,1,1,0,0,1,254535.000000,254535.000000,254535.000000,254535.000000,254535.000000,0.000000,,,,,,,,,,,,,,,,,,,,,,,,,,,,,,,,,,,,,,,,,,,,,,,,,,,,,,,,,,,,,,,,,,,,,,,1,5915634.000000,5915634.000000,5915634.000000,5915634.000000,5915634.000000,0.000000,,,,,,,,,,,,,,
phase2,R0_stock,real_first_run,startup,real_2692,2692,disk:ko_home,PASS,1,1,0,0,1,114688.000000,114688.000000,114688.000000,114688.000000,114688.000000,0.000000,,,,,,,,,,,,,,,,,,,,,,,,,,,,,,,,,,,,,,,,,,,,,,,,,,,,,,,,,,,,,,,,,,,,,,,1,137358.000000,137358.000000,137358.000000,137358.000000,137358.000000,0.000000,,,,,,,,,,,,,,
phase2,R0_stock,real_steady_cold,startup,real_2692,2692,disk:ko_home,PASS,3,3,0,0,3,114688.000000,114688.000000,114688.000000,114688.000000,114688.000000,0.000000,,,,,,,,,,,,,,,,,,,,,,,,,,,,,,,,,,,,,,,,,,,,,,,,,,,,,,,,,,,,,,,,,,,,,,,3,156913.000000,156913.000000,156913.000000,156913.000000,156913.000000,0.000000,,,,,,,,,,,,,,
phase2,R0_stock,warm,real,real_2692,2692,disk:ko_home,PASS,1,1,0,0,1,1008359.000000,1008359.000000,1008359.000000,1008359.000000,1008359.000000,0.000000,,,,,,,,,,,,,,,,,,,,,,,,,,,,,,,,,,,,,,,,,,,,,,,,,,,,,,,,,,,,,,,,,,,,,,,1,6681688.000000,6681688.000000,6681688.000000,6681688.000000,6681688.000000,0.000000,,,,,,,,,,,,,,
phase2,R10_project_title_vos,real_first_run,startup,real_2692,2692,disk:ko_home,PASS,1,1,0,0,1,114745.000000,114745.000000,114745.000000,114745.000000,114745.000000,0.000000,,,,,,,,,,,,,,,,,,,,,,,,,,,,,,,,,,,,,,,,,,,,,,,,,,,,,,,,,,,,,,,,,,,,,,,1,2561404.000000,2561404.000000,2561404.000000,2561404.000000,2561404.000000,0.000000,,,,,,,,,,,,,,
phase2,R10_project_title_vos,real_steady_cold,startup,real_2692,2692,disk:ko_home,PASS,3,3,0,0,3,114745.000000,114745.000000,114745.000000,114745.000000,114745.000000,0.000000,,,,,,,,,,,,,,,,,,,,,,,,,,,,,,,,,,,,,,,,,,,,,,,,,,,,,,,,,,,,,,,,,,,,,,,3,2580444.000000,2580444.000000,2580444.000000,2580444.000000,2580444.000000,0.000000,,,,,,,,,,,,,,
phase2,R10_project_title_vos,warm,real,real_2692,2692,disk:ko_home,PASS,1,1,0,0,1,115214.000000,115214.000000,115214.000000,115214.000000,115214.000000,0.000000,,,,,,,,,,,,,,,,,,,,,,,,,,,,,,,,,,,,,,,,,,,,,,,,,,,,,,,,,,,,,,,,,,,,,,,1,8208144.000000,8208144.000000,8208144.000000,8208144.000000,8208144.000000,0.000000,,,,,,,,,,,,,,
phase2,R1_vos,real_first_run,startup,real_2692,2692,disk:ko_home,PASS,1,1,0,0,1,114745.000000,114745.000000,114745.000000,114745.000000,114745.000000,0.000000,,,,,,,,,,,,,,,,,,,,,,,,,,,,,,,,,,,,,,,,,,,,,,,,,,,,,,,,,,,,,,,,,,,,,,,1,137353.000000,137353.000000,137353.000000,137353.000000,137353.000000,0.000000,,,,,,,,,,,,,,
phase2,R1_vos,real_steady_cold,startup,real_2692,2692,disk:ko_home,PASS,3,3,0,0,3,114745.000000,114745.000000,114745.000000,114745.000000,114745.000000,0.000000,,,,,,,,,,,,,,,,,,,,,,,,,,,,,,,,,,,,,,,,,,,,,,,,,,,,,,,,,,,,,,,,,,,,,,,3,155927.000000,155926.666667,155927.000000,155926.000000,155927.000000,0.577350,,,,,,,,,,,,,,
phase2,R1_vos,warm,real,real_2692,2692,disk:ko_home,PASS,1,1,0,0,1,1304903.000000,1304903.000000,1304903.000000,1304903.000000,1304903.000000,0.000000,,,,,,,,,,,,,,,,,,,,,,,,,,,,,,,,,,,,,,,,,,,,,,,,,,,,,,,,,,,,,,,,,,,,,,,1,6973066.000000,6973066.000000,6973066.000000,6973066.000000,6973066.000000,0.000000,,,,,,,,,,,,,,
phase2,R2_bookshelf,real_first_run,startup,real_2692,2692,disk:ko_home,PASS,1,1,0,0,1,114688.000000,114688.000000,114688.000000,114688.000000,114688.000000,0.000000,,,,,,,,,,,,,,,,,,,,,,,,,,,,,,,,,,,,,,,,,,,,,,,,,,,,,,,,,,,,,,,,,,,,,,,1,831159.000000,831159.000000,831159.000000,831159.000000,831159.000000,0.000000,,,,,,,,,,,,,,
phase2,R2_bookshelf,real_steady_cold,startup,real_2692,2692,disk:ko_home,PASS,3,3,0,0,3,114688.000000,114688.000000,114688.000000,114688.000000,114688.000000,0.000000,,,,,,,,,,,,,,,,,,,,,,,,,,,,,,,,,,,,,,,,,,,,,,,,,,,,,,,,,,,,,,,,,,,,,,,3,849688.000000,849687.666667,849688.000000,849687.000000,849688.000000,0.577350,,,,,,,,,,,,,,
phase2,R2_bookshelf,warm,real,real_2692,2692,disk:ko_home,PASS,1,1,0,0,1,967159.000000,967159.000000,967159.000000,967159.000000,967159.000000,0.000000,,,,,,,,,,,,,,,,,,,,,,,,,,,,,,,,,,,,,,,,,,,,,,,,,,,,,,,,,,,,,,,,,,,,,,,1,7334386.000000,7334386.000000,7334386.000000,7334386.000000,7334386.000000,0.000000,,,,,,,,,,,,,,
phase2,R3_vos_bookshelf,real_first_run,startup,real_2692,2692,disk:ko_home,PASS,1,1,0,0,1,114745.000000,114745.000000,114745.000000,114745.000000,114745.000000,0.000000,,,,,,,,,,,,,,,,,,,,,,,,,,,,,,,,,,,,,,,,,,,,,,,,,,,,,,,,,,,,,,,,,,,,,,,1,831344.000000,831344.000000,831344.000000,831344.000000,831344.000000,0.000000,,,,,,,,,,,,,,
phase2,R3_vos_bookshelf,real_steady_cold,startup,real_2692,2692,disk:ko_home,PASS,3,3,0,0,3,114745.000000,114745.000000,114745.000000,114745.000000,114745.000000,0.000000,,,,,,,,,,,,,,,,,,,,,,,,,,,,,,,,,,,,,,,,,,,,,,,,,,,,,,,,,,,,,,,,,,,,,,,3,850277.000000,850277.000000,850277.000000,850277.000000,850277.000000,0.000000,,,,,,,,,,,,,,
phase2,R3_vos_bookshelf,warm,real,real_2692,2692,disk:ko_home,PASS,1,1,0,0,1,987687.000000,987687.000000,987687.000000,987687.000000,987687.000000,0.000000,,,,,,,,,,,,,,,,,,,,,,,,,,,,,,,,,,,,,,,,,,,,,,,,,,,,,,,,,,,,,,,,,,,,,,,1,7351515.000000,7351515.000000,7351515.000000,7351515.000000,7351515.000000,0.000000,,,,,,,,,,,,,,
phase2,R4_simpleui,real_first_run,startup,real_2692,2692,disk:ko_home,PASS,1,1,0,0,1,118841.000000,118841.000000,118841.000000,118841.000000,118841.000000,0.000000,,,,,,,,,,,,,,,,,,,,,,,,,,,,,,,,,,,,,,,,,,,,,,,,,,,,,,,,,,,,,,,,,,,,,,,1,139337.000000,139337.000000,139337.000000,139337.000000,139337.000000,0.000000,,,,,,,,,,,,,,
phase2,R4_simpleui,real_steady_cold,startup,real_2692,2692,disk:ko_home,PASS,3,3,0,0,3,118841.000000,118841.000000,118841.000000,118841.000000,118841.000000,0.000000,,,,,,,,,,,,,,,,,,,,,,,,,,,,,,,,,,,,,,,,,,,,,,,,,,,,,,,,,,,,,,,,,,,,,,,3,158076.000000,158076.000000,158076.000000,158076.000000,158076.000000,0.000000,,,,,,,,,,,,,,
phase2,R4_simpleui,warm,real,real_2692,2692,disk:ko_home,PASS,1,1,0,0,1,832071.000000,832071.000000,832071.000000,832071.000000,832071.000000,0.000000,,,,,,,,,,,,,,,,,,,,,,,,,,,,,,,,,,,,,,,,,,,,,,,,,,,,,,,,,,,,,,,,,,,,,,,1,6522054.000000,6522054.000000,6522054.000000,6522054.000000,6522054.000000,0.000000,,,,,,,,,,,,,,
phase2,R5_simpleui_bookshelf,real_first_run,startup,real_2692,2692,disk:ko_home,PASS,1,1,0,0,1,118841.000000,118841.000000,118841.000000,118841.000000,118841.000000,0.000000,,,,,,,,,,,,,,,,,,,,,,,,,,,,,,,,,,,,,,,,,,,,,,,,,,,,,,,,,,,,,,,,,,,,,,,1,833283.000000,833283.000000,833283.000000,833283.000000,833283.000000,0.000000,,,,,,,,,,,,,,
phase2,R5_simpleui_bookshelf,real_steady_cold,startup,real_2692,2692,disk:ko_home,PASS,3,3,0,0,3,118841.000000,118841.000000,118841.000000,118841.000000,118841.000000,0.000000,,,,,,,,,,,,,,,,,,,,,,,,,,,,,,,,,,,,,,,,,,,,,,,,,,,,,,,,,,,,,,,,,,,,,,,3,852286.000000,852286.000000,852286.000000,852286.000000,852286.000000,0.000000,,,,,,,,,,,,,,
phase2,R5_simpleui_bookshelf,warm,real,real_2692,2692,disk:ko_home,PASS,1,1,0,0,1,1024583.000000,1024583.000000,1024583.000000,1024583.000000,1024583.000000,0.000000,,,,,,,,,,,,,,,,,,,,,,,,,,,,,,,,,,,,,,,,,,,,,,,,,,,,,,,,,,,,,,,,,,,,,,,1,7414824.000000,7414824.000000,7414824.000000,7414824.000000,7414824.000000,0.000000,,,,,,,,,,,,,,
phase2,R6_simpleui_vos,real_first_run,startup,real_2692,2692,disk:ko_home,PASS,1,1,0,0,1,118841.000000,118841.000000,118841.000000,118841.000000,118841.000000,0.000000,,,,,,,,,,,,,,,,,,,,,,,,,,,,,,,,,,,,,,,,,,,,,,,,,,,,,,,,,,,,,,,,,,,,,,,1,139441.000000,139441.000000,139441.000000,139441.000000,139441.000000,0.000000,,,,,,,,,,,,,,
phase2,R6_simpleui_vos,real_steady_cold,startup,real_2692,2692,disk:ko_home,PASS,3,3,0,0,3,118841.000000,118841.000000,118841.000000,118841.000000,118841.000000,0.000000,,,,,,,,,,,,,,,,,,,,,,,,,,,,,,,,,,,,,,,,,,,,,,,,,,,,,,,,,,,,,,,,,,,,,,,3,158209.000000,158209.000000,158209.000000,158209.000000,158209.000000,0.000000,,,,,,,,,,,,,,
phase2,R6_simpleui_vos,warm,real,real_2692,2692,disk:ko_home,PASS,1,1,0,0,1,569927.000000,569927.000000,569927.000000,569927.000000,569927.000000,0.000000,,,,,,,,,,,,,,,,,,,,,,,,,,,,,,,,,,,,,,,,,,,,,,,,,,,,,,,,,,,,,,,,,,,,,,,1,6254637.000000,6254637.000000,6254637.000000,6254637.000000,6254637.000000,0.000000,,,,,,,,,,,,,,
phase2,R7_simpleui_vos_bookshelf,real_first_run,startup,real_2692,2692,disk:ko_home,PASS,1,1,0,0,1,118841.000000,118841.000000,118841.000000,118841.000000,118841.000000,0.000000,,,,,,,,,,,,,,,,,,,,,,,,,,,,,,,,,,,,,,,,,,,,,,,,,,,,,,,,,,,,,,,,,,,,,,,1,833391.000000,833391.000000,833391.000000,833391.000000,833391.000000,0.000000,,,,,,,,,,,,,,
phase2,R7_simpleui_vos_bookshelf,real_steady_cold,startup,real_2692,2692,disk:ko_home,PASS,3,3,0,0,3,118841.000000,118841.000000,118841.000000,118841.000000,118841.000000,0.000000,,,,,,,,,,,,,,,,,,,,,,,,,,,,,,,,,,,,,,,,,,,,,,,,,,,,,,,,,,,,,,,,,,,,,,,3,852474.000000,852474.000000,852474.000000,852474.000000,852474.000000,0.000000,,,,,,,,,,,,,,
phase2,R7_simpleui_vos_bookshelf,warm,real,real_2692,2692,disk:ko_home,PASS,1,1,0,0,1,676423.000000,676423.000000,676423.000000,676423.000000,676423.000000,0.000000,,,,,,,,,,,,,,,,,,,,,,,,,,,,,,,,,,,,,,,,,,,,,,,,,,,,,,,,,,,,,,,,,,,,,,,1,7058988.000000,7058988.000000,7058988.000000,7058988.000000,7058988.000000,0.000000,,,,,,,,,,,,,,
phase2,R8_zenos,real_first_run,startup,real_2692,2692,disk:ko_home,PASS,1,1,0,0,1,126976.000000,126976.000000,126976.000000,126976.000000,126976.000000,0.000000,,,,,,,,,,,,,,,,,,,,,,,,,,,,,,,,,,,,,,,,,,,,,,,,,,,,,,,,,,,,,,,,,,,,,,,1,283616.000000,283616.000000,283616.000000,283616.000000,283616.000000,0.000000,,,,,,,,,,,,,,
phase2,R8_zenos,real_steady_cold,startup,real_2692,2692,disk:ko_home,PASS,3,3,0,0,3,126976.000000,126976.000000,126976.000000,126976.000000,126976.000000,0.000000,,,,,,,,,,,,,,,,,,,,,,,,,,,,,,,,,,,,,,,,,,,,,,,,,,,,,,,,,,,,,,,,,,,,,,,3,302676.000000,302676.000000,302676.000000,302676.000000,302676.000000,0.000000,,,,,,,,,,,,,,
phase2,R8_zenos,warm,real,real_2692,2692,disk:ko_home,PASS,1,1,0,0,1,524726.000000,524726.000000,524726.000000,524726.000000,524726.000000,0.000000,,,,,,,,,,,,,,,,,,,,,,,,,,,,,,,,,,,,,,,,,,,,,,,,,,,,,,,,,,,,,,,,,,,,,,,1,6330958.000000,6330958.000000,6330958.000000,6330958.000000,6330958.000000,0.000000,,,,,,,,,,,,,,
phase2,R9_zenos_bookshelf,real_first_run,startup,real_2692,2692,disk:ko_home,PASS,1,1,0,0,1,126976.000000,126976.000000,126976.000000,126976.000000,126976.000000,0.000000,,,,,,,,,,,,,,,,,,,,,,,,,,,,,,,,,,,,,,,,,,,,,,,,,,,,,,,,,,,,,,,,,,,,,,,1,977681.000000,977681.000000,977681.000000,977681.000000,977681.000000,0.000000,,,,,,,,,,,,,,
phase2,R9_zenos_bookshelf,real_steady_cold,startup,real_2692,2692,disk:ko_home,PASS,3,3,0,0,3,126976.000000,126976.000000,126976.000000,126976.000000,126976.000000,0.000000,,,,,,,,,,,,,,,,,,,,,,,,,,,,,,,,,,,,,,,,,,,,,,,,,,,,,,,,,,,,,,,,,,,,,,,3,996204.000000,996204.000000,996204.000000,996204.000000,996204.000000,0.000000,,,,,,,,,,,,,,
phase2,R9_zenos_bookshelf,warm,real,real_2692,2692,disk:ko_home,PASS,1,1,0,0,1,291399.000000,291399.000000,291399.000000,291399.000000,291399.000000,0.000000,,,,,,,,,,,,,,,,,,,,,,,,,,,,,,,,,,,,,,,,,,,,,,,,,,,,,,,,,,,,,,,,,,,,,,,1,6791875.000000,6791875.000000,6791875.000000,6791875.000000,6791875.000000,0.000000,,,,,,,,,,,,,,
