Phase,Stack,Mode,Profile,Dataset,BookCount,Scenario,Status,ProcessRuns,PassSamples,FailedSamples,UnsupportedSamples,cache_database_bytes_count,cache_database_bytes_max,cache_database_bytes_mean,cache_database_bytes_median,cache_database_bytes_min,cache_database_bytes_p90,cache_database_bytes_stdev,cumulative_dirty_screen_equivalents_count,cumulative_dirty_screen_equivalents_max,cumulative_dirty_screen_equivalents_mean,cumulative_dirty_screen_equivalents_median,cumulative_dirty_screen_equivalents_min,cumulative_dirty_screen_equivalents_p90,cumulative_dirty_screen_equivalents_stdev,forced_gc_live_heap_kb_count,forced_gc_live_heap_kb_max,forced_gc_live_heap_kb_mean,forced_gc_live_heap_kb_median,forced_gc_live_heap_kb_min,forced_gc_live_heap_kb_p90,forced_gc_live_heap_kb_stdev,full_refreshes_count,full_refreshes_max,full_refreshes_mean,full_refreshes_median,full_refreshes_min,full_refreshes_p90,full_refreshes_stdev,largest_single_dirty_pct_count,largest_single_dirty_pct_max,largest_single_dirty_pct_mean,largest_single_dirty_pct_median,largest_single_dirty_pct_min,largest_single_dirty_pct_p90,largest_single_dirty_pct_stdev,lua_heap_delta_kb_count,lua_heap_delta_kb_max,lua_heap_delta_kb_mean,lua_heap_delta_kb_median,lua_heap_delta_kb_min,lua_heap_delta_kb_p90,lua_heap_delta_kb_stdev,natural_lua_heap_kb_count,natural_lua_heap_kb_max,natural_lua_heap_kb_mean,natural_lua_heap_kb_median,natural_lua_heap_kb_min,natural_lua_heap_kb_p90,natural_lua_heap_kb_stdev,partial_refreshes_count,partial_refreshes_max,partial_refreshes_mean,partial_refreshes_median,partial_refreshes_min,partial_refreshes_p90,partial_refreshes_stdev,refresh_count_count,refresh_count_max,refresh_count_mean,refresh_count_median,refresh_count_min,refresh_count_p90,refresh_count_stdev,rss_kb_count,rss_kb_max,rss_kb_mean,rss_kb_median,rss_kb_min,rss_kb_p90,rss_kb_stdev,set_dirty_calls_count,set_dirty_calls_max,set_dirty_calls_mean,set_dirty_calls_median,set_dirty_calls_min,set_dirty_calls_p90,set_dirty_calls_stdev,total_bytes_count,total_bytes_max,total_bytes_mean,total_bytes_median,total_bytes_min,total_bytes_p90,total_bytes_stdev,unique_dirty_pct_count,unique_dirty_pct_max,unique_dirty_pct_mean,unique_dirty_pct_median,unique_dirty_pct_min,unique_dirty_pct_p90,unique_dirty_pct_stdev,wall_time_ms_count,wall_time_ms_max,wall_time_ms_mean,wall_time_ms_median,wall_time_ms_min,wall_time_ms_p90,wall_time_ms_stdev
phase1,A_stock,first_run_cold,startup,hierarchical,2000,home_to_library,PASS,3,3,0,0,,,,,,,,3,1.000000,1.000000,1.000000,1.000000,1.000000,0.000000,,,,,,,,3,1.000000,1.000000,1.000000,1.000000,1.000000,0.000000,3,100.000000,100.000000,100.000000,100.000000,100.000000,0.000000,3,435.861328,396.532878,383.003906,370.733398,425.289844,34.607609,3,8805.745117,8729.483724,8698.021484,8684.684570,8784.200391,66.380105,3,0.000000,0.000000,0.000000,0.000000,0.000000,0.000000,3,1.000000,1.000000,1.000000,1.000000,1.000000,0.000000,3,173808.000000,168592.000000,166304.000000,165664.000000,172307.200000,4528.508805,3,1.000000,1.000000,1.000000,1.000000,1.000000,0.000000,,,,,,,,3,100.000000,100.000000,100.000000,100.000000,100.000000,0.000000,3,13.935000,13.606000,13.664000,13.219000,13.880800,0.361507
phase1,A_stock,first_run_cold,startup,hierarchical,2000,library_first_render,PASS,3,3,0,0,,,,,,,,3,1.000000,1.000000,1.000000,1.000000,1.000000,0.000000,,,,,,,,3,1.000000,1.000000,1.000000,1.000000,1.000000,0.000000,3,100.000000,100.000000,100.000000,100.000000,100.000000,0.000000,3,313.085938,307.211589,307.752930,300.795898,312.019336,6.162877,3,9125.901367,9043.765625,9012.844727,8992.550781,9103.290039,71.851730,3,0.000000,0.000000,0.000000,0.000000,0.000000,0.000000,3,1.000000,1.000000,1.000000,1.000000,1.000000,0.000000,3,174768.000000,174314.666667,174304.000000,173872.000000,174675.200000,448.095228,3,1.000000,1.000000,1.000000,1.000000,1.000000,0.000000,,,,,,,,3,100.000000,100.000000,100.000000,100.000000,100.000000,0.000000,3,13.183000,12.945667,13.084000,12.570000,13.163200,0.329081
phase1,A_stock,steady_state_cold,startup,hierarchical,2000,home_to_library,PASS,3,3,0,0,,,,,,,,3,1.000000,1.000000,1.000000,1.000000,1.000000,0.000000,,,,,,,,3,1.000000,1.000000,1.000000,1.000000,1.000000,0.000000,3,100.000000,100.000000,100.000000,100.000000,100.000000,0.000000,3,356.050781,339.880534,334.568359,329.022461,351.754297,14.275746,3,8650.385742,8575.149089,8594.896484,8480.165039,8639.287891,86.811530,3,0.000000,0.000000,0.000000,0.000000,0.000000,0.000000,3,1.000000,1.000000,1.000000,1.000000,1.000000,0.000000,3,171904.000000,164960.000000,162928.000000,160048.000000,170108.800000,6183.684339,3,1.000000,1.000000,1.000000,1.000000,1.000000,0.000000,,,,,,,,3,100.000000,100.000000,100.000000,100.000000,100.000000,0.000000,3,12.233000,11.404333,11.897000,10.083000,12.165800,1.156575
phase1,A_stock,steady_state_cold,startup,hierarchical,2000,library_first_render,PASS,3,3,0,0,,,,,,,,3,1.000000,1.000000,1.000000,1.000000,1.000000,0.000000,,,,,,,,3,1.000000,1.000000,1.000000,1.000000,1.000000,0.000000,3,100.000000,100.000000,100.000000,100.000000,100.000000,0.000000,3,359.294922,326.609701,315.882812,304.651367,350.612500,28.857912,3,8973.338867,8909.030924,8907.223633,8846.530273,8960.115820,63.423612,3,0.000000,0.000000,0.000000,0.000000,0.000000,0.000000,3,1.000000,1.000000,1.000000,1.000000,1.000000,0.000000,3,171936.000000,170693.333333,171648.000000,168496.000000,171878.400000,1908.387103,3,1.000000,1.000000,1.000000,1.000000,1.000000,0.000000,,,,,,,,3,100.000000,100.000000,100.000000,100.000000,100.000000,0.000000,3,14.230000,12.572667,12.293000,11.195000,13.842600,1.536706
phase1,A_stock,warm,synthetic,flat,2000,change_sort_mode,PASS,1,10,0,0,,,,,,,,10,2.000000,2.000000,2.000000,2.000000,2.000000,0.000000,,,,,,,,10,2.000000,2.000000,2.000000,2.000000,2.000000,0.000000,10,100.000000,100.000000,100.000000,100.000000,100.000000,0.000000,10,9530.265625,921.021484,9014.448242,-18385.270508,9518.326563,11105.007268,10,40931.934570,29718.295215,31445.650391,22239.057617,40714.886035,7317.480951,10,0.000000,0.000000,0.000000,0.000000,0.000000,0.000000,10,2.000000,2.000000,2.000000,2.000000,2.000000,0.000000,10,265552.000000,265526.400000,265520.000000,265520.000000,265552.000000,13.492385,10,2.000000,2.000000,2.000000,2.000000,2.000000,0.000000,,,,,,,,10,100.000000,100.000000,100.000000,100.000000,100.000000,0.000000,10,189.257000,149.678000,136.885000,117.823000,184.406000,27.674194
phase1,A_stock,warm,synthetic,flat,2000,close_book,PASS,1,10,0,0,,,,,,,,10,3.098301,3.098301,3.098301,3.098301,3.098301,0.000000,,,,,,,,10,3.000000,3.000000,3.000000,3.000000,3.000000,0.000000,10,100.000000,100.000000,100.000000,100.000000,100.000000,0.000000,10,5742.053711,3725.349023,5576.606934,-725.006836,5679.006250,3040.820299,10,25647.823242,23453.932129,24822.545410,19525.768555,25371.852832,2610.246552,10,1.000000,1.000000,1.000000,1.000000,1.000000,0.000000,10,4.000000,4.000000,4.000000,4.000000,4.000000,0.000000,10,276896.000000,276859.200000,276864.000000,276784.000000,276896.000000,41.346235,10,4.000000,4.000000,4.000000,4.000000,4.000000,0.000000,,,,,,,,10,100.000000,100.000000,100.000000,100.000000,100.000000,0.000000,10,89.526000,73.517400,69.840000,64.742000,85.705500,9.061873
phase1,A_stock,warm,synthetic,flat,2000,close_quick_settings,PASS,1,10,0,0,,,,,,,,10,3.000000,3.000000,3.000000,3.000000,3.000000,0.000000,,,,,,,,10,3.000000,3.000000,3.000000,3.000000,3.000000,0.000000,10,100.000000,100.000000,100.000000,100.000000,100.000000,0.000000,10,176.307617,68.609473,48.946289,31.296875,114.340332,45.021112,10,26936.615234,25672.322363,25710.135742,24248.882812,26704.540918,891.023667,10,0.000000,0.000000,0.000000,0.000000,0.000000,0.000000,10,3.000000,3.000000,3.000000,3.000000,3.000000,0.000000,10,276896.000000,276896.000000,276896.000000,276896.000000,276896.000000,0.000000,10,3.000000,3.000000,3.000000,3.000000,3.000000,0.000000,,,,,,,,10,100.000000,100.000000,100.000000,100.000000,100.000000,0.000000,10,9.950000,8.413400,8.220000,7.406000,9.144500,0.751971
phase1,A_stock,warm,synthetic,flat,2000,home_to_library,PASS,1,10,0,0,,,,,,,,10,14.000000,8.000000,7.500000,2.000000,13.100000,4.320494,,,,,,,,10,14.000000,8.000000,7.500000,2.000000,13.100000,4.320494,10,100.000000,100.000000,100.000000,100.000000,100.000000,0.000000,10,6782.736328,1546.990918,5689.706055,-36730.383789,6298.140820,13456.187461,10,70081.875000,51149.744043,51043.039062,33606.054688,64918.276172,11096.912536,10,0.000000,0.000000,0.000000,0.000000,0.000000,0.000000,10,14.000000,8.000000,7.500000,2.000000,13.100000,4.320494,10,258240.000000,243532.800000,247264.000000,221632.000000,258240.000000,15423.805992,10,14.000000,8.000000,7.500000,2.000000,13.100000,4.320494,,,,,,,,10,100.000000,100.000000,100.000000,100.000000,100.000000,0.000000,10,166.281000,113.426900,105.137000,73.722000,152.840400,30.590005
phase1,A_stock,warm,synthetic,flat,2000,library_first_render,PASS,1,10,0,0,,,,,,,,10,1.000000,1.000000,1.000000,1.000000,1.000000,0.000000,,,,,,,,10,1.000000,1.000000,1.000000,1.000000,1.000000,0.000000,10,100.000000,100.000000,100.000000,100.000000,100.000000,0.000000,10,5550.196289,-1763.581738,5181.505859,-38586.142578,5505.649805,15372.558238,10,43146.278320,32631.503516,32692.413086,21999.674805,42996.525879,7821.234220,10,0.000000,0.000000,0.000000,0.000000,0.000000,0.000000,10,1.000000,1.000000,1.000000,1.000000,1.000000,0.000000,10,265392.000000,264676.800000,265392.000000,258240.000000,265392.000000,2261.660983,10,1.000000,1.000000,1.000000,1.000000,1.000000,0.000000,,,,,,,,10,100.000000,100.000000,100.000000,100.000000,100.000000,0.000000,10,112.512000,75.169900,66.575000,63.681000,108.359400,18.584286
phase1,A_stock,warm,synthetic,flat,2000,library_folder_back,PASS,1,10,0,0,,,,,,,,10,1.098301,1.098301,1.098301,1.098301,1.098301,0.000000,,,,,,,,10,1.000000,1.000000,1.000000,1.000000,1.000000,0.000000,10,100.000000,100.000000,100.000000,100.000000,100.000000,0.000000,10,5374.906250,1461.678125,5129.634766,-10829.561523,5343.018652,6249.124124,10,33139.910156,27368.912109,27824.082520,22337.709961,33063.641309,4183.073273,10,1.000000,1.000000,1.000000,1.000000,1.000000,0.000000,10,2.000000,2.000000,2.000000,2.000000,2.000000,0.000000,10,265520.000000,265520.000000,265520.000000,265520.000000,265520.000000,0.000000,10,2.000000,2.000000,2.000000,2.000000,2.000000,0.000000,,,,,,,,10,100.000000,100.000000,100.000000,100.000000,100.000000,0.000000,10,92.736000,70.510000,63.084000,58.956000,92.231100,13.822003
phase1,A_stock,warm,synthetic,flat,2000,library_folder_enter,PASS,1,10,0,0,,,,,,,,10,1.098301,1.098301,1.098301,1.098301,1.098301,0.000000,,,,,,,,10,1.000000,1.000000,1.000000,1.000000,1.000000,0.000000,10,100.000000,100.000000,100.000000,100.000000,100.000000,0.000000,10,172.010742,145.714941,143.977539,126.563477,166.811133,17.387985,10,36545.680664,27835.438672,27946.354004,22434.916016,33549.565723,4785.345202,10,1.000000,1.000000,1.000000,1.000000,1.000000,0.000000,10,2.000000,2.000000,2.000000,2.000000,2.000000,0.000000,10,265520.000000,265499.200000,265504.000000,265456.000000,265520.000000,23.910946,10,2.000000,2.000000,2.000000,2.000000,2.000000,0.000000,,,,,,,,10,100.000000,100.000000,100.000000,100.000000,100.000000,0.000000,10,9.257000,8.456200,8.497500,7.255000,9.119300,0.578627
phase1,A_stock,warm,synthetic,flat,2000,library_next_page,PASS,1,10,0,0,,,,,,,,10,1.000000,1.000000,1.000000,1.000000,1.000000,0.000000,,,,,,,,10,1.000000,1.000000,1.000000,1.000000,1.000000,0.000000,10,100.000000,100.000000,100.000000,100.000000,100.000000,0.000000,10,1136.515625,744.985840,1082.038574,-2381.211914,1118.559570,1098.620480,10,28673.362305,24753.249512,24485.841797,22212.713867,27411.520996,2036.059041,10,0.000000,0.000000,0.000000,0.000000,0.000000,0.000000,10,1.000000,1.000000,1.000000,1.000000,1.000000,0.000000,10,265392.000000,265392.000000,265392.000000,265392.000000,265392.000000,0.000000,10,1.000000,1.000000,1.000000,1.000000,1.000000,0.000000,,,,,,,,10,100.000000,100.000000,100.000000,100.000000,100.000000,0.000000,10,43.877000,24.388400,20.130000,17.958000,34.949900,8.739324
phase1,A_stock,warm,synthetic,flat,2000,library_prev_page,PASS,1,10,0,0,,,,,,,,10,1.000000,1.000000,1.000000,1.000000,1.000000,0.000000,,,,,,,,10,1.000000,1.000000,1.000000,1.000000,1.000000,0.000000,10,100.000000,100.000000,100.000000,100.000000,100.000000,0.000000,10,1091.644531,620.515332,1054.625977,-3292.257812,1074.158691,1374.983867,10,27466.105469,24486.128223,24396.090820,22230.323242,25981.392871,1557.240597,10,0.000000,0.000000,0.000000,0.000000,0.000000,0.000000,10,1.000000,1.000000,1.000000,1.000000,1.000000,0.000000,10,265392.000000,265392.000000,265392.000000,265392.000000,265392.000000,0.000000,10,1.000000,1.000000,1.000000,1.000000,1.000000,0.000000,,,,,,,,10,100.000000,100.000000,100.000000,100.000000,100.000000,0.000000,10,67.724000,34.517700,31.242000,24.979000,37.491200,11.945523
phase1,A_stock,warm,synthetic,flat,2000,open_book,PASS,1,10,0,0,,,,,,,,10,9.000000,9.000000,9.000000,9.000000,9.000000,0.000000,,,,,,,,10,9.000000,9.000000,9.000000,9.000000,9.000000,0.000000,10,100.000000,100.000000,100.000000,100.000000,100.000000,0.000000,10,969.746094,-3175.333203,-3918.329102,-5756.379883,905.483105,2605.847524,10,20763.740234,18470.057422,17495.497070,16299.190430,20684.085840,1823.618087,10,0.000000,0.000000,0.000000,0.000000,0.000000,0.000000,10,9.000000,9.000000,9.000000,9.000000,9.000000,0.000000,10,276784.000000,276476.800000,276784.000000,275680.000000,276784.000000,455.480406,10,9.000000,9.000000,9.000000,9.000000,9.000000,0.000000,,,,,,,,10,100.000000,100.000000,100.000000,100.000000,100.000000,0.000000,10,89.986000,76.250000,80.352000,59.780000,89.796100,12.245730
phase1,A_stock,warm,synthetic,flat,2000,open_book_minimal,PASS,1,10,0,0,,,,,,,,10,0.000000,0.000000,0.000000,0.000000,0.000000,0.000000,,,,,,,,10,0.000000,0.000000,0.000000,0.000000,0.000000,0.000000,10,0.000000,0.000000,0.000000,0.000000,0.000000,0.000000,10,-5729.427734,-6074.100488,-5808.956543,-8551.444336,-5745.393945,871.681451,10,23634.502930,23608.440820,23617.209961,23568.928711,23628.529883,22.339569,10,0.000000,0.000000,0.000000,0.000000,0.000000,0.000000,10,0.000000,0.000000,0.000000,0.000000,0.000000,0.000000,10,275632.000000,275465.600000,275632.000000,275216.000000,275632.000000,214.821476,10,0.000000,0.000000,0.000000,0.000000,0.000000,0.000000,,,,,,,,10,0.000000,0.000000,0.000000,0.000000,0.000000,0.000000,10,113.279000,109.399300,108.646500,105.465000,113.064800,2.691797
phase1,A_stock,warm,synthetic,flat,2000,open_quick_settings,PASS,1,10,0,0,,,,,,,,10,2.000000,2.000000,2.000000,2.000000,2.000000,0.000000,,,,,,,,10,2.000000,2.000000,2.000000,2.000000,2.000000,0.000000,10,100.000000,100.000000,100.000000,100.000000,100.000000,0.000000,10,274.543945,233.460840,233.525879,216.208008,244.531055,16.869605,10,23041.965820,21829.199609,21824.903320,20628.446289,22792.767773,803.794447,10,0.000000,0.000000,0.000000,0.000000,0.000000,0.000000,10,2.000000,2.000000,2.000000,2.000000,2.000000,0.000000,10,276896.000000,276896.000000,276896.000000,276896.000000,276896.000000,0.000000,10,2.000000,2.000000,2.000000,2.000000,2.000000,0.000000,,,,,,,,10,100.000000,100.000000,100.000000,100.000000,100.000000,0.000000,10,9.225000,8.404800,8.456500,7.483000,8.935200,0.565021
phase1,A_stock,warm,synthetic,flat,2000,repeated_nav,PASS,1,2,0,0,,,,,,,,2,10.000000,10.000000,10.000000,10.000000,10.000000,0.000000,,,,,,,,2,10.000000,10.000000,10.000000,10.000000,10.000000,0.000000,2,100.000000,100.000000,100.000000,100.000000,100.000000,0.000000,2,2272.746094,-5078.328613,-5078.328613,-12429.403320,802.531152,10395.989549,2,22827.255859,21684.705078,21684.705078,20542.154297,22598.745703,1615.810811,2,0.000000,0.000000,0.000000,0.000000,0.000000,0.000000,2,10.000000,10.000000,10.000000,10.000000,10.000000,0.000000,2,279584.000000,279560.000000,279560.000000,279536.000000,279579.200000,33.941125,2,10.000000,10.000000,10.000000,10.000000,10.000000,0.000000,,,,,,,,2,100.000000,100.000000,100.000000,100.000000,100.000000,0.000000,2,226.257000,219.794500,219.794500,213.332000,224.964500,9.139355
phase1,A_stock,warm,synthetic,flat,2000,start_to_home,UNSUPPORTED,1,0,0,10,,,,,,,,,,,,,,,,,,,,,,,,,,,,,,,,,,,,,,,,,,,,,,,,,,,,,,,,,,,,,,,,,,,,,,,,,,,,,,,,,,,,,,,,,,,,,,,,,,
phase1,A_stock,warm,synthetic,flat,50,change_sort_mode,PASS,1,10,0,0,,,,,,,,10,2.000000,2.000000,2.000000,2.000000,2.000000,0.000000,,,,,,,,10,2.000000,2.000000,2.000000,2.000000,2.000000,0.000000,10,100.000000,100.000000,100.000000,100.000000,100.000000,0.000000,10,3105.108398,-125.487793,1.805664,-4171.258789,2924.626758,2712.114547,10,18797.093750,15902.334766,15287.802246,14629.350586,17848.439258,1557.912505,10,0.000000,0.000000,0.000000,0.000000,0.000000,0.000000,10,2.000000,2.000000,2.000000,2.000000,2.000000,0.000000,10,249232.000000,249230.400000,249232.000000,249216.000000,249232.000000,5.059644,10,2.000000,2.000000,2.000000,2.000000,2.000000,0.000000,,,,,,,,10,100.000000,100.000000,100.000000,100.000000,100.000000,0.000000,10,71.709000,57.835300,59.699500,39.048000,70.851300,11.818018
phase1,A_stock,warm,synthetic,flat,50,close_book,PASS,1,10,0,0,,,,,,,,10,3.098301,3.098301,3.098301,3.098301,3.098301,0.000000,,,,,,,,10,3.000000,3.000000,3.000000,3.000000,3.000000,0.000000,10,100.000000,100.000000,100.000000,100.000000,100.000000,0.000000,10,2371.425781,1566.283203,1941.515137,-2325.000977,2266.337598,1384.149225,10,19795.271484,18206.635352,18382.451172,15409.549805,18986.671582,1156.016725,10,1.000000,1.000000,1.000000,1.000000,1.000000,0.000000,10,4.000000,4.000000,4.000000,4.000000,4.000000,0.000000,10,259232.000000,259232.000000,259232.000000,259232.000000,259232.000000,0.000000,10,4.000000,4.000000,4.000000,4.000000,4.000000,0.000000,,,,,,,,10,100.000000,100.000000,100.000000,100.000000,100.000000,0.000000,10,47.902000,30.580000,27.559500,23.343000,39.110800,7.431262
phase1,A_stock,warm,synthetic,flat,50,close_quick_settings,PASS,1,10,0,0,,,,,,,,10,3.000000,3.000000,3.000000,3.000000,3.000000,0.000000,,,,,,,,10,3.000000,3.000000,3.000000,3.000000,3.000000,0.000000,10,100.000000,100.000000,100.000000,100.000000,100.000000,0.000000,10,91.878906,61.600293,61.490723,36.765625,76.336328,15.787620,10,23475.055664,22153.547852,22150.922852,20831.288086,23213.561719,886.879033,10,0.000000,0.000000,0.000000,0.000000,0.000000,0.000000,10,3.000000,3.000000,3.000000,3.000000,3.000000,0.000000,10,259232.000000,259232.000000,259232.000000,259232.000000,259232.000000,0.000000,10,3.000000,3.000000,3.000000,3.000000,3.000000,0.000000,,,,,,,,10,100.000000,100.000000,100.000000,100.000000,100.000000,0.000000,10,9.086000,8.351400,8.292000,7.758000,9.035600,0.500145
phase1,A_stock,warm,synthetic,flat,50,home_to_library,PASS,1,10,0,0,,,,,,,,10,1.000000,1.000000,1.000000,1.000000,1.000000,0.000000,,,,,,,,10,1.000000,1.000000,1.000000,1.000000,1.000000,0.000000,10,100.000000,100.000000,100.000000,100.000000,100.000000,0.000000,10,1204.493164,310.493359,1008.260254,-2213.376953,1182.862402,1282.270446,10,21821.813477,18414.456055,18289.009277,15260.260742,20818.954199,2028.028778,10,0.000000,0.000000,0.000000,0.000000,0.000000,0.000000,10,1.000000,1.000000,1.000000,1.000000,1.000000,0.000000,10,201904.000000,194947.200000,194544.000000,190288.000000,200046.400000,3958.532074,10,1.000000,1.000000,1.000000,1.000000,1.000000,0.000000,,,,,,,,10,100.000000,100.000000,100.000000,100.000000,100.000000,0.000000,10,57.920000,39.357000,34.114500,27.179000,57.627500,12.011179
phase1,A_stock,warm,synthetic,flat,50,library_first_render,PASS,1,10,0,0,,,,,,,,10,14.000000,5.900000,5.000000,1.000000,10.400000,4.408325,,,,,,,,10,14.000000,5.900000,5.000000,1.000000,10.400000,4.408325,10,100.000000,100.000000,100.000000,100.000000,100.000000,0.000000,10,3050.896484,1359.165625,2138.887207,-1910.417969,2912.212988,1836.690894,10,35613.484375,27658.315918,26870.626953,22284.284180,33375.947266,4453.298418,10,0.000000,0.000000,0.000000,0.000000,0.000000,0.000000,10,14.000000,5.900000,5.000000,1.000000,10.400000,4.408325,10,217776.000000,209446.400000,208672.000000,203520.000000,214492.800000,4121.042889,10,14.000000,5.900000,5.000000,1.000000,10.400000,4.408325,,,,,,,,10,100.000000,100.000000,100.000000,100.000000,100.000000,0.000000,10,134.488000,67.381100,65.638000,27.458000,86.511700,29.838726
phase1,A_stock,warm,synthetic,flat,50,library_folder_back,PASS,1,10,0,0,,,,,,,,10,1.098301,1.098301,1.098301,1.098301,1.098301,0.000000,,,,,,,,10,1.000000,1.000000,1.000000,1.000000,1.000000,0.000000,10,100.000000,100.000000,100.000000,100.000000,100.000000,0.000000,10,1775.954102,1729.728906,1737.351562,1667.846680,1770.612988,39.220605,10,19627.198242,17431.889063,17787.487793,15925.942383,19626.742090,1453.685552,10,1.000000,1.000000,1.000000,1.000000,1.000000,0.000000,10,2.000000,2.000000,2.000000,2.000000,2.000000,0.000000,10,249216.000000,249216.000000,249216.000000,249216.000000,249216.000000,0.000000,10,2.000000,2.000000,2.000000,2.000000,2.000000,0.000000,,,,,,,,10,100.000000,100.000000,100.000000,100.000000,100.000000,0.000000,10,28.151000,25.681000,25.776000,23.021000,27.801800,1.606752
phase1,A_stock,warm,synthetic,flat,50,library_folder_enter,PASS,1,10,0,0,,,,,,,,10,1.098301,1.098301,1.098301,1.098301,1.098301,0.000000,,,,,,,,10,1.000000,1.000000,1.000000,1.000000,1.000000,0.000000,10,100.000000,100.000000,100.000000,100.000000,100.000000,0.000000,10,165.204102,143.631445,140.851562,129.887695,159.705664,12.320144,10,21016.172852,17253.250000,16821.851562,14852.191406,19366.683789,2081.224010,10,1.000000,1.000000,1.000000,1.000000,1.000000,0.000000,10,2.000000,2.000000,2.000000,2.000000,2.000000,0.000000,10,249216.000000,249206.400000,249200.000000,249200.000000,249216.000000,8.262364,10,2.000000,2.000000,2.000000,2.000000,2.000000,0.000000,,,,,,,,10,100.000000,100.000000,100.000000,100.000000,100.000000,0.000000,10,9.362000,8.618400,9.012000,6.903000,9.278300,0.874411
phase1,A_stock,warm,synthetic,flat,50,library_next_page,PASS,1,10,0,0,,,,,,,,10,47.000000,8.900000,5.000000,1.000000,12.800000,13.633700,,,,,,,,10,47.000000,8.900000,5.000000,1.000000,12.800000,13.633700,10,100.000000,100.000000,100.000000,100.000000,100.000000,0.000000,10,6830.378906,-1482.313867,1863.603516,-24116.384766,2752.251270,9091.976960,10,44561.124023,31361.405664,31270.716797,20029.081055,42121.798828,9454.244975,10,0.000000,0.000000,0.000000,0.000000,0.000000,0.000000,10,47.000000,8.900000,5.000000,1.000000,12.800000,13.633700,10,249024.000000,240443.200000,241264.000000,229872.000000,247713.600000,7352.622583,10,47.000000,8.900000,5.000000,1.000000,12.800000,13.633700,,,,,,,,10,100.000000,100.000000,100.000000,100.000000,100.000000,0.000000,10,125.578000,66.831800,60.861000,21.322000,120.349000,36.156145
phase1,A_stock,warm,synthetic,flat,50,library_prev_page,PASS,1,10,0,0,,,,,,,,10,1.000000,1.000000,1.000000,1.000000,1.000000,0.000000,,,,,,,,10,1.000000,1.000000,1.000000,1.000000,1.000000,0.000000,10,100.000000,100.000000,100.000000,100.000000,100.000000,0.000000,10,1566.163086,43.750977,1531.054688,-5176.237305,1561.837109,2520.509535,10,28519.627930,18309.804395,17466.765625,15197.604492,21049.598047,3991.319680,10,0.000000,0.000000,0.000000,0.000000,0.000000,0.000000,10,1.000000,1.000000,1.000000,1.000000,1.000000,0.000000,10,249056.000000,249056.000000,249056.000000,249056.000000,249056.000000,0.000000,10,1.000000,1.000000,1.000000,1.000000,1.000000,0.000000,,,,,,,,10,100.000000,100.000000,100.000000,100.000000,100.000000,0.000000,10,56.727000,38.539400,33.890500,27.124000,55.396800,10.900386
phase1,A_stock,warm,synthetic,flat,50,open_book,PASS,1,10,0,0,,,,,,,,10,9.000000,9.000000,9.000000,9.000000,9.000000,0.000000,,,,,,,,10,9.000000,9.000000,9.000000,9.000000,9.000000,0.000000,10,100.000000,100.000000,100.000000,100.000000,100.000000,0.000000,10,1181.923828,-1576.928125,-2474.836914,-3216.116211,897.877148,1772.754152,10,17159.266602,15908.285840,15867.450195,14545.584961,16873.951660,917.315171,10,0.000000,0.000000,0.000000,0.000000,0.000000,0.000000,10,9.000000,9.000000,9.000000,9.000000,9.000000,0.000000,10,259232.000000,259206.400000,259200.000000,259200.000000,259232.000000,13.492385,10,9.000000,9.000000,9.000000,9.000000,9.000000,0.000000,,,,,,,,10,100.000000,100.000000,100.000000,100.000000,100.000000,0.000000,10,85.815000,64.181100,64.732000,47.161000,69.938100,9.690988
phase1,A_stock,warm,synthetic,flat,50,open_book_minimal,PASS,1,10,0,0,,,,,,,,10,0.000000,0.000000,0.000000,0.000000,0.000000,0.000000,,,,,,,,10,0.000000,0.000000,0.000000,0.000000,0.000000,0.000000,10,0.000000,0.000000,0.000000,0.000000,0.000000,0.000000,10,1146.148438,-1239.457520,-1383.121094,-3538.535156,1130.945117,1819.050460,10,17494.583984,17032.466211,17258.863770,15948.295898,17437.154492,519.119751,10,0.000000,0.000000,0.000000,0.000000,0.000000,0.000000,10,0.000000,0.000000,0.000000,0.000000,0.000000,0.000000,10,259104.000000,258246.400000,257872.000000,257712.000000,259104.000000,579.014335,10,0.000000,0.000000,0.000000,0.000000,0.000000,0.000000,,,,,,,,10,0.000000,0.000000,0.000000,0.000000,0.000000,0.000000,10,75.551000,63.578400,65.977500,48.898000,72.538700,8.936718
phase1,A_stock,warm,synthetic,flat,50,open_quick_settings,PASS,1,10,0,0,,,,,,,,10,2.000000,2.000000,2.000000,2.000000,2.000000,0.000000,,,,,,,,10,2.000000,2.000000,2.000000,2.000000,2.000000,0.000000,10,100.000000,100.000000,100.000000,100.000000,100.000000,0.000000,10,319.780273,252.324121,241.604980,212.956055,295.979492,37.638174,10,19863.934570,18650.227637,18452.120117,17875.064453,19565.799902,667.999385,10,0.000000,0.000000,0.000000,0.000000,0.000000,0.000000,10,2.000000,2.000000,2.000000,2.000000,2.000000,0.000000,10,259232.000000,259232.000000,259232.000000,259232.000000,259232.000000,0.000000,10,2.000000,2.000000,2.000000,2.000000,2.000000,0.000000,,,,,,,,10,100.000000,100.000000,100.000000,100.000000,100.000000,0.000000,10,9.483000,7.964500,8.139000,4.274000,8.997900,1.414003
phase1,A_stock,warm,synthetic,flat,50,repeated_nav,PASS,1,2,0,0,,,,,,,,2,10.000000,10.000000,10.000000,10.000000,10.000000,0.000000,,,,,,,,2,10.000000,10.000000,10.000000,10.000000,10.000000,0.000000,2,100.000000,100.000000,100.000000,100.000000,100.000000,0.000000,2,7881.224609,-6640.424316,-6640.424316,-21162.073242,4976.894824,20536.712859,2,39712.317383,29137.759277,29137.759277,18563.201172,37597.405762,14954.683489,2,0.000000,0.000000,0.000000,0.000000,0.000000,0.000000,2,10.000000,10.000000,10.000000,10.000000,10.000000,0.000000,2,261920.000000,261888.000000,261888.000000,261856.000000,261913.600000,45.254834,2,10.000000,10.000000,10.000000,10.000000,10.000000,0.000000,,,,,,,,2,100.000000,100.000000,100.000000,100.000000,100.000000,0.000000,2,162.639000,130.200500,130.200500,97.762000,156.151300,45.874967
phase1,A_stock,warm,synthetic,flat,50,start_to_home,UNSUPPORTED,1,0,0,10,,,,,,,,,,,,,,,,,,,,,,,,,,,,,,,,,,,,,,,,,,,,,,,,,,,,,,,,,,,,,,,,,,,,,,,,,,,,,,,,,,,,,,,,,,,,,,,,,,
phase1,A_stock,warm,synthetic,hierarchical,2000,change_sort_mode,PASS,1,10,0,0,,,,,,,,10,2.000000,2.000000,2.000000,2.000000,2.000000,0.000000,,,,,,,,10,2.000000,2.000000,2.000000,2.000000,2.000000,0.000000,10,100.000000,100.000000,100.000000,100.000000,100.000000,0.000000,10,321.071289,56.476758,272.284668,-1920.946289,291.901270,695.096700,10,10755.222656,9656.775879,9490.606934,8837.760742,10463.122559,635.419773,10,0.000000,0.000000,0.000000,0.000000,0.000000,0.000000,10,2.000000,2.000000,2.000000,2.000000,2.000000,0.000000,10,179024.000000,179014.400000,179008.000000,179008.000000,179024.000000,8.262364,10,2.000000,2.000000,2.000000,2.000000,2.000000,0.000000,,,,,,,,10,100.000000,100.000000,100.000000,100.000000,100.000000,0.000000,10,21.202000,11.236400,9.815500,8.780000,13.239700,3.708491
phase1,A_stock,warm,synthetic,hierarchical,2000,close_book,PASS,1,10,0,0,,,,,,,,10,3.098301,3.098301,3.098301,3.098301,3.098301,0.000000,,,,,,,,10,3.000000,3.000000,3.000000,3.000000,3.000000,0.000000,10,100.000000,100.000000,100.000000,100.000000,100.000000,0.000000,10,1659.378906,276.142871,376.370605,-1942.692383,1645.900000,1392.574748,10,14212.372070,13159.483105,13191.603027,11638.163086,14119.345996,930.494345,10,1.000000,1.000000,1.000000,1.000000,1.000000,0.000000,10,4.000000,4.000000,4.000000,4.000000,4.000000,0.000000,10,194048.000000,194048.000000,194048.000000,194048.000000,194048.000000,0.000000,10,4.000000,4.000000,4.000000,4.000000,4.000000,0.000000,,,,,,,,10,100.000000,100.000000,100.000000,100.000000,100.000000,0.000000,10,43.494000,30.387500,30.655000,20.773000,37.893300,7.808959
phase1,A_stock,warm,synthetic,hierarchical,2000,close_quick_settings,PASS,1,10,0,0,,,,,,,,10,3.000000,3.000000,3.000000,3.000000,3.000000,0.000000,,,,,,,,10,3.000000,3.000000,3.000000,3.000000,3.000000,0.000000,10,100.000000,100.000000,100.000000,100.000000,100.000000,0.000000,10,59.732422,38.799023,37.604492,19.342773,55.351953,15.317689,10,17188.726562,16003.535742,16019.610352,14768.467773,16960.047461,814.309100,10,0.000000,0.000000,0.000000,0.000000,0.000000,0.000000,10,3.000000,3.000000,3.000000,3.000000,3.000000,0.000000,10,194544.000000,194116.800000,194048.000000,194048.000000,194270.400000,161.776801,10,3.000000,3.000000,3.000000,3.000000,3.000000,0.000000,,,,,,,,10,100.000000,100.000000,100.000000,100.000000,100.000000,0.000000,10,8.881000,8.107000,7.922500,7.347000,8.718100,0.517616
phase1,A_stock,warm,synthetic,hierarchical,2000,home_to_library,PASS,1,10,0,0,,,,,,,,10,1.000000,1.000000,1.000000,1.000000,1.000000,0.000000,,,,,,,,10,1.000000,1.000000,1.000000,1.000000,1.000000,0.000000,10,100.000000,100.000000,100.000000,100.000000,100.000000,0.000000,10,361.276367,-478.375586,336.776367,-6504.731445,361.089160,2161.004385,10,14865.117188,11470.323437,11433.912109,8363.620117,14537.272852,2873.782455,10,0.000000,0.000000,0.000000,0.000000,0.000000,0.000000,10,1.000000,1.000000,1.000000,1.000000,1.000000,0.000000,10,178624.000000,177372.800000,177664.000000,175872.000000,178523.200000,1036.172101,10,1.000000,1.000000,1.000000,1.000000,1.000000,0.000000,,,,,,,,10,100.000000,100.000000,100.000000,100.000000,100.000000,0.000000,10,21.165000,14.574100,13.137500,11.384000,20.727600,3.463337
phase1,A_stock,warm,synthetic,hierarchical,2000,library_first_render,PASS,1,10,0,0,,,,,,,,10,1.000000,1.000000,1.000000,1.000000,1.000000,0.000000,,,,,,,,10,1.000000,1.000000,1.000000,1.000000,1.000000,0.000000,10,100.000000,100.000000,100.000000,100.000000,100.000000,0.000000,10,380.785156,17.636621,329.373535,-1358.039062,350.470801,671.933127,10,9688.174805,8991.448047,9021.471191,8320.120117,9487.926562,474.574339,10,0.000000,0.000000,0.000000,0.000000,0.000000,0.000000,10,1.000000,1.000000,1.000000,1.000000,1.000000,0.000000,10,178624.000000,178624.000000,178624.000000,178624.000000,178624.000000,0.000000,10,1.000000,1.000000,1.000000,1.000000,1.000000,0.000000,,,,,,,,10,100.000000,100.000000,100.000000,100.000000,100.000000,0.000000,10,20.953000,14.155600,12.609500,11.852000,20.373400,3.469097
phase1,A_stock,warm,synthetic,hierarchical,2000,library_folder_back,PASS,1,10,0,0,,,,,,,,10,1.098301,1.098301,1.098301,1.098301,1.098301,0.000000,,,,,,,,10,1.000000,1.000000,1.000000,1.000000,1.000000,0.000000,10,100.000000,100.000000,100.000000,100.000000,100.000000,0.000000,10,255.218750,-261.621387,240.151855,-3010.102539,253.789648,1116.313223,10,11405.757812,9826.555371,9742.688477,8811.655273,11063.412402,916.767540,10,1.000000,1.000000,1.000000,1.000000,1.000000,0.000000,10,2.000000,2.000000,2.000000,2.000000,2.000000,0.000000,10,179008.000000,178996.800000,178992.000000,178992.000000,179008.000000,7.728734,10,2.000000,2.000000,2.000000,2.000000,2.000000,0.000000,,,,,,,,10,100.000000,100.000000,100.000000,100.000000,100.000000,0.000000,10,26.407000,15.184400,13.786500,8.986000,26.154100,6.458012
phase1,A_stock,warm,synthetic,hierarchical,2000,library_folder_enter,PASS,1,10,0,0,,,,,,,,10,1.098301,1.098301,1.098301,1.098301,1.098301,0.000000,,,,,,,,10,1.000000,1.000000,1.000000,1.000000,1.000000,0.000000,10,100.000000,100.000000,100.000000,100.000000,100.000000,0.000000,10,1377.973633,138.185156,380.979492,-2104.650391,1340.231641,1237.159073,10,11558.657227,9995.015137,9763.977539,8957.889648,11058.783691,904.292498,10,1.000000,1.000000,1.000000,1.000000,1.000000,0.000000,10,2.000000,2.000000,2.000000,2.000000,2.000000,0.000000,10,178992.000000,178836.800000,178816.000000,178768.000000,178934.400000,76.566311,10,2.000000,2.000000,2.000000,2.000000,2.000000,0.000000,,,,,,,,10,100.000000,100.000000,100.000000,100.000000,100.000000,0.000000,10,35.327000,22.737800,23.529500,8.439000,34.244300,9.675527
phase1,A_stock,warm,synthetic,hierarchical,2000,library_next_page,UNSUPPORTED,1,0,0,10,,,,,,,,,,,,,,,,,,,,,,,,,,,,,,,,,,,,,,,,,,,,,,,,,,,,,,,,,,,,,,,,,,,,,,,,,,,,,,,,,,,,,,,,,,,,,,,,,,
phase1,A_stock,warm,synthetic,hierarchical,2000,library_prev_page,UNSUPPORTED,1,0,0,10,,,,,,,,,,,,,,,,,,,,,,,,,,,,,,,,,,,,,,,,,,,,,,,,,,,,,,,,,,,,,,,,,,,,,,,,,,,,,,,,,,,,,,,,,,,,,,,,,,
phase1,A_stock,warm,synthetic,hierarchical,2000,open_book,PASS,1,10,0,0,,,,,,,,10,12.000000,9.700000,9.000000,9.000000,11.100000,1.159502,,,,,,,,10,12.000000,9.700000,9.000000,9.000000,11.100000,1.159502,10,100.000000,100.000000,100.000000,100.000000,100.000000,0.000000,10,1160.600586,363.281445,887.434570,-1440.043945,1137.155762,900.282880,10,13812.721680,12889.153711,13218.644531,11322.819336,13674.467969,854.201970,10,0.000000,0.000000,0.000000,0.000000,0.000000,0.000000,10,12.000000,9.700000,9.000000,9.000000,11.100000,1.159502,10,194048.000000,193721.600000,193696.000000,193408.000000,194048.000000,302.000442,10,12.000000,9.700000,9.000000,9.000000,11.100000,1.159502,,,,,,,,10,100.000000,100.000000,100.000000,100.000000,100.000000,0.000000,10,52.309000,45.169000,43.438000,41.107000,50.811400,4.036464
phase1,A_stock,warm,synthetic,hierarchical,2000,open_book_minimal,PASS,1,10,0,0,,,,,,,,10,0.000000,0.000000,0.000000,0.000000,0.000000,0.000000,,,,,,,,10,0.000000,0.000000,0.000000,0.000000,0.000000,0.000000,10,0.000000,0.000000,0.000000,0.000000,0.000000,0.000000,10,1235.062500,-805.857129,-1211.970703,-3325.139648,1205.388867,1506.842056,10,13176.372070,11606.065527,11531.434570,10434.073242,13095.112793,1022.045377,10,0.000000,0.000000,0.000000,0.000000,0.000000,0.000000,10,0.000000,0.000000,0.000000,0.000000,0.000000,0.000000,10,193408.000000,192192.000000,192232.000000,189888.000000,193408.000000,1248.410189,10,0.000000,0.000000,0.000000,0.000000,0.000000,0.000000,,,,,,,,10,0.000000,0.000000,0.000000,0.000000,0.000000,0.000000,10,60.099000,52.288900,56.046000,38.443000,58.606800,7.579024
phase1,A_stock,warm,synthetic,hierarchical,2000,open_quick_settings,PASS,1,10,0,0,,,,,,,,10,2.000000,2.000000,2.000000,2.000000,2.000000,0.000000,,,,,,,,10,2.000000,2.000000,2.000000,2.000000,2.000000,0.000000,10,100.000000,100.000000,100.000000,100.000000,100.000000,0.000000,10,275.617188,-102.832129,243.438965,-2340.956055,263.384570,837.493309,10,13947.709961,13013.191211,12969.491699,12196.291992,13706.366699,548.660787,10,0.000000,0.000000,0.000000,0.000000,0.000000,0.000000,10,2.000000,2.000000,2.000000,2.000000,2.000000,0.000000,10,194048.000000,194048.000000,194048.000000,194048.000000,194048.000000,0.000000,10,2.000000,2.000000,2.000000,2.000000,2.000000,0.000000,,,,,,,,10,100.000000,100.000000,100.000000,100.000000,100.000000,0.000000,10,20.793000,10.625600,8.415000,7.483000,19.366500,4.985360
phase1,A_stock,warm,synthetic,hierarchical,2000,repeated_nav,PASS,1,2,0,0,,,,,,,,2,10.000000,10.000000,10.000000,10.000000,10.000000,0.000000,,,,,,,,2,10.000000,10.000000,10.000000,10.000000,10.000000,0.000000,2,100.000000,100.000000,100.000000,100.000000,100.000000,0.000000,2,114.316406,-3957.169922,-3957.169922,-8028.656250,-699.980859,5757.951184,2,13757.482422,13695.101562,13695.101562,13632.720703,13745.006250,88.219857,2,0.000000,0.000000,0.000000,0.000000,0.000000,0.000000,2,10.000000,10.000000,10.000000,10.000000,10.000000,0.000000,2,209760.000000,209728.000000,209728.000000,209696.000000,209753.600000,45.254834,2,10.000000,10.000000,10.000000,10.000000,10.000000,0.000000,,,,,,,,2,100.000000,100.000000,100.000000,100.000000,100.000000,0.000000,2,171.070000,156.114500,156.114500,141.159000,168.078900,21.150271
phase1,A_stock,warm,synthetic,hierarchical,2000,start_to_home,UNSUPPORTED,1,0,0,10,,,,,,,,,,,,,,,,,,,,,,,,,,,,,,,,,,,,,,,,,,,,,,,,,,,,,,,,,,,,,,,,,,,,,,,,,,,,,,,,,,,,,,,,,,,,,,,,,,
phase1,A_stock,warm,synthetic,hierarchical,50,change_sort_mode,PASS,1,10,0,0,,,,,,,,10,2.000000,2.000000,2.000000,2.000000,2.000000,0.000000,,,,,,,,10,2.000000,2.000000,2.000000,2.000000,2.000000,0.000000,10,100.000000,100.000000,100.000000,100.000000,100.000000,0.000000,10,294.149414,-36.363184,269.931152,-1395.177734,293.404102,657.966814,10,9876.524414,9119.172266,9055.870605,8484.831055,9681.999609,497.806770,10,0.000000,0.000000,0.000000,0.000000,0.000000,0.000000,10,2.000000,2.000000,2.000000,2.000000,2.000000,0.000000,10,178560.000000,178560.000000,178560.000000,178560.000000,178560.000000,0.000000,10,2.000000,2.000000,2.000000,2.000000,2.000000,0.000000,,,,,,,,10,100.000000,100.000000,100.000000,100.000000,100.000000,0.000000,10,18.720000,11.737800,10.474000,9.231000,18.267300,3.622409
phase1,A_stock,warm,synthetic,hierarchical,50,close_book,PASS,1,10,0,0,,,,,,,,10,3.098301,3.098301,3.098301,3.098301,3.098301,0.000000,,,,,,,,10,3.000000,3.000000,3.000000,3.000000,3.000000,0.000000,10,100.000000,100.000000,100.000000,100.000000,100.000000,0.000000,10,1723.037109,-539.350977,-759.525391,-2238.099609,1554.235254,1295.398828,10,14226.281250,12109.012695,11913.090820,10714.327148,13489.611914,1024.937045,10,1.000000,1.000000,1.000000,1.000000,1.000000,0.000000,10,4.000000,4.000000,4.000000,4.000000,4.000000,0.000000,10,196416.000000,196364.800000,196416.000000,195904.000000,196416.000000,161.908616,10,4.000000,4.000000,4.000000,4.000000,4.000000,0.000000,,,,,,,,10,100.000000,100.000000,100.000000,100.000000,100.000000,0.000000,10,41.717000,34.313900,34.655500,24.789000,41.267000,5.888601
phase1,A_stock,warm,synthetic,hierarchical,50,close_quick_settings,PASS,1,10,0,0,,,,,,,,10,3.000000,3.000000,3.000000,3.000000,3.000000,0.000000,,,,,,,,10,3.000000,3.000000,3.000000,3.000000,3.000000,0.000000,10,100.000000,100.000000,100.000000,100.000000,100.000000,0.000000,10,62.359375,37.118652,34.980957,22.313477,54.008887,12.613217,10,16421.993164,15247.657129,15245.659180,14085.875977,16185.432910,784.913012,10,0.000000,0.000000,0.000000,0.000000,0.000000,0.000000,10,3.000000,3.000000,3.000000,3.000000,3.000000,0.000000,10,196416.000000,196416.000000,196416.000000,196416.000000,196416.000000,0.000000,10,3.000000,3.000000,3.000000,3.000000,3.000000,0.000000,,,,,,,,10,100.000000,100.000000,100.000000,100.000000,100.000000,0.000000,10,9.209000,8.389400,8.467500,7.282000,8.979500,0.602018
phase1,A_stock,warm,synthetic,hierarchical,50,home_to_library,PASS,1,10,0,0,,,,,,,,10,1.000000,1.000000,1.000000,1.000000,1.000000,0.000000,,,,,,,,10,1.000000,1.000000,1.000000,1.000000,1.000000,0.000000,10,100.000000,100.000000,100.000000,100.000000,100.000000,0.000000,10,360.838867,-520.481934,313.783203,-6748.644531,338.096289,2230.677942,10,15085.073242,11571.903027,11549.324707,8284.252930,14789.228125,3043.787524,10,0.000000,0.000000,0.000000,0.000000,0.000000,0.000000,10,1.000000,1.000000,1.000000,1.000000,1.000000,0.000000,10,177792.000000,176715.200000,177232.000000,175024.000000,177576.000000,1065.040093,10,1.000000,1.000000,1.000000,1.000000,1.000000,0.000000,,,,,,,,10,100.000000,100.000000,100.000000,100.000000,100.000000,0.000000,10,23.030000,14.232700,12.720500,10.358000,22.274900,4.544993
phase1,A_stock,warm,synthetic,hierarchical,50,library_first_render,PASS,1,10,0,0,,,,,,,,10,1.000000,1.000000,1.000000,1.000000,1.000000,0.000000,,,,,,,,10,1.000000,1.000000,1.000000,1.000000,1.000000,0.000000,10,100.000000,100.000000,100.000000,100.000000,100.000000,0.000000,10,404.252930,39.523145,305.301758,-1276.335938,400.779492,627.281206,10,9626.471680,8999.753516,9087.073242,8323.010742,9463.836230,456.012941,10,0.000000,0.000000,0.000000,0.000000,0.000000,0.000000,10,1.000000,1.000000,1.000000,1.000000,1.000000,0.000000,10,178112.000000,177942.400000,177840.000000,177808.000000,178112.000000,146.292857,10,1.000000,1.000000,1.000000,1.000000,1.000000,0.000000,,,,,,,,10,100.000000,100.000000,100.000000,100.000000,100.000000,0.000000,10,19.532000,13.369400,12.537000,10.550000,18.121700,3.111644
phase1,A_stock,warm,synthetic,hierarchical,50,library_folder_back,PASS,1,10,0,0,,,,,,,,10,1.098301,1.098301,1.098301,1.098301,1.098301,0.000000,,,,,,,,10,1.000000,1.000000,1.000000,1.000000,1.000000,0.000000,10,100.000000,100.000000,100.000000,100.000000,100.000000,0.000000,10,245.171875,-146.826367,226.258789,-1096.608398,240.620020,612.388939,10,9749.251953,8972.822363,8905.663086,8481.627930,9514.810742,426.331022,10,1.000000,1.000000,1.000000,1.000000,1.000000,0.000000,10,2.000000,2.000000,2.000000,2.000000,2.000000,0.000000,10,178560.000000,178516.800000,178528.000000,178352.000000,178560.000000,60.832740,10,2.000000,2.000000,2.000000,2.000000,2.000000,0.000000,,,,,,,,10,100.000000,100.000000,100.000000,100.000000,100.000000,0.000000,10,24.216000,15.516400,14.366500,9.815000,22.976700,4.867028
phase1,A_stock,warm,synthetic,hierarchical,50,library_folder_enter,PASS,1,10,0,0,,,,,,,,10,1.098301,1.098301,1.098301,1.098301,1.098301,0.000000,,,,,,,,10,1.000000,1.000000,1.000000,1.000000,1.000000,0.000000,10,100.000000,100.000000,100.000000,100.000000,100.000000,0.000000,10,644.956055,130.113965,224.522949,-1326.416016,467.782617,539.998164,10,9665.738281,9045.446973,9050.443848,8552.729492,9592.898047,440.486884,10,1.000000,1.000000,1.000000,1.000000,1.000000,0.000000,10,2.000000,2.000000,2.000000,2.000000,2.000000,0.000000,10,178352.000000,178339.200000,178344.000000,178304.000000,178352.000000,16.524729,10,2.000000,2.000000,2.000000,2.000000,2.000000,0.000000,,,,,,,,10,100.000000,100.000000,100.000000,100.000000,100.000000,0.000000,10,23.900000,13.198800,13.032500,6.109000,19.289300,5.462705
phase1,A_stock,warm,synthetic,hierarchical,50,library_next_page,UNSUPPORTED,1,0,0,10,,,,,,,,,,,,,,,,,,,,,,,,,,,,,,,,,,,,,,,,,,,,,,,,,,,,,,,,,,,,,,,,,,,,,,,,,,,,,,,,,,,,,,,,,,,,,,,,,,
phase1,A_stock,warm,synthetic,hierarchical,50,library_prev_page,UNSUPPORTED,1,0,0,10,,,,,,,,,,,,,,,,,,,,,,,,,,,,,,,,,,,,,,,,,,,,,,,,,,,,,,,,,,,,,,,,,,,,,,,,,,,,,,,,,,,,,,,,,,,,,,,,,,
phase1,A_stock,warm,synthetic,hierarchical,50,open_book,PASS,1,10,0,0,,,,,,,,10,13.000000,10.400000,11.000000,9.000000,11.200000,1.349897,,,,,,,,10,13.000000,10.400000,11.000000,9.000000,11.200000,1.349897,10,100.000000,100.000000,100.000000,100.000000,100.000000,0.000000,10,1250.948242,378.403516,974.431641,-3570.964844,1199.226367,1531.861533,10,13131.979492,12339.008008,12525.500000,10221.401367,12865.606738,804.267424,10,0.000000,0.000000,0.000000,0.000000,0.000000,0.000000,10,13.000000,10.400000,11.000000,9.000000,11.200000,1.349897,10,195872.000000,195670.400000,195872.000000,194688.000000,195872.000000,433.032511,10,13.000000,10.400000,11.000000,9.000000,11.200000,1.349897,,,,,,,,10,100.000000,100.000000,100.000000,100.000000,100.000000,0.000000,10,60.598000,44.444000,42.586500,38.162000,50.721400,6.680518
phase1,A_stock,warm,synthetic,hierarchical,50,open_book_minimal,PASS,1,10,0,0,,,,,,,,10,0.000000,0.000000,0.000000,0.000000,0.000000,0.000000,,,,,,,,10,0.000000,0.000000,0.000000,0.000000,0.000000,0.000000,10,0.000000,0.000000,0.000000,0.000000,0.000000,0.000000,10,1338.895508,-529.083496,-996.713379,-1532.690430,1170.933008,1071.739102,10,12120.969727,10762.475879,10686.446289,10010.987305,11436.690234,748.160252,10,0.000000,0.000000,0.000000,0.000000,0.000000,0.000000,10,0.000000,0.000000,0.000000,0.000000,0.000000,0.000000,10,193040.000000,192016.000000,192304.000000,190032.000000,193040.000000,1085.067945,10,0.000000,0.000000,0.000000,0.000000,0.000000,0.000000,,,,,,,,10,0.000000,0.000000,0.000000,0.000000,0.000000,0.000000,10,59.927000,52.389600,54.239500,40.331000,58.768700,6.739557
phase1,A_stock,warm,synthetic,hierarchical,50,open_quick_settings,PASS,1,10,0,0,,,,,,,,10,2.000000,2.000000,2.000000,2.000000,2.000000,0.000000,,,,,,,,10,2.000000,2.000000,2.000000,2.000000,2.000000,0.000000,10,100.000000,100.000000,100.000000,100.000000,100.000000,0.000000,10,320.844727,256.645020,248.515137,229.299805,288.411328,28.142821,10,14278.177734,13215.991211,13201.045410,12110.408203,13983.866309,710.847841,10,0.000000,0.000000,0.000000,0.000000,0.000000,0.000000,10,2.000000,2.000000,2.000000,2.000000,2.000000,0.000000,10,196416.000000,196416.000000,196416.000000,196416.000000,196416.000000,0.000000,10,2.000000,2.000000,2.000000,2.000000,2.000000,0.000000,,,,,,,,10,100.000000,100.000000,100.000000,100.000000,100.000000,0.000000,10,8.821000,7.369400,7.940500,3.540000,8.566300,1.693396
phase1,A_stock,warm,synthetic,hierarchical,50,repeated_nav,UNSUPPORTED,1,0,0,2,,,,,,,,,,,,,,,,,,,,,,,,,,,,,,,,,,,,,,,,,,,,,,,,,,,,,,,,,,,,,,,,,,,,,,,,,,,,,,,,,,,,,,,,,,,,,,,,,,
phase1,A_stock,warm,synthetic,hierarchical,50,start_to_home,UNSUPPORTED,1,0,0,10,,,,,,,,,,,,,,,,,,,,,,,,,,,,,,,,,,,,,,,,,,,,,,,,,,,,,,,,,,,,,,,,,,,,,,,,,,,,,,,,,,,,,,,,,,,,,,,,,,
phase1,B_bookshelf,first_run_cold,startup,hierarchical,2000,home_to_library,PASS,3,3,0,0,,,,,,,,3,1.000000,1.000000,1.000000,1.000000,1.000000,0.000000,,,,,,,,3,1.000000,1.000000,1.000000,1.000000,1.000000,0.000000,3,100.000000,100.000000,100.000000,100.000000,100.000000,0.000000,3,539.356445,487.612956,484.420898,439.061523,528.369336,50.223598,3,9184.830078,9047.426432,9011.464844,8945.984375,9150.157031,123.416953,3,0.000000,0.000000,0.000000,0.000000,0.000000,0.000000,3,1.000000,1.000000,1.000000,1.000000,1.000000,0.000000,3,168016.000000,166330.666667,165568.000000,165408.000000,167526.400000,1461.732306,3,1.000000,1.000000,1.000000,1.000000,1.000000,0.000000,,,,,,,,3,100.000000,100.000000,100.000000,100.000000,100.000000,0.000000,3,15.500000,14.866667,14.721000,14.379000,15.344200,0.574521
phase1,B_bookshelf,first_run_cold,startup,hierarchical,2000,library_first_render,PASS,3,3,0,0,,,,,,,,3,1.000000,1.000000,1.000000,1.000000,1.000000,0.000000,,,,,,,,3,1.000000,1.000000,1.000000,1.000000,1.000000,0.000000,3,100.000000,100.000000,100.000000,100.000000,100.000000,0.000000,3,398.013672,364.643880,350.860352,345.057617,388.583008,29.044366,3,9536.958008,9419.140625,9416.548828,9303.915039,9512.876172,116.543101,3,0.000000,0.000000,0.000000,0.000000,0.000000,0.000000,3,1.000000,1.000000,1.000000,1.000000,1.000000,0.000000,3,176608.000000,174586.666667,173776.000000,173376.000000,176041.600000,1761.914111,3,1.000000,1.000000,1.000000,1.000000,1.000000,0.000000,,,,,,,,3,100.000000,100.000000,100.000000,100.000000,100.000000,0.000000,3,15.486000,13.857333,13.289000,12.797000,15.046600,1.431758
phase1,B_bookshelf,steady_state_cold,startup,hierarchical,2000,home_to_library,PASS,3,3,0,0,,,,,,,,3,1.000000,1.000000,1.000000,1.000000,1.000000,0.000000,,,,,,,,3,1.000000,1.000000,1.000000,1.000000,1.000000,0.000000,3,100.000000,100.000000,100.000000,100.000000,100.000000,0.000000,3,428.142578,406.230794,408.363281,382.186523,424.186719,23.052123,3,8799.926758,8735.238281,8715.621094,8690.166992,8783.065625,57.449344,3,0.000000,0.000000,0.000000,0.000000,0.000000,0.000000,3,1.000000,1.000000,1.000000,1.000000,1.000000,0.000000,3,166192.000000,162666.666667,161040.000000,160768.000000,165161.600000,3056.055846,3,1.000000,1.000000,1.000000,1.000000,1.000000,0.000000,,,,,,,,3,100.000000,100.000000,100.000000,100.000000,100.000000,0.000000,3,13.386000,12.398000,12.347000,11.461000,13.178200,0.963513
phase1,B_bookshelf,steady_state_cold,startup,hierarchical,2000,library_first_render,PASS,3,3,0,0,,,,,,,,3,1.000000,1.000000,1.000000,1.000000,1.000000,0.000000,,,,,,,,3,1.000000,1.000000,1.000000,1.000000,1.000000,0.000000,3,100.000000,100.000000,100.000000,100.000000,100.000000,0.000000,3,406.952148,364.464518,373.824219,312.617188,400.326563,47.858899,3,9180.821289,9106.773112,9129.643555,9009.854492,9170.585742,87.747959,3,0.000000,0.000000,0.000000,0.000000,0.000000,0.000000,3,1.000000,1.000000,1.000000,1.000000,1.000000,0.000000,3,169568.000000,168389.333333,169184.000000,166416.000000,169491.200000,1719.708502,3,1.000000,1.000000,1.000000,1.000000,1.000000,0.000000,,,,,,,,3,100.000000,100.000000,100.000000,100.000000,100.000000,0.000000,3,12.964000,11.478000,10.987000,10.483000,12.568600,1.311355
phase1,B_bookshelf,warm,synthetic,flat,2000,bookshelf_first_render,PASS,1,10,0,0,,,,,,,,10,0.000000,0.000000,0.000000,0.000000,0.000000,0.000000,,,,,,,,10,0.000000,0.000000,0.000000,0.000000,0.000000,0.000000,10,0.000000,0.000000,0.000000,0.000000,0.000000,0.000000,10,550.789062,-593.751855,505.338867,-8608.583008,548.311426,2881.738535,10,31917.215820,25649.312207,24409.695801,23310.015625,31455.486816,3216.666194,10,0.000000,0.000000,0.000000,0.000000,0.000000,0.000000,10,0.000000,0.000000,0.000000,0.000000,0.000000,0.000000,10,286224.000000,286224.000000,286224.000000,286224.000000,286224.000000,0.000000,10,0.000000,0.000000,0.000000,0.000000,0.000000,0.000000,,,,,,,,10,0.000000,0.000000,0.000000,0.000000,0.000000,0.000000,10,25.252000,7.668500,4.298000,3.466000,18.854800,7.592414
phase1,B_bookshelf,warm,synthetic,flat,2000,bookshelf_page_turn,PASS,1,10,0,0,,,,,,,,10,0.000000,0.000000,0.000000,0.000000,0.000000,0.000000,,,,,,,,10,0.000000,0.000000,0.000000,0.000000,0.000000,0.000000,10,0.000000,0.000000,0.000000,0.000000,0.000000,0.000000,10,30.839844,14.811719,12.947266,12.406250,15.845703,5.669774,10,25304.254883,25172.615820,25179.645508,25035.262695,25275.676367,90.938576,10,0.000000,0.000000,0.000000,0.000000,0.000000,0.000000,10,0.000000,0.000000,0.000000,0.000000,0.000000,0.000000,10,286224.000000,286224.000000,286224.000000,286224.000000,286224.000000,0.000000,10,0.000000,0.000000,0.000000,0.000000,0.000000,0.000000,,,,,,,,10,0.000000,0.000000,0.000000,0.000000,0.000000,0.000000,10,0.340000,0.101300,0.068500,0.037000,0.178900,0.091972
phase1,B_bookshelf,warm,synthetic,flat,2000,change_sort_mode,PASS,1,10,0,0,,,,,,,,10,2.000000,2.000000,2.000000,2.000000,2.000000,0.000000,,,,,,,,10,2.000000,2.000000,2.000000,2.000000,2.000000,0.000000,10,100.000000,100.000000,100.000000,100.000000,100.000000,0.000000,10,9551.912109,1877.057617,9043.395508,-18460.423828,9484.611621,12133.254610,10,43121.214844,33617.851758,33589.378418,24344.744141,42879.294141,7557.559902,10,0.000000,0.000000,0.000000,0.000000,0.000000,0.000000,10,2.000000,2.000000,2.000000,2.000000,2.000000,0.000000,10,272864.000000,272864.000000,272864.000000,272864.000000,272864.000000,0.000000,10,2.000000,2.000000,2.000000,2.000000,2.000000,0.000000,,,,,,,,10,100.000000,100.000000,100.000000,100.000000,100.000000,0.000000,10,195.715000,145.933900,132.880000,109.145000,193.477600,34.441415
phase1,B_bookshelf,warm,synthetic,flat,2000,close_book,PASS,1,10,0,0,,,,,,,,10,3.098301,3.098301,3.098301,3.098301,3.098301,0.000000,,,,,,,,10,3.000000,3.000000,3.000000,3.000000,3.000000,0.000000,10,100.000000,100.000000,100.000000,100.000000,100.000000,0.000000,10,5797.063477,4949.642871,5537.250488,-703.722656,5790.873340,1990.173388,10,26065.744141,24992.147461,25468.122559,20347.749023,25909.719824,1673.255720,10,1.000000,1.000000,1.000000,1.000000,1.000000,0.000000,10,4.000000,4.000000,4.000000,4.000000,4.000000,0.000000,10,284432.000000,284368.000000,284368.000000,284304.000000,284432.000000,67.461923,10,4.000000,4.000000,4.000000,4.000000,4.000000,0.000000,,,,,,,,10,100.000000,100.000000,100.000000,100.000000,100.000000,0.000000,10,87.923000,67.626500,64.966500,60.210000,73.520300,7.973316
phase1,B_bookshelf,warm,synthetic,flat,2000,close_bookshelf,PASS,1,10,0,0,,,,,,,,10,1.000000,1.000000,1.000000,1.000000,1.000000,0.000000,,,,,,,,10,1.000000,1.000000,1.000000,1.000000,1.000000,0.000000,10,100.000000,100.000000,100.000000,100.000000,100.000000,0.000000,10,70.704102,38.049902,35.409180,20.080078,47.942187,13.913762,10,31878.690430,28988.088770,28981.358887,26095.169922,31292.349219,1942.400429,10,0.000000,0.000000,0.000000,0.000000,0.000000,0.000000,10,1.000000,1.000000,1.000000,1.000000,1.000000,0.000000,10,286880.000000,286662.400000,286664.000000,286448.000000,286822.400000,139.525545,10,1.000000,1.000000,1.000000,1.000000,1.000000,0.000000,,,,,,,,10,100.000000,100.000000,100.000000,100.000000,100.000000,0.000000,10,9.384000,8.879500,8.910500,8.161000,9.193200,0.335979
phase1,B_bookshelf,warm,synthetic,flat,2000,close_quick_settings,PASS,1,10,0,0,,,,,,,,10,3.000000,3.000000,3.000000,3.000000,3.000000,0.000000,,,,,,,,10,3.000000,3.000000,3.000000,3.000000,3.000000,0.000000,10,100.000000,100.000000,100.000000,100.000000,100.000000,0.000000,10,102.129883,46.364063,46.771973,23.902344,55.253418,21.669361,10,34800.202148,33592.039355,33600.904297,32329.857422,34581.674414,839.397665,10,0.000000,0.000000,0.000000,0.000000,0.000000,0.000000,10,3.000000,3.000000,3.000000,3.000000,3.000000,0.000000,10,286880.000000,286880.000000,286880.000000,286880.000000,286880.000000,0.000000,10,3.000000,3.000000,3.000000,3.000000,3.000000,0.000000,,,,,,,,10,100.000000,100.000000,100.000000,100.000000,100.000000,0.000000,10,9.125000,8.248400,8.238000,7.590000,8.773100,0.471166
phase1,B_bookshelf,warm,synthetic,flat,2000,home_to_library,PASS,1,10,0,0,,,,,,,,10,14.000000,7.400000,6.000000,2.000000,13.100000,4.452215,,,,,,,,10,14.000000,7.400000,6.000000,2.000000,13.100000,4.452215,10,100.000000,100.000000,100.000000,100.000000,100.000000,0.000000,10,6795.712891,1954.094629,5217.820312,-29981.302734,6430.341016,11239.587642,10,68899.756836,53087.601465,52743.392090,39184.785156,64302.674609,8940.027005,10,0.000000,0.000000,0.000000,0.000000,0.000000,0.000000,10,14.000000,7.400000,6.000000,2.000000,13.100000,4.452215,10,259216.000000,243057.600000,245704.000000,222304.000000,258294.400000,14821.093341,10,14.000000,7.400000,6.000000,2.000000,13.100000,4.452215,,,,,,,,10,100.000000,100.000000,100.000000,100.000000,100.000000,0.000000,10,203.429000,127.812700,115.151000,101.737000,153.743600,31.130068
phase1,B_bookshelf,warm,synthetic,flat,2000,library_first_render,PASS,1,10,0,0,,,,,,,,10,7.000000,2.800000,3.000000,1.000000,4.300000,1.813529,,,,,,,,10,7.000000,2.800000,3.000000,1.000000,4.300000,1.813529,10,100.000000,100.000000,100.000000,100.000000,100.000000,0.000000,10,5967.107422,2725.061133,5548.621582,-23228.262695,5919.234277,9122.528183,10,65093.321289,53623.192969,53703.873047,41870.261719,64459.632520,8272.256185,10,0.000000,0.000000,0.000000,0.000000,0.000000,0.000000,10,7.000000,2.800000,3.000000,1.000000,4.300000,1.813529,10,272480.000000,269318.400000,269488.000000,267936.000000,269787.200000,1328.807251,10,7.000000,2.800000,3.000000,1.000000,4.300000,1.813529,,,,,,,,10,100.000000,100.000000,100.000000,100.000000,100.000000,0.000000,10,204.254000,106.295000,94.049500,72.341000,131.476400,38.607347
phase1,B_bookshelf,warm,synthetic,flat,2000,library_folder_back,PASS,1,10,0,0,,,,,,,,10,1.098301,1.098301,1.098301,1.098301,1.098301,0.000000,,,,,,,,10,1.000000,1.000000,1.000000,1.000000,1.000000,0.000000,10,100.000000,100.000000,100.000000,100.000000,100.000000,0.000000,10,5502.664062,38.796484,5188.084473,-11081.166992,5466.045313,7031.629307,10,35441.105469,28874.413281,29985.538086,24439.369141,35363.666797,4331.011943,10,1.000000,1.000000,1.000000,1.000000,1.000000,0.000000,10,2.000000,2.000000,2.000000,2.000000,2.000000,0.000000,10,272864.000000,272852.800000,272848.000000,272848.000000,272864.000000,7.728734,10,2.000000,2.000000,2.000000,2.000000,2.000000,0.000000,,,,,,,,10,100.000000,100.000000,100.000000,100.000000,100.000000,0.000000,10,108.025000,81.661800,68.347000,62.487000,106.815400,20.540400
phase1,B_bookshelf,warm,synthetic,flat,2000,library_folder_enter,PASS,1,10,0,0,,,,,,,,10,1.098301,1.098301,1.098301,1.098301,1.098301,0.000000,,,,,,,,10,1.000000,1.000000,1.000000,1.000000,1.000000,0.000000,10,100.000000,100.000000,100.000000,100.000000,100.000000,0.000000,10,161.801758,-2196.425195,142.816895,-12545.299805,158.723828,4964.808230,10,40713.917969,28862.847070,29055.854004,22587.279297,35952.241211,5820.506148,10,1.000000,1.000000,1.000000,1.000000,1.000000,0.000000,10,2.000000,2.000000,2.000000,2.000000,2.000000,0.000000,10,272848.000000,272824.000000,272840.000000,272768.000000,272848.000000,29.454296,10,2.000000,2.000000,2.000000,2.000000,2.000000,0.000000,,,,,,,,10,100.000000,100.000000,100.000000,100.000000,100.000000,0.000000,10,48.938000,16.396000,9.109500,7.421000,45.526100,16.187179
phase1,B_bookshelf,warm,synthetic,flat,2000,library_next_page,PASS,1,10,0,0,,,,,,,,10,1.000000,1.000000,1.000000,1.000000,1.000000,0.000000,,,,,,,,10,1.000000,1.000000,1.000000,1.000000,1.000000,0.000000,10,100.000000,100.000000,100.000000,100.000000,100.000000,0.000000,10,1126.266602,-1254.250781,1039.052246,-13991.974609,1112.008984,4828.872139,10,39926.247070,30889.165820,28253.353027,26205.724609,38731.160449,5523.085674,10,0.000000,0.000000,0.000000,0.000000,0.000000,0.000000,10,1.000000,1.000000,1.000000,1.000000,1.000000,0.000000,10,272704.000000,272704.000000,272704.000000,272704.000000,272704.000000,0.000000,10,1.000000,1.000000,1.000000,1.000000,1.000000,0.000000,,,,,,,,10,100.000000,100.000000,100.000000,100.000000,100.000000,0.000000,10,69.401000,35.716400,29.321500,17.089000,61.129100,18.817634
phase1,B_bookshelf,warm,synthetic,flat,2000,library_prev_page,PASS,1,10,0,0,,,,,,,,10,1.000000,1.000000,1.000000,1.000000,1.000000,0.000000,,,,,,,,10,1.000000,1.000000,1.000000,1.000000,1.000000,0.000000,10,100.000000,100.000000,100.000000,100.000000,100.000000,0.000000,10,1137.046875,-507.909668,1089.254883,-6344.672852,1117.950000,2766.747720,10,31697.336914,28105.278906,27980.227539,26178.185547,30117.033594,1813.577155,10,0.000000,0.000000,0.000000,0.000000,0.000000,0.000000,10,1.000000,1.000000,1.000000,1.000000,1.000000,0.000000,10,272704.000000,272704.000000,272704.000000,272704.000000,272704.000000,0.000000,10,1.000000,1.000000,1.000000,1.000000,1.000000,0.000000,,,,,,,,10,100.000000,100.000000,100.000000,100.000000,100.000000,0.000000,10,89.922000,50.768400,37.204000,32.637000,86.091600,24.840893
phase1,B_bookshelf,warm,synthetic,flat,2000,open_book,PASS,1,10,0,0,,,,,,,,10,9.000000,9.000000,9.000000,9.000000,9.000000,0.000000,,,,,,,,10,9.000000,9.000000,9.000000,9.000000,9.000000,0.000000,10,100.000000,100.000000,100.000000,100.000000,100.000000,0.000000,10,-1700.352539,-4799.423633,-5284.921875,-6657.572266,-2482.242480,1482.109044,10,21216.286133,18260.685938,17994.786133,17485.401367,18750.878516,1086.428607,10,0.000000,0.000000,0.000000,0.000000,0.000000,0.000000,10,9.000000,9.000000,9.000000,9.000000,9.000000,0.000000,10,284304.000000,284124.800000,284080.000000,284080.000000,284304.000000,94.446693,10,9.000000,9.000000,9.000000,9.000000,9.000000,0.000000,,,,,,,,10,100.000000,100.000000,100.000000,100.000000,100.000000,0.000000,10,95.994000,84.107700,85.497500,62.220000,88.938000,8.627840
phase1,B_bookshelf,warm,synthetic,flat,2000,open_book_minimal,PASS,1,10,0,0,,,,,,,,10,0.000000,0.000000,0.000000,0.000000,0.000000,0.000000,,,,,,,,10,0.000000,0.000000,0.000000,0.000000,0.000000,0.000000,10,0.000000,0.000000,0.000000,0.000000,0.000000,0.000000,10,1276.108398,-5090.432910,-5557.965820,-8591.043945,1135.690820,3832.859262,10,28849.465820,27103.025781,26523.288086,26007.381836,28823.302539,1255.995334,10,0.000000,0.000000,0.000000,0.000000,0.000000,0.000000,10,0.000000,0.000000,0.000000,0.000000,0.000000,0.000000,10,283376.000000,282963.200000,282880.000000,282736.000000,283376.000000,229.122384,10,0.000000,0.000000,0.000000,0.000000,0.000000,0.000000,,,,,,,,10,0.000000,0.000000,0.000000,0.000000,0.000000,0.000000,10,138.802000,113.720800,119.070500,79.024000,125.664700,18.800186
phase1,B_bookshelf,warm,synthetic,flat,2000,open_bookshelf,PASS,1,10,0,0,,,,,,,,10,1.000000,1.000000,1.000000,1.000000,1.000000,0.000000,,,,,,,,10,1.000000,1.000000,1.000000,1.000000,1.000000,0.000000,10,100.000000,100.000000,100.000000,100.000000,100.000000,0.000000,10,840.338867,706.319043,683.408203,629.351562,784.223340,65.266393,10,30361.457031,26943.521387,26872.301758,23588.400391,29727.523926,2273.551312,10,0.000000,0.000000,0.000000,0.000000,0.000000,0.000000,10,1.000000,1.000000,1.000000,1.000000,1.000000,0.000000,10,286224.000000,286078.400000,286192.000000,285680.000000,286224.000000,199.048403,10,1.000000,1.000000,1.000000,1.000000,1.000000,0.000000,,,,,,,,10,100.000000,100.000000,100.000000,100.000000,100.000000,0.000000,10,17.816000,11.368500,10.017000,9.034000,14.793800,2.819905
phase1,B_bookshelf,warm,synthetic,flat,2000,open_quick_settings,PASS,1,10,0,0,,,,,,,,10,12.000000,3.000000,2.000000,2.000000,3.000000,3.162278,,,,,,,,10,12.000000,3.000000,2.000000,2.000000,3.000000,3.162278,10,100.000000,100.000000,100.000000,100.000000,100.000000,0.000000,10,1006.677734,328.859863,260.508789,221.343750,349.107324,238.753287,10,31484.926758,29690.302148,29404.026367,27957.612305,31233.535840,1268.468199,10,0.000000,0.000000,0.000000,0.000000,0.000000,0.000000,10,12.000000,3.000000,2.000000,2.000000,3.000000,3.162278,10,286880.000000,286880.000000,286880.000000,286880.000000,286880.000000,0.000000,10,12.000000,3.000000,2.000000,2.000000,3.000000,3.162278,,,,,,,,10,100.000000,100.000000,100.000000,100.000000,100.000000,0.000000,10,97.829000,17.278100,8.417500,7.585000,17.767700,28.304593
phase1,B_bookshelf,warm,synthetic,flat,2000,repeated_nav,PASS,1,2,0,0,,,,,,,,2,10.000000,10.000000,10.000000,10.000000,10.000000,0.000000,,,,,,,,2,10.000000,10.000000,10.000000,10.000000,10.000000,0.000000,2,100.000000,100.000000,100.000000,100.000000,100.000000,0.000000,2,1521.261719,-6896.854980,-6896.854980,-15314.971680,-162.361621,11905.014806,2,26901.006836,26134.780273,26134.780273,25368.553711,26747.761523,1083.607997,2,0.000000,0.000000,0.000000,0.000000,0.000000,0.000000,2,10.000000,10.000000,10.000000,10.000000,10.000000,0.000000,2,288832.000000,288824.000000,288824.000000,288816.000000,288830.400000,11.313708,2,10.000000,10.000000,10.000000,10.000000,10.000000,0.000000,,,,,,,,2,100.000000,100.000000,100.000000,100.000000,100.000000,0.000000,2,234.501000,231.732000,231.732000,228.963000,233.947200,3.915957
phase1,B_bookshelf,warm,synthetic,flat,2000,start_to_home,UNSUPPORTED,1,0,0,10,,,,,,,,,,,,,,,,,,,,,,,,,,,,,,,,,,,,,,,,,,,,,,,,,,,,,,,,,,,,,,,,,,,,,,,,,,,,,,,,,,,,,,,,,,,,,,,,,,
phase1,B_bookshelf,warm,synthetic,flat,50,bookshelf_first_render,PASS,1,10,0,0,,,,,,,,10,0.000000,0.000000,0.000000,0.000000,0.000000,0.000000,,,,,,,,10,0.000000,0.000000,0.000000,0.000000,0.000000,0.000000,10,0.000000,0.000000,0.000000,0.000000,0.000000,0.000000,10,645.271484,-568.561133,583.850098,-8743.512695,633.462500,2965.620454,10,27252.715820,20958.894238,19770.367676,18510.585938,26699.111230,3221.191085,10,0.000000,0.000000,0.000000,0.000000,0.000000,0.000000,10,0.000000,0.000000,0.000000,0.000000,0.000000,0.000000,10,258864.000000,258864.000000,258864.000000,258864.000000,258864.000000,0.000000,10,0.000000,0.000000,0.000000,0.000000,0.000000,0.000000,,,,,,,,10,0.000000,0.000000,0.000000,0.000000,0.000000,0.000000,10,23.327000,7.200300,4.165500,3.640000,16.300700,6.711098
phase1,B_bookshelf,warm,synthetic,flat,50,bookshelf_page_turn,PASS,1,10,0,0,,,,,,,,10,0.000000,0.000000,0.000000,0.000000,0.000000,0.000000,,,,,,,,10,0.000000,0.000000,0.000000,0.000000,0.000000,0.000000,10,0.000000,0.000000,0.000000,0.000000,0.000000,0.000000,10,26.031250,16.612109,15.228516,13.324219,19.376172,3.609752,10,20757.408203,20600.980078,20602.080078,20452.212891,20719.671484,102.227567,10,0.000000,0.000000,0.000000,0.000000,0.000000,0.000000,10,0.000000,0.000000,0.000000,0.000000,0.000000,0.000000,10,258864.000000,258864.000000,258864.000000,258864.000000,258864.000000,0.000000,10,0.000000,0.000000,0.000000,0.000000,0.000000,0.000000,,,,,,,,10,0.000000,0.000000,0.000000,0.000000,0.000000,0.000000,10,0.249000,0.127000,0.114000,0.034000,0.207600,0.069333
phase1,B_bookshelf,warm,synthetic,flat,50,change_sort_mode,PASS,1,10,0,0,,,,,,,,10,2.000000,2.000000,2.000000,2.000000,2.000000,0.000000,,,,,,,,10,2.000000,2.000000,2.000000,2.000000,2.000000,0.000000,10,100.000000,100.000000,100.000000,100.000000,100.000000,0.000000,10,2988.444336,284.883203,1146.795898,-4032.444336,2721.694531,2412.463155,10,16154.464844,13616.164746,13229.295898,11898.076172,15949.750879,1674.163491,10,0.000000,0.000000,0.000000,0.000000,0.000000,0.000000,10,2.000000,2.000000,2.000000,2.000000,2.000000,0.000000,10,246368.000000,246368.000000,246368.000000,246368.000000,246368.000000,0.000000,10,2.000000,2.000000,2.000000,2.000000,2.000000,0.000000,,,,,,,,10,100.000000,100.000000,100.000000,100.000000,100.000000,0.000000,10,70.170000,51.553600,51.444500,36.608000,65.880600,11.166868
phase1,B_bookshelf,warm,synthetic,flat,50,close_book,PASS,1,10,0,0,,,,,,,,10,3.098301,3.098301,3.098301,3.098301,3.098301,0.000000,,,,,,,,10,3.000000,3.000000,3.000000,3.000000,3.000000,0.000000,10,100.000000,100.000000,100.000000,100.000000,100.000000,0.000000,10,2882.929688,2215.423438,2289.023438,1648.505859,2647.518164,447.090441,10,17211.862305,16315.331543,16383.402832,15270.874023,16962.422559,568.944880,10,1.000000,1.000000,1.000000,1.000000,1.000000,0.000000,10,4.000000,4.000000,4.000000,4.000000,4.000000,0.000000,10,257008.000000,257001.600000,257008.000000,256944.000000,257008.000000,20.238577,10,4.000000,4.000000,4.000000,4.000000,4.000000,0.000000,,,,,,,,10,100.000000,100.000000,100.000000,100.000000,100.000000,0.000000,10,41.042000,32.220600,31.729500,26.654000,36.386300,4.458232
phase1,B_bookshelf,warm,synthetic,flat,50,close_bookshelf,PASS,1,10,0,0,,,,,,,,10,1.000000,1.000000,1.000000,1.000000,1.000000,0.000000,,,,,,,,10,1.000000,1.000000,1.000000,1.000000,1.000000,0.000000,10,100.000000,100.000000,100.000000,100.000000,100.000000,0.000000,10,156.514648,49.461426,30.604980,20.295898,91.929102,42.404448,10,24740.347656,22870.110645,22945.577637,20594.651367,24474.897754,1343.984457,10,0.000000,0.000000,0.000000,0.000000,0.000000,0.000000,10,1.000000,1.000000,1.000000,1.000000,1.000000,0.000000,10,258864.000000,258864.000000,258864.000000,258864.000000,258864.000000,0.000000,10,1.000000,1.000000,1.000000,1.000000,1.000000,0.000000,,,,,,,,10,100.000000,100.000000,100.000000,100.000000,100.000000,0.000000,10,9.296000,8.759500,8.738500,8.134000,9.192500,0.358639
phase1,B_bookshelf,warm,synthetic,flat,50,close_quick_settings,PASS,1,10,0,0,,,,,,,,10,3.000000,3.000000,3.000000,3.000000,3.000000,0.000000,,,,,,,,10,3.000000,3.000000,3.000000,3.000000,3.000000,0.000000,10,100.000000,100.000000,100.000000,100.000000,100.000000,0.000000,10,175.378906,67.644336,55.345215,34.220703,88.077148,40.294845,10,32934.983398,31466.134180,31450.677734,30093.106445,32520.009570,920.520148,10,0.000000,0.000000,0.000000,0.000000,0.000000,0.000000,10,3.000000,3.000000,3.000000,3.000000,3.000000,0.000000,10,258864.000000,258864.000000,258864.000000,258864.000000,258864.000000,0.000000,10,3.000000,3.000000,3.000000,3.000000,3.000000,0.000000,,,,,,,,10,100.000000,100.000000,100.000000,100.000000,100.000000,0.000000,10,11.888000,8.757400,8.537000,7.471000,9.310400,1.196687
phase1,B_bookshelf,warm,synthetic,flat,50,home_to_library,PASS,1,10,0,0,,,,,,,,10,1.000000,1.000000,1.000000,1.000000,1.000000,0.000000,,,,,,,,10,1.000000,1.000000,1.000000,1.000000,1.000000,0.000000,10,100.000000,100.000000,100.000000,100.000000,100.000000,0.000000,10,1210.006836,309.053711,1038.111816,-2015.790039,1192.068359,1285.736564,10,21853.982422,18565.923340,18497.923828,15451.215820,20855.037793,1973.397324,10,0.000000,0.000000,0.000000,0.000000,0.000000,0.000000,10,1.000000,1.000000,1.000000,1.000000,1.000000,0.000000,10,201840.000000,194980.800000,194208.000000,190512.000000,199896.000000,3769.124060,10,1.000000,1.000000,1.000000,1.000000,1.000000,0.000000,,,,,,,,10,100.000000,100.000000,100.000000,100.000000,100.000000,0.000000,10,67.200000,40.435400,35.115000,27.866000,57.125400,13.056259
phase1,B_bookshelf,warm,synthetic,flat,50,library_first_render,PASS,1,10,0,0,,,,,,,,10,14.000000,7.200000,6.500000,1.000000,10.400000,3.425395,,,,,,,,10,14.000000,7.200000,6.500000,1.000000,10.400000,3.425395,10,100.000000,100.000000,100.000000,100.000000,100.000000,0.000000,10,3015.624023,1172.378711,2074.370605,-4100.512695,2504.838867,2221.885576,10,34004.829102,27530.924512,27229.658203,21930.954102,32215.312695,3814.200371,10,0.000000,0.000000,0.000000,0.000000,0.000000,0.000000,10,14.000000,7.200000,6.500000,1.000000,10.400000,3.425395,10,218720.000000,210224.000000,209528.000000,204448.000000,216228.800000,4735.026927,10,14.000000,7.200000,6.500000,1.000000,10.400000,3.425395,,,,,,,,10,100.000000,100.000000,100.000000,100.000000,100.000000,0.000000,10,120.315000,74.744700,69.962000,38.072000,108.740100,25.849061
phase1,B_bookshelf,warm,synthetic,flat,50,library_folder_back,PASS,1,10,0,0,,,,,,,,10,5.098301,1.898301,1.098301,1.098301,5.098301,1.686548,,,,,,,,10,5.000000,1.800000,1.000000,1.000000,5.000000,1.686548,10,100.000000,100.000000,100.000000,100.000000,100.000000,0.000000,10,1716.316406,-2109.091504,1651.651855,-18196.482422,1715.909473,6473.175001,10,19716.404297,16121.816211,15969.390137,12160.646484,18966.727148,2357.181243,10,1.000000,1.000000,1.000000,1.000000,1.000000,0.000000,10,6.000000,2.800000,2.000000,2.000000,6.000000,1.686548,10,246368.000000,246368.000000,246368.000000,246368.000000,246368.000000,0.000000,10,6.000000,2.800000,2.000000,2.000000,6.000000,1.686548,,,,,,,,10,100.000000,100.000000,100.000000,100.000000,100.000000,0.000000,10,63.211000,36.014200,27.367500,22.643000,52.909600,14.396043
phase1,B_bookshelf,warm,synthetic,flat,50,library_folder_enter,PASS,1,10,0,0,,,,,,,,10,10.098301,3.798301,1.098301,1.098301,10.098301,3.860052,,,,,,,,10,10.000000,3.700000,1.000000,1.000000,10.000000,3.860052,10,100.000000,100.000000,100.000000,100.000000,100.000000,0.000000,10,713.113281,-1611.485938,138.083008,-11276.605469,457.728613,4059.251501,10,36766.486328,30247.255859,30882.815430,23239.546875,33170.696289,3718.836863,10,1.000000,1.000000,1.000000,1.000000,1.000000,0.000000,10,11.000000,4.700000,2.000000,2.000000,11.000000,3.860052,10,246368.000000,245254.400000,245488.000000,243600.000000,246368.000000,1131.451300,10,11.000000,4.700000,2.000000,2.000000,11.000000,3.860052,,,,,,,,10,100.000000,100.000000,100.000000,100.000000,100.000000,0.000000,10,78.353000,24.971200,9.904500,7.392000,73.897100,28.030581
phase1,B_bookshelf,warm,synthetic,flat,50,library_next_page,PASS,1,10,0,0,,,,,,,,10,4.000000,1.300000,1.000000,1.000000,1.300000,0.948683,,,,,,,,10,4.000000,1.300000,1.000000,1.000000,1.300000,0.948683,10,100.000000,100.000000,100.000000,100.000000,100.000000,0.000000,10,1671.800781,-252.689844,544.948730,-7061.510742,700.720996,2476.787615,10,34109.453125,29073.035645,27983.848633,27167.412109,33419.439648,2534.615840,10,0.000000,0.000000,0.000000,0.000000,0.000000,0.000000,10,4.000000,1.300000,1.000000,1.000000,1.300000,0.948683,10,229088.000000,228835.200000,229088.000000,227856.000000,229088.000000,516.249036,10,4.000000,1.300000,1.000000,1.000000,1.300000,0.948683,,,,,,,,10,100.000000,100.000000,100.000000,100.000000,100.000000,0.000000,10,63.425000,33.050400,22.027500,17.366000,61.396400,19.979187
phase1,B_bookshelf,warm,synthetic,flat,50,library_prev_page,PASS,1,10,0,0,,,,,,,,10,10.000000,3.400000,1.000000,1.000000,10.000000,3.717825,,,,,,,,10,10.000000,3.400000,1.000000,1.000000,10.000000,3.717825,10,100.000000,100.000000,100.000000,100.000000,100.000000,0.000000,10,3012.629883,169.626172,876.182129,-3198.485352,3002.782617,2302.297887,10,37174.000977,29962.104785,28770.846191,27217.173828,34058.253711,3456.904266,10,0.000000,0.000000,0.000000,0.000000,0.000000,0.000000,10,10.000000,3.400000,1.000000,1.000000,10.000000,3.717825,10,229328.000000,229300.800000,229328.000000,229104.000000,229328.000000,70.774760,10,10.000000,3.400000,1.000000,1.000000,10.000000,3.717825,,,,,,,,10,100.000000,100.000000,100.000000,100.000000,100.000000,0.000000,10,69.964000,53.494100,64.017000,27.433000,68.708500,17.757632
phase1,B_bookshelf,warm,synthetic,flat,50,open_book,PASS,1,10,0,0,,,,,,,,10,9.000000,9.000000,9.000000,9.000000,9.000000,0.000000,,,,,,,,10,9.000000,9.000000,9.000000,9.000000,9.000000,0.000000,10,100.000000,100.000000,100.000000,100.000000,100.000000,0.000000,10,95.729492,-2109.343164,-2252.650391,-4245.462891,-10.754395,1517.997357,10,14952.158203,13576.755273,13436.223633,12095.627930,14790.076465,1081.462119,10,0.000000,0.000000,0.000000,0.000000,0.000000,0.000000,10,9.000000,9.000000,9.000000,9.000000,9.000000,0.000000,10,256944.000000,256944.000000,256944.000000,256944.000000,256944.000000,0.000000,10,9.000000,9.000000,9.000000,9.000000,9.000000,0.000000,,,,,,,,10,100.000000,100.000000,100.000000,100.000000,100.000000,0.000000,10,72.431000,63.427500,63.070500,55.876000,68.232500,4.512429
phase1,B_bookshelf,warm,synthetic,flat,50,open_book_minimal,PASS,1,10,0,0,,,,,,,,10,0.000000,0.000000,0.000000,0.000000,0.000000,0.000000,,,,,,,,10,0.000000,0.000000,0.000000,0.000000,0.000000,0.000000,10,0.000000,0.000000,0.000000,0.000000,0.000000,0.000000,10,1094.643555,-1438.261621,-1923.003906,-3953.743164,1014.351074,1903.914253,10,16088.867188,15016.482422,14983.897461,13662.569336,16002.933887,883.153949,10,0.000000,0.000000,0.000000,0.000000,0.000000,0.000000,10,0.000000,0.000000,0.000000,0.000000,0.000000,0.000000,10,256784.000000,256643.200000,256784.000000,256080.000000,256784.000000,296.832463,10,0.000000,0.000000,0.000000,0.000000,0.000000,0.000000,,,,,,,,10,0.000000,0.000000,0.000000,0.000000,0.000000,0.000000,10,82.037000,62.655200,63.636000,46.342000,71.890400,10.996248
phase1,B_bookshelf,warm,synthetic,flat,50,open_bookshelf,PASS,1,10,0,0,,,,,,,,10,1.000000,1.000000,1.000000,1.000000,1.000000,0.000000,,,,,,,,10,1.000000,1.000000,1.000000,1.000000,1.000000,0.000000,10,100.000000,100.000000,100.000000,100.000000,100.000000,0.000000,10,1010.049805,791.986719,774.960938,707.093750,866.712500,92.083296,10,25437.060547,21865.371680,21987.720215,18006.549805,24744.565918,2483.887055,10,0.000000,0.000000,0.000000,0.000000,0.000000,0.000000,10,1.000000,1.000000,1.000000,1.000000,1.000000,0.000000,10,258832.000000,258484.800000,258592.000000,257760.000000,258774.400000,335.877226,10,1.000000,1.000000,1.000000,1.000000,1.000000,0.000000,,,,,,,,10,100.000000,100.000000,100.000000,100.000000,100.000000,0.000000,10,13.630000,10.773200,11.100500,8.627000,12.147700,1.596313
phase1,B_bookshelf,warm,synthetic,flat,50,open_quick_settings,PASS,1,10,0,0,,,,,,,,10,2.000000,2.000000,2.000000,2.000000,2.000000,0.000000,,,,,,,,10,2.000000,2.000000,2.000000,2.000000,2.000000,0.000000,10,100.000000,100.000000,100.000000,100.000000,100.000000,0.000000,10,257.747070,237.845898,234.485840,216.181641,252.449023,13.452690,10,28806.719727,27614.257324,27613.837891,26425.907227,28574.893262,797.783685,10,0.000000,0.000000,0.000000,0.000000,0.000000,0.000000,10,2.000000,2.000000,2.000000,2.000000,2.000000,0.000000,10,258864.000000,258864.000000,258864.000000,258864.000000,258864.000000,0.000000,10,2.000000,2.000000,2.000000,2.000000,2.000000,0.000000,,,,,,,,10,100.000000,100.000000,100.000000,100.000000,100.000000,0.000000,10,9.136000,8.236000,8.187500,7.356000,9.055000,0.626471
phase1,B_bookshelf,warm,synthetic,flat,50,repeated_nav,PASS,1,2,0,0,,,,,,,,2,10.000000,10.000000,10.000000,10.000000,10.000000,0.000000,,,,,,,,2,10.000000,10.000000,10.000000,10.000000,10.000000,0.000000,2,100.000000,100.000000,100.000000,100.000000,100.000000,0.000000,2,32.504883,-12056.631836,-12056.631836,-24145.768555,-2385.322461,17096.621105,2,19161.292969,19138.548340,19138.548340,19115.803711,19156.744043,32.165763,2,0.000000,0.000000,0.000000,0.000000,0.000000,0.000000,2,10.000000,10.000000,10.000000,10.000000,10.000000,0.000000,2,260224.000000,260216.000000,260216.000000,260208.000000,260222.400000,11.313708,2,10.000000,10.000000,10.000000,10.000000,10.000000,0.000000,,,,,,,,2,100.000000,100.000000,100.000000,100.000000,100.000000,0.000000,2,242.743000,239.224000,239.224000,235.705000,242.039200,4.976618
phase1,B_bookshelf,warm,synthetic,flat,50,start_to_home,UNSUPPORTED,1,0,0,10,,,,,,,,,,,,,,,,,,,,,,,,,,,,,,,,,,,,,,,,,,,,,,,,,,,,,,,,,,,,,,,,,,,,,,,,,,,,,,,,,,,,,,,,,,,,,,,,,,
phase1,B_bookshelf,warm,synthetic,hierarchical,2000,bookshelf_first_render,PASS,1,10,0,0,,,,,,,,10,0.000000,0.000000,0.000000,0.000000,0.000000,0.000000,,,,,,,,10,0.000000,0.000000,0.000000,0.000000,0.000000,0.000000,10,0.000000,0.000000,0.000000,0.000000,0.000000,0.000000,10,514.634766,-604.689551,451.484375,-8420.226562,511.773047,2805.466570,10,24660.242188,18487.423633,17245.460938,16241.375000,24252.167773,3174.749743,10,0.000000,0.000000,0.000000,0.000000,0.000000,0.000000,10,0.000000,0.000000,0.000000,0.000000,0.000000,0.000000,10,218128.000000,218128.000000,218128.000000,218128.000000,218128.000000,0.000000,10,0.000000,0.000000,0.000000,0.000000,0.000000,0.000000,,,,,,,,10,0.000000,0.000000,0.000000,0.000000,0.000000,0.000000,10,19.235000,6.187000,3.592000,2.923000,15.385700,5.846393
phase1,B_bookshelf,warm,synthetic,hierarchical,2000,bookshelf_page_turn,PASS,1,10,0,0,,,,,,,,10,0.000000,0.000000,0.000000,0.000000,0.000000,0.000000,,,,,,,,10,0.000000,0.000000,0.000000,0.000000,0.000000,0.000000,10,0.000000,0.000000,0.000000,0.000000,0.000000,0.000000,10,23.664062,14.281641,12.337891,12.148438,18.158594,3.783546,10,18039.705078,17919.634375,17920.863281,17793.923828,18016.403516,82.308864,10,0.000000,0.000000,0.000000,0.000000,0.000000,0.000000,10,0.000000,0.000000,0.000000,0.000000,0.000000,0.000000,10,218128.000000,218128.000000,218128.000000,218128.000000,218128.000000,0.000000,10,0.000000,0.000000,0.000000,0.000000,0.000000,0.000000,,,,,,,,10,0.000000,0.000000,0.000000,0.000000,0.000000,0.000000,10,0.321000,0.101200,0.061500,0.044000,0.192300,0.088686
phase1,B_bookshelf,warm,synthetic,hierarchical,2000,change_sort_mode,PASS,1,10,0,0,,,,,,,,10,2.000000,2.000000,2.000000,2.000000,2.000000,0.000000,,,,,,,,10,2.000000,2.000000,2.000000,2.000000,2.000000,0.000000,10,100.000000,100.000000,100.000000,100.000000,100.000000,0.000000,10,315.068359,117.699512,286.401855,-1397.742188,305.075195,532.819489,10,10252.489258,9549.949121,9550.857910,8858.262695,10024.095801,445.274672,10,0.000000,0.000000,0.000000,0.000000,0.000000,0.000000,10,2.000000,2.000000,2.000000,2.000000,2.000000,0.000000,10,181792.000000,181792.000000,181792.000000,181792.000000,181792.000000,0.000000,10,2.000000,2.000000,2.000000,2.000000,2.000000,0.000000,,,,,,,,10,100.000000,100.000000,100.000000,100.000000,100.000000,0.000000,10,22.742000,12.281500,10.851000,9.373000,14.148800,3.876733
phase1,B_bookshelf,warm,synthetic,hierarchical,2000,close_book,PASS,1,10,0,0,,,,,,,,10,3.098301,3.098301,3.098301,3.098301,3.098301,0.000000,,,,,,,,10,3.000000,3.000000,3.000000,3.000000,3.000000,0.000000,10,100.000000,100.000000,100.000000,100.000000,100.000000,0.000000,10,1957.657227,1631.587402,1596.875000,1479.075195,1813.534180,153.439875,10,15378.305664,14505.424512,14513.697754,13920.592773,14979.175879,443.939142,10,1.000000,1.000000,1.000000,1.000000,1.000000,0.000000,10,4.000000,4.000000,4.000000,4.000000,4.000000,0.000000,10,199840.000000,199627.200000,199536.000000,199536.000000,199840.000000,146.845951,10,4.000000,4.000000,4.000000,4.000000,4.000000,0.000000,,,,,,,,10,100.000000,100.000000,100.000000,100.000000,100.000000,0.000000,10,35.307000,28.243400,26.766500,24.539000,33.877800,3.810244
phase1,B_bookshelf,warm,synthetic,hierarchical,2000,close_bookshelf,PASS,1,10,0,0,,,,,,,,10,1.000000,1.000000,1.000000,1.000000,1.000000,0.000000,,,,,,,,10,1.000000,1.000000,1.000000,1.000000,1.000000,0.000000,10,100.000000,100.000000,100.000000,100.000000,100.000000,0.000000,10,35.661133,25.584863,24.981445,11.120117,34.780469,8.533423,10,21819.731445,20068.596387,20016.378906,18715.292969,21268.439258,1016.281010,10,0.000000,0.000000,0.000000,0.000000,0.000000,0.000000,10,1.000000,1.000000,1.000000,1.000000,1.000000,0.000000,10,218656.000000,218476.800000,218472.000000,218304.000000,218598.400000,113.086791,10,1.000000,1.000000,1.000000,1.000000,1.000000,0.000000,,,,,,,,10,100.000000,100.000000,100.000000,100.000000,100.000000,0.000000,10,9.140000,8.721400,8.737000,8.340000,8.942000,0.237827
phase1,B_bookshelf,warm,synthetic,hierarchical,2000,close_quick_settings,PASS,1,10,0,0,,,,,,,,10,7.000000,3.400000,3.000000,3.000000,3.400000,1.264911,,,,,,,,10,7.000000,3.400000,3.000000,3.000000,3.400000,1.264911,10,100.000000,100.000000,100.000000,100.000000,100.000000,0.000000,10,560.602539,102.805859,54.549316,22.234375,120.069238,161.479626,10,29459.465820,28053.563574,28168.747070,26340.442383,29188.862891,1035.263693,10,0.000000,0.000000,0.000000,0.000000,0.000000,0.000000,10,7.000000,3.400000,3.000000,3.000000,3.400000,1.264911,10,218656.000000,218656.000000,218656.000000,218656.000000,218656.000000,0.000000,10,7.000000,3.400000,3.000000,3.000000,3.400000,1.264911,,,,,,,,10,100.000000,100.000000,100.000000,100.000000,100.000000,0.000000,10,54.713000,13.091300,8.505000,8.003000,13.797200,14.629464
phase1,B_bookshelf,warm,synthetic,hierarchical,2000,home_to_library,PASS,1,10,0,0,,,,,,,,10,1.000000,1.000000,1.000000,1.000000,1.000000,0.000000,,,,,,,,10,1.000000,1.000000,1.000000,1.000000,1.000000,0.000000,10,100.000000,100.000000,100.000000,100.000000,100.000000,0.000000,10,396.583008,-505.139063,332.047852,-6768.698242,385.448145,2245.989607,10,15137.117188,11625.707910,11599.664551,8371.653320,14835.155762,2994.726469,10,0.000000,0.000000,0.000000,0.000000,0.000000,0.000000,10,1.000000,1.000000,1.000000,1.000000,1.000000,0.000000,10,180960.000000,179560.000000,179880.000000,177312.000000,180844.800000,1329.300568,10,1.000000,1.000000,1.000000,1.000000,1.000000,0.000000,,,,,,,,10,100.000000,100.000000,100.000000,100.000000,100.000000,0.000000,10,25.200000,15.132200,13.355000,11.287000,23.213700,4.829333
phase1,B_bookshelf,warm,synthetic,hierarchical,2000,library_first_render,PASS,1,10,0,0,,,,,,,,10,1.000000,1.000000,1.000000,1.000000,1.000000,0.000000,,,,,,,,10,1.000000,1.000000,1.000000,1.000000,1.000000,0.000000,10,100.000000,100.000000,100.000000,100.000000,100.000000,0.000000,10,398.035156,94.993457,331.996094,-1000.089844,397.748633,546.625265,10,10173.287109,9122.011816,9098.853516,8320.208008,9868.108887,604.742914,10,0.000000,0.000000,0.000000,0.000000,0.000000,0.000000,10,1.000000,1.000000,1.000000,1.000000,1.000000,0.000000,10,180960.000000,180960.000000,180960.000000,180960.000000,180960.000000,0.000000,10,1.000000,1.000000,1.000000,1.000000,1.000000,0.000000,,,,,,,,10,100.000000,100.000000,100.000000,100.000000,100.000000,0.000000,10,21.668000,15.127200,13.482000,12.157000,21.424100,3.565068
phase1,B_bookshelf,warm,synthetic,hierarchical,2000,library_folder_back,PASS,1,10,0,0,,,,,,,,10,1.098301,1.098301,1.098301,1.098301,1.098301,0.000000,,,,,,,,10,1.000000,1.000000,1.000000,1.000000,1.000000,0.000000,10,100.000000,100.000000,100.000000,100.000000,100.000000,0.000000,10,277.775391,-194.831934,248.229004,-2425.892578,270.474316,967.541938,10,11161.370117,9720.979492,9416.629395,8799.739258,10605.187695,813.861016,10,1.000000,1.000000,1.000000,1.000000,1.000000,0.000000,10,2.000000,2.000000,2.000000,2.000000,2.000000,0.000000,10,181792.000000,181753.600000,181776.000000,181600.000000,181792.000000,57.540710,10,2.000000,2.000000,2.000000,2.000000,2.000000,0.000000,,,,,,,,10,100.000000,100.000000,100.000000,100.000000,100.000000,0.000000,10,25.699000,15.877900,14.975500,10.959000,24.646000,5.306253
phase1,B_bookshelf,warm,synthetic,hierarchical,2000,library_folder_enter,PASS,1,10,0,0,,,,,,,,10,1.098301,1.098301,1.098301,1.098301,1.098301,0.000000,,,,,,,,10,1.000000,1.000000,1.000000,1.000000,1.000000,0.000000,10,100.000000,100.000000,100.000000,100.000000,100.000000,0.000000,10,1336.465820,65.233496,371.849609,-2035.448242,1289.751074,1248.812484,10,11489.633789,9952.853809,9581.373535,9029.418945,11018.185840,891.439436,10,1.000000,1.000000,1.000000,1.000000,1.000000,0.000000,10,2.000000,2.000000,2.000000,2.000000,2.000000,0.000000,10,181600.000000,181388.800000,181560.000000,181088.000000,181600.000000,249.107206,10,2.000000,2.000000,2.000000,2.000000,2.000000,0.000000,,,,,,,,10,100.000000,100.000000,100.000000,100.000000,100.000000,0.000000,10,35.609000,22.850200,22.742500,8.851000,33.828800,9.838962
phase1,B_bookshelf,warm,synthetic,hierarchical,2000,library_next_page,UNSUPPORTED,1,0,0,10,,,,,,,,,,,,,,,,,,,,,,,,,,,,,,,,,,,,,,,,,,,,,,,,,,,,,,,,,,,,,,,,,,,,,,,,,,,,,,,,,,,,,,,,,,,,,,,,,,
phase1,B_bookshelf,warm,synthetic,hierarchical,2000,library_prev_page,UNSUPPORTED,1,0,0,10,,,,,,,,,,,,,,,,,,,,,,,,,,,,,,,,,,,,,,,,,,,,,,,,,,,,,,,,,,,,,,,,,,,,,,,,,,,,,,,,,,,,,,,,,,,,,,,,,,
phase1,B_bookshelf,warm,synthetic,hierarchical,2000,open_book,PASS,1,10,0,0,,,,,,,,10,11.000000,9.200000,9.000000,9.000000,9.200000,0.632456,,,,,,,,10,11.000000,9.200000,9.000000,9.000000,9.200000,0.632456,10,100.000000,100.000000,100.000000,100.000000,100.000000,0.000000,10,946.702148,-622.322461,-807.634277,-1504.977539,326.595996,884.336400,10,13977.323242,12476.323340,12034.163086,11470.797852,13909.135059,997.720510,10,0.000000,0.000000,0.000000,0.000000,0.000000,0.000000,10,11.000000,9.200000,9.000000,9.000000,9.200000,0.632456,10,198048.000000,197244.800000,197136.000000,196816.000000,197644.800000,364.450515,10,11.000000,9.200000,9.000000,9.000000,9.200000,0.632456,,,,,,,,10,100.000000,100.000000,100.000000,100.000000,100.000000,0.000000,10,65.642000,55.606500,57.581000,43.722000,63.642200,8.059497
phase1,B_bookshelf,warm,synthetic,hierarchical,2000,open_book_minimal,PASS,1,10,0,0,,,,,,,,10,0.000000,0.000000,0.000000,0.000000,0.000000,0.000000,,,,,,,,10,0.000000,0.000000,0.000000,0.000000,0.000000,0.000000,10,0.000000,0.000000,0.000000,0.000000,0.000000,0.000000,10,1190.333984,-1455.716016,-1474.394531,-2854.324219,-936.751855,1105.942205,10,12404.075195,12022.231250,12119.754883,11443.422852,12336.674512,343.516941,10,0.000000,0.000000,0.000000,0.000000,0.000000,0.000000,10,0.000000,0.000000,0.000000,0.000000,0.000000,0.000000,10,196496.000000,195056.000000,195968.000000,192864.000000,196496.000000,1463.550629,10,0.000000,0.000000,0.000000,0.000000,0.000000,0.000000,,,,,,,,10,0.000000,0.000000,0.000000,0.000000,0.000000,0.000000,10,63.513000,59.510900,59.247500,54.011000,62.839800,2.790162
phase1,B_bookshelf,warm,synthetic,hierarchical,2000,open_bookshelf,PASS,1,10,0,0,,,,,,,,10,1.000000,1.000000,1.000000,1.000000,1.000000,0.000000,,,,,,,,10,1.000000,1.000000,1.000000,1.000000,1.000000,0.000000,10,100.000000,100.000000,100.000000,100.000000,100.000000,0.000000,10,821.227539,666.843262,651.822266,604.733398,739.894434,64.476217,10,23258.786133,20240.158203,20307.289551,17034.009766,22685.283984,2086.207875,10,0.000000,0.000000,0.000000,0.000000,0.000000,0.000000,10,1.000000,1.000000,1.000000,1.000000,1.000000,0.000000,10,218128.000000,218128.000000,218128.000000,218128.000000,218128.000000,0.000000,10,1.000000,1.000000,1.000000,1.000000,1.000000,0.000000,,,,,,,,10,100.000000,100.000000,100.000000,100.000000,100.000000,0.000000,10,15.466000,11.365000,10.848500,8.326000,14.980900,2.406254
phase1,B_bookshelf,warm,synthetic,hierarchical,2000,open_quick_settings,PASS,1,10,0,0,,,,,,,,10,2.000000,2.000000,2.000000,2.000000,2.000000,0.000000,,,,,,,,10,2.000000,2.000000,2.000000,2.000000,2.000000,0.000000,10,100.000000,100.000000,100.000000,100.000000,100.000000,0.000000,10,318.514648,271.786328,267.394043,234.131836,316.049316,31.586971,10,25509.486328,24093.274219,24141.510254,22576.948242,25265.712891,1007.407305,10,0.000000,0.000000,0.000000,0.000000,0.000000,0.000000,10,2.000000,2.000000,2.000000,2.000000,2.000000,0.000000,10,218656.000000,218656.000000,218656.000000,218656.000000,218656.000000,0.000000,10,2.000000,2.000000,2.000000,2.000000,2.000000,0.000000,,,,,,,,10,100.000000,100.000000,100.000000,100.000000,100.000000,0.000000,10,8.773000,8.149200,8.078000,7.580000,8.658700,0.444306
phase1,B_bookshelf,warm,synthetic,hierarchical,2000,repeated_nav,PASS,1,2,0,0,,,,,,,,2,10.000000,10.000000,10.000000,10.000000,10.000000,0.000000,,,,,,,,2,10.000000,10.000000,10.000000,10.000000,10.000000,0.000000,2,100.000000,100.000000,100.000000,100.000000,100.000000,0.000000,2,2467.058594,-6804.587402,-6804.587402,-16076.233398,612.729395,13112.087513,2,20301.186523,19062.014648,19062.014648,17822.842773,20053.352148,1752.453672,2,0.000000,0.000000,0.000000,0.000000,0.000000,0.000000,2,10.000000,10.000000,10.000000,10.000000,10.000000,0.000000,2,230736.000000,230664.000000,230664.000000,230592.000000,230721.600000,101.823376,2,10.000000,10.000000,10.000000,10.000000,10.000000,0.000000,,,,,,,,2,100.000000,100.000000,100.000000,100.000000,100.000000,0.000000,2,200.226000,195.431000,195.431000,190.636000,199.267000,6.781154
phase1,B_bookshelf,warm,synthetic,hierarchical,2000,start_to_home,UNSUPPORTED,1,0,0,10,,,,,,,,,,,,,,,,,,,,,,,,,,,,,,,,,,,,,,,,,,,,,,,,,,,,,,,,,,,,,,,,,,,,,,,,,,,,,,,,,,,,,,,,,,,,,,,,,,
phase1,B_bookshelf,warm,synthetic,hierarchical,50,bookshelf_first_render,PASS,1,10,0,0,,,,,,,,10,0.000000,0.000000,0.000000,0.000000,0.000000,0.000000,,,,,,,,10,0.000000,0.000000,0.000000,0.000000,0.000000,0.000000,10,0.000000,0.000000,0.000000,0.000000,0.000000,0.000000,10,596.173828,-791.289062,542.838867,-10691.398438,576.563672,3548.888056,10,25589.347656,17678.085156,16057.251953,14899.332031,25097.117969,4071.027650,10,0.000000,0.000000,0.000000,0.000000,0.000000,0.000000,10,0.000000,0.000000,0.000000,0.000000,0.000000,0.000000,10,223696.000000,223696.000000,223696.000000,223696.000000,223696.000000,0.000000,10,0.000000,0.000000,0.000000,0.000000,0.000000,0.000000,,,,,,,,10,0.000000,0.000000,0.000000,0.000000,0.000000,0.000000,10,23.199000,10.169200,7.749000,6.550000,18.481200,5.668313
phase1,B_bookshelf,warm,synthetic,hierarchical,50,bookshelf_page_turn,PASS,1,10,0,0,,,,,,,,10,0.000000,0.000000,0.000000,0.000000,0.000000,0.000000,,,,,,,,10,0.000000,0.000000,0.000000,0.000000,0.000000,0.000000,10,0.000000,0.000000,0.000000,0.000000,0.000000,0.000000,10,23.324219,18.428516,18.830078,12.593750,21.422266,3.057634,10,17141.376953,16931.422656,16936.292969,16727.900391,17081.600781,134.284775,10,0.000000,0.000000,0.000000,0.000000,0.000000,0.000000,10,0.000000,0.000000,0.000000,0.000000,0.000000,0.000000,10,223696.000000,223696.000000,223696.000000,223696.000000,223696.000000,0.000000,10,0.000000,0.000000,0.000000,0.000000,0.000000,0.000000,,,,,,,,10,0.000000,0.000000,0.000000,0.000000,0.000000,0.000000,10,0.619000,0.370200,0.373000,0.212000,0.545200,0.151077
phase1,B_bookshelf,warm,synthetic,hierarchical,50,change_sort_mode,PASS,1,10,0,0,,,,,,,,10,2.000000,2.000000,2.000000,2.000000,2.000000,0.000000,,,,,,,,10,2.000000,2.000000,2.000000,2.000000,2.000000,0.000000,10,100.000000,100.000000,100.000000,100.000000,100.000000,0.000000,10,282.554688,-60.342188,264.003418,-1647.062500,275.443457,701.076850,10,10211.075195,9225.947949,9106.325195,8567.497070,9961.537891,563.544960,10,0.000000,0.000000,0.000000,0.000000,0.000000,0.000000,10,2.000000,2.000000,2.000000,2.000000,2.000000,0.000000,10,179136.000000,179136.000000,179136.000000,179136.000000,179136.000000,0.000000,10,2.000000,2.000000,2.000000,2.000000,2.000000,0.000000,,,,,,,,10,100.000000,100.000000,100.000000,100.000000,100.000000,0.000000,10,20.022000,11.736900,9.859000,8.911000,18.897000,4.108824
phase1,B_bookshelf,warm,synthetic,hierarchical,50,close_book,PASS,1,10,0,0,,,,,,,,10,3.098301,3.098301,3.098301,3.098301,3.098301,0.000000,,,,,,,,10,3.000000,3.000000,3.000000,3.000000,3.000000,0.000000,10,100.000000,100.000000,100.000000,100.000000,100.000000,0.000000,10,1700.013672,1100.721973,1532.287109,-1989.840820,1615.868066,1107.933890,10,14688.495117,13614.635352,13819.179688,11757.333008,14331.013184,854.091896,10,1.000000,1.000000,1.000000,1.000000,1.000000,0.000000,10,4.000000,4.000000,4.000000,4.000000,4.000000,0.000000,10,206544.000000,205368.000000,205312.000000,204528.000000,206155.200000,706.430149,10,4.000000,4.000000,4.000000,4.000000,4.000000,0.000000,,,,,,,,10,100.000000,100.000000,100.000000,100.000000,100.000000,0.000000,10,48.296000,26.264500,24.748000,19.615000,30.752300,8.196865
phase1,B_bookshelf,warm,synthetic,hierarchical,50,close_bookshelf,PASS,1,10,0,0,,,,,,,,10,1.000000,1.000000,1.000000,1.000000,1.000000,0.000000,,,,,,,,10,1.000000,1.000000,1.000000,1.000000,1.000000,0.000000,10,100.000000,100.000000,100.000000,100.000000,100.000000,0.000000,10,126.924805,94.438965,94.835449,70.509766,110.276562,16.138756,10,22693.074219,19798.711914,19578.602051,17627.145508,21952.378613,1652.381290,10,0.000000,0.000000,0.000000,0.000000,0.000000,0.000000,10,1.000000,1.000000,1.000000,1.000000,1.000000,0.000000,10,223696.000000,223696.000000,223696.000000,223696.000000,223696.000000,0.000000,10,1.000000,1.000000,1.000000,1.000000,1.000000,0.000000,,,,,,,,10,100.000000,100.000000,100.000000,100.000000,100.000000,0.000000,10,10.382000,8.948400,8.670000,8.276000,9.745700,0.678503
phase1,B_bookshelf,warm,synthetic,hierarchical,50,close_quick_settings,PASS,1,10,0,0,,,,,,,,10,3.000000,3.000000,3.000000,3.000000,3.000000,0.000000,,,,,,,,10,3.000000,3.000000,3.000000,3.000000,3.000000,0.000000,10,100.000000,100.000000,100.000000,100.000000,100.000000,0.000000,10,225.381836,172.647656,173.513672,119.353516,206.207617,29.563288,10,34961.414062,32791.988867,32790.779785,30614.096680,34535.090918,1457.412759,10,0.000000,0.000000,0.000000,0.000000,0.000000,0.000000,10,3.000000,3.000000,3.000000,3.000000,3.000000,0.000000,10,227216.000000,225064.000000,224832.000000,223696.000000,226740.800000,1317.263156,10,3.000000,3.000000,3.000000,3.000000,3.000000,0.000000,,,,,,,,10,100.000000,100.000000,100.000000,100.000000,100.000000,0.000000,10,13.846000,11.897100,11.677500,10.476000,13.339300,1.322356
phase1,B_bookshelf,warm,synthetic,hierarchical,50,home_to_library,PASS,1,10,0,0,,,,,,,,10,1.000000,1.000000,1.000000,1.000000,1.000000,0.000000,,,,,,,,10,1.000000,1.000000,1.000000,1.000000,1.000000,0.000000,10,100.000000,100.000000,100.000000,100.000000,100.000000,0.000000,10,424.526367,-536.059863,343.559570,-7197.975586,410.888379,2385.989449,10,15567.152344,11793.818848,11711.852051,8327.618164,15253.461035,3202.214797,10,0.000000,0.000000,0.000000,0.000000,0.000000,0.000000,10,1.000000,1.000000,1.000000,1.000000,1.000000,0.000000,10,178144.000000,177123.200000,177800.000000,174688.000000,178144.000000,1304.668949,10,1.000000,1.000000,1.000000,1.000000,1.000000,0.000000,,,,,,,,10,100.000000,100.000000,100.000000,100.000000,100.000000,0.000000,10,22.686000,13.854900,12.009500,10.531000,21.481800,4.389872
phase1,B_bookshelf,warm,synthetic,hierarchical,50,library_first_render,PASS,1,10,0,0,,,,,,,,10,1.000000,1.000000,1.000000,1.000000,1.000000,0.000000,,,,,,,,10,1.000000,1.000000,1.000000,1.000000,1.000000,0.000000,10,100.000000,100.000000,100.000000,100.000000,100.000000,0.000000,10,399.349609,69.085840,326.011719,-1399.099609,370.632227,603.500317,10,9771.748047,9072.727246,9084.833496,8329.000977,9730.060645,513.448922,10,0.000000,0.000000,0.000000,0.000000,0.000000,0.000000,10,1.000000,1.000000,1.000000,1.000000,1.000000,0.000000,10,178848.000000,178395.200000,178280.000000,178144.000000,178603.200000,233.457491,10,1.000000,1.000000,1.000000,1.000000,1.000000,0.000000,,,,,,,,10,100.000000,100.000000,100.000000,100.000000,100.000000,0.000000,10,23.493000,15.091300,13.329500,11.852000,22.568700,4.235585
phase1,B_bookshelf,warm,synthetic,hierarchical,50,library_folder_back,PASS,1,10,0,0,,,,,,,,10,1.098301,1.098301,1.098301,1.098301,1.098301,0.000000,,,,,,,,10,1.000000,1.000000,1.000000,1.000000,1.000000,0.000000,10,100.000000,100.000000,100.000000,100.000000,100.000000,0.000000,10,290.303711,4.152148,224.731445,-969.313477,258.015332,490.549478,10,10079.850586,9135.879004,9171.236328,8557.188477,9539.714355,461.639524,10,1.000000,1.000000,1.000000,1.000000,1.000000,0.000000,10,2.000000,2.000000,2.000000,2.000000,2.000000,0.000000,10,179136.000000,179136.000000,179136.000000,179136.000000,179136.000000,0.000000,10,2.000000,2.000000,2.000000,2.000000,2.000000,0.000000,,,,,,,,10,100.000000,100.000000,100.000000,100.000000,100.000000,0.000000,10,21.543000,14.679800,14.512500,9.269000,19.402800,3.648216
phase1,B_bookshelf,warm,synthetic,hierarchical,50,library_folder_enter,PASS,1,10,0,0,,,,,,,,10,1.098301,1.098301,1.098301,1.098301,1.098301,0.000000,,,,,,,,10,1.000000,1.000000,1.000000,1.000000,1.000000,0.000000,10,100.000000,100.000000,100.000000,100.000000,100.000000,0.000000,10,645.791992,149.669336,249.375977,-1170.213867,466.622559,494.933048,10,9740.623047,9192.584570,9180.086426,8614.454102,9635.714160,376.776606,10,1.000000,1.000000,1.000000,1.000000,1.000000,0.000000,10,2.000000,2.000000,2.000000,2.000000,2.000000,0.000000,10,179136.000000,179094.400000,179120.000000,179008.000000,179136.000000,48.413038,10,2.000000,2.000000,2.000000,2.000000,2.000000,0.000000,,,,,,,,10,100.000000,100.000000,100.000000,100.000000,100.000000,0.000000,10,26.212000,15.302600,15.335000,8.503000,22.155700,5.753093
phase1,B_bookshelf,warm,synthetic,hierarchical,50,library_next_page,UNSUPPORTED,1,0,0,10,,,,,,,,,,,,,,,,,,,,,,,,,,,,,,,,,,,,,,,,,,,,,,,,,,,,,,,,,,,,,,,,,,,,,,,,,,,,,,,,,,,,,,,,,,,,,,,,,,
phase1,B_bookshelf,warm,synthetic,hierarchical,50,library_prev_page,UNSUPPORTED,1,0,0,10,,,,,,,,,,,,,,,,,,,,,,,,,,,,,,,,,,,,,,,,,,,,,,,,,,,,,,,,,,,,,,,,,,,,,,,,,,,,,,,,,,,,,,,,,,,,,,,,,,
phase1,B_bookshelf,warm,synthetic,hierarchical,50,open_book,PASS,1,10,0,0,,,,,,,,10,13.000000,10.000000,9.000000,9.000000,11.200000,1.414214,,,,,,,,10,13.000000,10.000000,9.000000,9.000000,11.200000,1.414214,10,100.000000,100.000000,100.000000,100.000000,100.000000,0.000000,10,650.925781,-976.542773,-1079.817383,-2572.038086,-40.035156,823.040379,10,13789.393555,11779.763281,11653.135742,10861.090820,12263.371484,808.964546,10,0.000000,0.000000,0.000000,0.000000,0.000000,0.000000,10,13.000000,10.000000,9.000000,9.000000,11.200000,1.414214,10,204528.000000,204187.200000,204336.000000,203280.000000,204528.000000,426.002817,10,13.000000,10.000000,9.000000,9.000000,11.200000,1.414214,,,,,,,,10,100.000000,100.000000,100.000000,100.000000,100.000000,0.000000,10,64.185000,58.678100,59.619500,47.200000,61.785600,4.678120
phase1,B_bookshelf,warm,synthetic,hierarchical,50,open_book_minimal,PASS,1,10,0,0,,,,,,,,10,0.000000,0.000000,0.000000,0.000000,0.000000,0.000000,,,,,,,,10,0.000000,0.000000,0.000000,0.000000,0.000000,0.000000,10,0.000000,0.000000,0.000000,0.000000,0.000000,0.000000,10,-79.694336,-1204.311523,-979.798340,-2604.758789,-739.856641,772.467712,10,11865.793945,11298.670801,11433.260742,10408.708984,11738.109961,501.123029,10,0.000000,0.000000,0.000000,0.000000,0.000000,0.000000,10,0.000000,0.000000,0.000000,0.000000,0.000000,0.000000,10,199872.000000,198875.200000,199520.000000,194608.000000,199872.000000,1630.571052,10,0.000000,0.000000,0.000000,0.000000,0.000000,0.000000,,,,,,,,10,0.000000,0.000000,0.000000,0.000000,0.000000,0.000000,10,62.914000,58.358000,58.652500,52.960000,62.371300,2.967929
phase1,B_bookshelf,warm,synthetic,hierarchical,50,open_bookshelf,PASS,1,10,0,0,,,,,,,,10,1.000000,1.000000,1.000000,1.000000,1.000000,0.000000,,,,,,,,10,1.000000,1.000000,1.000000,1.000000,1.000000,0.000000,10,100.000000,100.000000,100.000000,100.000000,100.000000,0.000000,10,825.403320,753.245898,737.666992,714.935547,797.077051,34.540331,10,23956.257812,20166.701758,20155.261719,16451.027344,23177.180371,2533.184594,10,0.000000,0.000000,0.000000,0.000000,0.000000,0.000000,10,1.000000,1.000000,1.000000,1.000000,1.000000,0.000000,10,223696.000000,223603.200000,223696.000000,222784.000000,223696.000000,287.881457,10,1.000000,1.000000,1.000000,1.000000,1.000000,0.000000,,,,,,,,10,100.000000,100.000000,100.000000,100.000000,100.000000,0.000000,10,17.417000,15.104100,14.950000,13.258000,17.055200,1.308531
phase1,B_bookshelf,warm,synthetic,hierarchical,50,open_quick_settings,PASS,1,10,0,0,,,,,,,,10,8.000000,2.600000,2.000000,2.000000,2.600000,1.897367,,,,,,,,10,8.000000,2.600000,2.000000,2.000000,2.600000,1.897367,10,100.000000,100.000000,100.000000,100.000000,100.000000,0.000000,10,861.377930,368.580664,313.827637,294.248047,392.491992,173.621850,10,29196.041992,27027.216699,27182.640625,24880.980469,28810.780469,1531.533075,10,0.000000,0.000000,0.000000,0.000000,0.000000,0.000000,10,8.000000,2.600000,2.000000,2.000000,2.600000,1.897367,10,223696.000000,223696.000000,223696.000000,223696.000000,223696.000000,0.000000,10,8.000000,2.600000,2.000000,2.000000,2.600000,1.897367,,,,,,,,10,100.000000,100.000000,100.000000,100.000000,100.000000,0.000000,10,69.491000,14.765600,8.895000,7.495000,15.429800,19.240402
phase1,B_bookshelf,warm,synthetic,hierarchical,50,repeated_nav,UNSUPPORTED,1,0,0,2,,,,,,,,,,,,,,,,,,,,,,,,,,,,,,,,,,,,,,,,,,,,,,,,,,,,,,,,,,,,,,,,,,,,,,,,,,,,,,,,,,,,,,,,,,,,,,,,,,
phase1,B_bookshelf,warm,synthetic,hierarchical,50,start_to_home,UNSUPPORTED,1,0,0,10,,,,,,,,,,,,,,,,,,,,,,,,,,,,,,,,,,,,,,,,,,,,,,,,,,,,,,,,,,,,,,,,,,,,,,,,,,,,,,,,,,,,,,,,,,,,,,,,,,
phase1,C_simpleui,first_run_cold,startup,hierarchical,2000,home_to_library,PASS,3,3,0,0,,,,,,,,3,0.000000,0.000000,0.000000,0.000000,0.000000,0.000000,,,,,,,,3,0.000000,0.000000,0.000000,0.000000,0.000000,0.000000,3,0.000000,0.000000,0.000000,0.000000,0.000000,0.000000,3,5.472656,4.154948,4.097656,2.894531,5.197656,1.290017,3,12780.402344,12761.513021,12777.902344,12726.234375,12779.902344,30.577764,3,0.000000,0.000000,0.000000,0.000000,0.000000,0.000000,3,0.000000,0.000000,0.000000,0.000000,0.000000,0.000000,3,172896.000000,172240.000000,172480.000000,171344.000000,172812.800000,803.352973,3,0.000000,0.000000,0.000000,0.000000,0.000000,0.000000,,,,,,,,3,0.000000,0.000000,0.000000,0.000000,0.000000,0.000000,3,0.129000,0.108000,0.108000,0.087000,0.124800,0.021000
phase1,C_simpleui,first_run_cold,startup,hierarchical,2000,library_first_render,PASS,3,3,0,0,,,,,,,,3,5.393204,5.393204,5.393204,5.393204,5.393204,0.000000,,,,,,,,3,5.000000,5.000000,5.000000,5.000000,5.000000,0.000000,3,100.000000,100.000000,100.000000,100.000000,100.000000,0.000000,3,569.436523,523.122721,501.237305,498.694336,555.796680,40.129078,3,13355.620117,13290.416992,13282.377930,13233.252930,13340.971680,61.578422,3,4.000000,4.000000,4.000000,4.000000,4.000000,0.000000,3,9.000000,9.000000,9.000000,9.000000,9.000000,0.000000,3,175456.000000,174949.333333,175040.000000,174352.000000,175372.800000,557.556574,3,9.000000,9.000000,9.000000,9.000000,9.000000,0.000000,,,,,,,,3,100.000000,100.000000,100.000000,100.000000,100.000000,0.000000,3,23.791000,22.154333,22.817000,19.855000,23.596200,2.049968
phase1,C_simpleui,steady_state_cold,startup,hierarchical,2000,home_to_library,PASS,3,3,0,0,,,,,,,,3,0.000000,0.000000,0.000000,0.000000,0.000000,0.000000,,,,,,,,3,0.000000,0.000000,0.000000,0.000000,0.000000,0.000000,3,0.000000,0.000000,0.000000,0.000000,0.000000,0.000000,3,4.480469,3.595052,3.410156,2.894531,4.266406,0.808974,3,12696.977539,12654.437174,12637.442383,12628.891602,12685.070508,37.088286,3,0.000000,0.000000,0.000000,0.000000,0.000000,0.000000,3,0.000000,0.000000,0.000000,0.000000,0.000000,0.000000,3,171456.000000,170234.666667,170400.000000,168848.000000,171244.800000,1311.837388,3,0.000000,0.000000,0.000000,0.000000,0.000000,0.000000,,,,,,,,3,0.000000,0.000000,0.000000,0.000000,0.000000,0.000000,3,0.267000,0.194667,0.257000,0.060000,0.265000,0.116732
phase1,C_simpleui,steady_state_cold,startup,hierarchical,2000,library_first_render,PASS,3,3,0,0,,,,,,,,3,4.393204,4.393204,4.393204,4.393204,4.393204,0.000000,,,,,,,,3,4.000000,4.000000,4.000000,4.000000,4.000000,0.000000,3,100.000000,100.000000,100.000000,100.000000,100.000000,0.000000,3,531.098633,505.813151,500.113281,486.227539,524.901562,22.972160,3,13188.986328,13166.031576,13165.771484,13143.336914,13184.343359,22.825818,3,4.000000,4.000000,4.000000,4.000000,4.000000,0.000000,3,8.000000,8.000000,8.000000,8.000000,8.000000,0.000000,3,173616.000000,172949.333333,173440.000000,171792.000000,173580.800000,1006.135842,3,8.000000,8.000000,8.000000,8.000000,8.000000,0.000000,,,,,,,,3,100.000000,100.000000,100.000000,100.000000,100.000000,0.000000,3,21.599000,20.013333,19.484000,18.957000,21.176000,1.398280
phase1,C_simpleui,warm,synthetic,flat,2000,change_sort_mode,PASS,1,10,0,0,,,,,,,,10,2.393204,2.393204,2.393204,2.393204,2.393204,0.000000,,,,,,,,10,2.000000,2.000000,2.000000,2.000000,2.000000,0.000000,10,100.000000,100.000000,100.000000,100.000000,100.000000,0.000000,10,9239.093750,0.943359,8985.943359,-18169.793945,9086.608789,12073.693518,10,35569.186523,24614.617969,26334.726562,17289.033203,35407.413281,7144.781067,10,4.000000,4.000000,4.000000,4.000000,4.000000,0.000000,10,6.000000,6.000000,6.000000,6.000000,6.000000,0.000000,10,217104.000000,216848.000000,216912.000000,216640.000000,217104.000000,191.703475,10,6.000000,6.000000,6.000000,6.000000,6.000000,0.000000,,,,,,,,10,100.000000,100.000000,100.000000,100.000000,100.000000,0.000000,10,174.554000,135.583800,131.143000,102.675000,170.601200,25.629010
phase1,C_simpleui,warm,synthetic,flat,2000,close_book,PASS,1,10,0,0,,,,,,,,10,33.393204,23.793204,21.393204,21.393204,33.393204,5.059644,,,,,,,,10,33.000000,23.400000,21.000000,21.000000,33.000000,5.059644,10,100.000000,100.000000,100.000000,100.000000,100.000000,0.000000,10,8255.542969,7871.218262,7803.315918,7625.949219,8227.829297,229.196307,10,99562.847656,89295.757227,89234.778320,79141.083984,97638.604590,6891.521898,10,4.000000,4.000000,4.000000,4.000000,4.000000,0.000000,10,37.000000,27.400000,25.000000,25.000000,37.000000,5.059644,10,302976.000000,291769.600000,291776.000000,281344.000000,300816.000000,7361.376490,10,37.000000,27.400000,25.000000,25.000000,37.000000,5.059644,,,,,,,,10,100.000000,100.000000,100.000000,100.000000,100.000000,0.000000,10,117.863000,106.196500,104.848000,98.845000,113.475500,5.501462
phase1,C_simpleui,warm,synthetic,flat,2000,close_quick_settings,PASS,1,10,0,0,,,,,,,,10,3.000000,3.000000,3.000000,3.000000,3.000000,0.000000,,,,,,,,10,3.000000,3.000000,3.000000,3.000000,3.000000,0.000000,10,100.000000,100.000000,100.000000,100.000000,100.000000,0.000000,10,237.494141,171.425879,165.432617,131.093750,202.623535,31.174661,10,110620.349609,108726.580469,108688.290527,106878.219727,110271.642676,1268.168732,10,0.000000,0.000000,0.000000,0.000000,0.000000,0.000000,10,3.000000,3.000000,3.000000,3.000000,3.000000,0.000000,10,311360.000000,309976.000000,309512.000000,309408.000000,311086.400000,761.462920,10,3.000000,3.000000,3.000000,3.000000,3.000000,0.000000,,,,,,,,10,100.000000,100.000000,100.000000,100.000000,100.000000,0.000000,10,12.865000,11.803700,11.926000,9.526000,12.796600,0.935514
phase1,C_simpleui,warm,synthetic,flat,2000,home_to_library,PASS,1,10,0,0,,,,,,,,10,0.000000,0.000000,0.000000,0.000000,0.000000,0.000000,,,,,,,,10,0.000000,0.000000,0.000000,0.000000,0.000000,0.000000,10,0.000000,0.000000,0.000000,0.000000,0.000000,0.000000,10,10.890625,4.369141,3.894531,2.234375,6.126953,2.541016,10,15276.351562,15239.385547,15243.326172,15196.308594,15269.348438,27.090183,10,0.000000,0.000000,0.000000,0.000000,0.000000,0.000000,10,0.000000,0.000000,0.000000,0.000000,0.000000,0.000000,10,175072.000000,175072.000000,175072.000000,175072.000000,175072.000000,0.000000,10,0.000000,0.000000,0.000000,0.000000,0.000000,0.000000,,,,,,,,10,0.000000,0.000000,0.000000,0.000000,0.000000,0.000000,10,0.096000,0.041700,0.033500,0.005000,0.078000,0.030022
phase1,C_simpleui,warm,synthetic,flat,2000,library_first_render,PASS,1,10,0,0,,,,,,,,10,6.294903,2.694903,2.294903,2.294903,2.694903,1.264911,,,,,,,,10,6.000000,2.400000,2.000000,2.000000,2.400000,1.264911,10,100.000000,100.000000,100.000000,100.000000,100.000000,0.000000,10,6291.934570,1030.133887,5800.566406,-10069.861328,6084.045996,6627.867998,10,35321.924805,27082.350781,27625.642090,21239.595703,33231.158008,4753.209309,10,3.000000,3.000000,3.000000,3.000000,3.000000,0.000000,10,9.000000,5.400000,5.000000,5.000000,5.400000,1.264911,10,211280.000000,205390.400000,207696.000000,191632.000000,210848.000000,6864.729099,10,9.000000,5.400000,5.000000,5.000000,5.400000,1.264911,,,,,,,,10,100.000000,100.000000,100.000000,100.000000,100.000000,0.000000,10,123.657000,103.007100,98.166500,86.251000,121.195500,15.231050
phase1,C_simpleui,warm,synthetic,flat,2000,library_folder_back,PASS,1,10,0,0,,,,,,,,10,2.393204,2.393204,2.393204,2.393204,2.393204,0.000000,,,,,,,,10,2.000000,2.000000,2.000000,2.000000,2.000000,0.000000,10,100.000000,100.000000,100.000000,100.000000,100.000000,0.000000,10,5111.660156,2254.268164,4848.512207,-8613.216797,5110.776855,5718.554849,10,27673.976562,22453.899121,21702.279785,17325.814453,25986.741113,3671.949967,10,4.000000,4.000000,4.000000,4.000000,4.000000,0.000000,10,6.000000,6.000000,6.000000,6.000000,6.000000,0.000000,10,216640.000000,216636.800000,216640.000000,216608.000000,216640.000000,10.119289,10,6.000000,6.000000,6.000000,6.000000,6.000000,0.000000,,,,,,,,10,100.000000,100.000000,100.000000,100.000000,100.000000,0.000000,10,93.126000,70.549200,65.648000,61.652000,91.246800,11.443937
phase1,C_simpleui,warm,synthetic,flat,2000,library_folder_enter,PASS,1,10,0,0,,,,,,,,10,2.393204,2.393204,2.393204,2.393204,2.393204,0.000000,,,,,,,,10,2.000000,2.000000,2.000000,2.000000,2.000000,0.000000,10,100.000000,100.000000,100.000000,100.000000,100.000000,0.000000,10,275.608398,211.657129,210.353516,170.784180,221.411523,25.916424,10,27932.955078,21789.690234,22815.579102,17497.368164,27885.227832,4078.196979,10,4.000000,4.000000,4.000000,4.000000,4.000000,0.000000,10,6.000000,6.000000,6.000000,6.000000,6.000000,0.000000,10,216608.000000,216500.800000,216480.000000,216448.000000,216608.000000,57.466512,10,6.000000,6.000000,6.000000,6.000000,6.000000,0.000000,,,,,,,,10,100.000000,100.000000,100.000000,100.000000,100.000000,0.000000,10,10.813000,9.226200,8.930000,8.342000,10.455700,0.884591
phase1,C_simpleui,warm,synthetic,flat,2000,library_next_page,PASS,1,10,0,0,,,,,,,,10,2.098301,1.198301,1.098301,1.098301,1.198301,0.316228,,,,,,,,10,2.000000,1.100000,1.000000,1.000000,1.100000,0.316228,10,100.000000,100.000000,100.000000,100.000000,100.000000,0.000000,10,919.753906,291.941602,696.690918,-2051.808594,739.694141,964.304507,10,24709.351562,20947.625000,19948.239258,18936.570312,24026.897559,2140.600574,10,1.000000,1.000000,1.000000,1.000000,1.000000,0.000000,10,3.000000,2.100000,2.000000,2.000000,2.100000,0.316228,10,211280.000000,211280.000000,211280.000000,211280.000000,211280.000000,0.000000,10,3.000000,2.100000,2.000000,2.000000,2.100000,0.316228,,,,,,,,10,100.000000,100.000000,100.000000,100.000000,100.000000,0.000000,10,43.208000,23.534000,18.805000,14.535000,42.418700,10.644510
phase1,C_simpleui,warm,synthetic,flat,2000,library_prev_page,PASS,1,10,0,0,,,,,,,,10,1.098301,1.098301,1.098301,1.098301,1.098301,0.000000,,,,,,,,10,1.000000,1.000000,1.000000,1.000000,1.000000,0.000000,10,100.000000,100.000000,100.000000,100.000000,100.000000,0.000000,10,764.936523,-105.824414,711.529785,-3733.133789,750.766797,1747.681127,10,22172.128906,20426.739355,20339.945801,18970.289062,21812.806543,1097.060049,10,1.000000,1.000000,1.000000,1.000000,1.000000,0.000000,10,2.000000,2.000000,2.000000,2.000000,2.000000,0.000000,10,211552.000000,211539.200000,211536.000000,211536.000000,211552.000000,6.746192,10,2.000000,2.000000,2.000000,2.000000,2.000000,0.000000,,,,,,,,10,100.000000,100.000000,100.000000,100.000000,100.000000,0.000000,10,50.444000,29.779100,28.158500,20.891000,40.085900,8.951026
phase1,C_simpleui,warm,synthetic,flat,2000,open_book,PASS,1,10,0,0,,,,,,,,10,9.000000,9.000000,9.000000,9.000000,9.000000,0.000000,,,,,,,,10,9.000000,9.000000,9.000000,9.000000,9.000000,0.000000,10,100.000000,100.000000,100.000000,100.000000,100.000000,0.000000,10,1282.452148,-413.584082,885.386719,-6430.530273,1263.781543,2711.274549,10,67898.239258,57696.252051,57909.822754,48012.631836,64816.437109,6450.589364,10,0.000000,0.000000,0.000000,0.000000,0.000000,0.000000,10,9.000000,9.000000,9.000000,9.000000,9.000000,0.000000,10,274944.000000,264433.600000,264104.000000,256064.000000,270768.000000,6482.317062,10,9.000000,9.000000,9.000000,9.000000,9.000000,0.000000,,,,,,,,10,100.000000,100.000000,100.000000,100.000000,100.000000,0.000000,10,3623.898000,590.843800,153.529500,134.486000,1328.778300,1104.473078
phase1,C_simpleui,warm,synthetic,flat,2000,open_book_minimal,PASS,1,10,0,0,,,,,,,,10,0.000000,0.000000,0.000000,0.000000,0.000000,0.000000,,,,,,,,10,0.000000,0.000000,0.000000,0.000000,0.000000,0.000000,10,0.000000,0.000000,0.000000,0.000000,0.000000,0.000000,10,1432.229492,53.012988,1239.274414,-4620.353516,1412.597363,2335.453054,10,43268.218750,33270.040527,32832.765625,23345.456055,41409.465625,6751.489061,10,0.000000,0.000000,0.000000,0.000000,0.000000,0.000000,10,0.000000,0.000000,0.000000,0.000000,0.000000,0.000000,10,248752.000000,240520.000000,239040.000000,233728.000000,248752.000000,5344.650659,10,0.000000,0.000000,0.000000,0.000000,0.000000,0.000000,,,,,,,,10,0.000000,0.000000,0.000000,0.000000,0.000000,0.000000,10,1601.258000,254.746100,110.245000,88.024000,268.225700,473.237587
phase1,C_simpleui,warm,synthetic,flat,2000,open_quick_settings,PASS,1,10,0,0,,,,,,,,10,8.000000,2.900000,2.000000,2.000000,5.300000,2.024846,,,,,,,,10,8.000000,2.900000,2.000000,2.000000,5.300000,2.024846,10,100.000000,100.000000,100.000000,100.000000,100.000000,0.000000,10,504.081055,298.344922,260.270508,225.867188,466.484961,100.387876,10,105666.441406,103832.771875,104017.116699,101764.288086,105344.335449,1356.280971,10,0.000000,0.000000,0.000000,0.000000,0.000000,0.000000,10,8.000000,2.900000,2.000000,2.000000,5.300000,2.024846,10,309408.000000,308284.800000,309408.000000,305664.000000,309408.000000,1808.523818,10,8.000000,2.900000,2.000000,2.000000,5.300000,2.024846,,,,,,,,10,100.000000,100.000000,100.000000,100.000000,100.000000,0.000000,10,22.579000,11.093100,8.917500,7.606000,20.410900,5.473223
phase1,C_simpleui,warm,synthetic,flat,2000,repeated_nav,PASS,1,2,0,0,,,,,,,,2,10.983010,10.983010,10.983010,10.983010,10.983010,0.000000,,,,,,,,2,10.000000,10.000000,10.000000,10.000000,10.000000,0.000000,2,100.000000,100.000000,100.000000,100.000000,100.000000,0.000000,2,8108.770508,-6146.396484,-6146.396484,-20401.563477,5257.737109,20159.850494,2,102837.578125,98773.892090,98773.892090,94710.206055,102024.840918,5746.919904,2,10.000000,10.000000,10.000000,10.000000,10.000000,0.000000,2,20.000000,20.000000,20.000000,20.000000,20.000000,0.000000,2,325168.000000,325160.000000,325160.000000,325152.000000,325166.400000,11.313708,2,20.000000,20.000000,20.000000,20.000000,20.000000,0.000000,,,,,,,,2,100.000000,100.000000,100.000000,100.000000,100.000000,0.000000,2,874.912000,528.554500,528.554500,182.197000,805.640500,489.823474
phase1,C_simpleui,warm,synthetic,flat,2000,start_to_home,PASS,1,10,0,0,,,,,,,,10,0.000000,0.000000,0.000000,0.000000,0.000000,0.000000,,,,,,,,10,0.000000,0.000000,0.000000,0.000000,0.000000,0.000000,10,0.000000,0.000000,0.000000,0.000000,0.000000,0.000000,10,7.570312,3.633594,3.171875,2.148438,5.545312,1.727332,10,15150.886719,15112.638672,15112.271484,15070.015625,15145.360156,27.927797,10,0.000000,0.000000,0.000000,0.000000,0.000000,0.000000,10,0.000000,0.000000,0.000000,0.000000,0.000000,0.000000,10,175072.000000,175072.000000,175072.000000,175072.000000,175072.000000,0.000000,10,0.000000,0.000000,0.000000,0.000000,0.000000,0.000000,,,,,,,,10,0.000000,0.000000,0.000000,0.000000,0.000000,0.000000,10,0.070000,0.042100,0.044500,0.011000,0.064600,0.022418
phase1,C_simpleui,warm,synthetic,flat,50,change_sort_mode,PASS,1,10,0,0,,,,,,,,10,2.393204,2.393204,2.393204,2.393204,2.393204,0.000000,,,,,,,,10,2.000000,2.000000,2.000000,2.000000,2.000000,0.000000,10,100.000000,100.000000,100.000000,100.000000,100.000000,0.000000,10,1485.594727,-3.650391,1122.145508,-2732.806641,1203.357715,1627.870009,10,16693.867188,14921.435352,15076.326660,13906.669922,16246.874805,976.602231,10,4.000000,4.000000,4.000000,4.000000,4.000000,0.000000,10,6.000000,6.000000,6.000000,6.000000,6.000000,0.000000,10,201472.000000,201472.000000,201472.000000,201472.000000,201472.000000,0.000000,10,6.000000,6.000000,6.000000,6.000000,6.000000,0.000000,,,,,,,,10,100.000000,100.000000,100.000000,100.000000,100.000000,0.000000,10,68.255000,49.133200,40.809500,34.643000,67.472000,14.644155
phase1,C_simpleui,warm,synthetic,flat,50,close_book,PASS,1,10,0,0,,,,,,,,10,17.393204,17.393204,17.393204,17.393204,17.393204,0.000000,,,,,,,,10,17.000000,17.000000,17.000000,17.000000,17.000000,0.000000,10,100.000000,100.000000,100.000000,100.000000,100.000000,0.000000,10,4647.007812,2395.997656,3515.495117,-615.640625,4359.890234,2221.534910,10,48738.816406,43356.663379,43302.642090,37392.359375,48219.345020,3847.365499,10,4.000000,4.000000,4.000000,4.000000,4.000000,0.000000,10,21.000000,21.000000,21.000000,21.000000,21.000000,0.000000,10,258032.000000,251097.600000,250960.000000,246912.000000,253985.600000,3476.451422,10,21.000000,21.000000,21.000000,21.000000,21.000000,0.000000,,,,,,,,10,100.000000,100.000000,100.000000,100.000000,100.000000,0.000000,10,447.480000,123.958900,66.003000,51.084000,177.925500,119.887570
phase1,C_simpleui,warm,synthetic,flat,50,close_quick_settings,PASS,1,10,0,0,,,,,,,,10,3.000000,3.000000,3.000000,3.000000,3.000000,0.000000,,,,,,,,10,3.000000,3.000000,3.000000,3.000000,3.000000,0.000000,10,100.000000,100.000000,100.000000,100.000000,100.000000,0.000000,10,252.695312,184.100781,179.601562,143.906250,231.279883,33.786895,10,54218.035156,52350.388867,52379.116699,50436.423828,53869.961914,1284.654334,10,0.000000,0.000000,0.000000,0.000000,0.000000,0.000000,10,3.000000,3.000000,3.000000,3.000000,3.000000,0.000000,10,260320.000000,260320.000000,260320.000000,260320.000000,260320.000000,0.000000,10,3.000000,3.000000,3.000000,3.000000,3.000000,0.000000,,,,,,,,10,100.000000,100.000000,100.000000,100.000000,100.000000,0.000000,10,13.929000,11.961500,12.437000,9.985000,13.363800,1.502302
phase1,C_simpleui,warm,synthetic,flat,50,home_to_library,PASS,1,10,0,0,,,,,,,,10,0.000000,0.000000,0.000000,0.000000,0.000000,0.000000,,,,,,,,10,0.000000,0.000000,0.000000,0.000000,0.000000,0.000000,10,0.000000,0.000000,0.000000,0.000000,0.000000,0.000000,10,3.917969,2.710156,2.468750,2.234375,3.492578,0.603186,10,13289.687500,13261.718750,13261.941406,13231.480469,13283.243359,18.658242,10,0.000000,0.000000,0.000000,0.000000,0.000000,0.000000,10,0.000000,0.000000,0.000000,0.000000,0.000000,0.000000,10,174352.000000,174352.000000,174352.000000,174352.000000,174352.000000,0.000000,10,0.000000,0.000000,0.000000,0.000000,0.000000,0.000000,,,,,,,,10,0.000000,0.000000,0.000000,0.000000,0.000000,0.000000,10,0.053000,0.026500,0.023000,0.005000,0.045800,0.014623
phase1,C_simpleui,warm,synthetic,flat,50,library_first_render,PASS,1,10,0,0,,,,,,,,10,2.294903,2.294903,2.294903,2.294903,2.294903,0.000000,,,,,,,,10,2.000000,2.000000,2.000000,2.000000,2.000000,0.000000,10,100.000000,100.000000,100.000000,100.000000,100.000000,0.000000,10,2035.545898,194.332031,1664.489746,-4978.278320,2034.257422,2430.944748,10,21960.088867,17854.046777,17567.186523,15585.118164,20122.725684,1896.630213,10,3.000000,3.000000,3.000000,3.000000,3.000000,0.000000,10,5.000000,5.000000,5.000000,5.000000,5.000000,0.000000,10,195856.000000,189032.000000,188288.000000,184864.000000,193955.200000,3557.914995,10,5.000000,5.000000,5.000000,5.000000,5.000000,0.000000,,,,,,,,10,100.000000,100.000000,100.000000,100.000000,100.000000,0.000000,10,83.253000,60.188600,62.952000,42.559000,77.019600,13.680059
phase1,C_simpleui,warm,synthetic,flat,50,library_folder_back,PASS,1,10,0,0,,,,,,,,10,2.393204,2.393204,2.393204,2.393204,2.393204,0.000000,,,,,,,,10,2.000000,2.000000,2.000000,2.000000,2.000000,0.000000,10,100.000000,100.000000,100.000000,100.000000,100.000000,0.000000,10,1092.256836,15.804492,1004.362305,-2871.374023,1065.487988,1645.742170,10,16435.431641,14936.502051,14891.759766,13889.550781,15913.022949,900.740942,10,4.000000,4.000000,4.000000,4.000000,4.000000,0.000000,10,6.000000,6.000000,6.000000,6.000000,6.000000,0.000000,10,201472.000000,201457.600000,201456.000000,201440.000000,201472.000000,9.082339,10,6.000000,6.000000,6.000000,6.000000,6.000000,0.000000,,,,,,,,10,100.000000,100.000000,100.000000,100.000000,100.000000,0.000000,10,40.107000,28.548400,24.312000,23.142000,39.111600,7.458291
phase1,C_simpleui,warm,synthetic,flat,50,library_folder_enter,PASS,1,10,0,0,,,,,,,,10,2.393204,2.393204,2.393204,2.393204,2.393204,0.000000,,,,,,,,10,2.000000,2.000000,2.000000,2.000000,2.000000,0.000000,10,100.000000,100.000000,100.000000,100.000000,100.000000,0.000000,10,211.229492,-131.690820,196.268555,-3098.896484,204.069043,1042.590099,10,17791.709961,15234.949609,15024.403320,13522.007812,16672.996777,1308.248144,10,4.000000,4.000000,4.000000,4.000000,4.000000,0.000000,10,6.000000,6.000000,6.000000,6.000000,6.000000,0.000000,10,201440.000000,201388.800000,201440.000000,201280.000000,201440.000000,67.798394,10,6.000000,6.000000,6.000000,6.000000,6.000000,0.000000,,,,,,,,10,100.000000,100.000000,100.000000,100.000000,100.000000,0.000000,10,34.550000,11.873900,9.073000,7.494000,16.069400,8.160720
phase1,C_simpleui,warm,synthetic,flat,50,library_next_page,PASS,1,10,0,0,,,,,,,,10,3.098301,1.298301,1.098301,1.098301,1.298301,0.632456,,,,,,,,10,3.000000,1.200000,1.000000,1.000000,1.200000,0.632456,10,100.000000,100.000000,100.000000,100.000000,100.000000,0.000000,10,803.438477,70.598145,735.375000,-3082.454102,793.511230,1285.922673,10,18906.609375,17170.524805,16952.505371,15656.894531,18837.681152,1160.339014,10,1.000000,1.000000,1.000000,1.000000,1.000000,0.000000,10,4.000000,2.200000,2.000000,2.000000,2.200000,0.632456,10,196448.000000,195915.200000,195856.000000,195856.000000,195915.200000,187.206837,10,4.000000,2.200000,2.000000,2.000000,2.200000,0.632456,,,,,,,,10,100.000000,100.000000,100.000000,100.000000,100.000000,0.000000,10,69.510000,26.580400,18.760500,15.543000,39.438300,16.899416
phase1,C_simpleui,warm,synthetic,flat,50,library_prev_page,PASS,1,10,0,0,,,,,,,,10,1.098301,1.098301,1.098301,1.098301,1.098301,0.000000,,,,,,,,10,1.000000,1.000000,1.000000,1.000000,1.000000,0.000000,10,100.000000,100.000000,100.000000,100.000000,100.000000,0.000000,10,834.225586,-364.482617,764.422852,-6601.245117,815.484668,2538.236267,10,20326.050781,16471.950781,16078.861328,14281.308594,18995.286523,1943.880229,10,1.000000,1.000000,1.000000,1.000000,1.000000,0.000000,10,2.000000,2.000000,2.000000,2.000000,2.000000,0.000000,10,196464.000000,196464.000000,196464.000000,196464.000000,196464.000000,0.000000,10,2.000000,2.000000,2.000000,2.000000,2.000000,0.000000,,,,,,,,10,100.000000,100.000000,100.000000,100.000000,100.000000,0.000000,10,40.526000,23.466100,20.241500,16.634000,38.356100,8.557475
phase1,C_simpleui,warm,synthetic,flat,50,open_book,PASS,1,10,0,0,,,,,,,,10,13.000000,10.600000,9.000000,9.000000,13.000000,2.065591,,,,,,,,10,13.000000,10.600000,9.000000,9.000000,13.000000,2.065591,10,100.000000,100.000000,100.000000,100.000000,100.000000,0.000000,10,1297.770508,-2197.648145,-2396.504883,-4930.116211,339.405859,1800.786743,10,35232.666016,30685.670215,31227.066895,26364.205078,33283.910254,2780.644760,10,0.000000,0.000000,0.000000,0.000000,0.000000,0.000000,10,13.000000,10.600000,9.000000,9.000000,13.000000,2.065591,10,246912.000000,239936.000000,240672.000000,234992.000000,243484.800000,4095.041555,10,13.000000,10.600000,9.000000,9.000000,13.000000,2.065591,,,,,,,,10,100.000000,100.000000,100.000000,100.000000,100.000000,0.000000,10,1073.666000,221.049100,132.156500,98.852000,237.973700,299.976103
phase1,C_simpleui,warm,synthetic,flat,50,open_book_minimal,PASS,1,10,0,0,,,,,,,,10,0.000000,0.000000,0.000000,0.000000,0.000000,0.000000,,,,,,,,10,0.000000,0.000000,0.000000,0.000000,0.000000,0.000000,10,0.000000,0.000000,0.000000,0.000000,0.000000,0.000000,10,1460.965820,-1771.604980,-2113.763184,-3230.337891,-576.700098,1340.117340,10,25269.326172,20770.054590,20214.899902,16193.634766,24524.008398,3062.984257,10,0.000000,0.000000,0.000000,0.000000,0.000000,0.000000,10,0.000000,0.000000,0.000000,0.000000,0.000000,0.000000,10,231376.000000,223664.000000,223264.000000,215584.000000,227790.400000,4317.029431,10,0.000000,0.000000,0.000000,0.000000,0.000000,0.000000,,,,,,,,10,0.000000,0.000000,0.000000,0.000000,0.000000,0.000000,10,126.661000,104.827300,106.281000,79.502000,114.896200,12.525501
phase1,C_simpleui,warm,synthetic,flat,50,open_quick_settings,PASS,1,10,0,0,,,,,,,,10,2.000000,2.000000,2.000000,2.000000,2.000000,0.000000,,,,,,,,10,2.000000,2.000000,2.000000,2.000000,2.000000,0.000000,10,100.000000,100.000000,100.000000,100.000000,100.000000,0.000000,10,295.666992,257.031445,251.547852,232.647461,280.818750,21.249087,10,49131.187500,47450.465820,47461.965820,45795.259766,48758.162109,1112.746842,10,0.000000,0.000000,0.000000,0.000000,0.000000,0.000000,10,2.000000,2.000000,2.000000,2.000000,2.000000,0.000000,10,260320.000000,260320.000000,260320.000000,260320.000000,260320.000000,0.000000,10,2.000000,2.000000,2.000000,2.000000,2.000000,0.000000,,,,,,,,10,100.000000,100.000000,100.000000,100.000000,100.000000,0.000000,10,9.292000,8.629400,8.578500,8.004000,9.086800,0.393399
phase1,C_simpleui,warm,synthetic,flat,50,repeated_nav,PASS,1,2,0,0,,,,,,,,2,12.983010,11.983010,11.983010,10.983010,12.783010,1.414214,,,,,,,,2,12.000000,11.000000,11.000000,10.000000,11.800000,1.414214,2,100.000000,100.000000,100.000000,100.000000,100.000000,0.000000,2,5200.984375,-5852.296387,-5852.296387,-16905.577148,2990.328223,15631.699562,2,64656.938477,56213.839355,56213.839355,47770.740234,62968.318652,11940.345286,2,10.000000,10.000000,10.000000,10.000000,10.000000,0.000000,2,22.000000,21.000000,21.000000,20.000000,21.800000,1.414214,2,274640.000000,273536.000000,273536.000000,272432.000000,274419.200000,1561.291773,2,22.000000,21.000000,21.000000,20.000000,21.800000,1.414214,,,,,,,,2,100.000000,100.000000,100.000000,100.000000,100.000000,0.000000,2,512.364000,301.642000,301.642000,90.920000,470.219600,298.005910
phase1,C_simpleui,warm,synthetic,flat,50,start_to_home,PASS,1,10,0,0,,,,,,,,10,0.000000,0.000000,0.000000,0.000000,0.000000,0.000000,,,,,,,,10,0.000000,0.000000,0.000000,0.000000,0.000000,0.000000,10,0.000000,0.000000,0.000000,0.000000,0.000000,0.000000,10,9.820312,4.393750,3.468750,2.289062,7.141406,2.257028,10,13197.066406,13150.246484,13148.478516,13108.601562,13185.946484,28.955252,10,0.000000,0.000000,0.000000,0.000000,0.000000,0.000000,10,0.000000,0.000000,0.000000,0.000000,0.000000,0.000000,10,174352.000000,174352.000000,174352.000000,174352.000000,174352.000000,0.000000,10,0.000000,0.000000,0.000000,0.000000,0.000000,0.000000,,,,,,,,10,0.000000,0.000000,0.000000,0.000000,0.000000,0.000000,10,0.114000,0.050300,0.041500,0.019000,0.075300,0.026600
phase1,C_simpleui,warm,synthetic,hierarchical,2000,change_sort_mode,PASS,1,10,0,0,,,,,,,,10,2.393204,2.393204,2.393204,2.393204,2.393204,0.000000,,,,,,,,10,2.000000,2.000000,2.000000,2.000000,2.000000,0.000000,10,100.000000,100.000000,100.000000,100.000000,100.000000,0.000000,10,318.344727,127.782617,284.258789,-1362.078125,314.551367,523.727238,10,17481.609375,16811.918457,16817.593262,16126.296875,17361.672949,454.528590,10,4.000000,4.000000,4.000000,4.000000,4.000000,0.000000,10,6.000000,6.000000,6.000000,6.000000,6.000000,0.000000,10,188304.000000,188304.000000,188304.000000,188304.000000,188304.000000,0.000000,10,6.000000,6.000000,6.000000,6.000000,6.000000,0.000000,,,,,,,,10,100.000000,100.000000,100.000000,100.000000,100.000000,0.000000,10,44.718000,17.380300,14.568000,11.819000,20.152500,9.753042
phase1,C_simpleui,warm,synthetic,hierarchical,2000,close_book,PASS,1,10,0,0,,,,,,,,10,104.393204,26.093204,17.393204,17.393204,26.093204,27.511816,,,,,,,,10,104.000000,25.700000,17.000000,17.000000,25.700000,27.511816,10,100.000000,100.000000,100.000000,100.000000,100.000000,0.000000,10,4202.480469,2523.110645,3543.426270,-615.000977,4197.476855,2101.512360,10,50640.346680,46133.888770,45764.881348,42172.997070,48883.878027,2654.688005,10,4.000000,4.000000,4.000000,4.000000,4.000000,0.000000,10,108.000000,29.700000,21.000000,21.000000,29.700000,27.511816,10,256112.000000,255193.600000,255760.000000,252656.000000,256112.000000,1277.691251,10,108.000000,29.700000,21.000000,21.000000,29.700000,27.511816,,,,,,,,10,100.000000,100.000000,100.000000,100.000000,100.000000,0.000000,10,8304.586000,921.404500,78.183500,54.988000,981.970000,2594.581129
phase1,C_simpleui,warm,synthetic,hierarchical,2000,close_quick_settings,PASS,1,10,0,0,,,,,,,,10,3.000000,3.000000,3.000000,3.000000,3.000000,0.000000,,,,,,,,10,3.000000,3.000000,3.000000,3.000000,3.000000,0.000000,10,100.000000,100.000000,100.000000,100.000000,100.000000,0.000000,10,227.619141,169.915137,160.849121,133.004883,200.309766,27.377060,10,56602.664062,54812.589648,54838.125000,52931.565430,56255.740430,1219.811551,10,0.000000,0.000000,0.000000,0.000000,0.000000,0.000000,10,3.000000,3.000000,3.000000,3.000000,3.000000,0.000000,10,261248.000000,261248.000000,261248.000000,261248.000000,261248.000000,0.000000,10,3.000000,3.000000,3.000000,3.000000,3.000000,0.000000,,,,,,,,10,100.000000,100.000000,100.000000,100.000000,100.000000,0.000000,10,13.168000,11.731100,11.697000,10.306000,12.499300,0.827212
phase1,C_simpleui,warm,synthetic,hierarchical,2000,home_to_library,PASS,1,10,0,0,,,,,,,,10,0.000000,0.000000,0.000000,0.000000,0.000000,0.000000,,,,,,,,10,0.000000,0.000000,0.000000,0.000000,0.000000,0.000000,10,0.000000,0.000000,0.000000,0.000000,0.000000,0.000000,10,9.007812,5.367969,4.277344,2.601562,8.666797,2.466878,10,13096.371094,13045.814062,13042.035156,13002.359375,13088.179688,33.015024,10,0.000000,0.000000,0.000000,0.000000,0.000000,0.000000,10,0.000000,0.000000,0.000000,0.000000,0.000000,0.000000,10,171856.000000,171856.000000,171856.000000,171856.000000,171856.000000,0.000000,10,0.000000,0.000000,0.000000,0.000000,0.000000,0.000000,,,,,,,,10,0.000000,0.000000,0.000000,0.000000,0.000000,0.000000,10,0.137000,0.084000,0.078000,0.035000,0.127100,0.032951
phase1,C_simpleui,warm,synthetic,hierarchical,2000,library_first_render,PASS,1,10,0,0,,,,,,,,10,2.294903,2.294903,2.294903,2.294903,2.294903,0.000000,,,,,,,,10,2.000000,2.000000,2.000000,2.000000,2.000000,0.000000,10,100.000000,100.000000,100.000000,100.000000,100.000000,0.000000,10,867.284180,60.410938,753.062500,-2924.970703,830.525684,1309.563713,10,17954.662109,15945.168066,15968.433105,14272.765625,17263.838281,1253.787474,10,3.000000,3.000000,3.000000,3.000000,3.000000,0.000000,10,5.000000,5.000000,5.000000,5.000000,5.000000,0.000000,10,182656.000000,182656.000000,182656.000000,182656.000000,182656.000000,0.000000,10,5.000000,5.000000,5.000000,5.000000,5.000000,0.000000,,,,,,,,10,100.000000,100.000000,100.000000,100.000000,100.000000,0.000000,10,43.805000,31.022700,28.425500,25.855000,40.906100,6.166343
phase1,C_simpleui,warm,synthetic,hierarchical,2000,library_folder_back,PASS,1,10,0,0,,,,,,,,10,2.393204,2.393204,2.393204,2.393204,2.393204,0.000000,,,,,,,,10,2.000000,2.000000,2.000000,2.000000,2.000000,0.000000,10,100.000000,100.000000,100.000000,100.000000,100.000000,0.000000,10,412.381836,80.219531,340.045898,-2369.830078,389.083789,861.379800,10,18278.418945,17081.779297,17239.099121,15585.406250,18157.593945,914.244943,10,4.000000,4.000000,4.000000,4.000000,4.000000,0.000000,10,6.000000,6.000000,6.000000,6.000000,6.000000,0.000000,10,188304.000000,187985.600000,188000.000000,187664.000000,188289.600000,236.652206,10,6.000000,6.000000,6.000000,6.000000,6.000000,0.000000,,,,,,,,10,100.000000,100.000000,100.000000,100.000000,100.000000,0.000000,10,36.668000,18.610200,17.476500,12.340000,21.892700,6.774866
phase1,C_simpleui,warm,synthetic,hierarchical,2000,library_folder_enter,PASS,1,10,0,0,,,,,,,,10,2.393204,2.393204,2.393204,2.393204,2.393204,0.000000,,,,,,,,10,2.000000,2.000000,2.000000,2.000000,2.000000,0.000000,10,100.000000,100.000000,100.000000,100.000000,100.000000,0.000000,10,1362.967773,695.066699,1048.739746,-1672.028320,1361.370801,933.056320,10,18186.156250,16831.150879,16681.513184,15474.792969,17978.840723,1012.300099,10,4.000000,4.000000,4.000000,4.000000,4.000000,0.000000,10,6.000000,6.000000,6.000000,6.000000,6.000000,0.000000,10,186656.000000,184600.000000,184416.000000,184000.000000,184971.200000,764.296627,10,6.000000,6.000000,6.000000,6.000000,6.000000,0.000000,,,,,,,,10,100.000000,100.000000,100.000000,100.000000,100.000000,0.000000,10,49.652000,25.567000,24.384500,8.725000,39.725900,12.313242
phase1,C_simpleui,warm,synthetic,hierarchical,2000,library_next_page,UNSUPPORTED,1,0,0,10,,,,,,,,,,,,,,,,,,,,,,,,,,,,,,,,,,,,,,,,,,,,,,,,,,,,,,,,,,,,,,,,,,,,,,,,,,,,,,,,,,,,,,,,,,,,,,,,,,
phase1,C_simpleui,warm,synthetic,hierarchical,2000,library_prev_page,UNSUPPORTED,1,0,0,10,,,,,,,,,,,,,,,,,,,,,,,,,,,,,,,,,,,,,,,,,,,,,,,,,,,,,,,,,,,,,,,,,,,,,,,,,,,,,,,,,,,,,,,,,,,,,,,,,,
phase1,C_simpleui,warm,synthetic,hierarchical,2000,open_book,PASS,1,10,0,0,,,,,,,,10,9.000000,9.000000,9.000000,9.000000,9.000000,0.000000,,,,,,,,10,9.000000,9.000000,9.000000,9.000000,9.000000,0.000000,10,100.000000,100.000000,100.000000,100.000000,100.000000,0.000000,10,1529.603516,-911.940918,-971.263184,-3341.809570,1462.026172,2192.011111,10,39245.948242,35039.780664,35088.334473,31074.322266,38171.415918,2679.501974,10,0.000000,0.000000,0.000000,0.000000,0.000000,0.000000,10,9.000000,9.000000,9.000000,9.000000,9.000000,0.000000,10,252608.000000,242995.200000,240816.000000,233936.000000,249152.000000,5991.941492,10,9.000000,9.000000,9.000000,9.000000,9.000000,0.000000,,,,,,,,10,100.000000,100.000000,100.000000,100.000000,100.000000,0.000000,10,188.033000,139.713400,137.247500,96.683000,186.106100,35.669307
phase1,C_simpleui,warm,synthetic,hierarchical,2000,open_book_minimal,PASS,1,10,0,0,,,,,,,,10,0.000000,0.000000,0.000000,0.000000,0.000000,0.000000,,,,,,,,10,0.000000,0.000000,0.000000,0.000000,0.000000,0.000000,10,0.000000,0.000000,0.000000,0.000000,0.000000,0.000000,10,1353.568359,-1694.816113,-2364.710449,-3059.112305,1290.647461,1642.485951,10,28370.406250,24288.354395,24461.122070,19992.339844,27548.482129,2792.687122,10,0.000000,0.000000,0.000000,0.000000,0.000000,0.000000,10,0.000000,0.000000,0.000000,0.000000,0.000000,0.000000,10,231632.000000,225692.800000,226408.000000,214112.000000,230825.600000,5485.710180,10,0.000000,0.000000,0.000000,0.000000,0.000000,0.000000,,,,,,,,10,0.000000,0.000000,0.000000,0.000000,0.000000,0.000000,10,143.071000,115.020000,111.265000,93.522000,135.049300,17.081988
phase1,C_simpleui,warm,synthetic,hierarchical,2000,open_quick_settings,PASS,1,10,0,0,,,,,,,,10,2.000000,2.000000,2.000000,2.000000,2.000000,0.000000,,,,,,,,10,2.000000,2.000000,2.000000,2.000000,2.000000,0.000000,10,100.000000,100.000000,100.000000,100.000000,100.000000,0.000000,10,292.247070,261.659082,263.170898,230.104492,282.518457,19.680857,10,51574.247070,49842.011230,49832.436035,48131.878906,51183.712109,1133.961212,10,0.000000,0.000000,0.000000,0.000000,0.000000,0.000000,10,2.000000,2.000000,2.000000,2.000000,2.000000,0.000000,10,261248.000000,261248.000000,261248.000000,261248.000000,261248.000000,0.000000,10,2.000000,2.000000,2.000000,2.000000,2.000000,0.000000,,,,,,,,10,100.000000,100.000000,100.000000,100.000000,100.000000,0.000000,10,9.211000,8.653100,8.863500,7.464000,9.132700,0.557735
phase1,C_simpleui,warm,synthetic,hierarchical,2000,repeated_nav,PASS,1,2,0,0,,,,,,,,2,12.983010,11.983010,11.983010,10.983010,12.783010,1.414214,,,,,,,,2,12.000000,11.000000,11.000000,10.000000,11.800000,1.414214,2,100.000000,100.000000,100.000000,100.000000,100.000000,0.000000,2,3102.359375,-4769.019531,-4769.019531,-12640.398438,1528.083594,11131.810804,2,61821.988281,55512.509766,55512.509766,49203.031250,60560.092578,8922.950088,2,10.000000,10.000000,10.000000,10.000000,10.000000,0.000000,2,22.000000,21.000000,21.000000,20.000000,21.800000,1.414214,2,271376.000000,270016.000000,270016.000000,268656.000000,271104.000000,1923.330445,2,22.000000,21.000000,21.000000,20.000000,21.800000,1.414214,,,,,,,,2,100.000000,100.000000,100.000000,100.000000,100.000000,0.000000,2,558.814000,322.018000,322.018000,85.222000,511.454800,334.880115
phase1,C_simpleui,warm,synthetic,hierarchical,2000,start_to_home,PASS,1,10,0,0,,,,,,,,10,0.000000,0.000000,0.000000,0.000000,0.000000,0.000000,,,,,,,,10,0.000000,0.000000,0.000000,0.000000,0.000000,0.000000,10,0.000000,0.000000,0.000000,0.000000,0.000000,0.000000,10,10.562500,4.215234,3.634766,2.148438,5.633594,2.403784,10,12956.355469,12910.361719,12914.615234,12862.851562,12947.816016,33.261763,10,0.000000,0.000000,0.000000,0.000000,0.000000,0.000000,10,0.000000,0.000000,0.000000,0.000000,0.000000,0.000000,10,171856.000000,171856.000000,171856.000000,171856.000000,171856.000000,0.000000,10,0.000000,0.000000,0.000000,0.000000,0.000000,0.000000,,,,,,,,10,0.000000,0.000000,0.000000,0.000000,0.000000,0.000000,10,0.101000,0.049800,0.044500,0.009000,0.084800,0.026080
phase1,C_simpleui,warm,synthetic,hierarchical,50,change_sort_mode,PASS,1,10,0,0,,,,,,,,10,2.393204,2.393204,2.393204,2.393204,2.393204,0.000000,,,,,,,,10,2.000000,2.000000,2.000000,2.000000,2.000000,0.000000,10,100.000000,100.000000,100.000000,100.000000,100.000000,0.000000,10,320.368164,-149.658398,274.430176,-2515.310547,300.216602,962.956802,10,18268.294922,16912.705859,16826.480957,15763.667969,18026.981543,878.217564,10,4.000000,4.000000,4.000000,4.000000,4.000000,0.000000,10,6.000000,6.000000,6.000000,6.000000,6.000000,0.000000,10,187136.000000,187136.000000,187136.000000,187136.000000,187136.000000,0.000000,10,6.000000,6.000000,6.000000,6.000000,6.000000,0.000000,,,,,,,,10,100.000000,100.000000,100.000000,100.000000,100.000000,0.000000,10,34.297000,15.830100,11.824000,9.665000,31.922800,9.129689
phase1,C_simpleui,warm,synthetic,hierarchical,50,close_book,PASS,1,10,0,0,,,,,,,,10,17.393204,17.393204,17.393204,17.393204,17.393204,0.000000,,,,,,,,10,17.000000,17.000000,17.000000,17.000000,17.000000,0.000000,10,100.000000,100.000000,100.000000,100.000000,100.000000,0.000000,10,6002.465820,2722.075098,3548.594238,-793.659180,4139.803320,2187.859503,10,50488.016602,44519.278027,43925.340820,39103.927734,49382.643457,3570.221372,10,4.000000,4.000000,4.000000,4.000000,4.000000,0.000000,10,21.000000,21.000000,21.000000,21.000000,21.000000,0.000000,10,256896.000000,250796.800000,251312.000000,245856.000000,253468.800000,3601.637553,10,21.000000,21.000000,21.000000,21.000000,21.000000,0.000000,,,,,,,,10,100.000000,100.000000,100.000000,100.000000,100.000000,0.000000,10,22987.582000,2377.323600,88.817500,49.735000,2427.886600,7241.804523
phase1,C_simpleui,warm,synthetic,hierarchical,50,close_quick_settings,PASS,1,10,0,0,,,,,,,,10,3.000000,3.000000,3.000000,3.000000,3.000000,0.000000,,,,,,,,10,3.000000,3.000000,3.000000,3.000000,3.000000,0.000000,10,100.000000,100.000000,100.000000,100.000000,100.000000,0.000000,10,227.056641,182.380957,183.004883,111.227539,217.709473,35.452767,10,62030.975586,60074.170898,60068.091309,58182.948242,61659.184180,1310.819544,10,0.000000,0.000000,0.000000,0.000000,0.000000,0.000000,10,3.000000,3.000000,3.000000,3.000000,3.000000,0.000000,10,256896.000000,256896.000000,256896.000000,256896.000000,256896.000000,0.000000,10,3.000000,3.000000,3.000000,3.000000,3.000000,0.000000,,,,,,,,10,100.000000,100.000000,100.000000,100.000000,100.000000,0.000000,10,13.250000,11.819400,11.905500,10.707000,12.917000,0.831069
phase1,C_simpleui,warm,synthetic,hierarchical,50,home_to_library,PASS,1,10,0,0,,,,,,,,10,0.000000,0.000000,0.000000,0.000000,0.000000,0.000000,,,,,,,,10,0.000000,0.000000,0.000000,0.000000,0.000000,0.000000,10,0.000000,0.000000,0.000000,0.000000,0.000000,0.000000,10,6.488281,3.210938,2.546875,2.335938,4.892187,1.360254,10,12938.082031,12898.631641,12896.570312,12860.980469,12932.344531,27.569554,10,0.000000,0.000000,0.000000,0.000000,0.000000,0.000000,10,0.000000,0.000000,0.000000,0.000000,0.000000,0.000000,10,171280.000000,171280.000000,171280.000000,171280.000000,171280.000000,0.000000,10,0.000000,0.000000,0.000000,0.000000,0.000000,0.000000,,,,,,,,10,0.000000,0.000000,0.000000,0.000000,0.000000,0.000000,10,0.079000,0.043400,0.045000,0.011000,0.061000,0.020582
phase1,C_simpleui,warm,synthetic,hierarchical,50,library_first_render,PASS,1,10,0,0,,,,,,,,10,2.294903,2.294903,2.294903,2.294903,2.294903,0.000000,,,,,,,,10,2.000000,2.000000,2.000000,2.000000,2.000000,0.000000,10,100.000000,100.000000,100.000000,100.000000,100.000000,0.000000,10,812.429688,82.409180,721.563965,-2246.756836,756.903906,1157.747205,10,18287.367188,15934.479883,15742.908691,14285.682617,17614.475684,1346.447841,10,3.000000,3.000000,3.000000,3.000000,3.000000,0.000000,10,5.000000,5.000000,5.000000,5.000000,5.000000,0.000000,10,182656.000000,182656.000000,182656.000000,182656.000000,182656.000000,0.000000,10,5.000000,5.000000,5.000000,5.000000,5.000000,0.000000,,,,,,,,10,100.000000,100.000000,100.000000,100.000000,100.000000,0.000000,10,46.443000,31.000100,28.300500,26.039000,39.665100,6.610486
phase1,C_simpleui,warm,synthetic,hierarchical,50,library_folder_back,PASS,1,10,0,0,,,,,,,,10,2.393204,2.393204,2.393204,2.393204,2.393204,0.000000,,,,,,,,10,2.000000,2.000000,2.000000,2.000000,2.000000,0.000000,10,100.000000,100.000000,100.000000,100.000000,100.000000,0.000000,10,381.377930,-238.305078,319.369629,-2443.027344,380.750391,1003.956810,10,17079.113281,15992.006543,15966.340332,15267.492188,16868.602930,649.372210,10,4.000000,4.000000,4.000000,4.000000,4.000000,0.000000,10,6.000000,6.000000,6.000000,6.000000,6.000000,0.000000,10,187136.000000,187043.200000,187088.000000,186896.000000,187136.000000,103.362147,10,6.000000,6.000000,6.000000,6.000000,6.000000,0.000000,,,,,,,,10,100.000000,100.000000,100.000000,100.000000,100.000000,0.000000,10,44.294000,22.973900,17.571500,10.366000,41.133200,13.108370
phase1,C_simpleui,warm,synthetic,hierarchical,50,library_folder_enter,PASS,1,10,0,0,,,,,,,,10,2.393204,2.393204,2.393204,2.393204,2.393204,0.000000,,,,,,,,10,2.000000,2.000000,2.000000,2.000000,2.000000,0.000000,10,100.000000,100.000000,100.000000,100.000000,100.000000,0.000000,10,623.538086,-46.589941,189.875977,-1323.814453,375.764746,611.797331,10,16127.647461,15423.955957,15409.243652,14808.003906,15996.652637,427.564510,10,4.000000,4.000000,4.000000,4.000000,4.000000,0.000000,10,6.000000,6.000000,6.000000,6.000000,6.000000,0.000000,10,184096.000000,183595.200000,183552.000000,183392.000000,183721.600000,213.340000,10,6.000000,6.000000,6.000000,6.000000,6.000000,0.000000,,,,,,,,10,100.000000,100.000000,100.000000,100.000000,100.000000,0.000000,10,57.366000,26.112900,22.972000,9.595000,48.922200,16.695583
phase1,C_simpleui,warm,synthetic,hierarchical,50,library_next_page,UNSUPPORTED,1,0,0,10,,,,,,,,,,,,,,,,,,,,,,,,,,,,,,,,,,,,,,,,,,,,,,,,,,,,,,,,,,,,,,,,,,,,,,,,,,,,,,,,,,,,,,,,,,,,,,,,,,
phase1,C_simpleui,warm,synthetic,hierarchical,50,library_prev_page,UNSUPPORTED,1,0,0,10,,,,,,,,,,,,,,,,,,,,,,,,,,,,,,,,,,,,,,,,,,,,,,,,,,,,,,,,,,,,,,,,,,,,,,,,,,,,,,,,,,,,,,,,,,,,,,,,,,
phase1,C_simpleui,warm,synthetic,hierarchical,50,open_book,PASS,1,10,0,0,,,,,,,,10,13.000000,11.000000,11.000000,9.000000,13.000000,2.108185,,,,,,,,10,13.000000,11.000000,11.000000,9.000000,13.000000,2.108185,10,100.000000,100.000000,100.000000,100.000000,100.000000,0.000000,10,1664.875977,-1602.004004,-3317.666016,-4282.182617,1647.122070,2720.934750,10,35925.945312,32259.172754,32234.357422,28702.397461,35221.581055,2466.125609,10,0.000000,0.000000,0.000000,0.000000,0.000000,0.000000,10,13.000000,11.000000,11.000000,9.000000,13.000000,2.108185,10,243632.000000,239678.400000,239928.000000,234272.000000,243632.000000,3813.347879,10,13.000000,11.000000,11.000000,9.000000,13.000000,2.108185,,,,,,,,10,100.000000,100.000000,100.000000,100.000000,100.000000,0.000000,10,158.707000,131.357100,137.594000,96.913000,157.400200,25.249249
phase1,C_simpleui,warm,synthetic,hierarchical,50,open_book_minimal,PASS,1,10,0,0,,,,,,,,10,0.000000,0.000000,0.000000,0.000000,0.000000,0.000000,,,,,,,,10,0.000000,0.000000,0.000000,0.000000,0.000000,0.000000,10,0.000000,0.000000,0.000000,0.000000,0.000000,0.000000,10,1473.003906,-1580.986328,-1748.792969,-3753.681641,1387.559277,1867.545751,10,26850.857422,22523.029980,22637.342285,18435.458008,25424.515625,2787.957307,10,0.000000,0.000000,0.000000,0.000000,0.000000,0.000000,10,0.000000,0.000000,0.000000,0.000000,0.000000,0.000000,10,227440.000000,223699.200000,224368.000000,218080.000000,227440.000000,3721.083140,10,0.000000,0.000000,0.000000,0.000000,0.000000,0.000000,,,,,,,,10,0.000000,0.000000,0.000000,0.000000,0.000000,0.000000,10,132.136000,110.089600,114.831500,75.509000,127.958200,19.948714
phase1,C_simpleui,warm,synthetic,hierarchical,50,open_quick_settings,PASS,1,10,0,0,,,,,,,,10,2.000000,2.000000,2.000000,2.000000,2.000000,0.000000,,,,,,,,10,2.000000,2.000000,2.000000,2.000000,2.000000,0.000000,10,100.000000,100.000000,100.000000,100.000000,100.000000,0.000000,10,295.968750,258.335254,257.016602,219.054688,294.973828,25.663073,10,56908.811523,55316.048047,55334.866211,53594.422852,56627.142285,1112.891967,10,0.000000,0.000000,0.000000,0.000000,0.000000,0.000000,10,2.000000,2.000000,2.000000,2.000000,2.000000,0.000000,10,256896.000000,256896.000000,256896.000000,256896.000000,256896.000000,0.000000,10,2.000000,2.000000,2.000000,2.000000,2.000000,0.000000,,,,,,,,10,100.000000,100.000000,100.000000,100.000000,100.000000,0.000000,10,9.271000,8.645300,8.641500,7.787000,9.249400,0.459105
phase1,C_simpleui,warm,synthetic,hierarchical,50,repeated_nav,PASS,1,2,0,0,,,,,,,,2,10.983010,10.983010,10.983010,10.983010,10.983010,0.000000,,,,,,,,2,10.000000,10.000000,10.000000,10.000000,10.000000,0.000000,2,100.000000,100.000000,100.000000,100.000000,100.000000,0.000000,2,3354.077148,-9816.954102,-9816.954102,-22987.985352,719.870898,18626.651024,2,68843.983398,57360.621582,57360.621582,45877.259766,66547.311035,16239.926022,2,10.000000,10.000000,10.000000,10.000000,10.000000,0.000000,2,20.000000,20.000000,20.000000,20.000000,20.000000,0.000000,2,256896.000000,256896.000000,256896.000000,256896.000000,256896.000000,0.000000,2,20.000000,20.000000,20.000000,20.000000,20.000000,0.000000,,,,,,,,2,100.000000,100.000000,100.000000,100.000000,100.000000,0.000000,2,480.373000,286.709500,286.709500,93.046000,441.640300,273.881548
phase1,C_simpleui,warm,synthetic,hierarchical,50,start_to_home,PASS,1,10,0,0,,,,,,,,10,0.000000,0.000000,0.000000,0.000000,0.000000,0.000000,,,,,,,,10,0.000000,0.000000,0.000000,0.000000,0.000000,0.000000,10,0.000000,0.000000,0.000000,0.000000,0.000000,0.000000,10,7.304688,4.095703,3.576172,1.992188,6.981250,2.041164,10,12823.937500,12777.658203,12778.000000,12733.269531,12817.015234,30.911077,10,0.000000,0.000000,0.000000,0.000000,0.000000,0.000000,10,0.000000,0.000000,0.000000,0.000000,0.000000,0.000000,10,171280.000000,171280.000000,171280.000000,171280.000000,171280.000000,0.000000,10,0.000000,0.000000,0.000000,0.000000,0.000000,0.000000,,,,,,,,10,0.000000,0.000000,0.000000,0.000000,0.000000,0.000000,10,0.119000,0.047400,0.053500,0.006000,0.065000,0.032667
phase1,D_zenos,first_run_cold,startup,hierarchical,2000,home_to_library,PASS,3,3,0,0,,,,,,,,3,6.132888,6.132888,6.132888,6.132888,6.132888,0.000000,,,,,,,,3,6.000000,6.000000,6.000000,6.000000,6.000000,0.000000,3,100.000000,100.000000,100.000000,100.000000,100.000000,0.000000,3,2981.416016,2910.412435,2964.385742,2785.435547,2978.009961,108.567603,3,17675.846680,17538.278320,17598.397461,17340.590820,17660.356836,175.527366,3,3.000000,3.000000,3.000000,3.000000,3.000000,0.000000,3,9.000000,9.000000,9.000000,9.000000,9.000000,0.000000,3,198080.000000,195226.666667,197184.000000,190416.000000,197900.800000,4190.177721,3,9.000000,9.000000,9.000000,9.000000,9.000000,0.000000,,,,,,,,3,100.000000,100.000000,100.000000,100.000000,100.000000,0.000000,3,72.047000,69.019000,68.240000,66.770000,71.285600,2.723383
phase1,D_zenos,first_run_cold,startup,hierarchical,2000,library_first_render,PASS,3,3,0,0,,,,,,,,3,3.088592,3.088592,3.088592,3.088592,3.088592,0.000000,,,,,,,,3,3.000000,3.000000,3.000000,3.000000,3.000000,0.000000,3,100.000000,100.000000,100.000000,100.000000,100.000000,0.000000,3,737.439453,701.854818,708.519531,659.605469,731.655469,39.342675,3,18430.696289,18256.475586,18322.151367,18016.579102,18408.987305,214.728299,3,2.000000,2.000000,2.000000,2.000000,2.000000,0.000000,3,5.000000,5.000000,5.000000,5.000000,5.000000,0.000000,3,198080.000000,195408.000000,197184.000000,190960.000000,197900.800000,3878.044868,3,5.000000,5.000000,5.000000,5.000000,5.000000,0.000000,,,,,,,,3,100.000000,100.000000,100.000000,100.000000,100.000000,0.000000,3,31.179000,30.946000,30.857000,30.802000,31.114600,0.203649
phase1,D_zenos,steady_state_cold,startup,hierarchical,2000,home_to_library,PASS,3,3,0,0,,,,,,,,3,6.132888,6.132888,6.132888,6.132888,6.132888,0.000000,,,,,,,,3,6.000000,6.000000,6.000000,6.000000,6.000000,0.000000,3,100.000000,100.000000,100.000000,100.000000,100.000000,0.000000,3,2916.968750,2900.817057,2908.931641,2876.550781,2915.361328,21.395979,3,17183.751953,17133.815104,17110.302734,17107.390625,17169.062109,43.271085,3,3.000000,3.000000,3.000000,3.000000,3.000000,0.000000,3,9.000000,9.000000,9.000000,9.000000,9.000000,0.000000,3,192672.000000,185333.333333,185712.000000,177616.000000,191280.000000,7535.139371,3,9.000000,9.000000,9.000000,9.000000,9.000000,0.000000,,,,,,,,3,100.000000,100.000000,100.000000,100.000000,100.000000,0.000000,3,72.246000,70.302667,69.863000,68.799000,71.769400,1.765059
phase1,D_zenos,steady_state_cold,startup,hierarchical,2000,library_first_render,PASS,3,3,0,0,,,,,,,,3,3.088592,3.088592,3.088592,3.088592,3.088592,0.000000,,,,,,,,3,3.000000,3.000000,3.000000,3.000000,3.000000,0.000000,3,100.000000,100.000000,100.000000,100.000000,100.000000,0.000000,3,703.595703,668.200846,656.549805,644.457031,694.186523,31.243491,3,17843.541016,17819.418294,17827.578125,17787.135742,17840.348438,29.074488,3,2.000000,2.000000,2.000000,2.000000,2.000000,0.000000,3,5.000000,5.000000,5.000000,5.000000,5.000000,0.000000,3,192672.000000,185514.666667,185712.000000,178160.000000,191280.000000,7258.012216,3,5.000000,5.000000,5.000000,5.000000,5.000000,0.000000,,,,,,,,3,100.000000,100.000000,100.000000,100.000000,100.000000,0.000000,3,31.008000,29.620333,29.796000,28.057000,30.765600,1.483322
phase1,D_zenos,warm,synthetic,flat,2000,change_sort_mode,PASS,1,10,0,0,,,,,,,,10,2.000000,2.000000,2.000000,2.000000,2.000000,0.000000,,,,,,,,10,2.000000,2.000000,2.000000,2.000000,2.000000,0.000000,10,100.000000,100.000000,100.000000,100.000000,100.000000,0.000000,10,9167.823242,-128.849414,7213.908203,-16239.031250,9150.935059,11345.334173,10,38591.633789,28922.711426,30681.123047,20871.282227,38518.740820,6675.553771,10,0.000000,0.000000,0.000000,0.000000,0.000000,0.000000,10,2.000000,2.000000,2.000000,2.000000,2.000000,0.000000,10,234528.000000,234265.600000,234112.000000,234064.000000,234528.000000,226.424969,10,2.000000,2.000000,2.000000,2.000000,2.000000,0.000000,,,,,,,,10,100.000000,100.000000,100.000000,100.000000,100.000000,0.000000,10,138.885000,109.104700,101.207000,88.263000,135.302100,20.601491
phase1,D_zenos,warm,synthetic,flat,2000,close_book,PASS,1,10,0,0,,,,,,,,10,8.000000,8.000000,8.000000,8.000000,8.000000,0.000000,,,,,,,,10,8.000000,8.000000,8.000000,8.000000,8.000000,0.000000,10,100.000000,100.000000,100.000000,100.000000,100.000000,0.000000,10,2634.335938,1411.021289,1735.262695,-663.265625,2633.028125,1360.160861,10,41395.237305,37795.473535,38111.202148,33645.062500,40729.918457,2450.182979,10,0.000000,0.000000,0.000000,0.000000,0.000000,0.000000,10,8.000000,8.000000,8.000000,8.000000,8.000000,0.000000,10,272528.000000,272528.000000,272528.000000,272528.000000,272528.000000,0.000000,10,8.000000,8.000000,8.000000,8.000000,8.000000,0.000000,,,,,,,,10,100.000000,100.000000,100.000000,100.000000,100.000000,0.000000,10,119.602000,80.799400,79.641500,42.836000,118.378900,38.352640
phase1,D_zenos,warm,synthetic,flat,2000,close_quick_settings,PASS,1,10,0,0,,,,,,,,10,3.000000,3.000000,3.000000,3.000000,3.000000,0.000000,,,,,,,,10,3.000000,3.000000,3.000000,3.000000,3.000000,0.000000,10,100.000000,100.000000,100.000000,100.000000,100.000000,0.000000,10,120.135742,88.203809,88.528809,59.422852,113.905176,20.044863,10,47729.481445,46367.844043,46398.465820,44948.922852,47454.562207,932.758520,10,0.000000,0.000000,0.000000,0.000000,0.000000,0.000000,10,3.000000,3.000000,3.000000,3.000000,3.000000,0.000000,10,275264.000000,273590.400000,273440.000000,272528.000000,274889.600000,1032.690897,10,3.000000,3.000000,3.000000,3.000000,3.000000,0.000000,,,,,,,,10,100.000000,100.000000,100.000000,100.000000,100.000000,0.000000,10,12.741000,11.538400,11.367500,10.645000,12.514200,0.727589
phase1,D_zenos,warm,synthetic,flat,2000,home_to_library,PASS,1,10,0,0,,,,,,,,10,5.177184,5.177184,5.177184,5.177184,5.177184,0.000000,,,,,,,,10,5.000000,5.000000,5.000000,5.000000,5.000000,0.000000,10,100.000000,100.000000,100.000000,100.000000,100.000000,0.000000,10,10037.674805,-0.187305,3275.864746,-19655.423828,4236.658008,8267.948552,10,41297.732422,27129.770117,24629.865723,20671.409180,38018.937500,6969.199745,10,4.000000,4.000000,4.000000,4.000000,4.000000,0.000000,10,9.000000,9.000000,9.000000,9.000000,9.000000,0.000000,10,234064.000000,224899.200000,222640.000000,222640.000000,233833.600000,4763.193998,10,9.000000,9.000000,9.000000,9.000000,9.000000,0.000000,,,,,,,,10,100.000000,100.000000,100.000000,100.000000,100.000000,0.000000,10,142.492000,91.018200,82.419000,70.529000,109.465600,21.978798
phase1,D_zenos,warm,synthetic,flat,2000,library_first_render,PASS,1,10,0,0,,,,,,,,10,5.132888,3.593022,3.088592,3.088592,5.093022,0.858594,,,,,,,,10,5.000000,3.500000,3.000000,3.000000,5.000000,0.849837,10,100.000000,100.000000,100.000000,100.000000,100.000000,0.000000,10,3610.076172,491.462207,3185.811523,-13103.064453,3607.261035,6006.709523,10,35690.895508,28591.096289,29066.873535,22261.069336,32904.354004,4417.355859,10,3.000000,2.100000,2.000000,2.000000,2.100000,0.316228,10,8.000000,5.600000,5.000000,5.000000,7.100000,1.074968,10,234064.000000,234064.000000,234064.000000,234064.000000,234064.000000,0.000000,10,8.000000,5.600000,5.000000,5.000000,7.100000,1.074968,,,,,,,,10,100.000000,100.000000,100.000000,100.000000,100.000000,0.000000,10,120.742000,81.727000,73.345000,66.240000,108.243700,17.919649
phase1,D_zenos,warm,synthetic,flat,2000,library_folder_back,PASS,1,10,0,0,,,,,,,,10,1.044296,1.044296,1.044296,1.044296,1.044296,0.000000,,,,,,,,10,1.000000,1.000000,1.000000,1.000000,1.000000,0.000000,10,100.000000,100.000000,100.000000,100.000000,100.000000,0.000000,10,2880.208008,247.256445,2794.543945,-5772.349609,2849.242383,3432.870461,10,25391.697266,21609.833203,22262.158203,19401.304688,22931.411914,1949.973887,10,1.000000,1.000000,1.000000,1.000000,1.000000,0.000000,10,2.000000,2.000000,2.000000,2.000000,2.000000,0.000000,10,234064.000000,234064.000000,234064.000000,234064.000000,234064.000000,0.000000,10,2.000000,2.000000,2.000000,2.000000,2.000000,0.000000,,,,,,,,10,100.000000,100.000000,100.000000,100.000000,100.000000,0.000000,10,88.715000,64.004500,54.467000,50.956000,80.498900,15.245523
phase1,D_zenos,warm,synthetic,flat,2000,library_folder_enter,PASS,1,10,0,0,,,,,,,,10,1.044296,1.044296,1.044296,1.044296,1.044296,0.000000,,,,,,,,10,1.000000,1.000000,1.000000,1.000000,1.000000,0.000000,10,100.000000,100.000000,100.000000,100.000000,100.000000,0.000000,10,173.764648,115.380859,102.291504,91.968750,161.263965,29.357551,10,30587.173828,23592.313574,23165.092285,20245.699219,27995.674805,3379.590848,10,1.000000,1.000000,1.000000,1.000000,1.000000,0.000000,10,2.000000,2.000000,2.000000,2.000000,2.000000,0.000000,10,234064.000000,234064.000000,234064.000000,234064.000000,234064.000000,0.000000,10,2.000000,2.000000,2.000000,2.000000,2.000000,0.000000,,,,,,,,10,100.000000,100.000000,100.000000,100.000000,100.000000,0.000000,10,9.286000,7.586100,8.608000,4.959000,9.242800,1.691873
phase1,D_zenos,warm,synthetic,flat,2000,library_next_page,PASS,1,10,0,0,,,,,,,,10,2.000000,1.100000,1.000000,1.000000,1.100000,0.316228,,,,,,,,10,2.000000,1.100000,1.000000,1.000000,1.100000,0.316228,10,100.000000,100.000000,100.000000,100.000000,100.000000,0.000000,10,523.860352,117.237598,433.322754,-2825.382812,460.824316,1034.387159,10,25857.399414,23544.945703,23565.157715,21535.628906,25232.419727,1406.549646,10,0.000000,0.000000,0.000000,0.000000,0.000000,0.000000,10,2.000000,1.100000,1.000000,1.000000,1.100000,0.316228,10,234064.000000,234064.000000,234064.000000,234064.000000,234064.000000,0.000000,10,2.000000,1.100000,1.000000,1.000000,1.100000,0.316228,,,,,,,,10,100.000000,100.000000,100.000000,100.000000,100.000000,0.000000,10,37.122000,11.976800,8.417500,6.852000,18.998700,9.277202
phase1,D_zenos,warm,synthetic,flat,2000,library_prev_page,PASS,1,10,0,0,,,,,,,,10,1.000000,1.000000,1.000000,1.000000,1.000000,0.000000,,,,,,,,10,1.000000,1.000000,1.000000,1.000000,1.000000,0.000000,10,100.000000,100.000000,100.000000,100.000000,100.000000,0.000000,10,430.506836,-0.546484,406.540527,-1322.984375,423.946680,726.545624,10,23662.568359,22358.574219,22300.023926,21543.972656,23056.920215,711.295402,10,0.000000,0.000000,0.000000,0.000000,0.000000,0.000000,10,1.000000,1.000000,1.000000,1.000000,1.000000,0.000000,10,234064.000000,234064.000000,234064.000000,234064.000000,234064.000000,0.000000,10,1.000000,1.000000,1.000000,1.000000,1.000000,0.000000,,,,,,,,10,100.000000,100.000000,100.000000,100.000000,100.000000,0.000000,10,41.487000,17.707100,9.068000,6.991000,38.417100,14.618920
phase1,D_zenos,warm,synthetic,flat,2000,open_book,PASS,1,10,0,0,,,,,,,,10,9.000000,9.000000,9.000000,9.000000,9.000000,0.000000,,,,,,,,10,9.000000,9.000000,9.000000,9.000000,9.000000,0.000000,10,100.000000,100.000000,100.000000,100.000000,100.000000,0.000000,10,1419.659180,-1499.357129,-2491.863770,-4200.769531,1386.650098,2570.115823,10,34069.124023,31209.647852,31326.080566,28665.375977,33272.122168,1741.645926,10,0.000000,0.000000,0.000000,0.000000,0.000000,0.000000,10,9.000000,9.000000,9.000000,9.000000,9.000000,0.000000,10,272528.000000,271460.800000,271608.000000,269952.000000,272528.000000,1156.584704,10,9.000000,9.000000,9.000000,9.000000,9.000000,0.000000,,,,,,,,10,100.000000,100.000000,100.000000,100.000000,100.000000,0.000000,10,174.965000,133.792700,143.232000,92.697000,164.165000,31.271289
phase1,D_zenos,warm,synthetic,flat,2000,open_book_minimal,PASS,1,10,0,0,,,,,,,,10,0.000000,0.000000,0.000000,0.000000,0.000000,0.000000,,,,,,,,10,0.000000,0.000000,0.000000,0.000000,0.000000,0.000000,10,0.000000,0.000000,0.000000,0.000000,0.000000,0.000000,10,-1842.588867,-2457.955371,-2109.718750,-3340.341797,-1849.002246,647.021425,10,28778.004883,25632.402734,25350.934082,22781.691406,27741.685645,1767.831348,10,0.000000,0.000000,0.000000,0.000000,0.000000,0.000000,10,0.000000,0.000000,0.000000,0.000000,0.000000,0.000000,10,266720.000000,262075.200000,261264.000000,257776.000000,266720.000000,3490.731245,10,0.000000,0.000000,0.000000,0.000000,0.000000,0.000000,,,,,,,,10,0.000000,0.000000,0.000000,0.000000,0.000000,0.000000,10,136.505000,126.365300,128.032000,111.347000,136.268300,8.879202
phase1,D_zenos,warm,synthetic,flat,2000,open_quick_settings,PASS,1,10,0,0,,,,,,,,10,3.000000,3.000000,3.000000,3.000000,3.000000,0.000000,,,,,,,,10,3.000000,3.000000,3.000000,3.000000,3.000000,0.000000,10,100.000000,100.000000,100.000000,100.000000,100.000000,0.000000,10,332.324219,250.516602,236.783203,207.106445,327.442773,45.236787,10,43853.056641,41863.204395,41686.105957,40084.934570,43462.540137,1283.256583,10,0.000000,0.000000,0.000000,0.000000,0.000000,0.000000,10,3.000000,3.000000,3.000000,3.000000,3.000000,0.000000,10,272528.000000,272528.000000,272528.000000,272528.000000,272528.000000,0.000000,10,3.000000,3.000000,3.000000,3.000000,3.000000,0.000000,,,,,,,,10,100.000000,100.000000,100.000000,100.000000,100.000000,0.000000,10,9.664000,8.992200,8.917500,8.444000,9.662200,0.438969
phase1,D_zenos,warm,synthetic,flat,2000,repeated_nav,UNSUPPORTED,1,0,0,2,,,,,,,,,,,,,,,,,,,,,,,,,,,,,,,,,,,,,,,,,,,,,,,,,,,,,,,,,,,,,,,,,,,,,,,,,,,,,,,,,,,,,,,,,,,,,,,,,,
phase1,D_zenos,warm,synthetic,flat,2000,start_to_home,PASS,1,10,0,0,,,,,,,,10,1.000000,1.000000,1.000000,1.000000,1.000000,0.000000,,,,,,,,10,1.000000,1.000000,1.000000,1.000000,1.000000,0.000000,10,100.000000,100.000000,100.000000,100.000000,100.000000,0.000000,10,135.148438,70.234863,57.746582,39.680664,119.544336,33.212984,10,31263.404297,24235.082715,24030.640137,20070.184570,28198.723242,3730.048292,10,0.000000,0.000000,0.000000,0.000000,0.000000,0.000000,10,1.000000,1.000000,1.000000,1.000000,1.000000,0.000000,10,222640.000000,221427.200000,222640.000000,213056.000000,222640.000000,3048.062292,10,1.000000,1.000000,1.000000,1.000000,1.000000,0.000000,,,,,,,,10,100.000000,100.000000,100.000000,100.000000,100.000000,0.000000,10,13.283000,10.200100,9.989000,8.499000,12.991400,1.719126
phase1,D_zenos,warm,synthetic,flat,50,change_sort_mode,PASS,1,10,0,0,,,,,,,,10,2.000000,2.000000,2.000000,2.000000,2.000000,0.000000,,,,,,,,10,2.000000,2.000000,2.000000,2.000000,2.000000,0.000000,10,100.000000,100.000000,100.000000,100.000000,100.000000,0.000000,10,1036.798828,92.634180,870.343750,-2663.139648,977.118457,1392.422175,10,18205.417969,16541.964648,16474.081055,15479.290039,17464.859473,899.436909,10,0.000000,0.000000,0.000000,0.000000,0.000000,0.000000,10,2.000000,2.000000,2.000000,2.000000,2.000000,0.000000,10,208096.000000,208096.000000,208096.000000,208096.000000,208096.000000,0.000000,10,2.000000,2.000000,2.000000,2.000000,2.000000,0.000000,,,,,,,,10,100.000000,100.000000,100.000000,100.000000,100.000000,0.000000,10,46.598000,26.839200,20.978500,16.390000,42.378800,11.648920
phase1,D_zenos,warm,synthetic,flat,50,close_book,PASS,1,10,0,0,,,,,,,,10,7.000000,7.000000,7.000000,7.000000,7.000000,0.000000,,,,,,,,10,7.000000,7.000000,7.000000,7.000000,7.000000,0.000000,10,100.000000,100.000000,100.000000,100.000000,100.000000,0.000000,10,3211.728516,2933.843164,2898.587891,2664.213867,3185.813965,200.681988,10,35584.629883,33852.971094,34276.782715,30961.791016,35520.127832,1552.371369,10,0.000000,0.000000,0.000000,0.000000,0.000000,0.000000,10,7.000000,7.000000,7.000000,7.000000,7.000000,0.000000,10,254752.000000,249920.000000,250608.000000,245696.000000,253484.800000,2899.165857,10,7.000000,7.000000,7.000000,7.000000,7.000000,0.000000,,,,,,,,10,100.000000,100.000000,100.000000,100.000000,100.000000,0.000000,10,62.123000,51.690400,50.995000,43.087000,61.405700,7.458470
phase1,D_zenos,warm,synthetic,flat,50,close_quick_settings,PASS,1,10,0,0,,,,,,,,10,3.000000,3.000000,3.000000,3.000000,3.000000,0.000000,,,,,,,,10,3.000000,3.000000,3.000000,3.000000,3.000000,0.000000,10,100.000000,100.000000,100.000000,100.000000,100.000000,0.000000,10,74.211914,61.825586,63.577148,49.563477,72.980566,8.908121,10,40346.469727,39159.652637,39168.918945,37923.380859,40119.317285,809.166861,10,0.000000,0.000000,0.000000,0.000000,0.000000,0.000000,10,3.000000,3.000000,3.000000,3.000000,3.000000,0.000000,10,260192.000000,258619.200000,258632.000000,256960.000000,259889.600000,1075.802212,10,3.000000,3.000000,3.000000,3.000000,3.000000,0.000000,,,,,,,,10,100.000000,100.000000,100.000000,100.000000,100.000000,0.000000,10,10.833000,10.497800,10.565500,10.066000,10.737600,0.239249
phase1,D_zenos,warm,synthetic,flat,50,home_to_library,PASS,1,10,0,0,,,,,,,,10,5.177184,5.177184,5.177184,5.177184,5.177184,0.000000,,,,,,,,10,5.000000,5.000000,5.000000,5.000000,5.000000,0.000000,10,100.000000,100.000000,100.000000,100.000000,100.000000,0.000000,10,1408.377930,177.456738,1274.700684,-2906.756836,1381.257520,1857.570229,10,18138.701172,16734.859766,16757.404785,15238.968750,18138.077148,1152.064114,10,4.000000,4.000000,4.000000,4.000000,4.000000,0.000000,10,9.000000,9.000000,9.000000,9.000000,9.000000,0.000000,10,208096.000000,207574.400000,207456.000000,207424.000000,208096.000000,275.398378,10,9.000000,9.000000,9.000000,9.000000,9.000000,0.000000,,,,,,,,10,100.000000,100.000000,100.000000,100.000000,100.000000,0.000000,10,56.191000,46.037100,42.835500,38.487000,55.902100,6.840330
phase1,D_zenos,warm,synthetic,flat,50,library_first_render,PASS,1,10,0,0,,,,,,,,10,5.088592,3.488592,3.088592,3.088592,5.088592,0.843274,,,,,,,,10,5.000000,3.400000,3.000000,3.000000,5.000000,0.843274,10,100.000000,100.000000,100.000000,100.000000,100.000000,0.000000,10,2856.676758,615.110937,910.942383,-2291.880859,1429.110645,1485.164048,10,21931.515625,18813.738867,18731.274902,16595.309570,20803.137109,1639.724331,10,2.000000,2.000000,2.000000,2.000000,2.000000,0.000000,10,7.000000,5.400000,5.000000,5.000000,7.000000,0.843274,10,208096.000000,208096.000000,208096.000000,208096.000000,208096.000000,0.000000,10,7.000000,5.400000,5.000000,5.000000,7.000000,0.843274,,,,,,,,10,100.000000,100.000000,100.000000,100.000000,100.000000,0.000000,10,78.806000,43.446900,38.529000,28.604000,59.940200,15.781479
phase1,D_zenos,warm,synthetic,flat,50,library_folder_back,PASS,1,10,0,0,,,,,,,,10,1.044296,1.044296,1.044296,1.044296,1.044296,0.000000,,,,,,,,10,1.000000,1.000000,1.000000,1.000000,1.000000,0.000000,10,100.000000,100.000000,100.000000,100.000000,100.000000,0.000000,10,933.585938,-0.440723,850.811035,-2212.700195,898.100098,1408.099836,10,17565.336914,16463.378711,16548.797363,15511.949219,17535.958594,788.339968,10,1.000000,1.000000,1.000000,1.000000,1.000000,0.000000,10,2.000000,2.000000,2.000000,2.000000,2.000000,0.000000,10,208096.000000,208096.000000,208096.000000,208096.000000,208096.000000,0.000000,10,2.000000,2.000000,2.000000,2.000000,2.000000,0.000000,,,,,,,,10,100.000000,100.000000,100.000000,100.000000,100.000000,0.000000,10,51.017000,31.643700,25.711000,21.413000,47.886800,11.510541
phase1,D_zenos,warm,synthetic,flat,50,library_folder_enter,PASS,1,10,0,0,,,,,,,,10,1.044296,1.044296,1.044296,1.044296,1.044296,0.000000,,,,,,,,10,1.000000,1.000000,1.000000,1.000000,1.000000,0.000000,10,100.000000,100.000000,100.000000,100.000000,100.000000,0.000000,10,181.990234,147.753223,143.740234,121.558594,179.529297,22.141345,10,17642.308594,16547.473047,16637.951172,15629.462891,17640.172852,850.038275,10,1.000000,1.000000,1.000000,1.000000,1.000000,0.000000,10,2.000000,2.000000,2.000000,2.000000,2.000000,0.000000,10,208096.000000,208096.000000,208096.000000,208096.000000,208096.000000,0.000000,10,2.000000,2.000000,2.000000,2.000000,2.000000,0.000000,,,,,,,,10,100.000000,100.000000,100.000000,100.000000,100.000000,0.000000,10,9.591000,8.632700,8.781500,7.243000,9.504600,0.788851
phase1,D_zenos,warm,synthetic,flat,50,library_next_page,PASS,1,10,0,0,,,,,,,,10,2.000000,1.100000,1.000000,1.000000,1.100000,0.316228,,,,,,,,10,2.000000,1.100000,1.000000,1.000000,1.100000,0.316228,10,100.000000,100.000000,100.000000,100.000000,100.000000,0.000000,10,973.159180,-538.112402,705.241211,-7678.744141,816.049414,2724.322894,10,22952.280273,18283.621191,17187.008301,15519.281250,21948.802246,2769.978998,10,0.000000,0.000000,0.000000,0.000000,0.000000,0.000000,10,2.000000,1.100000,1.000000,1.000000,1.100000,0.316228,10,208096.000000,208096.000000,208096.000000,208096.000000,208096.000000,0.000000,10,2.000000,1.100000,1.000000,1.000000,1.100000,0.316228,,,,,,,,10,100.000000,100.000000,100.000000,100.000000,100.000000,0.000000,10,45.870000,28.973800,24.138500,18.467000,42.513900,10.382378
phase1,D_zenos,warm,synthetic,flat,50,library_prev_page,PASS,1,10,0,0,,,,,,,,10,1.000000,1.000000,1.000000,1.000000,1.000000,0.000000,,,,,,,,10,1.000000,1.000000,1.000000,1.000000,1.000000,0.000000,10,100.000000,100.000000,100.000000,100.000000,100.000000,0.000000,10,735.090820,-360.121484,666.250488,-2472.521484,716.543262,1402.843355,10,17564.262695,16336.069629,16479.616211,15465.718750,17526.675391,805.549935,10,0.000000,0.000000,0.000000,0.000000,0.000000,0.000000,10,1.000000,1.000000,1.000000,1.000000,1.000000,0.000000,10,208096.000000,208096.000000,208096.000000,208096.000000,208096.000000,0.000000,10,1.000000,1.000000,1.000000,1.000000,1.000000,0.000000,,,,,,,,10,100.000000,100.000000,100.000000,100.000000,100.000000,0.000000,10,42.693000,28.225400,22.746500,17.977000,40.708500,10.380164
phase1,D_zenos,warm,synthetic,flat,50,open_book,PASS,1,10,0,0,,,,,,,,10,9.000000,9.000000,9.000000,9.000000,9.000000,0.000000,,,,,,,,10,9.000000,9.000000,9.000000,9.000000,9.000000,0.000000,10,100.000000,100.000000,100.000000,100.000000,100.000000,0.000000,10,1982.312500,-2314.895801,-2718.912109,-4620.148438,-658.496680,1892.366602,10,28248.185547,25142.600000,25009.614258,22715.062500,27530.285254,1767.658529,10,0.000000,0.000000,0.000000,0.000000,0.000000,0.000000,10,9.000000,9.000000,9.000000,9.000000,9.000000,0.000000,10,244912.000000,242604.800000,243168.000000,239312.000000,244912.000000,1925.662760,10,9.000000,9.000000,9.000000,9.000000,9.000000,0.000000,,,,,,,,10,100.000000,100.000000,100.000000,100.000000,100.000000,0.000000,10,140.481000,129.952900,132.720000,92.631000,140.084100,13.758442
phase1,D_zenos,warm,synthetic,flat,50,open_book_minimal,PASS,1,10,0,0,,,,,,,,10,0.000000,0.000000,0.000000,0.000000,0.000000,0.000000,,,,,,,,10,0.000000,0.000000,0.000000,0.000000,0.000000,0.000000,10,0.000000,0.000000,0.000000,0.000000,0.000000,0.000000,10,-1016.089844,-2771.237695,-2968.421875,-3188.974609,-2556.482910,627.945108,10,21477.645508,19564.641992,19522.570801,17529.301758,21089.945020,1281.246785,10,0.000000,0.000000,0.000000,0.000000,0.000000,0.000000,10,0.000000,0.000000,0.000000,0.000000,0.000000,0.000000,10,234000.000000,229516.800000,228320.000000,226576.000000,232675.200000,2706.904948,10,0.000000,0.000000,0.000000,0.000000,0.000000,0.000000,,,,,,,,10,0.000000,0.000000,0.000000,0.000000,0.000000,0.000000,10,132.546000,106.715100,107.789500,72.502000,117.994800,15.426436
phase1,D_zenos,warm,synthetic,flat,50,open_quick_settings,PASS,1,10,0,0,,,,,,,,10,3.000000,3.000000,3.000000,3.000000,3.000000,0.000000,,,,,,,,10,3.000000,3.000000,3.000000,3.000000,3.000000,0.000000,10,100.000000,100.000000,100.000000,100.000000,100.000000,0.000000,10,308.581055,247.739355,240.484375,219.122070,275.325000,27.160856,10,37064.146484,35450.997754,35524.519043,33631.352539,36769.175879,1148.749677,10,0.000000,0.000000,0.000000,0.000000,0.000000,0.000000,10,3.000000,3.000000,3.000000,3.000000,3.000000,0.000000,10,255792.000000,255081.600000,255040.000000,254752.000000,255403.200000,333.083640,10,3.000000,3.000000,3.000000,3.000000,3.000000,0.000000,,,,,,,,10,100.000000,100.000000,100.000000,100.000000,100.000000,0.000000,10,9.533000,9.116200,9.155000,8.588000,9.391700,0.297968
phase1,D_zenos,warm,synthetic,flat,50,repeated_nav,UNSUPPORTED,1,0,0,2,,,,,,,,,,,,,,,,,,,,,,,,,,,,,,,,,,,,,,,,,,,,,,,,,,,,,,,,,,,,,,,,,,,,,,,,,,,,,,,,,,,,,,,,,,,,,,,,,,
phase1,D_zenos,warm,synthetic,flat,50,start_to_home,PASS,1,10,0,0,,,,,,,,10,3.000000,1.400000,1.000000,1.000000,3.000000,0.843274,,,,,,,,10,3.000000,1.400000,1.000000,1.000000,3.000000,0.843274,10,100.000000,100.000000,100.000000,100.000000,100.000000,0.000000,10,353.668945,-1027.907910,117.183105,-9098.050781,165.608496,2940.697175,10,22911.215820,17704.224121,16876.243164,14986.172852,21700.246484,2647.832823,10,0.000000,0.000000,0.000000,0.000000,0.000000,0.000000,10,3.000000,1.400000,1.000000,1.000000,3.000000,0.843274,10,207408.000000,205292.800000,207392.000000,199424.000000,207408.000000,3413.856627,10,3.000000,1.400000,1.000000,1.000000,3.000000,0.843274,,,,,,,,10,100.000000,100.000000,100.000000,100.000000,100.000000,0.000000,10,49.175000,22.450900,14.707500,13.136000,45.838700,14.098916
phase1,D_zenos,warm,synthetic,hierarchical,2000,change_sort_mode,PASS,1,10,0,0,,,,,,,,10,2.000000,2.000000,2.000000,2.000000,2.000000,0.000000,,,,,,,,10,2.000000,2.000000,2.000000,2.000000,2.000000,0.000000,10,100.000000,100.000000,100.000000,100.000000,100.000000,0.000000,10,489.283203,-94.619727,430.813965,-2232.591797,462.626855,1026.977705,10,18857.143555,17583.167773,17714.630859,16572.665039,18461.125977,843.467206,10,0.000000,0.000000,0.000000,0.000000,0.000000,0.000000,10,2.000000,2.000000,2.000000,2.000000,2.000000,0.000000,10,210944.000000,210944.000000,210944.000000,210944.000000,210944.000000,0.000000,10,2.000000,2.000000,2.000000,2.000000,2.000000,0.000000,,,,,,,,10,100.000000,100.000000,100.000000,100.000000,100.000000,0.000000,10,39.806000,23.141000,17.504500,15.230000,37.647800,10.052831
phase1,D_zenos,warm,synthetic,hierarchical,2000,close_book,PASS,1,10,0,0,,,,,,,,10,8.000000,8.000000,8.000000,8.000000,8.000000,0.000000,,,,,,,,10,8.000000,8.000000,8.000000,8.000000,8.000000,0.000000,10,100.000000,100.000000,100.000000,100.000000,100.000000,0.000000,10,2822.305664,2528.651855,2733.208496,628.533203,2811.950391,670.724852,10,37788.004883,34927.309277,34399.062500,32743.734375,37323.970508,1721.739816,10,0.000000,0.000000,0.000000,0.000000,0.000000,0.000000,10,8.000000,8.000000,8.000000,8.000000,8.000000,0.000000,10,263696.000000,260699.200000,260712.000000,257344.000000,263494.400000,2596.736961,10,8.000000,8.000000,8.000000,8.000000,8.000000,0.000000,,,,,,,,10,100.000000,100.000000,100.000000,100.000000,100.000000,0.000000,10,114.041000,53.971600,47.692500,42.979000,59.998700,21.333464
phase1,D_zenos,warm,synthetic,hierarchical,2000,close_quick_settings,PASS,1,10,0,0,,,,,,,,10,3.000000,3.000000,3.000000,3.000000,3.000000,0.000000,,,,,,,,10,3.000000,3.000000,3.000000,3.000000,3.000000,0.000000,10,100.000000,100.000000,100.000000,100.000000,100.000000,0.000000,10,151.316406,118.337598,114.277832,105.250977,137.245996,14.353356,10,42751.454102,41303.807227,41288.241699,39858.566406,42478.623145,978.853950,10,0.000000,0.000000,0.000000,0.000000,0.000000,0.000000,10,3.000000,3.000000,3.000000,3.000000,3.000000,0.000000,10,272320.000000,272320.000000,272320.000000,272320.000000,272320.000000,0.000000,10,3.000000,3.000000,3.000000,3.000000,3.000000,0.000000,,,,,,,,10,100.000000,100.000000,100.000000,100.000000,100.000000,0.000000,10,12.272000,11.260400,11.295500,10.481000,11.923700,0.618840
phase1,D_zenos,warm,synthetic,hierarchical,2000,home_to_library,PASS,1,10,0,0,,,,,,,,10,5.177184,5.177184,5.177184,5.177184,5.177184,0.000000,,,,,,,,10,5.000000,5.000000,5.000000,5.000000,5.000000,0.000000,10,100.000000,100.000000,100.000000,100.000000,100.000000,0.000000,10,1249.996094,397.701563,1046.451660,-2461.827148,1176.533594,1493.832912,10,17606.752930,16579.199512,16398.391113,15131.213867,17542.205176,935.205226,10,4.000000,4.000000,4.000000,4.000000,4.000000,0.000000,10,9.000000,9.000000,9.000000,9.000000,9.000000,0.000000,10,210944.000000,210500.800000,210272.000000,209920.000000,210944.000000,395.677984,10,9.000000,9.000000,9.000000,9.000000,9.000000,0.000000,,,,,,,,10,100.000000,100.000000,100.000000,100.000000,100.000000,0.000000,10,50.247000,42.918700,41.613000,38.722000,49.095900,3.968220
phase1,D_zenos,warm,synthetic,hierarchical,2000,library_first_render,PASS,1,10,0,0,,,,,,,,10,3.088592,3.088592,3.088592,3.088592,3.088592,0.000000,,,,,,,,10,3.000000,3.000000,3.000000,3.000000,3.000000,0.000000,10,100.000000,100.000000,100.000000,100.000000,100.000000,0.000000,10,745.159180,-286.275391,670.044922,-2772.289062,740.146777,1591.010035,10,17745.308594,16187.855664,16158.396484,14979.003906,17356.169336,1007.619254,10,2.000000,2.000000,2.000000,2.000000,2.000000,0.000000,10,5.000000,5.000000,5.000000,5.000000,5.000000,0.000000,10,210944.000000,210944.000000,210944.000000,210944.000000,210944.000000,0.000000,10,5.000000,5.000000,5.000000,5.000000,5.000000,0.000000,,,,,,,,10,100.000000,100.000000,100.000000,100.000000,100.000000,0.000000,10,48.053000,34.032300,31.009000,28.873000,42.453200,6.729190
phase1,D_zenos,warm,synthetic,hierarchical,2000,library_folder_back,PASS,1,10,0,0,,,,,,,,10,1.044296,1.044296,1.044296,1.044296,1.044296,0.000000,,,,,,,,10,1.000000,1.000000,1.000000,1.000000,1.000000,0.000000,10,100.000000,100.000000,100.000000,100.000000,100.000000,0.000000,10,410.286133,-193.896484,320.807129,-1730.826172,393.311816,892.971643,10,18888.478516,17282.464062,17045.172852,16510.078125,18108.310352,777.161251,10,1.000000,1.000000,1.000000,1.000000,1.000000,0.000000,10,2.000000,2.000000,2.000000,2.000000,2.000000,0.000000,10,210944.000000,210944.000000,210944.000000,210944.000000,210944.000000,0.000000,10,2.000000,2.000000,2.000000,2.000000,2.000000,0.000000,,,,,,,,10,100.000000,100.000000,100.000000,100.000000,100.000000,0.000000,10,41.574000,23.009400,16.907000,15.439000,37.384500,10.661568
phase1,D_zenos,warm,synthetic,hierarchical,2000,library_folder_enter,PASS,1,10,0,0,,,,,,,,10,1.044296,1.044296,1.044296,1.044296,1.044296,0.000000,,,,,,,,10,1.000000,1.000000,1.000000,1.000000,1.000000,0.000000,10,100.000000,100.000000,100.000000,100.000000,100.000000,0.000000,10,1863.313477,-661.163672,141.921387,-4160.555664,1829.932617,2366.586586,10,20131.807617,17576.661523,17208.486328,15803.492188,19410.144727,1340.331108,10,1.000000,1.000000,1.000000,1.000000,1.000000,0.000000,10,2.000000,2.000000,2.000000,2.000000,2.000000,0.000000,10,210944.000000,210944.000000,210944.000000,210944.000000,210944.000000,0.000000,10,2.000000,2.000000,2.000000,2.000000,2.000000,0.000000,,,,,,,,10,100.000000,100.000000,100.000000,100.000000,100.000000,0.000000,10,44.754000,29.017600,28.102000,9.028000,43.064700,13.857918
phase1,D_zenos,warm,synthetic,hierarchical,2000,library_next_page,UNSUPPORTED,1,0,0,10,,,,,,,,,,,,,,,,,,,,,,,,,,,,,,,,,,,,,,,,,,,,,,,,,,,,,,,,,,,,,,,,,,,,,,,,,,,,,,,,,,,,,,,,,,,,,,,,,,
phase1,D_zenos,warm,synthetic,hierarchical,2000,library_prev_page,UNSUPPORTED,1,0,0,10,,,,,,,,,,,,,,,,,,,,,,,,,,,,,,,,,,,,,,,,,,,,,,,,,,,,,,,,,,,,,,,,,,,,,,,,,,,,,,,,,,,,,,,,,,,,,,,,,,
phase1,D_zenos,warm,synthetic,hierarchical,2000,open_book,PASS,1,10,0,0,,,,,,,,10,9.000000,9.000000,9.000000,9.000000,9.000000,0.000000,,,,,,,,10,9.000000,9.000000,9.000000,9.000000,9.000000,0.000000,10,100.000000,100.000000,100.000000,100.000000,100.000000,0.000000,10,-1754.551758,-2443.074121,-2472.352539,-3094.438477,-1761.245508,658.319754,10,28687.696289,26585.546582,26646.143066,24451.953125,27981.134766,1292.671355,10,0.000000,0.000000,0.000000,0.000000,0.000000,0.000000,10,9.000000,9.000000,9.000000,9.000000,9.000000,0.000000,10,255088.000000,251113.600000,251024.000000,247792.000000,253244.800000,2296.112425,10,9.000000,9.000000,9.000000,9.000000,9.000000,0.000000,,,,,,,,10,100.000000,100.000000,100.000000,100.000000,100.000000,0.000000,10,133.792000,126.148700,126.051500,114.620000,132.403300,5.636999
phase1,D_zenos,warm,synthetic,hierarchical,2000,open_book_minimal,PASS,1,10,0,0,,,,,,,,10,0.000000,0.000000,0.000000,0.000000,0.000000,0.000000,,,,,,,,10,0.000000,0.000000,0.000000,0.000000,0.000000,0.000000,10,0.000000,0.000000,0.000000,0.000000,0.000000,0.000000,10,439.934570,-1990.204004,-2033.038574,-3578.122070,-452.094629,1248.726942,10,24162.950195,21827.069922,21546.912598,20093.264648,23524.479297,1481.055905,10,0.000000,0.000000,0.000000,0.000000,0.000000,0.000000,10,0.000000,0.000000,0.000000,0.000000,0.000000,0.000000,10,244688.000000,238262.400000,238320.000000,231920.000000,243507.200000,4251.494357,10,0.000000,0.000000,0.000000,0.000000,0.000000,0.000000,,,,,,,,10,0.000000,0.000000,0.000000,0.000000,0.000000,0.000000,10,112.776000,98.552500,107.302000,66.498000,112.325100,17.912891
phase1,D_zenos,warm,synthetic,hierarchical,2000,open_quick_settings,PASS,1,10,0,0,,,,,,,,10,3.000000,3.000000,3.000000,3.000000,3.000000,0.000000,,,,,,,,10,3.000000,3.000000,3.000000,3.000000,3.000000,0.000000,10,100.000000,100.000000,100.000000,100.000000,100.000000,0.000000,10,273.533203,231.024707,222.889160,209.268555,256.604590,19.922187,10,38790.349609,36684.975293,36727.365234,34489.190430,38375.299316,1440.448060,10,0.000000,0.000000,0.000000,0.000000,0.000000,0.000000,10,3.000000,3.000000,3.000000,3.000000,3.000000,0.000000,10,272320.000000,267084.800000,265896.000000,265440.000000,272320.000000,2767.345330,10,3.000000,3.000000,3.000000,3.000000,3.000000,0.000000,,,,,,,,10,100.000000,100.000000,100.000000,100.000000,100.000000,0.000000,10,12.849000,9.428500,9.033500,8.599000,9.724200,1.221200
phase1,D_zenos,warm,synthetic,hierarchical,2000,repeated_nav,UNSUPPORTED,1,0,0,2,,,,,,,,,,,,,,,,,,,,,,,,,,,,,,,,,,,,,,,,,,,,,,,,,,,,,,,,,,,,,,,,,,,,,,,,,,,,,,,,,,,,,,,,,,,,,,,,,,
phase1,D_zenos,warm,synthetic,hierarchical,2000,start_to_home,PASS,1,10,0,0,,,,,,,,10,1.000000,1.000000,1.000000,1.000000,1.000000,0.000000,,,,,,,,10,1.000000,1.000000,1.000000,1.000000,1.000000,0.000000,10,100.000000,100.000000,100.000000,100.000000,100.000000,0.000000,10,147.089844,-706.387207,99.550293,-8025.061523,128.961523,2571.593138,10,21690.860352,17035.261230,16233.286621,14830.180664,20661.805273,2355.654386,10,0.000000,0.000000,0.000000,0.000000,0.000000,0.000000,10,1.000000,1.000000,1.000000,1.000000,1.000000,0.000000,10,209456.000000,206408.000000,209224.000000,199984.000000,209456.000000,3921.376629,10,1.000000,1.000000,1.000000,1.000000,1.000000,0.000000,,,,,,,,10,100.000000,100.000000,100.000000,100.000000,100.000000,0.000000,10,38.850000,16.464600,14.028500,12.316000,18.193200,7.924412
phase1,D_zenos,warm,synthetic,hierarchical,50,change_sort_mode,PASS,1,10,0,0,,,,,,,,10,2.000000,2.000000,2.000000,2.000000,2.000000,0.000000,,,,,,,,10,2.000000,2.000000,2.000000,2.000000,2.000000,0.000000,10,100.000000,100.000000,100.000000,100.000000,100.000000,0.000000,10,499.950195,-5.479297,412.658691,-1723.714844,459.531934,824.834315,10,16932.317383,15902.205957,15870.525879,15151.211914,16580.521094,629.496459,10,0.000000,0.000000,0.000000,0.000000,0.000000,0.000000,10,2.000000,2.000000,2.000000,2.000000,2.000000,0.000000,10,210656.000000,210656.000000,210656.000000,210656.000000,210656.000000,0.000000,10,2.000000,2.000000,2.000000,2.000000,2.000000,0.000000,,,,,,,,10,100.000000,100.000000,100.000000,100.000000,100.000000,0.000000,10,37.061000,22.309600,17.201500,14.684000,36.439100,9.269740
phase1,D_zenos,warm,synthetic,hierarchical,50,close_book,PASS,1,10,0,0,,,,,,,,10,8.000000,8.000000,8.000000,8.000000,8.000000,0.000000,,,,,,,,10,8.000000,8.000000,8.000000,8.000000,8.000000,0.000000,10,100.000000,100.000000,100.000000,100.000000,100.000000,0.000000,10,3144.470703,2889.263867,2891.564453,2684.624023,3077.631641,159.149234,10,36101.632812,33517.379590,33247.069336,31447.620117,35444.129199,1568.467011,10,0.000000,0.000000,0.000000,0.000000,0.000000,0.000000,10,8.000000,8.000000,8.000000,8.000000,8.000000,0.000000,10,262368.000000,259092.800000,258080.000000,257056.000000,261619.200000,2087.740129,10,8.000000,8.000000,8.000000,8.000000,8.000000,0.000000,,,,,,,,10,100.000000,100.000000,100.000000,100.000000,100.000000,0.000000,10,58.408000,49.661200,48.751000,43.165000,56.935600,5.970032
phase1,D_zenos,warm,synthetic,hierarchical,50,close_quick_settings,PASS,1,10,0,0,,,,,,,,10,3.000000,3.000000,3.000000,3.000000,3.000000,0.000000,,,,,,,,10,3.000000,3.000000,3.000000,3.000000,3.000000,0.000000,10,100.000000,100.000000,100.000000,100.000000,100.000000,0.000000,10,126.218750,85.419043,89.139160,52.298828,114.868555,23.641243,10,42247.240234,40961.608008,41004.425781,39565.293945,42020.100977,905.079566,10,0.000000,0.000000,0.000000,0.000000,0.000000,0.000000,10,3.000000,3.000000,3.000000,3.000000,3.000000,0.000000,10,269360.000000,267600.000000,267680.000000,265664.000000,269028.800000,1248.341834,10,3.000000,3.000000,3.000000,3.000000,3.000000,0.000000,,,,,,,,10,100.000000,100.000000,100.000000,100.000000,100.000000,0.000000,10,12.424000,11.088100,10.905500,10.191000,11.970400,0.754534
phase1,D_zenos,warm,synthetic,hierarchical,50,home_to_library,PASS,1,10,0,0,,,,,,,,10,5.177184,5.177184,5.177184,5.177184,5.177184,0.000000,,,,,,,,10,5.000000,5.000000,5.000000,5.000000,5.000000,0.000000,10,100.000000,100.000000,100.000000,100.000000,100.000000,0.000000,10,1179.637695,380.008789,1125.509277,-2630.482422,1176.294336,1538.821718,10,17601.697266,16568.843848,16357.140137,15079.370117,17600.967773,960.207235,10,4.000000,4.000000,4.000000,4.000000,4.000000,0.000000,10,9.000000,9.000000,9.000000,9.000000,9.000000,0.000000,10,210656.000000,210574.400000,210592.000000,210448.000000,210656.000000,91.587481,10,9.000000,9.000000,9.000000,9.000000,9.000000,0.000000,,,,,,,,10,100.000000,100.000000,100.000000,100.000000,100.000000,0.000000,10,55.625000,43.411600,41.649500,38.991000,50.994500,5.464792
phase1,D_zenos,warm,synthetic,hierarchical,50,library_first_render,PASS,1,10,0,0,,,,,,,,10,3.088592,3.088592,3.088592,3.088592,3.088592,0.000000,,,,,,,,10,3.000000,3.000000,3.000000,3.000000,3.000000,0.000000,10,100.000000,100.000000,100.000000,100.000000,100.000000,0.000000,10,692.563477,-284.896680,631.080566,-2673.831055,684.807129,1518.884074,10,17558.959961,16066.678613,16041.618652,14891.882812,17148.193457,949.861671,10,2.000000,2.000000,2.000000,2.000000,2.000000,0.000000,10,5.000000,5.000000,5.000000,5.000000,5.000000,0.000000,10,210656.000000,210656.000000,210656.000000,210656.000000,210656.000000,0.000000,10,5.000000,5.000000,5.000000,5.000000,5.000000,0.000000,,,,,,,,10,100.000000,100.000000,100.000000,100.000000,100.000000,0.000000,10,47.917000,33.198400,29.723500,27.227000,42.049900,7.122460
phase1,D_zenos,warm,synthetic,hierarchical,50,library_folder_back,PASS,1,10,0,0,,,,,,,,10,1.044296,1.044296,1.044296,1.044296,1.044296,0.000000,,,,,,,,10,1.000000,1.000000,1.000000,1.000000,1.000000,0.000000,10,100.000000,100.000000,100.000000,100.000000,100.000000,0.000000,10,372.671875,-141.785059,335.395508,-1741.245117,357.824512,810.815242,10,16530.750000,15773.793652,15791.826660,15134.039062,16490.808984,541.155870,10,1.000000,1.000000,1.000000,1.000000,1.000000,0.000000,10,2.000000,2.000000,2.000000,2.000000,2.000000,0.000000,10,210656.000000,210656.000000,210656.000000,210656.000000,210656.000000,0.000000,10,2.000000,2.000000,2.000000,2.000000,2.000000,0.000000,,,,,,,,10,100.000000,100.000000,100.000000,100.000000,100.000000,0.000000,10,40.699000,22.765900,17.564500,14.492000,37.158400,10.210654
phase1,D_zenos,warm,synthetic,hierarchical,50,library_folder_enter,PASS,1,10,0,0,,,,,,,,10,1.044296,1.044296,1.044296,1.044296,1.044296,0.000000,,,,,,,,10,1.000000,1.000000,1.000000,1.000000,1.000000,0.000000,10,100.000000,100.000000,100.000000,100.000000,100.000000,0.000000,10,853.097656,57.793457,274.312012,-2887.984375,620.472266,1060.533201,10,17697.401367,16290.387695,16229.520020,15115.476562,17187.476660,836.681943,10,1.000000,1.000000,1.000000,1.000000,1.000000,0.000000,10,2.000000,2.000000,2.000000,2.000000,2.000000,0.000000,10,210656.000000,210656.000000,210656.000000,210656.000000,210656.000000,0.000000,10,2.000000,2.000000,2.000000,2.000000,2.000000,0.000000,,,,,,,,10,100.000000,100.000000,100.000000,100.000000,100.000000,0.000000,10,35.257000,15.370200,13.443000,7.761000,26.787100,8.913769
phase1,D_zenos,warm,synthetic,hierarchical,50,library_next_page,UNSUPPORTED,1,0,0,10,,,,,,,,,,,,,,,,,,,,,,,,,,,,,,,,,,,,,,,,,,,,,,,,,,,,,,,,,,,,,,,,,,,,,,,,,,,,,,,,,,,,,,,,,,,,,,,,,,
phase1,D_zenos,warm,synthetic,hierarchical,50,library_prev_page,UNSUPPORTED,1,0,0,10,,,,,,,,,,,,,,,,,,,,,,,,,,,,,,,,,,,,,,,,,,,,,,,,,,,,,,,,,,,,,,,,,,,,,,,,,,,,,,,,,,,,,,,,,,,,,,,,,,
phase1,D_zenos,warm,synthetic,hierarchical,50,open_book,PASS,1,10,0,0,,,,,,,,10,9.000000,9.000000,9.000000,9.000000,9.000000,0.000000,,,,,,,,10,9.000000,9.000000,9.000000,9.000000,9.000000,0.000000,10,100.000000,100.000000,100.000000,100.000000,100.000000,0.000000,10,-1794.626953,-2517.393652,-2489.804199,-3496.724609,-1918.891992,623.480919,10,27238.094727,25322.252441,25363.182129,23442.355469,26720.301172,1191.659575,10,0.000000,0.000000,0.000000,0.000000,0.000000,0.000000,10,9.000000,9.000000,9.000000,9.000000,9.000000,0.000000,10,254224.000000,250996.800000,251256.000000,248080.000000,253086.400000,1947.244480,10,9.000000,9.000000,9.000000,9.000000,9.000000,0.000000,,,,,,,,10,100.000000,100.000000,100.000000,100.000000,100.000000,0.000000,10,131.309000,119.542000,119.312000,108.150000,126.384200,6.827028
phase1,D_zenos,warm,synthetic,hierarchical,50,open_book_minimal,PASS,1,10,0,0,,,,,,,,10,0.000000,0.000000,0.000000,0.000000,0.000000,0.000000,,,,,,,,10,0.000000,0.000000,0.000000,0.000000,0.000000,0.000000,10,0.000000,0.000000,0.000000,0.000000,0.000000,0.000000,10,-602.337891,-2153.513770,-2169.682129,-3260.465820,-980.871387,903.405647,10,22751.071289,20243.628613,20669.919434,17298.887695,21976.581738,1807.292840,10,0.000000,0.000000,0.000000,0.000000,0.000000,0.000000,10,0.000000,0.000000,0.000000,0.000000,0.000000,0.000000,10,247488.000000,237820.800000,237216.000000,231392.000000,245529.600000,5259.768918,10,0.000000,0.000000,0.000000,0.000000,0.000000,0.000000,,,,,,,,10,0.000000,0.000000,0.000000,0.000000,0.000000,0.000000,10,114.151000,94.834200,96.582000,68.849000,109.168600,14.855421
phase1,D_zenos,warm,synthetic,hierarchical,50,open_quick_settings,PASS,1,10,0,0,,,,,,,,10,3.000000,3.000000,3.000000,3.000000,3.000000,0.000000,,,,,,,,10,3.000000,3.000000,3.000000,3.000000,3.000000,0.000000,10,100.000000,100.000000,100.000000,100.000000,100.000000,0.000000,10,305.685547,253.927832,251.884277,208.682617,296.103711,31.301834,10,38459.955078,36440.425684,36302.020996,34571.010742,38054.258105,1308.449635,10,0.000000,0.000000,0.000000,0.000000,0.000000,0.000000,10,3.000000,3.000000,3.000000,3.000000,3.000000,0.000000,10,264064.000000,262691.200000,262408.000000,262368.000000,263459.200000,580.564629,10,3.000000,3.000000,3.000000,3.000000,3.000000,0.000000,,,,,,,,10,100.000000,100.000000,100.000000,100.000000,100.000000,0.000000,10,9.246000,8.848000,8.831500,8.331000,9.237000,0.319014
phase1,D_zenos,warm,synthetic,hierarchical,50,repeated_nav,UNSUPPORTED,1,0,0,2,,,,,,,,,,,,,,,,,,,,,,,,,,,,,,,,,,,,,,,,,,,,,,,,,,,,,,,,,,,,,,,,,,,,,,,,,,,,,,,,,,,,,,,,,,,,,,,,,,
phase1,D_zenos,warm,synthetic,hierarchical,50,start_to_home,PASS,1,10,0,0,,,,,,,,10,1.000000,1.000000,1.000000,1.000000,1.000000,0.000000,,,,,,,,10,1.000000,1.000000,1.000000,1.000000,1.000000,0.000000,10,100.000000,100.000000,100.000000,100.000000,100.000000,0.000000,10,128.015625,99.607031,99.990234,74.708008,127.272949,19.075196,10,22991.577148,17620.543066,16337.395508,14917.187500,21892.964551,3033.867775,10,0.000000,0.000000,0.000000,0.000000,0.000000,0.000000,10,1.000000,1.000000,1.000000,1.000000,1.000000,0.000000,10,210448.000000,206452.800000,207528.000000,199936.000000,210448.000000,4421.948007,10,1.000000,1.000000,1.000000,1.000000,1.000000,0.000000,,,,,,,,10,100.000000,100.000000,100.000000,100.000000,100.000000,0.000000,10,14.669000,13.266500,13.471000,11.115000,14.655500,1.192864
phase1,E_project_title,steady_state_cold,startup,hierarchical,2000,home_to_library,PASS,3,3,0,0,,,,,,,,3,1.000000,1.000000,1.000000,1.000000,1.000000,0.000000,,,,,,,,3,1.000000,1.000000,1.000000,1.000000,1.000000,0.000000,3,100.000000,100.000000,100.000000,100.000000,100.000000,0.000000,3,382.030273,354.252930,360.557617,320.170898,377.735742,31.407919,3,8682.767578,8653.120443,8653.185547,8623.408203,8676.851172,29.679741,3,0.000000,0.000000,0.000000,0.000000,0.000000,0.000000,3,1.000000,1.000000,1.000000,1.000000,1.000000,0.000000,3,171360.000000,165765.333333,164528.000000,161408.000000,169993.600000,5090.070857,3,1.000000,1.000000,1.000000,1.000000,1.000000,0.000000,,,,,,,,3,100.000000,100.000000,100.000000,100.000000,100.000000,0.000000,3,14.538000,13.292667,12.783000,12.557000,14.187000,1.084394
phase1,E_project_title,steady_state_cold,startup,hierarchical,2000,library_first_render,PASS,3,3,0,0,,,,,,,,3,1.000000,1.000000,1.000000,1.000000,1.000000,0.000000,,,,,,,,3,1.000000,1.000000,1.000000,1.000000,1.000000,0.000000,3,100.000000,100.000000,100.000000,100.000000,100.000000,0.000000,3,303.543945,298.994466,302.624023,290.815430,303.359961,7.098172,3,8993.381836,8959.185221,8962.879883,8921.293945,8987.281445,36.185686,3,0.000000,0.000000,0.000000,0.000000,0.000000,0.000000,3,1.000000,1.000000,1.000000,1.000000,1.000000,0.000000,3,173008.000000,171413.333333,171376.000000,169856.000000,172681.600000,1576.331606,3,1.000000,1.000000,1.000000,1.000000,1.000000,0.000000,,,,,,,,3,100.000000,100.000000,100.000000,100.000000,100.000000,0.000000,3,10.954000,10.650667,10.582000,10.416000,10.879600,0.275495
phase1,E_project_title,warm,synthetic,flat,2000,change_sort_mode,PASS,1,10,0,0,,,,,,,,10,2.000000,2.000000,2.000000,2.000000,2.000000,0.000000,,,,,,,,10,2.000000,2.000000,2.000000,2.000000,2.000000,0.000000,10,100.000000,100.000000,100.000000,100.000000,100.000000,0.000000,10,8704.477539,287.499023,1174.451660,-8803.952148,8682.030273,8867.533957,10,30277.975586,25081.172363,24398.989258,19159.949219,30206.277930,4433.562341,10,0.000000,0.000000,0.000000,0.000000,0.000000,0.000000,10,2.000000,2.000000,2.000000,2.000000,2.000000,0.000000,10,192784.000000,192784.000000,192784.000000,192784.000000,192784.000000,0.000000,10,2.000000,2.000000,2.000000,2.000000,2.000000,0.000000,,,,,,,,10,100.000000,100.000000,100.000000,100.000000,100.000000,0.000000,10,113.109000,104.556500,104.849000,96.364000,112.286400,7.203672
phase1,E_project_title,warm,synthetic,flat,2000,close_book,PASS,1,10,0,0,,,,,,,,10,3.098301,3.098301,3.098301,3.098301,3.098301,0.000000,,,,,,,,10,3.000000,3.000000,3.000000,3.000000,3.000000,0.000000,10,100.000000,100.000000,100.000000,100.000000,100.000000,0.000000,10,5814.577148,5540.557520,5510.873047,5444.829102,5591.970410,104.395483,10,23756.787109,23087.998730,23055.023926,22571.733398,23411.105371,324.463794,10,1.000000,1.000000,1.000000,1.000000,1.000000,0.000000,10,4.000000,4.000000,4.000000,4.000000,4.000000,0.000000,10,219088.000000,218864.000000,218848.000000,218672.000000,218915.200000,100.346068,10,4.000000,4.000000,4.000000,4.000000,4.000000,0.000000,,,,,,,,10,100.000000,100.000000,100.000000,100.000000,100.000000,0.000000,10,66.754000,59.661900,58.924500,57.066000,62.020900,2.764124
phase1,E_project_title,warm,synthetic,flat,2000,close_quick_settings,PASS,1,10,0,0,,,,,,,,10,3.000000,3.000000,3.000000,3.000000,3.000000,0.000000,,,,,,,,10,3.000000,3.000000,3.000000,3.000000,3.000000,0.000000,10,100.000000,100.000000,100.000000,100.000000,100.000000,0.000000,10,98.711914,58.360547,51.679199,36.067383,84.339160,22.579802,10,31947.258789,30677.714355,30687.395508,29338.584961,31710.543848,867.712871,10,0.000000,0.000000,0.000000,0.000000,0.000000,0.000000,10,3.000000,3.000000,3.000000,3.000000,3.000000,0.000000,10,219088.000000,219088.000000,219088.000000,219088.000000,219088.000000,0.000000,10,3.000000,3.000000,3.000000,3.000000,3.000000,0.000000,,,,,,,,10,100.000000,100.000000,100.000000,100.000000,100.000000,0.000000,10,9.137000,8.264100,8.264500,7.582000,8.984000,0.582945
phase1,E_project_title,warm,synthetic,flat,2000,home_to_library,PASS,1,10,0,0,,,,,,,,10,1.000000,1.000000,1.000000,1.000000,1.000000,0.000000,,,,,,,,10,1.000000,1.000000,1.000000,1.000000,1.000000,0.000000,10,100.000000,100.000000,100.000000,100.000000,100.000000,0.000000,10,4800.985352,-157.007227,4745.961426,-13612.258789,4798.608789,7962.676103,10,30875.121094,22957.229297,22445.623047,16571.544922,27865.641504,4821.665483,10,0.000000,0.000000,0.000000,0.000000,0.000000,0.000000,10,1.000000,1.000000,1.000000,1.000000,1.000000,0.000000,10,192448.000000,191614.400000,191408.000000,191376.000000,192433.600000,435.341807,10,1.000000,1.000000,1.000000,1.000000,1.000000,0.000000,,,,,,,,10,100.000000,100.000000,100.000000,100.000000,100.000000,0.000000,10,78.160000,68.138700,66.653500,63.880000,75.235900,4.931997
phase1,E_project_title,warm,synthetic,flat,2000,library_first_render,PASS,1,10,0,0,,,,,,,,10,1.000000,1.000000,1.000000,1.000000,1.000000,0.000000,,,,,,,,10,1.000000,1.000000,1.000000,1.000000,1.000000,0.000000,10,100.000000,100.000000,100.000000,100.000000,100.000000,0.000000,10,4842.032227,-382.244238,4742.323242,-13286.871094,4792.883789,8317.072739,10,31174.728516,22940.283887,22841.779785,14467.351562,28074.752344,5369.408516,10,0.000000,0.000000,0.000000,0.000000,0.000000,0.000000,10,1.000000,1.000000,1.000000,1.000000,1.000000,0.000000,10,192448.000000,192448.000000,192448.000000,192448.000000,192448.000000,0.000000,10,1.000000,1.000000,1.000000,1.000000,1.000000,0.000000,,,,,,,,10,100.000000,100.000000,100.000000,100.000000,100.000000,0.000000,10,77.438000,69.086600,68.054000,63.491000,74.983700,4.725260
phase1,E_project_title,warm,synthetic,flat,2000,library_folder_back,PASS,1,10,0,0,,,,,,,,10,1.098301,1.098301,1.098301,1.098301,1.098301,0.000000,,,,,,,,10,1.000000,1.000000,1.000000,1.000000,1.000000,0.000000,10,100.000000,100.000000,100.000000,100.000000,100.000000,0.000000,10,4798.334961,-1001.897754,4637.677734,-9895.444336,4797.561523,7392.982181,10,22375.140625,16807.591602,17093.788086,12107.998047,21947.819922,4175.302158,10,1.000000,1.000000,1.000000,1.000000,1.000000,0.000000,10,2.000000,2.000000,2.000000,2.000000,2.000000,0.000000,10,192784.000000,192784.000000,192784.000000,192784.000000,192784.000000,0.000000,10,2.000000,2.000000,2.000000,2.000000,2.000000,0.000000,,,,,,,,10,100.000000,100.000000,100.000000,100.000000,100.000000,0.000000,10,71.371000,63.636000,63.164000,56.441000,69.363100,5.019391
phase1,E_project_title,warm,synthetic,flat,2000,library_folder_enter,PASS,1,10,0,0,,,,,,,,10,1.098301,1.098301,1.098301,1.098301,1.098301,0.000000,,,,,,,,10,1.000000,1.000000,1.000000,1.000000,1.000000,0.000000,10,100.000000,100.000000,100.000000,100.000000,100.000000,0.000000,10,166.244141,145.113965,143.739258,127.946289,164.848437,14.934068,10,27424.915039,17567.639941,17051.390137,11953.658203,22464.938574,5121.594512,10,1.000000,1.000000,1.000000,1.000000,1.000000,0.000000,10,2.000000,2.000000,2.000000,2.000000,2.000000,0.000000,10,192784.000000,192779.200000,192784.000000,192752.000000,192784.000000,10.799177,10,2.000000,2.000000,2.000000,2.000000,2.000000,0.000000,,,,,,,,10,100.000000,100.000000,100.000000,100.000000,100.000000,0.000000,10,9.905000,9.222500,9.291500,8.438000,9.518000,0.399675
phase1,E_project_title,warm,synthetic,flat,2000,library_next_page,PASS,1,10,0,0,,,,,,,,10,1.000000,1.000000,1.000000,1.000000,1.000000,0.000000,,,,,,,,10,1.000000,1.000000,1.000000,1.000000,1.000000,0.000000,10,100.000000,100.000000,100.000000,100.000000,100.000000,0.000000,10,669.543945,39.980176,621.358398,-5318.041992,665.849023,1882.746277,10,25032.408203,19971.095215,20112.747559,14825.511719,23882.883203,3289.543312,10,0.000000,0.000000,0.000000,0.000000,0.000000,0.000000,10,1.000000,1.000000,1.000000,1.000000,1.000000,0.000000,10,192496.000000,192475.200000,192480.000000,192448.000000,192496.000000,16.949598,10,1.000000,1.000000,1.000000,1.000000,1.000000,0.000000,,,,,,,,10,100.000000,100.000000,100.000000,100.000000,100.000000,0.000000,10,17.765000,13.905100,13.683000,10.724000,16.426700,2.296856
phase1,E_project_title,warm,synthetic,flat,2000,library_prev_page,PASS,1,10,0,0,,,,,,,,10,1.000000,1.000000,1.000000,1.000000,1.000000,0.000000,,,,,,,,10,1.000000,1.000000,1.000000,1.000000,1.000000,0.000000,10,100.000000,100.000000,100.000000,100.000000,100.000000,0.000000,10,714.237305,648.467090,639.146973,605.351562,683.714648,31.382018,10,28293.103516,22535.050000,22539.898926,16675.722656,27116.950293,3882.902050,10,0.000000,0.000000,0.000000,0.000000,0.000000,0.000000,10,1.000000,1.000000,1.000000,1.000000,1.000000,0.000000,10,192544.000000,192528.000000,192528.000000,192512.000000,192529.600000,7.542472,10,1.000000,1.000000,1.000000,1.000000,1.000000,0.000000,,,,,,,,10,100.000000,100.000000,100.000000,100.000000,100.000000,0.000000,10,17.189000,13.433400,13.041500,11.711000,15.362900,1.696561
phase1,E_project_title,warm,synthetic,flat,2000,open_book,PASS,1,10,0,0,,,,,,,,10,9.000000,9.000000,9.000000,9.000000,9.000000,0.000000,,,,,,,,10,9.000000,9.000000,9.000000,9.000000,9.000000,0.000000,10,100.000000,100.000000,100.000000,100.000000,100.000000,0.000000,10,-5270.887695,-5637.356348,-5366.493164,-6814.413086,-5316.316602,612.501959,10,17980.964844,17512.871289,17556.936523,17001.034180,17904.300488,348.923164,10,0.000000,0.000000,0.000000,0.000000,0.000000,0.000000,10,9.000000,9.000000,9.000000,9.000000,9.000000,0.000000,10,218400.000000,217665.600000,217576.000000,217008.000000,218400.000000,650.074047,10,9.000000,9.000000,9.000000,9.000000,9.000000,0.000000,,,,,,,,10,100.000000,100.000000,100.000000,100.000000,100.000000,0.000000,10,69.653000,65.441100,64.831000,62.432000,68.285900,2.355711
phase1,E_project_title,warm,synthetic,flat,2000,open_book_minimal,PASS,1,10,0,0,,,,,,,,10,0.000000,0.000000,0.000000,0.000000,0.000000,0.000000,,,,,,,,10,0.000000,0.000000,0.000000,0.000000,0.000000,0.000000,10,0.000000,0.000000,0.000000,0.000000,0.000000,0.000000,10,-5395.528320,-5659.728906,-5490.753418,-6117.831055,-5422.765625,286.028177,10,17374.243164,16630.053906,16528.282227,16048.987305,17255.595215,481.613707,10,0.000000,0.000000,0.000000,0.000000,0.000000,0.000000,10,0.000000,0.000000,0.000000,0.000000,0.000000,0.000000,10,215120.000000,213632.000000,214176.000000,210992.000000,215120.000000,1582.553773,10,0.000000,0.000000,0.000000,0.000000,0.000000,0.000000,,,,,,,,10,0.000000,0.000000,0.000000,0.000000,0.000000,0.000000,10,73.097000,64.585300,64.001500,59.660000,68.609600,4.127551
phase1,E_project_title,warm,synthetic,flat,2000,open_quick_settings,PASS,1,10,0,0,,,,,,,,10,2.000000,2.000000,2.000000,2.000000,2.000000,0.000000,,,,,,,,10,2.000000,2.000000,2.000000,2.000000,2.000000,0.000000,10,100.000000,100.000000,100.000000,100.000000,100.000000,0.000000,10,292.165039,260.810938,264.165527,227.313477,287.271289,24.187274,10,28438.983398,27083.609082,27132.020020,25610.650391,28189.416211,946.625614,10,0.000000,0.000000,0.000000,0.000000,0.000000,0.000000,10,2.000000,2.000000,2.000000,2.000000,2.000000,0.000000,10,219088.000000,219088.000000,219088.000000,219088.000000,219088.000000,0.000000,10,2.000000,2.000000,2.000000,2.000000,2.000000,0.000000,,,,,,,,10,100.000000,100.000000,100.000000,100.000000,100.000000,0.000000,10,8.850000,8.141800,8.104000,7.441000,8.804100,0.440042
phase1,E_project_title,warm,synthetic,flat,2000,repeated_nav,PASS,1,2,0,0,,,,,,,,2,10.000000,10.000000,10.000000,10.000000,10.000000,0.000000,,,,,,,,2,10.000000,10.000000,10.000000,10.000000,10.000000,0.000000,2,100.000000,100.000000,100.000000,100.000000,100.000000,0.000000,2,5275.550781,-4911.885742,-4911.885742,-15099.322266,3238.063477,14407.210897,2,27768.906250,25125.523438,25125.523438,22482.140625,27240.229687,3738.307824,2,0.000000,0.000000,0.000000,0.000000,0.000000,0.000000,2,10.000000,10.000000,10.000000,10.000000,10.000000,0.000000,2,230784.000000,230760.000000,230760.000000,230736.000000,230779.200000,33.941125,2,10.000000,10.000000,10.000000,10.000000,10.000000,0.000000,,,,,,,,2,100.000000,100.000000,100.000000,100.000000,100.000000,0.000000,2,92.289000,88.146000,88.146000,84.003000,91.460400,5.859087
phase1,E_project_title,warm,synthetic,flat,2000,start_to_home,UNSUPPORTED,1,0,0,10,,,,,,,,,,,,,,,,,,,,,,,,,,,,,,,,,,,,,,,,,,,,,,,,,,,,,,,,,,,,,,,,,,,,,,,,,,,,,,,,,,,,,,,,,,,,,,,,,,
phase1,E_project_title,warm,synthetic,flat,50,change_sort_mode,PASS,1,10,0,0,,,,,,,,10,2.000000,2.000000,2.000000,2.000000,2.000000,0.000000,,,,,,,,10,2.000000,2.000000,2.000000,2.000000,2.000000,0.000000,10,100.000000,100.000000,100.000000,100.000000,100.000000,0.000000,10,1056.681641,1027.617871,1031.056152,994.749023,1052.298535,21.056964,10,23872.257812,19240.245703,19252.673828,14596.014648,22942.038379,3119.837359,10,0.000000,0.000000,0.000000,0.000000,0.000000,0.000000,10,2.000000,2.000000,2.000000,2.000000,2.000000,0.000000,10,184480.000000,184465.600000,184464.000000,184464.000000,184465.600000,5.059644,10,2.000000,2.000000,2.000000,2.000000,2.000000,0.000000,,,,,,,,10,100.000000,100.000000,100.000000,100.000000,100.000000,0.000000,10,23.911000,21.266500,21.082500,18.985000,22.833700,1.446562
phase1,E_project_title,warm,synthetic,flat,50,close_book,PASS,1,10,0,0,,,,,,,,10,3.098301,3.098301,3.098301,3.098301,3.098301,0.000000,,,,,,,,10,3.000000,3.000000,3.000000,3.000000,3.000000,0.000000,10,100.000000,100.000000,100.000000,100.000000,100.000000,0.000000,10,1746.126953,1491.165430,1457.320801,1385.320312,1561.342187,105.725103,10,16139.874023,15378.296094,15413.120605,14681.698242,15736.854199,408.179705,10,1.000000,1.000000,1.000000,1.000000,1.000000,0.000000,10,4.000000,4.000000,4.000000,4.000000,4.000000,0.000000,10,210160.000000,210022.400000,210160.000000,209520.000000,210160.000000,233.597565,10,4.000000,4.000000,4.000000,4.000000,4.000000,0.000000,,,,,,,,10,100.000000,100.000000,100.000000,100.000000,100.000000,0.000000,10,25.635000,20.599200,19.815500,16.516000,24.397500,2.986076
phase1,E_project_title,warm,synthetic,flat,50,close_quick_settings,PASS,1,10,0,0,,,,,,,,10,3.000000,3.000000,3.000000,3.000000,3.000000,0.000000,,,,,,,,10,3.000000,3.000000,3.000000,3.000000,3.000000,0.000000,10,100.000000,100.000000,100.000000,100.000000,100.000000,0.000000,10,55.021484,48.812500,49.784668,29.516602,54.083691,7.384444,10,23755.538086,22505.713770,22515.313965,21232.008789,23522.558496,853.651541,10,0.000000,0.000000,0.000000,0.000000,0.000000,0.000000,10,3.000000,3.000000,3.000000,3.000000,3.000000,0.000000,10,210160.000000,210160.000000,210160.000000,210160.000000,210160.000000,0.000000,10,3.000000,3.000000,3.000000,3.000000,3.000000,0.000000,,,,,,,,10,100.000000,100.000000,100.000000,100.000000,100.000000,0.000000,10,8.923000,8.358800,8.236000,7.762000,8.849200,0.378293
phase1,E_project_title,warm,synthetic,flat,50,home_to_library,PASS,1,10,0,0,,,,,,,,10,1.000000,1.000000,1.000000,1.000000,1.000000,0.000000,,,,,,,,10,1.000000,1.000000,1.000000,1.000000,1.000000,0.000000,10,100.000000,100.000000,100.000000,100.000000,100.000000,0.000000,10,990.929688,916.971875,906.627441,865.500977,967.913770,36.290414,10,20251.313477,16130.474121,16168.224121,11956.896484,19439.523145,2795.030833,10,0.000000,0.000000,0.000000,0.000000,0.000000,0.000000,10,1.000000,1.000000,1.000000,1.000000,1.000000,0.000000,10,180272.000000,180272.000000,180272.000000,180272.000000,180272.000000,0.000000,10,1.000000,1.000000,1.000000,1.000000,1.000000,0.000000,,,,,,,,10,100.000000,100.000000,100.000000,100.000000,100.000000,0.000000,10,19.418000,18.137800,18.183500,16.639000,19.275800,0.966421
phase1,E_project_title,warm,synthetic,flat,50,library_first_render,PASS,1,10,0,0,,,,,,,,10,1.000000,1.000000,1.000000,1.000000,1.000000,0.000000,,,,,,,,10,1.000000,1.000000,1.000000,1.000000,1.000000,0.000000,10,100.000000,100.000000,100.000000,100.000000,100.000000,0.000000,10,976.019531,-189.702539,916.055176,-10178.919922,970.229297,3510.183209,10,22959.000000,17163.307227,16982.283203,12773.934570,20524.999219,3164.277157,10,0.000000,0.000000,0.000000,0.000000,0.000000,0.000000,10,1.000000,1.000000,1.000000,1.000000,1.000000,0.000000,10,182848.000000,182843.200000,182848.000000,182832.000000,182848.000000,7.728734,10,1.000000,1.000000,1.000000,1.000000,1.000000,0.000000,,,,,,,,10,100.000000,100.000000,100.000000,100.000000,100.000000,0.000000,10,26.298000,19.806900,19.458500,16.726000,21.918600,2.779629
phase1,E_project_title,warm,synthetic,flat,50,library_folder_back,PASS,1,10,0,0,,,,,,,,10,1.098301,1.098301,1.098301,1.098301,1.098301,0.000000,,,,,,,,10,1.000000,1.000000,1.000000,1.000000,1.000000,0.000000,10,100.000000,100.000000,100.000000,100.000000,100.000000,0.000000,10,869.771484,-154.892383,816.951660,-8890.566406,843.355957,3069.543507,10,22746.730469,18206.803809,18471.450195,11503.208984,21922.689941,3412.244225,10,1.000000,1.000000,1.000000,1.000000,1.000000,0.000000,10,2.000000,2.000000,2.000000,2.000000,2.000000,0.000000,10,184464.000000,184443.200000,184432.000000,184432.000000,184464.000000,15.178933,10,2.000000,2.000000,2.000000,2.000000,2.000000,0.000000,,,,,,,,10,100.000000,100.000000,100.000000,100.000000,100.000000,0.000000,10,21.546000,17.714400,17.160000,14.466000,19.639800,2.157978
phase1,E_project_title,warm,synthetic,flat,50,library_folder_enter,PASS,1,10,0,0,,,,,,,,10,1.098301,1.098301,1.098301,1.098301,1.098301,0.000000,,,,,,,,10,1.000000,1.000000,1.000000,1.000000,1.000000,0.000000,10,100.000000,100.000000,100.000000,100.000000,100.000000,0.000000,10,148.447266,-398.373730,126.865234,-5168.800781,148.118555,1676.185238,10,23080.147461,17750.878418,18751.753906,11282.569336,22184.928711,4277.887321,10,1.000000,1.000000,1.000000,1.000000,1.000000,0.000000,10,2.000000,2.000000,2.000000,2.000000,2.000000,0.000000,10,184432.000000,184419.200000,184416.000000,184416.000000,184432.000000,6.746192,10,2.000000,2.000000,2.000000,2.000000,2.000000,0.000000,,,,,,,,10,100.000000,100.000000,100.000000,100.000000,100.000000,0.000000,10,9.246000,8.811500,8.913000,8.309000,9.179400,0.307713
phase1,E_project_title,warm,synthetic,flat,50,library_next_page,PASS,1,10,0,0,,,,,,,,10,1.000000,1.000000,1.000000,1.000000,1.000000,0.000000,,,,,,,,10,1.000000,1.000000,1.000000,1.000000,1.000000,0.000000,10,100.000000,100.000000,100.000000,100.000000,100.000000,0.000000,10,694.488281,627.074805,624.027832,590.856445,653.677148,30.186253,10,20601.095703,15877.314258,15805.816895,11812.506836,19637.927832,3096.373872,10,0.000000,0.000000,0.000000,0.000000,0.000000,0.000000,10,1.000000,1.000000,1.000000,1.000000,1.000000,0.000000,10,182896.000000,182892.800000,182896.000000,182880.000000,182896.000000,6.746192,10,1.000000,1.000000,1.000000,1.000000,1.000000,0.000000,,,,,,,,10,100.000000,100.000000,100.000000,100.000000,100.000000,0.000000,10,15.927000,12.999000,13.037000,10.848000,14.990100,1.742307
phase1,E_project_title,warm,synthetic,flat,50,library_prev_page,PASS,1,10,0,0,,,,,,,,10,1.000000,1.000000,1.000000,1.000000,1.000000,0.000000,,,,,,,,10,1.000000,1.000000,1.000000,1.000000,1.000000,0.000000,10,100.000000,100.000000,100.000000,100.000000,100.000000,0.000000,10,701.983398,648.948828,649.772949,612.455078,689.868555,31.188740,10,23950.236328,17902.030371,17938.125000,11755.924805,22805.299219,4120.942300,10,0.000000,0.000000,0.000000,0.000000,0.000000,0.000000,10,1.000000,1.000000,1.000000,1.000000,1.000000,0.000000,10,184240.000000,183419.200000,182920.000000,182912.000000,184240.000000,655.546727,10,1.000000,1.000000,1.000000,1.000000,1.000000,0.000000,,,,,,,,10,100.000000,100.000000,100.000000,100.000000,100.000000,0.000000,10,16.291000,13.947400,13.833000,11.527000,15.524200,1.537751
phase1,E_project_title,warm,synthetic,flat,50,open_book,PASS,1,10,0,0,,,,,,,,10,9.000000,9.000000,9.000000,9.000000,9.000000,0.000000,,,,,,,,10,9.000000,9.000000,9.000000,9.000000,9.000000,0.000000,10,100.000000,100.000000,100.000000,100.000000,100.000000,0.000000,10,-1117.850586,-1490.543750,-1240.029297,-2616.217773,-1135.804883,569.940211,10,14178.795898,13726.072559,13799.684570,13219.143555,14152.804883,367.683693,10,0.000000,0.000000,0.000000,0.000000,0.000000,0.000000,10,9.000000,9.000000,9.000000,9.000000,9.000000,0.000000,10,209280.000000,208256.000000,207952.000000,207936.000000,209251.200000,552.817430,10,9.000000,9.000000,9.000000,9.000000,9.000000,0.000000,,,,,,,,10,100.000000,100.000000,100.000000,100.000000,100.000000,0.000000,10,54.090000,47.807800,47.264000,44.346000,49.911300,2.714262
phase1,E_project_title,warm,synthetic,flat,50,open_book_minimal,PASS,1,10,0,0,,,,,,,,10,0.000000,0.000000,0.000000,0.000000,0.000000,0.000000,,,,,,,,10,0.000000,0.000000,0.000000,0.000000,0.000000,0.000000,10,0.000000,0.000000,0.000000,0.000000,0.000000,0.000000,10,-1138.654297,-1614.636035,-1598.559570,-2710.252930,-1165.228027,473.185618,10,13880.062500,12997.236230,12844.532715,12587.950195,13605.501855,469.389138,10,0.000000,0.000000,0.000000,0.000000,0.000000,0.000000,10,0.000000,0.000000,0.000000,0.000000,0.000000,0.000000,10,207920.000000,205657.600000,206256.000000,202256.000000,207920.000000,2085.383802,10,0.000000,0.000000,0.000000,0.000000,0.000000,0.000000,,,,,,,,10,0.000000,0.000000,0.000000,0.000000,0.000000,0.000000,10,54.539000,50.097800,50.411000,46.635000,52.874900,2.910453
phase1,E_project_title,warm,synthetic,flat,50,open_quick_settings,PASS,1,10,0,0,,,,,,,,10,2.000000,2.000000,2.000000,2.000000,2.000000,0.000000,,,,,,,,10,2.000000,2.000000,2.000000,2.000000,2.000000,0.000000,10,100.000000,100.000000,100.000000,100.000000,100.000000,0.000000,10,268.466797,246.750000,249.276367,216.607422,266.402246,18.869592,10,20342.673828,19066.604785,19107.388672,17717.872070,20089.177051,880.424269,10,0.000000,0.000000,0.000000,0.000000,0.000000,0.000000,10,2.000000,2.000000,2.000000,2.000000,2.000000,0.000000,10,210160.000000,210160.000000,210160.000000,210160.000000,210160.000000,0.000000,10,2.000000,2.000000,2.000000,2.000000,2.000000,0.000000,,,,,,,,10,100.000000,100.000000,100.000000,100.000000,100.000000,0.000000,10,8.991000,7.997600,7.876000,7.465000,8.703900,0.492600
phase1,E_project_title,warm,synthetic,flat,50,repeated_nav,PASS,1,2,0,0,,,,,,,,2,10.000000,10.000000,10.000000,10.000000,10.000000,0.000000,,,,,,,,2,10.000000,10.000000,10.000000,10.000000,10.000000,0.000000,2,100.000000,100.000000,100.000000,100.000000,100.000000,0.000000,2,4329.589844,-3922.726562,-3922.726562,-12175.042969,2679.126563,11670.537783,2,20444.819336,18272.887695,18272.887695,16100.956055,20010.433008,3071.575183,2,0.000000,0.000000,0.000000,0.000000,0.000000,0.000000,2,10.000000,10.000000,10.000000,10.000000,10.000000,0.000000,2,220176.000000,220168.000000,220168.000000,220160.000000,220174.400000,11.313708,2,10.000000,10.000000,10.000000,10.000000,10.000000,0.000000,,,,,,,,2,100.000000,100.000000,100.000000,100.000000,100.000000,0.000000,2,88.397000,86.168000,86.168000,83.939000,87.951200,3.152282
phase1,E_project_title,warm,synthetic,flat,50,start_to_home,UNSUPPORTED,1,0,0,10,,,,,,,,,,,,,,,,,,,,,,,,,,,,,,,,,,,,,,,,,,,,,,,,,,,,,,,,,,,,,,,,,,,,,,,,,,,,,,,,,,,,,,,,,,,,,,,,,,
phase1,E_project_title,warm,synthetic,hierarchical,2000,change_sort_mode,PASS,1,10,0,0,,,,,,,,10,2.000000,2.000000,2.000000,2.000000,2.000000,0.000000,,,,,,,,10,2.000000,2.000000,2.000000,2.000000,2.000000,0.000000,10,100.000000,100.000000,100.000000,100.000000,100.000000,0.000000,10,242.276367,223.552637,226.407227,203.502930,238.497949,13.288053,10,17162.123047,16151.888184,16152.341309,15133.182617,16958.599121,676.740052,10,0.000000,0.000000,0.000000,0.000000,0.000000,0.000000,10,2.000000,2.000000,2.000000,2.000000,2.000000,0.000000,10,184016.000000,184016.000000,184016.000000,184016.000000,184016.000000,0.000000,10,2.000000,2.000000,2.000000,2.000000,2.000000,0.000000,,,,,,,,10,100.000000,100.000000,100.000000,100.000000,100.000000,0.000000,10,10.954000,9.425300,9.231500,8.422000,10.232200,0.753083
phase1,E_project_title,warm,synthetic,hierarchical,2000,close_book,PASS,1,10,0,0,,,,,,,,10,3.098301,3.098301,3.098301,3.098301,3.098301,0.000000,,,,,,,,10,3.000000,3.000000,3.000000,3.000000,3.000000,0.000000,10,100.000000,100.000000,100.000000,100.000000,100.000000,0.000000,10,2025.638672,1733.400586,1692.402832,1532.916992,2020.336230,168.949342,10,16442.015625,15521.875488,15515.797363,15063.610352,15869.378320,403.471401,10,1.000000,1.000000,1.000000,1.000000,1.000000,0.000000,10,4.000000,4.000000,4.000000,4.000000,4.000000,0.000000,10,207392.000000,207360.000000,207392.000000,207072.000000,207392.000000,101.192885,10,4.000000,4.000000,4.000000,4.000000,4.000000,0.000000,,,,,,,,10,100.000000,100.000000,100.000000,100.000000,100.000000,0.000000,10,33.236000,25.003100,24.130000,18.599000,33.167600,4.925283
phase1,E_project_title,warm,synthetic,hierarchical,2000,close_quick_settings,PASS,1,10,0,0,,,,,,,,10,3.000000,3.000000,3.000000,3.000000,3.000000,0.000000,,,,,,,,10,3.000000,3.000000,3.000000,3.000000,3.000000,0.000000,10,100.000000,100.000000,100.000000,100.000000,100.000000,0.000000,10,102.638672,65.313965,58.821777,43.434570,93.977930,19.547180,10,24246.712891,22905.363477,22918.849609,21477.005859,24012.683008,922.549122,10,0.000000,0.000000,0.000000,0.000000,0.000000,0.000000,10,3.000000,3.000000,3.000000,3.000000,3.000000,0.000000,10,208048.000000,207492.800000,207392.000000,207392.000000,207774.400000,224.260166,10,3.000000,3.000000,3.000000,3.000000,3.000000,0.000000,,,,,,,,10,100.000000,100.000000,100.000000,100.000000,100.000000,0.000000,10,8.825000,8.075000,7.976500,7.393000,8.693600,0.453491
phase1,E_project_title,warm,synthetic,hierarchical,2000,home_to_library,PASS,1,10,0,0,,,,,,,,10,1.000000,1.000000,1.000000,1.000000,1.000000,0.000000,,,,,,,,10,1.000000,1.000000,1.000000,1.000000,1.000000,0.000000,10,100.000000,100.000000,100.000000,100.000000,100.000000,0.000000,10,395.508789,321.393945,320.899414,280.891602,337.678516,30.992220,10,16024.962891,14564.406152,14592.509277,13107.845703,15746.129004,992.560975,10,0.000000,0.000000,0.000000,0.000000,0.000000,0.000000,10,1.000000,1.000000,1.000000,1.000000,1.000000,0.000000,10,176304.000000,174747.200000,174760.000000,173280.000000,176016.000000,1050.519110,10,1.000000,1.000000,1.000000,1.000000,1.000000,0.000000,,,,,,,,10,100.000000,100.000000,100.000000,100.000000,100.000000,0.000000,10,12.511000,10.973100,11.049000,8.802000,12.275200,1.101494
phase1,E_project_title,warm,synthetic,hierarchical,2000,library_first_render,PASS,1,10,0,0,,,,,,,,10,1.000000,1.000000,1.000000,1.000000,1.000000,0.000000,,,,,,,,10,1.000000,1.000000,1.000000,1.000000,1.000000,0.000000,10,100.000000,100.000000,100.000000,100.000000,100.000000,0.000000,10,416.643555,-13.673340,304.002930,-3019.555664,344.817578,1056.872289,10,19611.933594,18124.814160,18070.648926,16595.112305,19306.375684,996.960697,10,0.000000,0.000000,0.000000,0.000000,0.000000,0.000000,10,1.000000,1.000000,1.000000,1.000000,1.000000,0.000000,10,180352.000000,178892.800000,178840.000000,177408.000000,180150.400000,1029.286355,10,1.000000,1.000000,1.000000,1.000000,1.000000,0.000000,,,,,,,,10,100.000000,100.000000,100.000000,100.000000,100.000000,0.000000,10,13.978000,11.734100,11.743000,9.154000,13.009600,1.414006
phase1,E_project_title,warm,synthetic,hierarchical,2000,library_folder_back,PASS,1,10,0,0,,,,,,,,10,1.098301,1.098301,1.098301,1.098301,1.098301,0.000000,,,,,,,,10,1.000000,1.000000,1.000000,1.000000,1.000000,0.000000,10,100.000000,100.000000,100.000000,100.000000,100.000000,0.000000,10,277.435547,-674.141504,229.937012,-8873.381836,266.343750,2881.006003,10,21933.295898,17029.949316,18286.081543,11121.164062,21626.645508,4049.646639,10,1.000000,1.000000,1.000000,1.000000,1.000000,0.000000,10,2.000000,2.000000,2.000000,2.000000,2.000000,0.000000,10,184016.000000,182694.400000,182968.000000,181152.000000,184016.000000,1317.629117,10,2.000000,2.000000,2.000000,2.000000,2.000000,0.000000,,,,,,,,10,100.000000,100.000000,100.000000,100.000000,100.000000,0.000000,10,11.575000,9.618300,9.347500,8.475000,10.858600,1.012861
phase1,E_project_title,warm,synthetic,hierarchical,2000,library_folder_enter,PASS,1,10,0,0,,,,,,,,10,1.098301,1.098301,1.098301,1.098301,1.098301,0.000000,,,,,,,,10,1.000000,1.000000,1.000000,1.000000,1.000000,0.000000,10,100.000000,100.000000,100.000000,100.000000,100.000000,0.000000,10,1469.595703,821.238574,1086.689941,-198.903320,1456.082520,602.484921,10,17774.037109,14645.196777,14118.940430,11652.849609,17751.566992,2382.083736,10,1.000000,1.000000,1.000000,1.000000,1.000000,0.000000,10,2.000000,2.000000,2.000000,2.000000,2.000000,0.000000,10,181152.000000,180924.800000,180928.000000,180704.000000,181137.600000,201.229996,10,2.000000,2.000000,2.000000,2.000000,2.000000,0.000000,,,,,,,,10,100.000000,100.000000,100.000000,100.000000,100.000000,0.000000,10,26.473000,18.114800,19.509500,8.520000,22.789300,5.942909
phase1,E_project_title,warm,synthetic,hierarchical,2000,library_next_page,UNSUPPORTED,1,0,0,10,,,,,,,,,,,,,,,,,,,,,,,,,,,,,,,,,,,,,,,,,,,,,,,,,,,,,,,,,,,,,,,,,,,,,,,,,,,,,,,,,,,,,,,,,,,,,,,,,,
phase1,E_project_title,warm,synthetic,hierarchical,2000,library_prev_page,UNSUPPORTED,1,0,0,10,,,,,,,,,,,,,,,,,,,,,,,,,,,,,,,,,,,,,,,,,,,,,,,,,,,,,,,,,,,,,,,,,,,,,,,,,,,,,,,,,,,,,,,,,,,,,,,,,,
phase1,E_project_title,warm,synthetic,hierarchical,2000,open_book,PASS,1,10,0,0,,,,,,,,10,9.000000,9.000000,9.000000,9.000000,9.000000,0.000000,,,,,,,,10,9.000000,9.000000,9.000000,9.000000,9.000000,0.000000,10,100.000000,100.000000,100.000000,100.000000,100.000000,0.000000,10,-1640.103516,-1918.336621,-1947.693848,-2063.720703,-1803.780469,127.904061,10,13348.333984,13048.104687,13018.875000,12898.176758,13117.308203,122.934562,10,0.000000,0.000000,0.000000,0.000000,0.000000,0.000000,10,9.000000,9.000000,9.000000,9.000000,9.000000,0.000000,10,206112.000000,205945.600000,206096.000000,205568.000000,206112.000000,226.926909,10,9.000000,9.000000,9.000000,9.000000,9.000000,0.000000,,,,,,,,10,100.000000,100.000000,100.000000,100.000000,100.000000,0.000000,10,54.962000,52.565200,52.035000,51.587000,54.250100,1.180654
phase1,E_project_title,warm,synthetic,hierarchical,2000,open_book_minimal,PASS,1,10,0,0,,,,,,,,10,0.000000,0.000000,0.000000,0.000000,0.000000,0.000000,,,,,,,,10,0.000000,0.000000,0.000000,0.000000,0.000000,0.000000,10,0.000000,0.000000,0.000000,0.000000,0.000000,0.000000,10,-1775.010742,-2049.120801,-2030.336426,-2298.166992,-1880.819629,174.357480,10,12643.037109,12516.853809,12518.457520,12362.151367,12579.690820,74.514682,10,0.000000,0.000000,0.000000,0.000000,0.000000,0.000000,10,0.000000,0.000000,0.000000,0.000000,0.000000,0.000000,10,202832.000000,201900.800000,202576.000000,197536.000000,202832.000000,1591.172091,10,0.000000,0.000000,0.000000,0.000000,0.000000,0.000000,,,,,,,,10,0.000000,0.000000,0.000000,0.000000,0.000000,0.000000,10,54.157000,51.832800,52.127000,48.689000,53.457700,1.710604
phase1,E_project_title,warm,synthetic,hierarchical,2000,open_quick_settings,PASS,1,10,0,0,,,,,,,,10,2.000000,2.000000,2.000000,2.000000,2.000000,0.000000,,,,,,,,10,2.000000,2.000000,2.000000,2.000000,2.000000,0.000000,10,100.000000,100.000000,100.000000,100.000000,100.000000,0.000000,10,331.211914,250.677637,231.385742,216.497070,308.808594,40.755732,10,20439.772461,18888.814746,18820.028320,17518.748047,20108.427441,963.254435,10,0.000000,0.000000,0.000000,0.000000,0.000000,0.000000,10,2.000000,2.000000,2.000000,2.000000,2.000000,0.000000,10,207392.000000,207392.000000,207392.000000,207392.000000,207392.000000,0.000000,10,2.000000,2.000000,2.000000,2.000000,2.000000,0.000000,,,,,,,,10,100.000000,100.000000,100.000000,100.000000,100.000000,0.000000,10,8.910000,8.213900,8.146500,7.606000,8.773200,0.418558
phase1,E_project_title,warm,synthetic,hierarchical,2000,repeated_nav,PASS,1,2,0,0,,,,,,,,2,10.000000,10.000000,10.000000,10.000000,10.000000,0.000000,,,,,,,,2,10.000000,10.000000,10.000000,10.000000,10.000000,0.000000,2,100.000000,100.000000,100.000000,100.000000,100.000000,0.000000,2,5149.485352,-2400.947754,-2400.947754,-9951.380859,3639.398730,10677.924900,2,24781.157227,22199.189941,22199.189941,19617.222656,24264.763770,3651.453152,2,0.000000,0.000000,0.000000,0.000000,0.000000,0.000000,2,10.000000,10.000000,10.000000,10.000000,10.000000,0.000000,2,217984.000000,217952.000000,217952.000000,217920.000000,217977.600000,45.254834,2,10.000000,10.000000,10.000000,10.000000,10.000000,0.000000,,,,,,,,2,100.000000,100.000000,100.000000,100.000000,100.000000,0.000000,2,90.481000,86.679500,86.679500,82.878000,89.720700,5.376133
phase1,E_project_title,warm,synthetic,hierarchical,2000,start_to_home,UNSUPPORTED,1,0,0,10,,,,,,,,,,,,,,,,,,,,,,,,,,,,,,,,,,,,,,,,,,,,,,,,,,,,,,,,,,,,,,,,,,,,,,,,,,,,,,,,,,,,,,,,,,,,,,,,,,
phase1,E_project_title,warm,synthetic,hierarchical,50,change_sort_mode,PASS,1,10,0,0,,,,,,,,10,2.000000,2.000000,2.000000,2.000000,2.000000,0.000000,,,,,,,,10,2.000000,2.000000,2.000000,2.000000,2.000000,0.000000,10,100.000000,100.000000,100.000000,100.000000,100.000000,0.000000,10,244.981445,222.994922,221.684570,195.530273,240.989453,18.083215,10,13072.646484,12053.801953,12085.221191,11020.711914,12853.678418,692.275279,10,0.000000,0.000000,0.000000,0.000000,0.000000,0.000000,10,2.000000,2.000000,2.000000,2.000000,2.000000,0.000000,10,178624.000000,178624.000000,178624.000000,178624.000000,178624.000000,0.000000,10,2.000000,2.000000,2.000000,2.000000,2.000000,0.000000,,,,,,,,10,100.000000,100.000000,100.000000,100.000000,100.000000,0.000000,10,10.587000,9.035800,8.996000,7.711000,9.571800,0.739636
phase1,E_project_title,warm,synthetic,hierarchical,50,close_book,PASS,1,10,0,0,,,,,,,,10,3.098301,3.098301,3.098301,3.098301,3.098301,0.000000,,,,,,,,10,3.000000,3.000000,3.000000,3.000000,3.000000,0.000000,10,100.000000,100.000000,100.000000,100.000000,100.000000,0.000000,10,1416.513672,1149.928906,1130.859863,971.480469,1253.642676,117.088490,10,14897.098633,13954.483984,13857.276367,13458.371094,14343.952832,436.450075,10,1.000000,1.000000,1.000000,1.000000,1.000000,0.000000,10,4.000000,4.000000,4.000000,4.000000,4.000000,0.000000,10,205984.000000,205947.200000,205984.000000,205616.000000,205984.000000,116.371818,10,4.000000,4.000000,4.000000,4.000000,4.000000,0.000000,,,,,,,,10,100.000000,100.000000,100.000000,100.000000,100.000000,0.000000,10,23.863000,18.331400,18.599500,15.456000,20.914600,2.687879
phase1,E_project_title,warm,synthetic,hierarchical,50,close_quick_settings,PASS,1,10,0,0,,,,,,,,10,3.000000,3.000000,3.000000,3.000000,3.000000,0.000000,,,,,,,,10,3.000000,3.000000,3.000000,3.000000,3.000000,0.000000,10,100.000000,100.000000,100.000000,100.000000,100.000000,0.000000,10,84.297852,56.242773,53.734863,34.597656,69.205273,13.375257,10,22387.329102,21082.998145,21100.904297,19711.139648,22135.188477,893.038563,10,0.000000,0.000000,0.000000,0.000000,0.000000,0.000000,10,3.000000,3.000000,3.000000,3.000000,3.000000,0.000000,10,207536.000000,206403.200000,206040.000000,205984.000000,207219.200000,582.472279,10,3.000000,3.000000,3.000000,3.000000,3.000000,0.000000,,,,,,,,10,100.000000,100.000000,100.000000,100.000000,100.000000,0.000000,10,8.978000,8.252900,8.325500,7.725000,8.753000,0.453040
phase1,E_project_title,warm,synthetic,hierarchical,50,home_to_library,PASS,1,10,0,0,,,,,,,,10,1.000000,1.000000,1.000000,1.000000,1.000000,0.000000,,,,,,,,10,1.000000,1.000000,1.000000,1.000000,1.000000,0.000000,10,100.000000,100.000000,100.000000,100.000000,100.000000,0.000000,10,343.020508,308.097656,317.795898,258.318359,329.768359,27.943769,10,16010.188477,14626.158203,14609.459961,13227.050781,15734.631152,939.847408,10,0.000000,0.000000,0.000000,0.000000,0.000000,0.000000,10,1.000000,1.000000,1.000000,1.000000,1.000000,0.000000,10,174128.000000,172886.400000,172560.000000,172288.000000,173825.600000,710.563345,10,1.000000,1.000000,1.000000,1.000000,1.000000,0.000000,,,,,,,,10,100.000000,100.000000,100.000000,100.000000,100.000000,0.000000,10,12.425000,10.961200,11.036500,9.446000,12.266600,1.024473
phase1,E_project_title,warm,synthetic,hierarchical,50,library_first_render,PASS,1,10,0,0,,,,,,,,10,1.000000,1.000000,1.000000,1.000000,1.000000,0.000000,,,,,,,,10,1.000000,1.000000,1.000000,1.000000,1.000000,0.000000,10,100.000000,100.000000,100.000000,100.000000,100.000000,0.000000,10,360.704102,308.007227,314.306641,256.578125,329.815820,29.437023,10,19728.542969,18335.044238,18309.138184,16950.674805,19468.774316,930.583878,10,0.000000,0.000000,0.000000,0.000000,0.000000,0.000000,10,1.000000,1.000000,1.000000,1.000000,1.000000,0.000000,10,178080.000000,176582.400000,176552.000000,175072.000000,177820.800000,1004.684494,10,1.000000,1.000000,1.000000,1.000000,1.000000,0.000000,,,,,,,,10,100.000000,100.000000,100.000000,100.000000,100.000000,0.000000,10,13.265000,10.980800,10.824500,9.934000,12.002300,0.995632
phase1,E_project_title,warm,synthetic,hierarchical,50,library_folder_back,PASS,1,10,0,0,,,,,,,,10,1.098301,1.098301,1.098301,1.098301,1.098301,0.000000,,,,,,,,10,1.000000,1.000000,1.000000,1.000000,1.000000,0.000000,10,100.000000,100.000000,100.000000,100.000000,100.000000,0.000000,10,246.810547,-378.631445,226.321289,-5818.070312,242.747363,1911.289005,10,19379.312500,16508.743848,17147.430664,10335.079102,18828.574023,2716.062258,10,1.000000,1.000000,1.000000,1.000000,1.000000,0.000000,10,2.000000,2.000000,2.000000,2.000000,2.000000,0.000000,10,178608.000000,178608.000000,178608.000000,178608.000000,178608.000000,0.000000,10,2.000000,2.000000,2.000000,2.000000,2.000000,0.000000,,,,,,,,10,100.000000,100.000000,100.000000,100.000000,100.000000,0.000000,10,10.487000,9.549100,9.643500,8.000000,10.445600,0.849380
phase1,E_project_title,warm,synthetic,hierarchical,50,library_folder_enter,PASS,1,10,0,0,,,,,,,,10,1.098301,1.098301,1.098301,1.098301,1.098301,0.000000,,,,,,,,10,1.000000,1.000000,1.000000,1.000000,1.000000,0.000000,10,100.000000,100.000000,100.000000,100.000000,100.000000,0.000000,10,540.181641,274.566699,270.905762,109.664062,436.815234,144.970717,10,14530.641602,12266.356738,12264.512207,10048.126953,13951.490723,1498.794510,10,1.000000,1.000000,1.000000,1.000000,1.000000,0.000000,10,2.000000,2.000000,2.000000,2.000000,2.000000,0.000000,10,178592.000000,178547.200000,178536.000000,178480.000000,178592.000000,41.859023,10,2.000000,2.000000,2.000000,2.000000,2.000000,0.000000,,,,,,,,10,100.000000,100.000000,100.000000,100.000000,100.000000,0.000000,10,12.247000,9.926200,9.581500,8.685000,11.769100,1.261640
phase1,E_project_title,warm,synthetic,hierarchical,50,library_next_page,UNSUPPORTED,1,0,0,10,,,,,,,,,,,,,,,,,,,,,,,,,,,,,,,,,,,,,,,,,,,,,,,,,,,,,,,,,,,,,,,,,,,,,,,,,,,,,,,,,,,,,,,,,,,,,,,,,,
phase1,E_project_title,warm,synthetic,hierarchical,50,library_prev_page,UNSUPPORTED,1,0,0,10,,,,,,,,,,,,,,,,,,,,,,,,,,,,,,,,,,,,,,,,,,,,,,,,,,,,,,,,,,,,,,,,,,,,,,,,,,,,,,,,,,,,,,,,,,,,,,,,,,
phase1,E_project_title,warm,synthetic,hierarchical,50,open_book,PASS,1,10,0,0,,,,,,,,10,9.000000,9.000000,9.000000,9.000000,9.000000,0.000000,,,,,,,,10,9.000000,9.000000,9.000000,9.000000,9.000000,0.000000,10,100.000000,100.000000,100.000000,100.000000,100.000000,0.000000,10,-868.814453,-1267.692090,-1346.336426,-1467.302734,-1077.673340,187.244394,10,12327.481445,12042.742969,12001.011230,11891.067383,12213.154199,129.639946,10,0.000000,0.000000,0.000000,0.000000,0.000000,0.000000,10,9.000000,9.000000,9.000000,9.000000,9.000000,0.000000,10,204896.000000,204446.400000,204656.000000,202624.000000,204896.000000,675.017564,10,9.000000,9.000000,9.000000,9.000000,9.000000,0.000000,,,,,,,,10,100.000000,100.000000,100.000000,100.000000,100.000000,0.000000,10,53.490000,49.440800,49.311000,46.188000,50.697300,1.822413
phase1,E_project_title,warm,synthetic,hierarchical,50,open_book_minimal,PASS,1,10,0,0,,,,,,,,10,0.000000,0.000000,0.000000,0.000000,0.000000,0.000000,,,,,,,,10,0.000000,0.000000,0.000000,0.000000,0.000000,0.000000,10,0.000000,0.000000,0.000000,0.000000,0.000000,0.000000,10,-1102.466797,-1326.979004,-1326.383301,-1446.707031,-1234.152441,99.545658,10,11633.100586,11494.657520,11504.384277,11305.304688,11576.269629,92.763621,10,0.000000,0.000000,0.000000,0.000000,0.000000,0.000000,10,0.000000,0.000000,0.000000,0.000000,0.000000,0.000000,10,201808.000000,201054.400000,201728.000000,196112.000000,201808.000000,1792.356314,10,0.000000,0.000000,0.000000,0.000000,0.000000,0.000000,,,,,,,,10,0.000000,0.000000,0.000000,0.000000,0.000000,0.000000,10,52.136000,49.627000,48.987000,48.095000,51.647300,1.354855
phase1,E_project_title,warm,synthetic,hierarchical,50,open_quick_settings,PASS,1,10,0,0,,,,,,,,10,2.000000,2.000000,2.000000,2.000000,2.000000,0.000000,,,,,,,,10,2.000000,2.000000,2.000000,2.000000,2.000000,0.000000,10,100.000000,100.000000,100.000000,100.000000,100.000000,0.000000,10,294.156250,246.758105,244.522949,218.161133,262.417188,20.421790,10,18540.776367,17124.096582,17139.133789,15785.599609,18139.505566,893.160011,10,0.000000,0.000000,0.000000,0.000000,0.000000,0.000000,10,2.000000,2.000000,2.000000,2.000000,2.000000,0.000000,10,205984.000000,205984.000000,205984.000000,205984.000000,205984.000000,0.000000,10,2.000000,2.000000,2.000000,2.000000,2.000000,0.000000,,,,,,,,10,100.000000,100.000000,100.000000,100.000000,100.000000,0.000000,10,9.343000,8.245100,8.250000,7.573000,8.614900,0.476474
phase1,E_project_title,warm,synthetic,hierarchical,50,repeated_nav,UNSUPPORTED,1,0,0,2,,,,,,,,,,,,,,,,,,,,,,,,,,,,,,,,,,,,,,,,,,,,,,,,,,,,,,,,,,,,,,,,,,,,,,,,,,,,,,,,,,,,,,,,,,,,,,,,,,
phase1,E_project_title,warm,synthetic,hierarchical,50,start_to_home,UNSUPPORTED,1,0,0,10,,,,,,,,,,,,,,,,,,,,,,,,,,,,,,,,,,,,,,,,,,,,,,,,,,,,,,,,,,,,,,,,,,,,,,,,,,,,,,,,,,,,,,,,,,,,,,,,,,
phase1,F_bookshelf_bookends,steady_state_cold,startup,hierarchical,2000,home_to_library,PASS,3,3,0,0,,,,,,,,3,1.000000,1.000000,1.000000,1.000000,1.000000,0.000000,,,,,,,,3,1.000000,1.000000,1.000000,1.000000,1.000000,0.000000,3,100.000000,100.000000,100.000000,100.000000,100.000000,0.000000,3,435.828125,381.879557,357.552734,352.257812,420.173047,46.795780,3,9320.565430,9292.563477,9303.909180,9253.215820,9317.234180,35.078999,3,0.000000,0.000000,0.000000,0.000000,0.000000,0.000000,3,1.000000,1.000000,1.000000,1.000000,1.000000,0.000000,3,172992.000000,168080.000000,167232.000000,164016.000000,171840.000000,4547.688644,3,1.000000,1.000000,1.000000,1.000000,1.000000,0.000000,,,,,,,,3,100.000000,100.000000,100.000000,100.000000,100.000000,0.000000,3,13.297000,12.483333,12.162000,11.991000,13.070000,0.709824
phase1,F_bookshelf_bookends,steady_state_cold,startup,hierarchical,2000,library_first_render,PASS,3,3,0,0,,,,,,,,3,1.000000,1.000000,1.000000,1.000000,1.000000,0.000000,,,,,,,,3,1.000000,1.000000,1.000000,1.000000,1.000000,0.000000,3,100.000000,100.000000,100.000000,100.000000,100.000000,0.000000,3,411.986328,353.504557,337.635742,310.891602,397.116211,52.382253,3,9722.965820,9653.340169,9665.271484,9571.783203,9711.426953,76.294254,3,0.000000,0.000000,0.000000,0.000000,0.000000,0.000000,3,1.000000,1.000000,1.000000,1.000000,1.000000,0.000000,3,175712.000000,173861.333333,173216.000000,172656.000000,175212.800000,1626.998873,3,1.000000,1.000000,1.000000,1.000000,1.000000,0.000000,,,,,,,,3,100.000000,100.000000,100.000000,100.000000,100.000000,0.000000,3,12.927000,12.436333,12.382000,12.000000,12.818000,0.465882
phase1,F_bookshelf_bookends,warm,synthetic,flat,2000,bookshelf_first_render,PASS,1,10,0,0,,,,,,,,10,0.000000,0.000000,0.000000,0.000000,0.000000,0.000000,,,,,,,,10,0.000000,0.000000,0.000000,0.000000,0.000000,0.000000,10,0.000000,0.000000,0.000000,0.000000,0.000000,0.000000,10,497.135742,-1809.136719,479.552734,-20482.482422,491.755957,6589.634450,10,48901.111328,33055.622559,29401.202148,28420.011719,48470.062305,8241.706565,10,0.000000,0.000000,0.000000,0.000000,0.000000,0.000000,10,0.000000,0.000000,0.000000,0.000000,0.000000,0.000000,10,319968.000000,319968.000000,319968.000000,319968.000000,319968.000000,0.000000,10,0.000000,0.000000,0.000000,0.000000,0.000000,0.000000,,,,,,,,10,0.000000,0.000000,0.000000,0.000000,0.000000,0.000000,10,38.761000,9.371600,3.454000,2.822000,28.456900,12.768542
phase1,F_bookshelf_bookends,warm,synthetic,flat,2000,bookshelf_page_turn,PASS,1,10,0,0,,,,,,,,10,0.000000,0.000000,0.000000,0.000000,0.000000,0.000000,,,,,,,,10,0.000000,0.000000,0.000000,0.000000,0.000000,0.000000,10,0.000000,0.000000,0.000000,0.000000,0.000000,0.000000,10,22.066406,13.806641,12.812500,12.265625,14.799609,2.978622,10,30194.431641,30065.754297,30067.609375,29938.271484,30167.389453,85.870677,10,0.000000,0.000000,0.000000,0.000000,0.000000,0.000000,10,0.000000,0.000000,0.000000,0.000000,0.000000,0.000000,10,319968.000000,319968.000000,319968.000000,319968.000000,319968.000000,0.000000,10,0.000000,0.000000,0.000000,0.000000,0.000000,0.000000,,,,,,,,10,0.000000,0.000000,0.000000,0.000000,0.000000,0.000000,10,0.173000,0.067900,0.059500,0.033000,0.094700,0.041378
phase1,F_bookshelf_bookends,warm,synthetic,flat,2000,change_sort_mode,PASS,1,10,0,0,,,,,,,,10,2.000000,2.000000,2.000000,2.000000,2.000000,0.000000,,,,,,,,10,2.000000,2.000000,2.000000,2.000000,2.000000,0.000000,10,100.000000,100.000000,100.000000,100.000000,100.000000,0.000000,10,9592.883789,922.331348,9053.656738,-18556.551758,9567.655664,11172.254310,10,40098.789062,28882.497656,30561.090332,21385.132812,39979.279785,7353.615884,10,0.000000,0.000000,0.000000,0.000000,0.000000,0.000000,10,2.000000,2.000000,2.000000,2.000000,2.000000,0.000000,10,306000.000000,306000.000000,306000.000000,306000.000000,306000.000000,0.000000,10,2.000000,2.000000,2.000000,2.000000,2.000000,0.000000,,,,,,,,10,100.000000,100.000000,100.000000,100.000000,100.000000,0.000000,10,203.196000,153.230400,141.195500,122.439000,200.185500,32.641293
phase1,F_bookshelf_bookends,warm,synthetic,flat,2000,close_book,PASS,1,10,0,0,,,,,,,,10,3.098301,3.098301,3.098301,3.098301,3.098301,0.000000,,,,,,,,10,3.000000,3.000000,3.000000,3.000000,3.000000,0.000000,10,100.000000,100.000000,100.000000,100.000000,100.000000,0.000000,10,5823.756836,2473.607324,2931.318848,-2125.822266,5661.068652,3401.592115,10,31501.192383,27859.103906,27900.737793,24024.920898,31401.785449,3475.082277,10,1.000000,1.000000,1.000000,1.000000,1.000000,0.000000,10,4.000000,4.000000,4.000000,4.000000,4.000000,0.000000,10,319184.000000,319184.000000,319184.000000,319184.000000,319184.000000,0.000000,10,4.000000,4.000000,4.000000,4.000000,4.000000,0.000000,,,,,,,,10,100.000000,100.000000,100.000000,100.000000,100.000000,0.000000,10,140.996000,101.903000,97.501500,68.172000,140.204900,33.795990
phase1,F_bookshelf_bookends,warm,synthetic,flat,2000,close_bookshelf,PASS,1,10,0,0,,,,,,,,10,1.000000,1.000000,1.000000,1.000000,1.000000,0.000000,,,,,,,,10,1.000000,1.000000,1.000000,1.000000,1.000000,0.000000,10,100.000000,100.000000,100.000000,100.000000,100.000000,0.000000,10,125.122070,58.459668,55.204590,15.999023,93.911230,38.391779,10,37399.137695,34208.245410,34267.234863,31002.827148,36813.998828,2203.666452,10,0.000000,0.000000,0.000000,0.000000,0.000000,0.000000,10,1.000000,1.000000,1.000000,1.000000,1.000000,0.000000,10,320352.000000,320345.600000,320352.000000,320288.000000,320352.000000,20.238577,10,1.000000,1.000000,1.000000,1.000000,1.000000,0.000000,,,,,,,,10,100.000000,100.000000,100.000000,100.000000,100.000000,0.000000,10,10.077000,8.946600,8.926500,8.303000,9.365100,0.488607
phase1,F_bookshelf_bookends,warm,synthetic,flat,2000,close_quick_settings,PASS,1,10,0,0,,,,,,,,10,3.000000,3.000000,3.000000,3.000000,3.000000,0.000000,,,,,,,,10,3.000000,3.000000,3.000000,3.000000,3.000000,0.000000,10,100.000000,100.000000,100.000000,100.000000,100.000000,0.000000,10,75.055664,51.459668,47.003906,29.607422,68.637012,15.395376,10,38737.280273,37463.029980,37435.203613,36206.622070,38497.403027,852.740504,10,0.000000,0.000000,0.000000,0.000000,0.000000,0.000000,10,3.000000,3.000000,3.000000,3.000000,3.000000,0.000000,10,320352.000000,320352.000000,320352.000000,320352.000000,320352.000000,0.000000,10,3.000000,3.000000,3.000000,3.000000,3.000000,0.000000,,,,,,,,10,100.000000,100.000000,100.000000,100.000000,100.000000,0.000000,10,8.904000,8.248100,8.247500,7.572000,8.667300,0.414718
phase1,F_bookshelf_bookends,warm,synthetic,flat,2000,home_to_library,PASS,1,10,0,0,,,,,,,,10,13.000000,7.100000,7.000000,1.000000,12.100000,4.332051,,,,,,,,10,13.000000,7.100000,7.000000,1.000000,12.100000,4.332051,10,100.000000,100.000000,100.000000,100.000000,100.000000,0.000000,10,6797.967773,3205.238672,5175.297363,-17426.663086,6642.669434,7279.370382,10,67787.017578,57229.986621,56620.078125,46104.034180,66068.479883,6996.140199,10,0.000000,0.000000,0.000000,0.000000,0.000000,0.000000,10,13.000000,7.100000,7.000000,1.000000,12.100000,4.332051,10,261680.000000,241449.600000,241768.000000,220928.000000,261680.000000,15628.620037,10,13.000000,7.100000,7.000000,1.000000,12.100000,4.332051,,,,,,,,10,100.000000,100.000000,100.000000,100.000000,100.000000,0.000000,10,205.952000,123.800200,114.244000,81.048000,160.335500,37.180201
phase1,F_bookshelf_bookends,warm,synthetic,flat,2000,library_first_render,PASS,1,10,0,0,,,,,,,,10,10.000000,4.800000,4.000000,1.000000,9.100000,2.973961,,,,,,,,10,10.000000,4.800000,4.000000,1.000000,9.100000,2.973961,10,100.000000,100.000000,100.000000,100.000000,100.000000,0.000000,10,6896.505859,4050.789844,5934.507324,-13511.553711,6597.600391,6196.069299,10,100499.551758,80386.387402,79193.376465,65865.476562,94586.180859,11228.920225,10,0.000000,0.000000,0.000000,0.000000,0.000000,0.000000,10,10.000000,4.800000,4.000000,1.000000,9.100000,2.973961,10,299408.000000,279030.400000,279568.000000,261856.000000,291329.600000,10682.767049,10,10.000000,4.800000,4.000000,1.000000,9.100000,2.973961,,,,,,,,10,100.000000,100.000000,100.000000,100.000000,100.000000,0.000000,10,231.417000,110.009700,99.548500,79.664000,119.556000,43.496347
phase1,F_bookshelf_bookends,warm,synthetic,flat,2000,library_folder_back,PASS,1,10,0,0,,,,,,,,10,1.098301,1.098301,1.098301,1.098301,1.098301,0.000000,,,,,,,,10,1.000000,1.000000,1.000000,1.000000,1.000000,0.000000,10,100.000000,100.000000,100.000000,100.000000,100.000000,0.000000,10,5566.062500,1370.855566,5295.562988,-14720.602539,5503.999414,8449.799464,10,36032.833008,28057.596094,27072.808594,21441.707031,35944.621582,5209.383321,10,1.000000,1.000000,1.000000,1.000000,1.000000,0.000000,10,2.000000,2.000000,2.000000,2.000000,2.000000,0.000000,10,306000.000000,305988.800000,305984.000000,305984.000000,306000.000000,7.728734,10,2.000000,2.000000,2.000000,2.000000,2.000000,0.000000,,,,,,,,10,100.000000,100.000000,100.000000,100.000000,100.000000,0.000000,10,115.277000,76.829300,68.779000,64.534000,110.010200,18.896451
phase1,F_bookshelf_bookends,warm,synthetic,flat,2000,library_folder_enter,PASS,1,10,0,0,,,,,,,,10,1.098301,1.098301,1.098301,1.098301,1.098301,0.000000,,,,,,,,10,1.000000,1.000000,1.000000,1.000000,1.000000,0.000000,10,100.000000,100.000000,100.000000,100.000000,100.000000,0.000000,10,168.399414,143.999512,140.296875,114.263672,166.602930,17.641841,10,38100.980469,27770.183984,27330.663574,21594.434570,33293.010840,5483.039249,10,1.000000,1.000000,1.000000,1.000000,1.000000,0.000000,10,2.000000,2.000000,2.000000,2.000000,2.000000,0.000000,10,305984.000000,305964.800000,305976.000000,305888.000000,305984.000000,30.914937,10,2.000000,2.000000,2.000000,2.000000,2.000000,0.000000,,,,,,,,10,100.000000,100.000000,100.000000,100.000000,100.000000,0.000000,10,9.111000,8.126900,8.758500,6.148000,9.079500,1.267043
phase1,F_bookshelf_bookends,warm,synthetic,flat,2000,library_next_page,PASS,1,10,0,0,,,,,,,,10,1.000000,1.000000,1.000000,1.000000,1.000000,0.000000,,,,,,,,10,1.000000,1.000000,1.000000,1.000000,1.000000,0.000000,10,100.000000,100.000000,100.000000,100.000000,100.000000,0.000000,10,1288.819336,-2610.260742,1227.263672,-28136.507812,1272.059473,9198.917419,10,49228.162109,30362.477344,23654.722168,21340.476562,47899.675098,12131.631942,10,0.000000,0.000000,0.000000,0.000000,0.000000,0.000000,10,1.000000,1.000000,1.000000,1.000000,1.000000,0.000000,10,305872.000000,305852.800000,305840.000000,305840.000000,305872.000000,16.524729,10,1.000000,1.000000,1.000000,1.000000,1.000000,0.000000,,,,,,,,10,100.000000,100.000000,100.000000,100.000000,100.000000,0.000000,10,73.409000,37.205200,31.357500,19.042000,57.619400,18.671321
phase1,F_bookshelf_bookends,warm,synthetic,flat,2000,library_prev_page,PASS,1,10,0,0,,,,,,,,10,1.000000,1.000000,1.000000,1.000000,1.000000,0.000000,,,,,,,,10,1.000000,1.000000,1.000000,1.000000,1.000000,0.000000,10,100.000000,100.000000,100.000000,100.000000,100.000000,0.000000,10,1317.023438,312.060352,1258.022949,-3957.040039,1290.058594,2027.984389,10,28084.122070,23911.043066,23547.772949,21378.542969,26013.253711,2047.848460,10,0.000000,0.000000,0.000000,0.000000,0.000000,0.000000,10,1.000000,1.000000,1.000000,1.000000,1.000000,0.000000,10,305872.000000,305872.000000,305872.000000,305872.000000,305872.000000,0.000000,10,1.000000,1.000000,1.000000,1.000000,1.000000,0.000000,,,,,,,,10,100.000000,100.000000,100.000000,100.000000,100.000000,0.000000,10,84.623000,44.972600,36.656500,27.245000,83.039900,20.701224
phase1,F_bookshelf_bookends,warm,synthetic,flat,2000,open_book,PASS,1,10,0,0,,,,,,,,10,11.000000,11.000000,11.000000,11.000000,11.000000,0.000000,,,,,,,,10,11.000000,11.000000,11.000000,11.000000,11.000000,0.000000,10,100.000000,100.000000,100.000000,100.000000,100.000000,0.000000,10,1353.944336,-3414.229297,-2877.680176,-7941.014648,1244.190039,3769.500590,10,25905.699219,24634.997461,25112.203125,22776.499023,25690.734570,1278.177150,10,0.000000,0.000000,0.000000,0.000000,0.000000,0.000000,10,11.000000,11.000000,11.000000,11.000000,11.000000,0.000000,10,317552.000000,317513.600000,317504.000000,317504.000000,317552.000000,20.238577,10,11.000000,11.000000,11.000000,11.000000,11.000000,0.000000,,,,,,,,10,100.000000,100.000000,100.000000,100.000000,100.000000,0.000000,10,128.603000,114.513700,125.791500,83.034000,127.327700,19.342097
phase1,F_bookshelf_bookends,warm,synthetic,flat,2000,open_book_minimal,PASS,1,10,0,0,,,,,,,,10,0.000000,0.000000,0.000000,0.000000,0.000000,0.000000,,,,,,,,10,0.000000,0.000000,0.000000,0.000000,0.000000,0.000000,10,0.000000,0.000000,0.000000,0.000000,0.000000,0.000000,10,1428.671875,-3463.698340,-3193.120605,-8512.744141,1350.327051,5025.763443,10,30971.057617,27451.403906,27717.875000,23949.444336,30042.922949,2249.428336,10,0.000000,0.000000,0.000000,0.000000,0.000000,0.000000,10,0.000000,0.000000,0.000000,0.000000,0.000000,0.000000,10,316816.000000,316267.200000,316368.000000,315584.000000,316412.800000,359.836012,10,0.000000,0.000000,0.000000,0.000000,0.000000,0.000000,,,,,,,,10,0.000000,0.000000,0.000000,0.000000,0.000000,0.000000,10,154.087000,120.893900,120.853000,82.406000,148.970500,26.688403
phase1,F_bookshelf_bookends,warm,synthetic,flat,2000,open_bookshelf,PASS,1,10,0,0,,,,,,,,10,1.000000,1.000000,1.000000,1.000000,1.000000,0.000000,,,,,,,,10,1.000000,1.000000,1.000000,1.000000,1.000000,0.000000,10,100.000000,100.000000,100.000000,100.000000,100.000000,0.000000,10,880.329102,680.957715,645.959473,620.613281,821.070605,89.890696,10,47423.011719,44331.494531,44382.423340,40982.467773,46809.363770,2123.966475,10,0.000000,0.000000,0.000000,0.000000,0.000000,0.000000,10,1.000000,1.000000,1.000000,1.000000,1.000000,0.000000,10,319968.000000,319611.200000,319656.000000,319184.000000,319896.000000,261.936718,10,1.000000,1.000000,1.000000,1.000000,1.000000,0.000000,,,,,,,,10,100.000000,100.000000,100.000000,100.000000,100.000000,0.000000,10,17.760000,10.267400,9.033500,7.925000,14.366100,3.120908
phase1,F_bookshelf_bookends,warm,synthetic,flat,2000,open_quick_settings,PASS,1,10,0,0,,,,,,,,10,2.000000,2.000000,2.000000,2.000000,2.000000,0.000000,,,,,,,,10,2.000000,2.000000,2.000000,2.000000,2.000000,0.000000,10,100.000000,100.000000,100.000000,100.000000,100.000000,0.000000,10,268.464844,-377.359277,223.066895,-3494.579102,257.100586,1226.712067,10,39457.700195,34692.150586,34002.198242,32844.122070,38153.268848,2211.731841,10,0.000000,0.000000,0.000000,0.000000,0.000000,0.000000,10,2.000000,2.000000,2.000000,2.000000,2.000000,0.000000,10,320352.000000,320352.000000,320352.000000,320352.000000,320352.000000,0.000000,10,2.000000,2.000000,2.000000,2.000000,2.000000,0.000000,,,,,,,,10,100.000000,100.000000,100.000000,100.000000,100.000000,0.000000,10,9.089000,8.180100,8.211000,7.389000,8.710100,0.521327
phase1,F_bookshelf_bookends,warm,synthetic,flat,2000,repeated_nav,PASS,1,2,0,0,,,,,,,,2,10.000000,10.000000,10.000000,10.000000,10.000000,0.000000,,,,,,,,2,10.000000,10.000000,10.000000,10.000000,10.000000,0.000000,2,100.000000,100.000000,100.000000,100.000000,100.000000,0.000000,2,-994.678711,-11400.988770,-11400.988770,-21807.298828,-3075.940723,14716.744819,2,23387.416016,22895.895020,22895.895020,22404.374023,23289.111816,695.115659,2,0.000000,0.000000,0.000000,0.000000,0.000000,0.000000,2,10.000000,10.000000,10.000000,10.000000,10.000000,0.000000,2,321696.000000,321640.000000,321640.000000,321584.000000,321684.800000,79.195959,2,10.000000,10.000000,10.000000,10.000000,10.000000,0.000000,,,,,,,,2,100.000000,100.000000,100.000000,100.000000,100.000000,0.000000,2,332.193000,284.545500,284.545500,236.898000,322.663500,67.383741
phase1,F_bookshelf_bookends,warm,synthetic,flat,2000,start_to_home,UNSUPPORTED,1,0,0,10,,,,,,,,,,,,,,,,,,,,,,,,,,,,,,,,,,,,,,,,,,,,,,,,,,,,,,,,,,,,,,,,,,,,,,,,,,,,,,,,,,,,,,,,,,,,,,,,,,
phase1,F_bookshelf_bookends,warm,synthetic,flat,50,bookshelf_first_render,PASS,1,10,0,0,,,,,,,,10,0.000000,0.000000,0.000000,0.000000,0.000000,0.000000,,,,,,,,10,0.000000,0.000000,0.000000,0.000000,0.000000,0.000000,10,0.000000,0.000000,0.000000,0.000000,0.000000,0.000000,10,603.900391,-841.987891,583.068359,-11420.962891,598.946875,3785.962688,10,34663.112305,26214.398438,24470.434570,23243.532227,34141.346094,4346.961862,10,0.000000,0.000000,0.000000,0.000000,0.000000,0.000000,10,0.000000,0.000000,0.000000,0.000000,0.000000,0.000000,10,254816.000000,254816.000000,254816.000000,254816.000000,254816.000000,0.000000,10,0.000000,0.000000,0.000000,0.000000,0.000000,0.000000,,,,,,,,10,0.000000,0.000000,0.000000,0.000000,0.000000,0.000000,10,33.401000,8.784200,3.910500,3.307000,25.088600,10.766284
phase1,F_bookshelf_bookends,warm,synthetic,flat,50,bookshelf_page_turn,PASS,1,10,0,0,,,,,,,,10,0.000000,0.000000,0.000000,0.000000,0.000000,0.000000,,,,,,,,10,0.000000,0.000000,0.000000,0.000000,0.000000,0.000000,10,0.000000,0.000000,0.000000,0.000000,0.000000,0.000000,10,30.070312,15.797656,13.066406,12.218750,20.230078,5.543015,10,25419.014648,25290.939258,25296.680664,25148.092773,25391.733398,89.338310,10,0.000000,0.000000,0.000000,0.000000,0.000000,0.000000,10,0.000000,0.000000,0.000000,0.000000,0.000000,0.000000,10,254816.000000,254816.000000,254816.000000,254816.000000,254816.000000,0.000000,10,0.000000,0.000000,0.000000,0.000000,0.000000,0.000000,,,,,,,,10,0.000000,0.000000,0.000000,0.000000,0.000000,0.000000,10,0.529000,0.144000,0.075000,0.036000,0.290500,0.153245
phase1,F_bookshelf_bookends,warm,synthetic,flat,50,change_sort_mode,PASS,1,10,0,0,,,,,,,,10,2.000000,2.000000,2.000000,2.000000,2.000000,0.000000,,,,,,,,10,2.000000,2.000000,2.000000,2.000000,2.000000,0.000000,10,100.000000,100.000000,100.000000,100.000000,100.000000,0.000000,10,3235.571289,-143.008789,539.179688,-6930.904297,3181.459668,3471.382924,10,20086.267578,15167.201855,14600.580566,13119.433594,17388.537793,2381.297880,10,0.000000,0.000000,0.000000,0.000000,0.000000,0.000000,10,2.000000,2.000000,2.000000,2.000000,2.000000,0.000000,10,241808.000000,241808.000000,241808.000000,241808.000000,241808.000000,0.000000,10,2.000000,2.000000,2.000000,2.000000,2.000000,0.000000,,,,,,,,10,100.000000,100.000000,100.000000,100.000000,100.000000,0.000000,10,81.325000,57.880200,57.276500,42.574000,66.804400,10.833536
phase1,F_bookshelf_bookends,warm,synthetic,flat,50,close_book,PASS,1,10,0,0,,,,,,,,10,3.098301,3.098301,3.098301,3.098301,3.098301,0.000000,,,,,,,,10,3.000000,3.000000,3.000000,3.000000,3.000000,0.000000,10,100.000000,100.000000,100.000000,100.000000,100.000000,0.000000,10,2854.479492,2131.395605,2046.114258,1716.396484,2671.978125,388.414262,10,23637.531250,22928.465625,22943.113281,22318.239258,23380.699902,429.407048,10,1.000000,1.000000,1.000000,1.000000,1.000000,0.000000,10,4.000000,4.000000,4.000000,4.000000,4.000000,0.000000,10,254816.000000,254665.600000,254608.000000,254592.000000,254816.000000,104.020511,10,4.000000,4.000000,4.000000,4.000000,4.000000,0.000000,,,,,,,,10,100.000000,100.000000,100.000000,100.000000,100.000000,0.000000,10,41.623000,32.224700,30.336500,24.784000,39.910300,5.698141
phase1,F_bookshelf_bookends,warm,synthetic,flat,50,close_bookshelf,PASS,1,10,0,0,,,,,,,,10,1.000000,1.000000,1.000000,1.000000,1.000000,0.000000,,,,,,,,10,1.000000,1.000000,1.000000,1.000000,1.000000,0.000000,10,100.000000,100.000000,100.000000,100.000000,100.000000,0.000000,10,127.094727,-17.946680,38.025391,-608.979492,63.175391,209.893612,10,31542.017578,28541.227344,28269.996582,26382.009766,30894.070312,1852.725651,10,0.000000,0.000000,0.000000,0.000000,0.000000,0.000000,10,1.000000,1.000000,1.000000,1.000000,1.000000,0.000000,10,255424.000000,255265.600000,255280.000000,255088.000000,255366.400000,102.158047,10,1.000000,1.000000,1.000000,1.000000,1.000000,0.000000,,,,,,,,10,100.000000,100.000000,100.000000,100.000000,100.000000,0.000000,10,10.170000,8.706000,8.688500,7.263000,9.119700,0.707800
phase1,F_bookshelf_bookends,warm,synthetic,flat,50,close_quick_settings,PASS,1,10,0,0,,,,,,,,10,3.000000,3.000000,3.000000,3.000000,3.000000,0.000000,,,,,,,,10,3.000000,3.000000,3.000000,3.000000,3.000000,0.000000,10,100.000000,100.000000,100.000000,100.000000,100.000000,0.000000,10,96.402344,45.013477,38.341797,28.339844,61.082617,19.522849,10,34893.829102,33665.196582,33659.133789,32419.671875,34610.663086,809.036529,10,0.000000,0.000000,0.000000,0.000000,0.000000,0.000000,10,3.000000,3.000000,3.000000,3.000000,3.000000,0.000000,10,255424.000000,255424.000000,255424.000000,255424.000000,255424.000000,0.000000,10,3.000000,3.000000,3.000000,3.000000,3.000000,0.000000,,,,,,,,10,100.000000,100.000000,100.000000,100.000000,100.000000,0.000000,10,9.714000,7.974800,8.058000,6.019000,8.364000,0.898966
phase1,F_bookshelf_bookends,warm,synthetic,flat,50,home_to_library,PASS,1,10,0,0,,,,,,,,10,1.000000,1.000000,1.000000,1.000000,1.000000,0.000000,,,,,,,,10,1.000000,1.000000,1.000000,1.000000,1.000000,0.000000,10,100.000000,100.000000,100.000000,100.000000,100.000000,0.000000,10,1174.256836,312.726172,1058.653809,-2070.419922,1169.108203,1284.924161,10,22528.575195,19187.157617,19066.867188,16015.100586,21474.009863,1991.337273,10,0.000000,0.000000,0.000000,0.000000,0.000000,0.000000,10,1.000000,1.000000,1.000000,1.000000,1.000000,0.000000,10,202720.000000,195571.200000,194832.000000,190736.000000,200732.800000,3989.460248,10,1.000000,1.000000,1.000000,1.000000,1.000000,0.000000,,,,,,,,10,100.000000,100.000000,100.000000,100.000000,100.000000,0.000000,10,60.446000,38.597400,32.512000,28.252000,58.149200,12.822690
phase1,F_bookshelf_bookends,warm,synthetic,flat,50,library_first_render,PASS,1,10,0,0,,,,,,,,10,16.000000,6.700000,7.000000,1.000000,10.600000,4.571652,,,,,,,,10,16.000000,6.700000,7.000000,1.000000,10.600000,4.571652,10,100.000000,100.000000,100.000000,100.000000,100.000000,0.000000,10,3049.509766,1499.074023,2355.985840,-1713.212891,2821.187500,1787.727171,10,37919.334961,29331.550293,28438.599609,23620.411133,36016.792090,4954.825357,10,0.000000,0.000000,0.000000,0.000000,0.000000,0.000000,10,16.000000,6.700000,7.000000,1.000000,10.600000,4.571652,10,222640.000000,212878.400000,210432.000000,204112.000000,221358.400000,6457.041139,10,16.000000,6.700000,7.000000,1.000000,10.600000,4.571652,,,,,,,,10,100.000000,100.000000,100.000000,100.000000,100.000000,0.000000,10,131.172000,68.534800,73.118500,29.268000,84.417000,28.788482
phase1,F_bookshelf_bookends,warm,synthetic,flat,50,library_folder_back,PASS,1,10,0,0,,,,,,,,10,1.098301,1.098301,1.098301,1.098301,1.098301,0.000000,,,,,,,,10,1.000000,1.000000,1.000000,1.000000,1.000000,0.000000,10,100.000000,100.000000,100.000000,100.000000,100.000000,0.000000,10,1706.994141,-26.708594,1659.000977,-6955.530273,1704.098145,3051.754625,10,17033.497070,15119.670703,15189.457031,13351.316406,17000.217285,1505.456305,10,1.000000,1.000000,1.000000,1.000000,1.000000,0.000000,10,2.000000,2.000000,2.000000,2.000000,2.000000,0.000000,10,241808.000000,241808.000000,241808.000000,241808.000000,241808.000000,0.000000,10,2.000000,2.000000,2.000000,2.000000,2.000000,0.000000,,,,,,,,10,100.000000,100.000000,100.000000,100.000000,100.000000,0.000000,10,44.587000,31.134700,26.162000,23.872000,42.267700,8.231745
phase1,F_bookshelf_bookends,warm,synthetic,flat,50,library_folder_enter,PASS,1,10,0,0,,,,,,,,10,10.098301,2.798301,1.598301,1.098301,4.698301,2.790858,,,,,,,,10,10.000000,2.700000,1.500000,1.000000,4.600000,2.790858,10,100.000000,100.000000,100.000000,100.000000,100.000000,0.000000,10,1498.641602,365.632617,175.427246,119.543945,688.383203,425.739239,10,32266.155273,24195.615039,25640.586914,14592.891602,32081.673730,6983.766960,10,1.000000,1.000000,1.000000,1.000000,1.000000,0.000000,10,11.000000,3.700000,2.500000,2.000000,5.600000,2.790858,10,241808.000000,241787.200000,241808.000000,241728.000000,241808.000000,29.260516,10,11.000000,3.700000,2.500000,2.000000,5.600000,2.790858,,,,,,,,10,100.000000,100.000000,100.000000,100.000000,100.000000,0.000000,10,43.071000,18.022000,13.107000,7.093000,36.172500,12.775605
phase1,F_bookshelf_bookends,warm,synthetic,flat,50,library_next_page,PASS,1,10,0,0,,,,,,,,10,11.000000,3.800000,3.000000,1.000000,7.400000,2.973961,,,,,,,,10,11.000000,3.800000,3.000000,1.000000,7.400000,2.973961,10,100.000000,100.000000,100.000000,100.000000,100.000000,0.000000,10,2748.769531,396.537305,736.824707,-3415.090820,1018.808691,1556.139297,10,37963.080078,30841.255078,30133.834473,28722.482422,32770.390332,2737.003460,10,0.000000,0.000000,0.000000,0.000000,0.000000,0.000000,10,11.000000,3.800000,3.000000,1.000000,7.400000,2.973961,10,235280.000000,233896.000000,233992.000000,231952.000000,235265.600000,1217.875746,10,11.000000,3.800000,3.000000,1.000000,7.400000,2.973961,,,,,,,,10,100.000000,100.000000,100.000000,100.000000,100.000000,0.000000,10,100.685000,52.694200,42.957500,22.568000,95.713400,31.136275
phase1,F_bookshelf_bookends,warm,synthetic,flat,50,library_prev_page,PASS,1,10,0,0,,,,,,,,10,5.000000,2.000000,1.500000,1.000000,3.200000,1.333333,,,,,,,,10,5.000000,2.000000,1.500000,1.000000,3.200000,1.333333,10,100.000000,100.000000,100.000000,100.000000,100.000000,0.000000,10,1902.569336,-6.774805,1128.757324,-4919.983398,1619.609863,2342.560436,10,36297.234375,31686.733301,31202.074707,28552.503906,34499.617969,2601.502088,10,0.000000,0.000000,0.000000,0.000000,0.000000,0.000000,10,5.000000,2.000000,1.500000,1.000000,3.200000,1.333333,10,237456.000000,236748.800000,236584.000000,236256.000000,237456.000000,521.729773,10,5.000000,2.000000,1.500000,1.000000,3.200000,1.333333,,,,,,,,10,100.000000,100.000000,100.000000,100.000000,100.000000,0.000000,10,111.020000,54.189200,41.263500,26.972000,101.016500,31.314311
phase1,F_bookshelf_bookends,warm,synthetic,flat,50,open_book,PASS,1,10,0,0,,,,,,,,10,11.000000,11.000000,11.000000,11.000000,11.000000,0.000000,,,,,,,,10,11.000000,11.000000,11.000000,11.000000,11.000000,0.000000,10,100.000000,100.000000,100.000000,100.000000,100.000000,0.000000,10,1182.836914,411.090137,845.671875,-1658.419922,1182.649707,939.625736,10,22750.274414,21808.138672,21872.571777,20794.966797,22525.731445,665.805059,10,0.000000,0.000000,0.000000,0.000000,0.000000,0.000000,10,11.000000,11.000000,11.000000,11.000000,11.000000,0.000000,10,253216.000000,253072.000000,253216.000000,252480.000000,253216.000000,303.672338,10,11.000000,11.000000,11.000000,11.000000,11.000000,0.000000,,,,,,,,10,100.000000,100.000000,100.000000,100.000000,100.000000,0.000000,10,94.457000,68.809700,63.946000,55.561000,91.986500,13.203103
phase1,F_bookshelf_bookends,warm,synthetic,flat,50,open_book_minimal,PASS,1,10,0,0,,,,,,,,10,0.000000,0.000000,0.000000,0.000000,0.000000,0.000000,,,,,,,,10,0.000000,0.000000,0.000000,0.000000,0.000000,0.000000,10,0.000000,0.000000,0.000000,0.000000,0.000000,0.000000,10,1254.791992,201.537402,493.190918,-2182.502930,1118.426172,1078.168892,10,22030.177734,19572.310156,19495.409180,17198.704102,21296.875488,1381.885605,10,0.000000,0.000000,0.000000,0.000000,0.000000,0.000000,10,0.000000,0.000000,0.000000,0.000000,0.000000,0.000000,10,252480.000000,251753.600000,251952.000000,250512.000000,252249.600000,689.845587,10,0.000000,0.000000,0.000000,0.000000,0.000000,0.000000,,,,,,,,10,0.000000,0.000000,0.000000,0.000000,0.000000,0.000000,10,87.732000,66.762300,63.496500,49.509000,86.769900,13.632798
phase1,F_bookshelf_bookends,warm,synthetic,flat,50,open_bookshelf,PASS,1,10,0,0,,,,,,,,10,1.000000,1.000000,1.000000,1.000000,1.000000,0.000000,,,,,,,,10,1.000000,1.000000,1.000000,1.000000,1.000000,0.000000,10,100.000000,100.000000,100.000000,100.000000,100.000000,0.000000,10,976.233398,842.001953,820.663574,740.036133,970.353516,79.484552,10,32853.671875,28848.033008,28922.593750,24721.094727,32157.200195,2797.787460,10,0.000000,0.000000,0.000000,0.000000,0.000000,0.000000,10,1.000000,1.000000,1.000000,1.000000,1.000000,0.000000,10,254816.000000,254816.000000,254816.000000,254816.000000,254816.000000,0.000000,10,1.000000,1.000000,1.000000,1.000000,1.000000,0.000000,,,,,,,,10,100.000000,100.000000,100.000000,100.000000,100.000000,0.000000,10,17.664000,12.286300,11.859000,9.609000,14.869500,2.418441
phase1,F_bookshelf_bookends,warm,synthetic,flat,50,open_quick_settings,PASS,1,10,0,0,,,,,,,,10,2.000000,2.000000,2.000000,2.000000,2.000000,0.000000,,,,,,,,10,2.000000,2.000000,2.000000,2.000000,2.000000,0.000000,10,100.000000,100.000000,100.000000,100.000000,100.000000,0.000000,10,294.492188,248.787891,243.535645,220.250000,270.800391,20.549655,10,31535.407227,30195.341992,30221.391113,28800.473633,31288.687695,922.792015,10,0.000000,0.000000,0.000000,0.000000,0.000000,0.000000,10,2.000000,2.000000,2.000000,2.000000,2.000000,0.000000,10,255424.000000,255424.000000,255424.000000,255424.000000,255424.000000,0.000000,10,2.000000,2.000000,2.000000,2.000000,2.000000,0.000000,,,,,,,,10,100.000000,100.000000,100.000000,100.000000,100.000000,0.000000,10,9.152000,7.992400,7.968500,6.815000,8.504000,0.595029
phase1,F_bookshelf_bookends,warm,synthetic,flat,50,repeated_nav,PASS,1,2,0,0,,,,,,,,2,10.000000,10.000000,10.000000,10.000000,10.000000,0.000000,,,,,,,,2,10.000000,10.000000,10.000000,10.000000,10.000000,0.000000,2,100.000000,100.000000,100.000000,100.000000,100.000000,0.000000,2,7898.914062,-10168.642090,-10168.642090,-28236.198242,4285.402832,25551.382950,2,51023.650391,36910.773926,36910.773926,22797.897461,48201.075098,19958.621301,2,0.000000,0.000000,0.000000,0.000000,0.000000,0.000000,2,10.000000,10.000000,10.000000,10.000000,10.000000,0.000000,2,270496.000000,269632.000000,269632.000000,268768.000000,270323.200000,1221.880518,2,10.000000,10.000000,10.000000,10.000000,10.000000,0.000000,,,,,,,,2,100.000000,100.000000,100.000000,100.000000,100.000000,0.000000,2,227.618000,166.018000,166.018000,104.418000,215.298000,87.115555
phase1,F_bookshelf_bookends,warm,synthetic,flat,50,start_to_home,UNSUPPORTED,1,0,0,10,,,,,,,,,,,,,,,,,,,,,,,,,,,,,,,,,,,,,,,,,,,,,,,,,,,,,,,,,,,,,,,,,,,,,,,,,,,,,,,,,,,,,,,,,,,,,,,,,,
phase1,F_bookshelf_bookends,warm,synthetic,hierarchical,2000,bookshelf_first_render,PASS,1,10,0,0,,,,,,,,10,0.000000,0.000000,0.000000,0.000000,0.000000,0.000000,,,,,,,,10,0.000000,0.000000,0.000000,0.000000,0.000000,0.000000,10,0.000000,0.000000,0.000000,0.000000,0.000000,0.000000,10,543.495117,-729.317871,455.460938,-9788.789062,500.203711,3231.129508,10,31729.376953,24453.567383,22943.821289,21941.970703,31305.354785,3746.080260,10,0.000000,0.000000,0.000000,0.000000,0.000000,0.000000,10,0.000000,0.000000,0.000000,0.000000,0.000000,0.000000,10,223008.000000,223008.000000,223008.000000,223008.000000,223008.000000,0.000000,10,0.000000,0.000000,0.000000,0.000000,0.000000,0.000000,,,,,,,,10,0.000000,0.000000,0.000000,0.000000,0.000000,0.000000,10,31.937000,8.405300,3.733500,2.532000,24.878300,10.510846
phase1,F_bookshelf_bookends,warm,synthetic,hierarchical,2000,bookshelf_page_turn,PASS,1,10,0,0,,,,,,,,10,0.000000,0.000000,0.000000,0.000000,0.000000,0.000000,,,,,,,,10,0.000000,0.000000,0.000000,0.000000,0.000000,0.000000,10,0.000000,0.000000,0.000000,0.000000,0.000000,0.000000,10,21.929688,15.161719,13.189453,12.609375,20.913672,3.595407,10,23840.754883,23703.597852,23708.997070,23546.497070,23815.161133,95.562491,10,0.000000,0.000000,0.000000,0.000000,0.000000,0.000000,10,0.000000,0.000000,0.000000,0.000000,0.000000,0.000000,10,223008.000000,223008.000000,223008.000000,223008.000000,223008.000000,0.000000,10,0.000000,0.000000,0.000000,0.000000,0.000000,0.000000,,,,,,,,10,0.000000,0.000000,0.000000,0.000000,0.000000,0.000000,10,0.299000,0.123300,0.095500,0.051000,0.200900,0.079716
phase1,F_bookshelf_bookends,warm,synthetic,hierarchical,2000,change_sort_mode,PASS,1,10,0,0,,,,,,,,10,2.000000,2.000000,2.000000,2.000000,2.000000,0.000000,,,,,,,,10,2.000000,2.000000,2.000000,2.000000,2.000000,0.000000,10,100.000000,100.000000,100.000000,100.000000,100.000000,0.000000,10,295.352539,74.224023,273.219727,-1719.349609,288.444336,630.435640,10,11185.868164,10412.182129,10477.256348,9470.002930,10947.362012,542.408644,10,0.000000,0.000000,0.000000,0.000000,0.000000,0.000000,10,2.000000,2.000000,2.000000,2.000000,2.000000,0.000000,10,180240.000000,180240.000000,180240.000000,180240.000000,180240.000000,0.000000,10,2.000000,2.000000,2.000000,2.000000,2.000000,0.000000,,,,,,,,10,100.000000,100.000000,100.000000,100.000000,100.000000,0.000000,10,20.968000,11.813000,10.910000,8.749000,13.470100,3.432154
phase1,F_bookshelf_bookends,warm,synthetic,hierarchical,2000,close_book,PASS,1,10,0,0,,,,,,,,10,3.098301,3.098301,3.098301,3.098301,3.098301,0.000000,,,,,,,,10,3.000000,3.000000,3.000000,3.000000,3.000000,0.000000,10,100.000000,100.000000,100.000000,100.000000,100.000000,0.000000,10,1787.281250,137.155176,-274.022461,-1975.352539,1759.535938,1512.311499,10,21901.007812,20731.635742,20855.034668,19042.910156,21899.695605,1003.467238,10,1.000000,1.000000,1.000000,1.000000,1.000000,0.000000,10,4.000000,4.000000,4.000000,4.000000,4.000000,0.000000,10,210336.000000,210076.800000,210048.000000,210048.000000,210076.800000,91.073597,10,4.000000,4.000000,4.000000,4.000000,4.000000,0.000000,,,,,,,,10,100.000000,100.000000,100.000000,100.000000,100.000000,0.000000,10,67.079000,50.528900,59.830500,29.184000,65.419400,16.935794
phase1,F_bookshelf_bookends,warm,synthetic,hierarchical,2000,close_bookshelf,PASS,1,10,0,0,,,,,,,,10,1.000000,1.000000,1.000000,1.000000,1.000000,0.000000,,,,,,,,10,1.000000,1.000000,1.000000,1.000000,1.000000,0.000000,10,100.000000,100.000000,100.000000,100.000000,100.000000,0.000000,10,66.892578,-19.216406,24.043457,-486.063477,55.131055,164.799032,10,29520.144531,26953.831738,26750.426758,24543.677734,28998.148047,1643.276650,10,0.000000,0.000000,0.000000,0.000000,0.000000,0.000000,10,1.000000,1.000000,1.000000,1.000000,1.000000,0.000000,10,223648.000000,223513.600000,223528.000000,223344.000000,223604.800000,96.354900,10,1.000000,1.000000,1.000000,1.000000,1.000000,0.000000,,,,,,,,10,100.000000,100.000000,100.000000,100.000000,100.000000,0.000000,10,9.525000,8.555300,8.575500,7.465000,9.012000,0.548228
phase1,F_bookshelf_bookends,warm,synthetic,hierarchical,2000,close_quick_settings,PASS,1,10,0,0,,,,,,,,10,3.000000,3.000000,3.000000,3.000000,3.000000,0.000000,,,,,,,,10,3.000000,3.000000,3.000000,3.000000,3.000000,0.000000,10,100.000000,100.000000,100.000000,100.000000,100.000000,0.000000,10,100.708008,42.676172,36.193359,26.603516,53.108203,21.729948,10,33257.720703,32057.385449,32079.729980,30840.041992,33035.334570,826.900529,10,0.000000,0.000000,0.000000,0.000000,0.000000,0.000000,10,3.000000,3.000000,3.000000,3.000000,3.000000,0.000000,10,223648.000000,223648.000000,223648.000000,223648.000000,223648.000000,0.000000,10,3.000000,3.000000,3.000000,3.000000,3.000000,0.000000,,,,,,,,10,100.000000,100.000000,100.000000,100.000000,100.000000,0.000000,10,9.291000,8.175100,7.998000,7.503000,9.120000,0.650628
phase1,F_bookshelf_bookends,warm,synthetic,hierarchical,2000,home_to_library,PASS,1,10,0,0,,,,,,,,10,1.000000,1.000000,1.000000,1.000000,1.000000,0.000000,,,,,,,,10,1.000000,1.000000,1.000000,1.000000,1.000000,0.000000,10,100.000000,100.000000,100.000000,100.000000,100.000000,0.000000,10,393.054688,-506.446191,337.448242,-6801.639648,374.587988,2254.743394,10,15828.072266,12294.328809,12260.300293,9029.666992,15499.490527,3013.056436,10,0.000000,0.000000,0.000000,0.000000,0.000000,0.000000,10,1.000000,1.000000,1.000000,1.000000,1.000000,0.000000,10,179680.000000,178643.200000,179312.000000,176288.000000,179680.000000,1293.106234,10,1.000000,1.000000,1.000000,1.000000,1.000000,0.000000,,,,,,,,10,100.000000,100.000000,100.000000,100.000000,100.000000,0.000000,10,22.914000,14.701700,13.130000,11.956000,20.664900,3.749891
phase1,F_bookshelf_bookends,warm,synthetic,hierarchical,2000,library_first_render,PASS,1,10,0,0,,,,,,,,10,1.000000,1.000000,1.000000,1.000000,1.000000,0.000000,,,,,,,,10,1.000000,1.000000,1.000000,1.000000,1.000000,0.000000,10,100.000000,100.000000,100.000000,100.000000,100.000000,0.000000,10,383.211914,19.465137,308.794434,-1427.495117,366.953027,657.120210,10,10399.966797,9645.303418,9675.112305,8975.143555,10054.969727,464.358912,10,0.000000,0.000000,0.000000,0.000000,0.000000,0.000000,10,1.000000,1.000000,1.000000,1.000000,1.000000,0.000000,10,179776.000000,179774.400000,179776.000000,179760.000000,179776.000000,5.059644,10,1.000000,1.000000,1.000000,1.000000,1.000000,0.000000,,,,,,,,10,100.000000,100.000000,100.000000,100.000000,100.000000,0.000000,10,22.445000,14.131000,12.352000,10.605000,21.578300,4.240271
phase1,F_bookshelf_bookends,warm,synthetic,hierarchical,2000,library_folder_back,PASS,1,10,0,0,,,,,,,,10,1.098301,1.098301,1.098301,1.098301,1.098301,0.000000,,,,,,,,10,1.000000,1.000000,1.000000,1.000000,1.000000,0.000000,10,100.000000,100.000000,100.000000,100.000000,100.000000,0.000000,10,265.006836,-431.594531,236.663086,-2342.958008,247.224805,1104.993480,10,11921.931641,10273.981055,9938.830566,9453.241211,11119.057812,839.291672,10,1.000000,1.000000,1.000000,1.000000,1.000000,0.000000,10,2.000000,2.000000,2.000000,2.000000,2.000000,0.000000,10,180240.000000,180204.800000,180192.000000,180176.000000,180240.000000,30.914937,10,2.000000,2.000000,2.000000,2.000000,2.000000,0.000000,,,,,,,,10,100.000000,100.000000,100.000000,100.000000,100.000000,0.000000,10,26.801000,17.499900,14.846000,10.408000,26.795600,6.650797
phase1,F_bookshelf_bookends,warm,synthetic,hierarchical,2000,library_folder_enter,PASS,1,10,0,0,,,,,,,,10,1.098301,1.098301,1.098301,1.098301,1.098301,0.000000,,,,,,,,10,1.000000,1.000000,1.000000,1.000000,1.000000,0.000000,10,100.000000,100.000000,100.000000,100.000000,100.000000,0.000000,10,1374.041016,-74.168652,109.095703,-2158.233398,1309.431738,1251.345524,10,12244.627930,10546.852441,10128.335449,9542.409180,11701.681836,983.686098,10,1.000000,1.000000,1.000000,1.000000,1.000000,0.000000,10,2.000000,2.000000,2.000000,2.000000,2.000000,0.000000,10,180144.000000,180008.000000,180000.000000,179904.000000,180100.800000,77.010822,10,2.000000,2.000000,2.000000,2.000000,2.000000,0.000000,,,,,,,,10,100.000000,100.000000,100.000000,100.000000,100.000000,0.000000,10,37.523000,25.194400,26.331000,8.301000,36.408800,11.078753
phase1,F_bookshelf_bookends,warm,synthetic,hierarchical,2000,library_next_page,UNSUPPORTED,1,0,0,10,,,,,,,,,,,,,,,,,,,,,,,,,,,,,,,,,,,,,,,,,,,,,,,,,,,,,,,,,,,,,,,,,,,,,,,,,,,,,,,,,,,,,,,,,,,,,,,,,,
phase1,F_bookshelf_bookends,warm,synthetic,hierarchical,2000,library_prev_page,UNSUPPORTED,1,0,0,10,,,,,,,,,,,,,,,,,,,,,,,,,,,,,,,,,,,,,,,,,,,,,,,,,,,,,,,,,,,,,,,,,,,,,,,,,,,,,,,,,,,,,,,,,,,,,,,,,,
phase1,F_bookshelf_bookends,warm,synthetic,hierarchical,2000,open_book,PASS,1,10,0,0,,,,,,,,10,11.000000,11.000000,11.000000,11.000000,11.000000,0.000000,,,,,,,,10,11.000000,11.000000,11.000000,11.000000,11.000000,0.000000,10,100.000000,100.000000,100.000000,100.000000,100.000000,0.000000,10,1075.843750,-360.998730,-162.785156,-2384.274414,1005.852051,1249.948177,10,21716.281250,20364.148926,20227.600586,19153.169922,21366.676953,815.782875,10,0.000000,0.000000,0.000000,0.000000,0.000000,0.000000,10,11.000000,11.000000,11.000000,11.000000,11.000000,0.000000,10,208688.000000,206558.400000,206480.000000,204128.000000,208688.000000,1568.588552,10,11.000000,11.000000,11.000000,11.000000,11.000000,0.000000,,,,,,,,10,100.000000,100.000000,100.000000,100.000000,100.000000,0.000000,10,127.849000,70.991500,62.005500,50.762000,92.998300,23.300332
phase1,F_bookshelf_bookends,warm,synthetic,hierarchical,2000,open_book_minimal,PASS,1,10,0,0,,,,,,,,10,0.000000,0.000000,0.000000,0.000000,0.000000,0.000000,,,,,,,,10,0.000000,0.000000,0.000000,0.000000,0.000000,0.000000,10,0.000000,0.000000,0.000000,0.000000,0.000000,0.000000,10,1377.266602,-436.755176,-857.688477,-2184.358398,1332.866016,1509.184142,10,18413.766602,15994.389062,15679.595703,13858.231445,18228.481738,1654.361125,10,0.000000,0.000000,0.000000,0.000000,0.000000,0.000000,10,0.000000,0.000000,0.000000,0.000000,0.000000,0.000000,10,201808.000000,198640.000000,197952.000000,196624.000000,201808.000000,2051.580204,10,0.000000,0.000000,0.000000,0.000000,0.000000,0.000000,,,,,,,,10,0.000000,0.000000,0.000000,0.000000,0.000000,0.000000,10,79.453000,64.918400,63.734000,53.667000,74.814400,10.003370
phase1,F_bookshelf_bookends,warm,synthetic,hierarchical,2000,open_bookshelf,PASS,1,10,0,0,,,,,,,,10,1.000000,1.000000,1.000000,1.000000,1.000000,0.000000,,,,,,,,10,1.000000,1.000000,1.000000,1.000000,1.000000,0.000000,10,100.000000,100.000000,100.000000,100.000000,100.000000,0.000000,10,759.022461,661.088965,657.104004,595.889648,706.640527,48.542469,10,30282.490234,27147.212598,27199.116211,23886.364258,29702.267969,2167.956278,10,0.000000,0.000000,0.000000,0.000000,0.000000,0.000000,10,1.000000,1.000000,1.000000,1.000000,1.000000,0.000000,10,223008.000000,222995.200000,223008.000000,222880.000000,223008.000000,40.477154,10,1.000000,1.000000,1.000000,1.000000,1.000000,0.000000,,,,,,,,10,100.000000,100.000000,100.000000,100.000000,100.000000,0.000000,10,15.257000,10.837800,10.027000,8.288000,14.843000,2.370846
phase1,F_bookshelf_bookends,warm,synthetic,hierarchical,2000,open_quick_settings,PASS,1,10,0,0,,,,,,,,10,2.000000,2.000000,2.000000,2.000000,2.000000,0.000000,,,,,,,,10,2.000000,2.000000,2.000000,2.000000,2.000000,0.000000,10,100.000000,100.000000,100.000000,100.000000,100.000000,0.000000,10,341.891602,257.565332,250.512695,215.833984,281.361328,34.262156,10,29460.089844,28202.267676,28254.712891,26827.615234,29220.018359,887.080314,10,0.000000,0.000000,0.000000,0.000000,0.000000,0.000000,10,2.000000,2.000000,2.000000,2.000000,2.000000,0.000000,10,223648.000000,223648.000000,223648.000000,223648.000000,223648.000000,0.000000,10,2.000000,2.000000,2.000000,2.000000,2.000000,0.000000,,,,,,,,10,100.000000,100.000000,100.000000,100.000000,100.000000,0.000000,10,10.399000,8.695600,8.716500,7.478000,9.453100,0.877955
phase1,F_bookshelf_bookends,warm,synthetic,hierarchical,2000,repeated_nav,PASS,1,2,0,0,,,,,,,,2,10.000000,10.000000,10.000000,10.000000,10.000000,0.000000,,,,,,,,2,10.000000,10.000000,10.000000,10.000000,10.000000,0.000000,2,100.000000,100.000000,100.000000,100.000000,100.000000,0.000000,2,3226.681641,-7064.770508,-7064.770508,-17356.222656,1168.391211,14554.311205,2,23423.734375,21804.407227,21804.407227,20185.080078,23099.868945,2290.074415,2,0.000000,0.000000,0.000000,0.000000,0.000000,0.000000,2,10.000000,10.000000,10.000000,10.000000,10.000000,0.000000,2,234176.000000,234112.000000,234112.000000,234048.000000,234163.200000,90.509668,2,10.000000,10.000000,10.000000,10.000000,10.000000,0.000000,,,,,,,,2,100.000000,100.000000,100.000000,100.000000,100.000000,0.000000,2,219.058000,217.058000,217.058000,215.058000,218.658000,2.828427
phase1,F_bookshelf_bookends,warm,synthetic,hierarchical,2000,start_to_home,UNSUPPORTED,1,0,0,10,,,,,,,,,,,,,,,,,,,,,,,,,,,,,,,,,,,,,,,,,,,,,,,,,,,,,,,,,,,,,,,,,,,,,,,,,,,,,,,,,,,,,,,,,,,,,,,,,,
phase1,F_bookshelf_bookends,warm,synthetic,hierarchical,50,bookshelf_first_render,PASS,1,10,0,0,,,,,,,,10,0.000000,0.000000,0.000000,0.000000,0.000000,0.000000,,,,,,,,10,0.000000,0.000000,0.000000,0.000000,0.000000,0.000000,10,0.000000,0.000000,0.000000,0.000000,0.000000,0.000000,10,493.328125,-763.824707,471.949219,-10091.612305,480.841504,3326.216702,10,31910.911133,24391.594922,22813.443848,21820.681641,31478.136816,3870.135256,10,0.000000,0.000000,0.000000,0.000000,0.000000,0.000000,10,0.000000,0.000000,0.000000,0.000000,0.000000,0.000000,10,230176.000000,230176.000000,230176.000000,230176.000000,230176.000000,0.000000,10,0.000000,0.000000,0.000000,0.000000,0.000000,0.000000,,,,,,,,10,0.000000,0.000000,0.000000,0.000000,0.000000,0.000000,10,31.122000,8.319700,3.373000,2.783000,26.526600,10.743454
phase1,F_bookshelf_bookends,warm,synthetic,hierarchical,50,bookshelf_page_turn,PASS,1,10,0,0,,,,,,,,10,0.000000,0.000000,0.000000,0.000000,0.000000,0.000000,,,,,,,,10,0.000000,0.000000,0.000000,0.000000,0.000000,0.000000,10,0.000000,0.000000,0.000000,0.000000,0.000000,0.000000,10,18.261719,14.457422,14.031250,12.859375,16.792188,1.763411,10,23655.549805,23526.484961,23529.264648,23390.756836,23628.813477,87.890383,10,0.000000,0.000000,0.000000,0.000000,0.000000,0.000000,10,0.000000,0.000000,0.000000,0.000000,0.000000,0.000000,10,230176.000000,230176.000000,230176.000000,230176.000000,230176.000000,0.000000,10,0.000000,0.000000,0.000000,0.000000,0.000000,0.000000,,,,,,,,10,0.000000,0.000000,0.000000,0.000000,0.000000,0.000000,10,0.221000,0.103100,0.087000,0.039000,0.175100,0.060653
phase1,F_bookshelf_bookends,warm,synthetic,hierarchical,50,change_sort_mode,PASS,1,10,0,0,,,,,,,,10,2.000000,2.000000,2.000000,2.000000,2.000000,0.000000,,,,,,,,10,2.000000,2.000000,2.000000,2.000000,2.000000,0.000000,10,100.000000,100.000000,100.000000,100.000000,100.000000,0.000000,10,312.186523,-29.059180,265.450195,-1364.710938,287.651855,640.937888,10,10559.799805,9789.366602,9782.812012,9198.573242,10314.554199,451.139323,10,0.000000,0.000000,0.000000,0.000000,0.000000,0.000000,10,2.000000,2.000000,2.000000,2.000000,2.000000,0.000000,10,180000.000000,180000.000000,180000.000000,180000.000000,180000.000000,0.000000,10,2.000000,2.000000,2.000000,2.000000,2.000000,0.000000,,,,,,,,10,100.000000,100.000000,100.000000,100.000000,100.000000,0.000000,10,21.743000,12.897700,11.118500,9.096000,21.662000,4.720342
phase1,F_bookshelf_bookends,warm,synthetic,hierarchical,50,close_book,PASS,1,10,0,0,,,,,,,,10,3.098301,3.098301,3.098301,3.098301,3.098301,0.000000,,,,,,,,10,3.000000,3.000000,3.000000,3.000000,3.000000,0.000000,10,100.000000,100.000000,100.000000,100.000000,100.000000,0.000000,10,-253.751953,-886.295703,-877.334961,-1642.292969,-359.675098,416.597435,10,20679.973633,19927.670703,19904.282715,19268.727539,20589.975391,476.030984,10,1.000000,1.000000,1.000000,1.000000,1.000000,0.000000,10,4.000000,4.000000,4.000000,4.000000,4.000000,0.000000,10,217072.000000,216243.200000,216528.000000,215008.000000,217072.000000,770.285488,10,4.000000,4.000000,4.000000,4.000000,4.000000,0.000000,,,,,,,,10,100.000000,100.000000,100.000000,100.000000,100.000000,0.000000,10,67.381000,60.455900,59.460500,54.283000,67.059700,4.740210
phase1,F_bookshelf_bookends,warm,synthetic,hierarchical,50,close_bookshelf,PASS,1,10,0,0,,,,,,,,10,1.000000,1.000000,1.000000,1.000000,1.000000,0.000000,,,,,,,,10,1.000000,1.000000,1.000000,1.000000,1.000000,0.000000,10,100.000000,100.000000,100.000000,100.000000,100.000000,0.000000,10,115.844727,14.724707,32.679688,-274.972656,85.046094,106.139239,10,29619.741211,26828.865332,26735.419922,24362.291016,29069.516895,1803.067916,10,0.000000,0.000000,0.000000,0.000000,0.000000,0.000000,10,1.000000,1.000000,1.000000,1.000000,1.000000,0.000000,10,230800.000000,230672.000000,230688.000000,230480.000000,230800.000000,111.618398,10,1.000000,1.000000,1.000000,1.000000,1.000000,0.000000,,,,,,,,10,100.000000,100.000000,100.000000,100.000000,100.000000,0.000000,10,10.723000,9.327600,8.995500,8.434000,10.604200,0.889110
phase1,F_bookshelf_bookends,warm,synthetic,hierarchical,50,close_quick_settings,PASS,1,10,0,0,,,,,,,,10,3.000000,3.000000,3.000000,3.000000,3.000000,0.000000,,,,,,,,10,3.000000,3.000000,3.000000,3.000000,3.000000,0.000000,10,100.000000,100.000000,100.000000,100.000000,100.000000,0.000000,10,141.871094,64.216602,50.893555,35.220703,92.670801,32.347736,10,34310.373047,32976.100977,33028.764160,31506.582031,34042.993945,931.387308,10,0.000000,0.000000,0.000000,0.000000,0.000000,0.000000,10,3.000000,3.000000,3.000000,3.000000,3.000000,0.000000,10,230800.000000,230800.000000,230800.000000,230800.000000,230800.000000,0.000000,10,3.000000,3.000000,3.000000,3.000000,3.000000,0.000000,,,,,,,,10,100.000000,100.000000,100.000000,100.000000,100.000000,0.000000,10,10.045000,8.379600,8.494500,6.648000,8.812000,0.834536
phase1,F_bookshelf_bookends,warm,synthetic,hierarchical,50,home_to_library,PASS,1,10,0,0,,,,,,,,10,1.000000,1.000000,1.000000,1.000000,1.000000,0.000000,,,,,,,,10,1.000000,1.000000,1.000000,1.000000,1.000000,0.000000,10,100.000000,100.000000,100.000000,100.000000,100.000000,0.000000,10,402.020508,-483.804785,365.580078,-6624.357422,385.551562,2208.026031,10,15607.387695,11665.515039,9898.834961,8933.791992,15307.143652,2953.738296,10,0.000000,0.000000,0.000000,0.000000,0.000000,0.000000,10,1.000000,1.000000,1.000000,1.000000,1.000000,0.000000,10,179584.000000,178654.400000,179200.000000,176592.000000,179555.200000,1050.800668,10,1.000000,1.000000,1.000000,1.000000,1.000000,0.000000,,,,,,,,10,100.000000,100.000000,100.000000,100.000000,100.000000,0.000000,10,22.881000,15.180600,13.562000,11.961000,21.414000,3.781459
phase1,F_bookshelf_bookends,warm,synthetic,hierarchical,50,library_first_render,PASS,1,10,0,0,,,,,,,,10,1.000000,1.000000,1.000000,1.000000,1.000000,0.000000,,,,,,,,10,1.000000,1.000000,1.000000,1.000000,1.000000,0.000000,10,100.000000,100.000000,100.000000,100.000000,100.000000,0.000000,10,400.223633,50.202051,361.944824,-1445.564453,385.886914,668.301435,10,10493.466797,9729.864844,9713.629883,8984.827148,10434.266309,546.403116,10,0.000000,0.000000,0.000000,0.000000,0.000000,0.000000,10,1.000000,1.000000,1.000000,1.000000,1.000000,0.000000,10,179584.000000,179584.000000,179584.000000,179584.000000,179584.000000,0.000000,10,1.000000,1.000000,1.000000,1.000000,1.000000,0.000000,,,,,,,,10,100.000000,100.000000,100.000000,100.000000,100.000000,0.000000,10,24.761000,15.310000,13.776500,11.120000,23.129300,4.713542
phase1,F_bookshelf_bookends,warm,synthetic,hierarchical,50,library_folder_back,PASS,1,10,0,0,,,,,,,,10,1.098301,1.098301,1.098301,1.098301,1.098301,0.000000,,,,,,,,10,1.000000,1.000000,1.000000,1.000000,1.000000,0.000000,10,100.000000,100.000000,100.000000,100.000000,100.000000,0.000000,10,277.016602,-63.805957,223.457031,-1281.499023,252.602344,616.876434,10,10072.635742,9656.581055,9646.584473,9122.749023,10067.770996,358.534677,10,1.000000,1.000000,1.000000,1.000000,1.000000,0.000000,10,2.000000,2.000000,2.000000,2.000000,2.000000,0.000000,10,179984.000000,179974.400000,179968.000000,179968.000000,179984.000000,8.262364,10,2.000000,2.000000,2.000000,2.000000,2.000000,0.000000,,,,,,,,10,100.000000,100.000000,100.000000,100.000000,100.000000,0.000000,10,26.682000,14.933300,14.040500,9.271000,19.853700,4.946257
phase1,F_bookshelf_bookends,warm,synthetic,hierarchical,50,library_folder_enter,PASS,1,10,0,0,,,,,,,,10,1.098301,1.098301,1.098301,1.098301,1.098301,0.000000,,,,,,,,10,1.000000,1.000000,1.000000,1.000000,1.000000,0.000000,10,100.000000,100.000000,100.000000,100.000000,100.000000,0.000000,10,482.172852,-98.342969,130.687500,-1153.242188,334.576367,577.390742,10,10301.653320,9614.237109,9597.606934,9085.729492,10044.451953,402.370950,10,1.000000,1.000000,1.000000,1.000000,1.000000,0.000000,10,2.000000,2.000000,2.000000,2.000000,2.000000,0.000000,10,179936.000000,179796.800000,179792.000000,179760.000000,179806.400000,50.624544,10,2.000000,2.000000,2.000000,2.000000,2.000000,0.000000,,,,,,,,10,100.000000,100.000000,100.000000,100.000000,100.000000,0.000000,10,30.063000,16.942800,15.090000,6.827000,29.812800,8.162400
phase1,F_bookshelf_bookends,warm,synthetic,hierarchical,50,library_next_page,UNSUPPORTED,1,0,0,10,,,,,,,,,,,,,,,,,,,,,,,,,,,,,,,,,,,,,,,,,,,,,,,,,,,,,,,,,,,,,,,,,,,,,,,,,,,,,,,,,,,,,,,,,,,,,,,,,,
phase1,F_bookshelf_bookends,warm,synthetic,hierarchical,50,library_prev_page,UNSUPPORTED,1,0,0,10,,,,,,,,,,,,,,,,,,,,,,,,,,,,,,,,,,,,,,,,,,,,,,,,,,,,,,,,,,,,,,,,,,,,,,,,,,,,,,,,,,,,,,,,,,,,,,,,,,
phase1,F_bookshelf_bookends,warm,synthetic,hierarchical,50,open_book,PASS,1,10,0,0,,,,,,,,10,13.000000,11.200000,11.000000,11.000000,11.200000,0.632456,,,,,,,,10,13.000000,11.200000,11.000000,11.000000,11.200000,0.632456,10,100.000000,100.000000,100.000000,100.000000,100.000000,0.000000,10,1250.886719,-40.179102,224.529785,-2286.976562,1249.734473,1322.568117,10,22302.899414,20467.806152,20303.690918,18408.199219,22122.837891,1434.248410,10,0.000000,0.000000,0.000000,0.000000,0.000000,0.000000,10,13.000000,11.200000,11.000000,11.000000,11.200000,0.632456,10,213472.000000,210310.400000,210392.000000,204048.000000,213472.000000,3087.527425,10,13.000000,11.200000,11.000000,11.000000,11.200000,0.632456,,,,,,,,10,100.000000,100.000000,100.000000,100.000000,100.000000,0.000000,10,89.475000,72.540500,73.027000,53.676000,86.542800,14.289447
phase1,F_bookshelf_bookends,warm,synthetic,hierarchical,50,open_book_minimal,PASS,1,10,0,0,,,,,,,,10,0.000000,0.000000,0.000000,0.000000,0.000000,0.000000,,,,,,,,10,0.000000,0.000000,0.000000,0.000000,0.000000,0.000000,10,0.000000,0.000000,0.000000,0.000000,0.000000,0.000000,10,1203.777344,-718.754785,-539.822266,-3201.496094,430.893555,1288.903398,10,18036.208008,14899.710352,14662.891602,12959.112305,16864.734961,1620.154199,10,0.000000,0.000000,0.000000,0.000000,0.000000,0.000000,10,0.000000,0.000000,0.000000,0.000000,0.000000,0.000000,10,199936.000000,197433.600000,197248.000000,193712.000000,199936.000000,2287.275099,10,0.000000,0.000000,0.000000,0.000000,0.000000,0.000000,,,,,,,,10,0.000000,0.000000,0.000000,0.000000,0.000000,0.000000,10,76.599000,65.638200,67.085000,52.226000,70.490700,7.001902
phase1,F_bookshelf_bookends,warm,synthetic,hierarchical,50,open_bookshelf,PASS,1,10,0,0,,,,,,,,10,1.000000,1.000000,1.000000,1.000000,1.000000,0.000000,,,,,,,,10,1.000000,1.000000,1.000000,1.000000,1.000000,0.000000,10,100.000000,100.000000,100.000000,100.000000,100.000000,0.000000,10,813.729492,719.070996,698.540527,661.939453,805.891406,54.660358,10,30425.552734,26874.881055,26883.971680,23312.231445,29736.693262,2424.136123,10,0.000000,0.000000,0.000000,0.000000,0.000000,0.000000,10,1.000000,1.000000,1.000000,1.000000,1.000000,0.000000,10,230176.000000,230086.400000,230176.000000,229760.000000,230176.000000,149.941618,10,1.000000,1.000000,1.000000,1.000000,1.000000,0.000000,,,,,,,,10,100.000000,100.000000,100.000000,100.000000,100.000000,0.000000,10,14.597000,11.885600,11.633000,9.331000,13.855400,1.828317
phase1,F_bookshelf_bookends,warm,synthetic,hierarchical,50,open_quick_settings,PASS,1,10,0,0,,,,,,,,10,8.000000,2.600000,2.000000,2.000000,2.600000,1.897367,,,,,,,,10,8.000000,2.600000,2.000000,2.000000,2.600000,1.897367,10,100.000000,100.000000,100.000000,100.000000,100.000000,0.000000,10,809.306641,310.650098,240.075195,215.145508,393.112891,180.209126,10,30282.779297,28498.558789,28482.197754,27056.277344,29523.936914,989.266898,10,0.000000,0.000000,0.000000,0.000000,0.000000,0.000000,10,8.000000,2.600000,2.000000,2.000000,2.600000,1.897367,10,230800.000000,230800.000000,230800.000000,230800.000000,230800.000000,0.000000,10,8.000000,2.600000,2.000000,2.000000,2.600000,1.897367,,,,,,,,10,100.000000,100.000000,100.000000,100.000000,100.000000,0.000000,10,62.124000,13.658300,8.086500,7.558000,15.694800,17.049644
phase1,F_bookshelf_bookends,warm,synthetic,hierarchical,50,repeated_nav,UNSUPPORTED,1,0,0,2,,,,,,,,,,,,,,,,,,,,,,,,,,,,,,,,,,,,,,,,,,,,,,,,,,,,,,,,,,,,,,,,,,,,,,,,,,,,,,,,,,,,,,,,,,,,,,,,,,
phase1,F_bookshelf_bookends,warm,synthetic,hierarchical,50,start_to_home,UNSUPPORTED,1,0,0,10,,,,,,,,,,,,,,,,,,,,,,,,,,,,,,,,,,,,,,,,,,,,,,,,,,,,,,,,,,,,,,,,,,,,,,,,,,,,,,,,,,,,,,,,,,,,,,,,,,
phase1,G_simpleui_bookshelf_bookends,steady_state_cold,startup,hierarchical,2000,home_to_library,PASS,3,3,0,0,,,,,,,,3,0.000000,0.000000,0.000000,0.000000,0.000000,0.000000,,,,,,,,3,0.000000,0.000000,0.000000,0.000000,0.000000,0.000000,3,0.000000,0.000000,0.000000,0.000000,0.000000,0.000000,3,4.007812,3.855469,3.984375,3.574219,4.003125,0.243851,3,13457.844727,13405.529622,13389.719727,13369.024414,13444.219727,46.472859,3,0.000000,0.000000,0.000000,0.000000,0.000000,0.000000,3,0.000000,0.000000,0.000000,0.000000,0.000000,0.000000,3,173536.000000,171136.000000,170240.000000,169632.000000,172876.800000,2100.575159,3,0.000000,0.000000,0.000000,0.000000,0.000000,0.000000,,,,,,,,3,0.000000,0.000000,0.000000,0.000000,0.000000,0.000000,3,0.167000,0.126000,0.123000,0.088000,0.158200,0.039585
phase1,G_simpleui_bookshelf_bookends,steady_state_cold,startup,hierarchical,2000,library_first_render,PASS,3,3,0,0,,,,,,,,3,4.393204,4.393204,4.393204,4.393204,4.393204,0.000000,,,,,,,,3,4.000000,4.000000,4.000000,4.000000,4.000000,0.000000,3,100.000000,100.000000,100.000000,100.000000,100.000000,0.000000,3,544.557617,535.807617,533.485352,529.379883,542.343164,7.850834,3,13997.716797,13947.320312,13940.058594,13904.185547,13986.185156,47.186578,3,4.000000,4.000000,4.000000,4.000000,4.000000,0.000000,3,8.000000,8.000000,8.000000,8.000000,8.000000,0.000000,3,175984.000000,173642.666667,173088.000000,171856.000000,175404.800000,2119.159582,3,8.000000,8.000000,8.000000,8.000000,8.000000,0.000000,,,,,,,,3,100.000000,100.000000,100.000000,100.000000,100.000000,0.000000,3,20.901000,19.737333,19.182000,19.129000,20.557200,1.008113
phase1,G_simpleui_bookshelf_bookends,warm,synthetic,flat,2000,bookshelf_first_render,PASS,1,10,0,0,,,,,,,,10,5.000000,0.500000,0.000000,0.000000,0.500000,1.581139,,,,,,,,10,5.000000,0.500000,0.000000,0.000000,0.500000,1.581139,10,100.000000,10.000000,0.000000,0.000000,10.000000,31.622777,10,523.281250,58.678418,479.955566,-1735.539062,514.952734,919.210476,10,101532.693359,100638.285059,100731.170898,99656.311523,101312.791895,634.037259,10,0.000000,0.000000,0.000000,0.000000,0.000000,0.000000,10,5.000000,0.500000,0.000000,0.000000,0.500000,1.581139,10,333696.000000,333696.000000,333696.000000,333696.000000,333696.000000,0.000000,10,5.000000,0.500000,0.000000,0.000000,0.500000,1.581139,,,,,,,,10,100.000000,10.000000,0.000000,0.000000,10.000000,31.622777,10,136.969000,30.790900,4.183000,3.357000,107.458900,49.136162
phase1,G_simpleui_bookshelf_bookends,warm,synthetic,flat,2000,bookshelf_page_turn,PASS,1,10,0,0,,,,,,,,10,0.000000,0.000000,0.000000,0.000000,0.000000,0.000000,,,,,,,,10,0.000000,0.000000,0.000000,0.000000,0.000000,0.000000,10,0.000000,0.000000,0.000000,0.000000,0.000000,0.000000,10,41.925781,18.148438,14.412109,12.765625,24.952344,9.013753,10,101520.179688,101383.433984,101385.093750,101244.121094,101495.992188,93.533269,10,0.000000,0.000000,0.000000,0.000000,0.000000,0.000000,10,0.000000,0.000000,0.000000,0.000000,0.000000,0.000000,10,333696.000000,333696.000000,333696.000000,333696.000000,333696.000000,0.000000,10,0.000000,0.000000,0.000000,0.000000,0.000000,0.000000,,,,,,,,10,0.000000,0.000000,0.000000,0.000000,0.000000,0.000000,10,0.640000,0.189400,0.145000,0.050000,0.356500,0.178600
phase1,G_simpleui_bookshelf_bookends,warm,synthetic,flat,2000,change_sort_mode,PASS,1,10,0,0,,,,,,,,10,2.393204,2.393204,2.393204,2.393204,2.393204,0.000000,,,,,,,,10,2.000000,2.000000,2.000000,2.000000,2.000000,0.000000,10,100.000000,100.000000,100.000000,100.000000,100.000000,0.000000,10,9237.643555,-7.418750,8970.200195,-18270.962891,9223.445703,12120.095811,10,36255.334961,25306.489551,27026.841797,17994.629883,36139.390527,7172.052494,10,4.000000,4.000000,4.000000,4.000000,4.000000,0.000000,10,6.000000,6.000000,6.000000,6.000000,6.000000,0.000000,10,217536.000000,216078.400000,216000.000000,215216.000000,216873.600000,935.736335,10,6.000000,6.000000,6.000000,6.000000,6.000000,0.000000,,,,,,,,10,100.000000,100.000000,100.000000,100.000000,100.000000,0.000000,10,204.716000,150.864000,148.305500,103.667000,203.727800,34.014583
phase1,G_simpleui_bookshelf_bookends,warm,synthetic,flat,2000,close_book,PASS,1,10,0,0,,,,,,,,10,21.393204,21.393204,21.393204,21.393204,21.393204,0.000000,,,,,,,,10,21.000000,21.000000,21.000000,21.000000,21.000000,0.000000,10,100.000000,100.000000,100.000000,100.000000,100.000000,0.000000,10,7836.469727,7427.328125,7383.224121,7156.896484,7691.749023,236.365277,10,101037.424805,91061.683105,91447.428711,81168.131836,99250.154883,6843.521159,10,4.000000,4.000000,4.000000,4.000000,4.000000,0.000000,10,25.000000,25.000000,25.000000,25.000000,25.000000,0.000000,10,309680.000000,299603.200000,299000.000000,289184.000000,309118.400000,7114.214079,10,25.000000,25.000000,25.000000,25.000000,25.000000,0.000000,,,,,,,,10,100.000000,100.000000,100.000000,100.000000,100.000000,0.000000,10,106.624000,98.810200,98.731000,92.013000,105.484600,5.881725
phase1,G_simpleui_bookshelf_bookends,warm,synthetic,flat,2000,close_bookshelf,PASS,1,10,0,0,,,,,,,,10,8.062500,8.062500,8.062500,8.062500,8.062500,0.000000,,,,,,,,10,8.000000,8.000000,8.000000,8.000000,8.000000,0.000000,10,100.000000,100.000000,100.000000,100.000000,100.000000,0.000000,10,875.077148,-465.527930,654.697266,-6538.956055,780.104297,2552.762439,10,105314.851562,102854.302246,103197.494629,99399.391602,105285.799316,1997.668033,10,1.000000,1.000000,1.000000,1.000000,1.000000,0.000000,10,9.000000,9.000000,9.000000,9.000000,9.000000,0.000000,10,333696.000000,333696.000000,333696.000000,333696.000000,333696.000000,0.000000,10,9.000000,9.000000,9.000000,9.000000,9.000000,0.000000,,,,,,,,10,100.000000,100.000000,100.000000,100.000000,100.000000,0.000000,10,3051.813000,342.777000,21.283000,18.349000,411.931200,952.711239
phase1,G_simpleui_bookshelf_bookends,warm,synthetic,flat,2000,close_quick_settings,PASS,1,10,0,0,,,,,,,,10,4.000000,4.000000,4.000000,4.000000,4.000000,0.000000,,,,,,,,10,4.000000,4.000000,4.000000,4.000000,4.000000,0.000000,10,100.000000,100.000000,100.000000,100.000000,100.000000,0.000000,10,45.300781,33.429492,35.260254,22.298828,39.547461,7.417104,10,112059.670898,111143.063379,111148.244629,110192.171875,111884.021484,628.036640,10,0.000000,0.000000,0.000000,0.000000,0.000000,0.000000,10,4.000000,4.000000,4.000000,4.000000,4.000000,0.000000,10,333696.000000,333696.000000,333696.000000,333696.000000,333696.000000,0.000000,10,4.000000,4.000000,4.000000,4.000000,4.000000,0.000000,,,,,,,,10,100.000000,100.000000,100.000000,100.000000,100.000000,0.000000,10,9.047000,8.604500,8.594500,8.171000,9.038900,0.333908
phase1,G_simpleui_bookshelf_bookends,warm,synthetic,flat,2000,home_to_library,PASS,1,10,0,0,,,,,,,,10,0.000000,0.000000,0.000000,0.000000,0.000000,0.000000,,,,,,,,10,0.000000,0.000000,0.000000,0.000000,0.000000,0.000000,10,0.000000,0.000000,0.000000,0.000000,0.000000,0.000000,10,9.507812,4.037500,3.652344,2.250000,5.542187,2.121217,10,16149.175781,16114.054297,16115.523438,16077.171875,16142.893359,24.689810,10,0.000000,0.000000,0.000000,0.000000,0.000000,0.000000,10,0.000000,0.000000,0.000000,0.000000,0.000000,0.000000,10,175392.000000,175392.000000,175392.000000,175392.000000,175392.000000,0.000000,10,0.000000,0.000000,0.000000,0.000000,0.000000,0.000000,,,,,,,,10,0.000000,0.000000,0.000000,0.000000,0.000000,0.000000,10,0.097000,0.038000,0.036500,0.006000,0.054700,0.025259
phase1,G_simpleui_bookshelf_bookends,warm,synthetic,flat,2000,library_first_render,PASS,1,10,0,0,,,,,,,,10,5.294903,2.594903,2.294903,2.294903,2.594903,0.948683,,,,,,,,10,5.000000,2.300000,2.000000,2.000000,2.300000,0.948683,10,100.000000,100.000000,100.000000,100.000000,100.000000,0.000000,10,5887.434570,1084.305469,5523.169434,-7774.385742,5847.896973,6067.418088,10,36776.790039,28327.424219,27957.849609,21696.098633,33427.197461,4741.396338,10,3.000000,3.000000,3.000000,3.000000,3.000000,0.000000,10,8.000000,5.300000,5.000000,5.000000,5.300000,0.948683,10,208864.000000,202964.800000,204704.000000,191920.000000,208619.200000,6326.259853,10,8.000000,5.300000,5.000000,5.000000,5.300000,0.948683,,,,,,,,10,100.000000,100.000000,100.000000,100.000000,100.000000,0.000000,10,132.563000,103.114800,95.076000,80.148000,129.658700,21.202516
phase1,G_simpleui_bookshelf_bookends,warm,synthetic,flat,2000,library_folder_back,PASS,1,10,0,0,,,,,,,,10,2.393204,2.393204,2.393204,2.393204,2.393204,0.000000,,,,,,,,10,2.000000,2.000000,2.000000,2.000000,2.000000,0.000000,10,100.000000,100.000000,100.000000,100.000000,100.000000,0.000000,10,4977.539062,998.288672,4696.483887,-10179.510742,4975.615137,6294.695803,10,28099.154297,22678.384375,23116.145996,17948.219727,27995.681543,3924.172817,10,4.000000,4.000000,4.000000,4.000000,4.000000,0.000000,10,6.000000,6.000000,6.000000,6.000000,6.000000,0.000000,10,215216.000000,215216.000000,215216.000000,215216.000000,215216.000000,0.000000,10,6.000000,6.000000,6.000000,6.000000,6.000000,0.000000,,,,,,,,10,100.000000,100.000000,100.000000,100.000000,100.000000,0.000000,10,99.511000,76.578100,69.200000,62.287000,97.430200,14.703144
phase1,G_simpleui_bookshelf_bookends,warm,synthetic,flat,2000,library_folder_enter,PASS,1,10,0,0,,,,,,,,10,2.393204,2.393204,2.393204,2.393204,2.393204,0.000000,,,,,,,,10,2.000000,2.000000,2.000000,2.000000,2.000000,0.000000,10,100.000000,100.000000,100.000000,100.000000,100.000000,0.000000,10,237.846680,212.467773,214.524902,175.196289,227.987109,17.357152,10,28391.000977,22297.802148,23319.056641,18127.493164,28293.033691,4033.025572,10,4.000000,4.000000,4.000000,4.000000,4.000000,0.000000,10,6.000000,6.000000,6.000000,6.000000,6.000000,0.000000,10,215200.000000,214793.600000,214672.000000,214608.000000,214998.400000,195.406812,10,6.000000,6.000000,6.000000,6.000000,6.000000,0.000000,,,,,,,,10,100.000000,100.000000,100.000000,100.000000,100.000000,0.000000,10,10.162000,9.129000,8.917000,8.556000,9.983800,0.527712
phase1,G_simpleui_bookshelf_bookends,warm,synthetic,flat,2000,library_next_page,PASS,1,10,0,0,,,,,,,,10,4.098301,1.498301,1.098301,1.098301,2.298301,0.966092,,,,,,,,10,4.000000,1.400000,1.000000,1.000000,2.200000,0.966092,10,100.000000,100.000000,100.000000,100.000000,100.000000,0.000000,10,798.741211,379.878516,587.707520,-1840.440430,767.364258,784.713570,10,25895.600586,24223.354199,24137.354004,22992.679688,25166.297363,955.058388,10,1.000000,1.000000,1.000000,1.000000,1.000000,0.000000,10,5.000000,2.400000,2.000000,2.000000,3.200000,0.966092,10,208880.000000,208865.600000,208864.000000,208864.000000,208865.600000,5.059644,10,5.000000,2.400000,2.000000,2.000000,3.200000,0.966092,,,,,,,,10,100.000000,100.000000,100.000000,100.000000,100.000000,0.000000,10,45.975000,23.670100,17.585500,15.543000,45.696900,12.109399
phase1,G_simpleui_bookshelf_bookends,warm,synthetic,flat,2000,library_prev_page,PASS,1,10,0,0,,,,,,,,10,1.098301,1.098301,1.098301,1.098301,1.098301,0.000000,,,,,,,,10,1.000000,1.000000,1.000000,1.000000,1.000000,0.000000,10,100.000000,100.000000,100.000000,100.000000,100.000000,0.000000,10,644.835938,262.626758,581.153320,-2713.520508,636.822070,1046.247795,10,25904.171875,24451.107324,24346.282715,23125.948242,25790.326270,941.112806,10,1.000000,1.000000,1.000000,1.000000,1.000000,0.000000,10,2.000000,2.000000,2.000000,2.000000,2.000000,0.000000,10,211200.000000,210046.400000,210032.000000,208912.000000,211185.600000,1195.819682,10,2.000000,2.000000,2.000000,2.000000,2.000000,0.000000,,,,,,,,10,100.000000,100.000000,100.000000,100.000000,100.000000,0.000000,10,63.269000,31.159600,28.946000,24.336000,34.154000,11.511336
phase1,G_simpleui_bookshelf_bookends,warm,synthetic,flat,2000,open_book,PASS,1,10,0,0,,,,,,,,10,11.000000,11.000000,11.000000,11.000000,11.000000,0.000000,,,,,,,,10,11.000000,11.000000,11.000000,11.000000,11.000000,0.000000,10,100.000000,100.000000,100.000000,100.000000,100.000000,0.000000,10,1431.892578,-298.337988,1005.020508,-5734.443359,1372.734277,2593.460508,10,69878.273438,59895.143945,59865.271973,50329.085938,67657.364355,6578.262566,10,0.000000,0.000000,0.000000,0.000000,0.000000,0.000000,10,11.000000,11.000000,11.000000,11.000000,11.000000,0.000000,10,283520.000000,271368.000000,271000.000000,261872.000000,279833.600000,7273.017408,10,11.000000,11.000000,11.000000,11.000000,11.000000,0.000000,,,,,,,,10,100.000000,100.000000,100.000000,100.000000,100.000000,0.000000,10,13738.721000,1527.295600,169.245500,138.668000,1562.781200,4290.724925
phase1,G_simpleui_bookshelf_bookends,warm,synthetic,flat,2000,open_book_minimal,PASS,1,10,0,0,,,,,,,,10,0.000000,0.000000,0.000000,0.000000,0.000000,0.000000,,,,,,,,10,0.000000,0.000000,0.000000,0.000000,0.000000,0.000000,10,0.000000,0.000000,0.000000,0.000000,0.000000,0.000000,10,1553.103516,-456.994629,1162.188965,-4795.849609,1484.660449,2633.515948,10,45486.163086,35217.509961,35385.727051,24609.873047,42751.306543,6803.693930,10,0.000000,0.000000,0.000000,0.000000,0.000000,0.000000,10,0.000000,0.000000,0.000000,0.000000,0.000000,0.000000,10,254160.000000,244684.800000,244912.000000,239136.000000,250718.400000,5052.509625,10,0.000000,0.000000,0.000000,0.000000,0.000000,0.000000,,,,,,,,10,0.000000,0.000000,0.000000,0.000000,0.000000,0.000000,10,915.584000,184.673100,104.225500,87.997000,200.870600,257.112716
phase1,G_simpleui_bookshelf_bookends,warm,synthetic,flat,2000,open_bookshelf,PASS,1,10,0,0,,,,,,,,10,1.000000,1.000000,1.000000,1.000000,1.000000,0.000000,,,,,,,,10,1.000000,1.000000,1.000000,1.000000,1.000000,0.000000,10,100.000000,100.000000,100.000000,100.000000,100.000000,0.000000,10,869.213867,730.737207,743.866699,619.192383,857.810937,88.780013,10,118502.640625,104204.751367,102915.431641,99961.996094,106639.187793,5330.402585,10,0.000000,0.000000,0.000000,0.000000,0.000000,0.000000,10,1.000000,1.000000,1.000000,1.000000,1.000000,0.000000,10,333696.000000,333041.600000,333184.000000,330992.000000,333667.200000,787.039911,10,1.000000,1.000000,1.000000,1.000000,1.000000,0.000000,,,,,,,,10,100.000000,100.000000,100.000000,100.000000,100.000000,0.000000,10,16.841000,13.519000,13.257500,10.077000,16.227200,2.289123
phase1,G_simpleui_bookshelf_bookends,warm,synthetic,flat,2000,open_quick_settings,PASS,1,10,0,0,,,,,,,,10,2.000000,2.000000,2.000000,2.000000,2.000000,0.000000,,,,,,,,10,2.000000,2.000000,2.000000,2.000000,2.000000,0.000000,10,100.000000,100.000000,100.000000,100.000000,100.000000,0.000000,10,241.537109,204.119922,190.559082,180.382812,237.596094,24.273128,10,109444.447266,108385.473242,108453.942383,107145.085938,109242.443848,763.963388,10,0.000000,0.000000,0.000000,0.000000,0.000000,0.000000,10,2.000000,2.000000,2.000000,2.000000,2.000000,0.000000,10,333696.000000,333696.000000,333696.000000,333696.000000,333696.000000,0.000000,10,2.000000,2.000000,2.000000,2.000000,2.000000,0.000000,,,,,,,,10,100.000000,100.000000,100.000000,100.000000,100.000000,0.000000,10,9.384000,8.303800,8.201000,7.473000,9.250800,0.632469
phase1,G_simpleui_bookshelf_bookends,warm,synthetic,flat,2000,repeated_nav,PASS,1,2,0,0,,,,,,,,2,12.983010,11.983010,11.983010,10.983010,12.783010,1.414214,,,,,,,,2,12.000000,11.000000,11.000000,10.000000,11.800000,1.414214,2,100.000000,100.000000,100.000000,100.000000,100.000000,0.000000,2,4960.901367,-4275.950684,-4275.950684,-13512.802734,3113.530957,13062.881444,2,106712.276367,104219.751465,104219.751465,101727.226562,106213.771387,3524.962521,2,10.000000,10.000000,10.000000,10.000000,10.000000,0.000000,2,22.000000,21.000000,21.000000,20.000000,21.800000,1.414214,2,333696.000000,333696.000000,333696.000000,333696.000000,333696.000000,0.000000,2,22.000000,21.000000,21.000000,20.000000,21.800000,1.414214,,,,,,,,2,100.000000,100.000000,100.000000,100.000000,100.000000,0.000000,2,1029.100000,580.468500,580.468500,131.837000,939.373700,634.460752
phase1,G_simpleui_bookshelf_bookends,warm,synthetic,flat,2000,start_to_home,PASS,1,10,0,0,,,,,,,,10,0.000000,0.000000,0.000000,0.000000,0.000000,0.000000,,,,,,,,10,0.000000,0.000000,0.000000,0.000000,0.000000,0.000000,10,0.000000,0.000000,0.000000,0.000000,0.000000,0.000000,10,7.714844,3.520703,2.859375,2.148438,5.672266,1.772675,10,16037.097656,15992.021875,15988.074219,15955.328125,16026.884766,27.885827,10,0.000000,0.000000,0.000000,0.000000,0.000000,0.000000,10,0.000000,0.000000,0.000000,0.000000,0.000000,0.000000,10,175392.000000,175392.000000,175392.000000,175392.000000,175392.000000,0.000000,10,0.000000,0.000000,0.000000,0.000000,0.000000,0.000000,,,,,,,,10,0.000000,0.000000,0.000000,0.000000,0.000000,0.000000,10,0.118000,0.057100,0.048000,0.020000,0.103600,0.032295
phase1,G_simpleui_bookshelf_bookends,warm,synthetic,flat,50,bookshelf_first_render,PASS,1,10,0,0,,,,,,,,10,0.000000,0.000000,0.000000,0.000000,0.000000,0.000000,,,,,,,,10,0.000000,0.000000,0.000000,0.000000,0.000000,0.000000,10,0.000000,0.000000,0.000000,0.000000,0.000000,0.000000,10,672.655273,32.852832,538.990234,-2523.657227,556.828613,1122.285019,10,52345.210938,50965.358105,50993.128418,49822.936523,51867.779395,849.372744,10,0.000000,0.000000,0.000000,0.000000,0.000000,0.000000,10,0.000000,0.000000,0.000000,0.000000,0.000000,0.000000,10,250560.000000,250560.000000,250560.000000,250560.000000,250560.000000,0.000000,10,0.000000,0.000000,0.000000,0.000000,0.000000,0.000000,,,,,,,,10,0.000000,0.000000,0.000000,0.000000,0.000000,0.000000,10,51.542000,15.907800,7.464500,5.874000,50.250500,18.436155
phase1,G_simpleui_bookshelf_bookends,warm,synthetic,flat,50,bookshelf_page_turn,PASS,1,10,0,0,,,,,,,,10,0.000000,0.000000,0.000000,0.000000,0.000000,0.000000,,,,,,,,10,0.000000,0.000000,0.000000,0.000000,0.000000,0.000000,10,0.000000,0.000000,0.000000,0.000000,0.000000,0.000000,10,37.003906,21.312109,17.419922,14.753906,35.442969,8.417593,10,52122.314453,51913.150391,51926.931641,51695.634766,52071.250000,138.918691,10,0.000000,0.000000,0.000000,0.000000,0.000000,0.000000,10,0.000000,0.000000,0.000000,0.000000,0.000000,0.000000,10,250560.000000,250560.000000,250560.000000,250560.000000,250560.000000,0.000000,10,0.000000,0.000000,0.000000,0.000000,0.000000,0.000000,,,,,,,,10,0.000000,0.000000,0.000000,0.000000,0.000000,0.000000,10,0.820000,0.372600,0.306000,0.093000,0.676000,0.228570
phase1,G_simpleui_bookshelf_bookends,warm,synthetic,flat,50,change_sort_mode,PASS,1,10,0,0,,,,,,,,10,2.393204,2.393204,2.393204,2.393204,2.393204,0.000000,,,,,,,,10,2.000000,2.000000,2.000000,2.000000,2.000000,0.000000,10,100.000000,100.000000,100.000000,100.000000,100.000000,0.000000,10,1642.369141,-121.262500,1090.460449,-3408.486328,1234.782520,1861.750331,10,18126.118164,15957.053320,15846.501465,14724.366211,17689.187500,1263.447007,10,4.000000,4.000000,4.000000,4.000000,4.000000,0.000000,10,6.000000,6.000000,6.000000,6.000000,6.000000,0.000000,10,200432.000000,200432.000000,200432.000000,200432.000000,200432.000000,0.000000,10,6.000000,6.000000,6.000000,6.000000,6.000000,0.000000,,,,,,,,10,100.000000,100.000000,100.000000,100.000000,100.000000,0.000000,10,72.174000,49.861100,45.612000,33.191000,64.482600,14.211534
phase1,G_simpleui_bookshelf_bookends,warm,synthetic,flat,50,close_book,PASS,1,10,0,0,,,,,,,,10,17.393204,17.393204,17.393204,17.393204,17.393204,0.000000,,,,,,,,10,17.000000,17.000000,17.000000,17.000000,17.000000,0.000000,10,100.000000,100.000000,100.000000,100.000000,100.000000,0.000000,10,6031.693359,3664.803516,4011.929199,-538.213867,4924.495605,1718.868981,10,50225.945312,45944.091504,46337.389160,38243.927734,49447.697559,3599.591086,10,4.000000,4.000000,4.000000,4.000000,4.000000,0.000000,10,21.000000,21.000000,21.000000,21.000000,21.000000,0.000000,10,240816.000000,240816.000000,240816.000000,240816.000000,240816.000000,0.000000,10,21.000000,21.000000,21.000000,21.000000,21.000000,0.000000,,,,,,,,10,100.000000,100.000000,100.000000,100.000000,100.000000,0.000000,10,22113.691000,2285.398100,70.965000,58.313000,2330.870200,6967.004939
phase1,G_simpleui_bookshelf_bookends,warm,synthetic,flat,50,close_bookshelf,PASS,1,10,0,0,,,,,,,,10,8.062500,8.062500,8.062500,8.062500,8.062500,0.000000,,,,,,,,10,8.000000,8.000000,8.000000,8.000000,8.000000,0.000000,10,100.000000,100.000000,100.000000,100.000000,100.000000,0.000000,10,1057.727539,-538.771289,897.410645,-7224.300781,1020.028613,3157.317404,10,56618.513672,53532.092383,53837.694824,50170.540039,55858.338867,2244.408420,10,1.000000,1.000000,1.000000,1.000000,1.000000,0.000000,10,9.000000,9.000000,9.000000,9.000000,9.000000,0.000000,10,250576.000000,250569.600000,250576.000000,250560.000000,250576.000000,8.262364,10,9.000000,9.000000,9.000000,9.000000,9.000000,0.000000,,,,,,,,10,100.000000,100.000000,100.000000,100.000000,100.000000,0.000000,10,79.858000,39.437500,29.892500,27.929000,77.772700,20.725119
phase1,G_simpleui_bookshelf_bookends,warm,synthetic,flat,50,close_quick_settings,PASS,1,10,0,0,,,,,,,,10,4.000000,4.000000,4.000000,4.000000,4.000000,0.000000,,,,,,,,10,4.000000,4.000000,4.000000,4.000000,4.000000,0.000000,10,100.000000,100.000000,100.000000,100.000000,100.000000,0.000000,10,241.449219,189.983301,187.062012,154.167969,223.419336,29.142527,10,66602.374023,64604.726172,64582.947754,62619.245117,66200.222559,1337.006882,10,0.000000,0.000000,0.000000,0.000000,0.000000,0.000000,10,4.000000,4.000000,4.000000,4.000000,4.000000,0.000000,10,250576.000000,250576.000000,250576.000000,250576.000000,250576.000000,0.000000,10,4.000000,4.000000,4.000000,4.000000,4.000000,0.000000,,,,,,,,10,100.000000,100.000000,100.000000,100.000000,100.000000,0.000000,10,14.438000,12.834800,12.865000,11.466000,14.033900,1.191031
phase1,G_simpleui_bookshelf_bookends,warm,synthetic,flat,50,home_to_library,PASS,1,10,0,0,,,,,,,,10,0.000000,0.000000,0.000000,0.000000,0.000000,0.000000,,,,,,,,10,0.000000,0.000000,0.000000,0.000000,0.000000,0.000000,10,0.000000,0.000000,0.000000,0.000000,0.000000,0.000000,10,6.542969,3.547266,3.005859,2.320312,4.887109,1.370989,10,14074.246094,14025.749219,14023.492188,13984.027344,14067.141016,31.872007,10,0.000000,0.000000,0.000000,0.000000,0.000000,0.000000,10,0.000000,0.000000,0.000000,0.000000,0.000000,0.000000,10,176672.000000,176672.000000,176672.000000,176672.000000,176672.000000,0.000000,10,0.000000,0.000000,0.000000,0.000000,0.000000,0.000000,,,,,,,,10,0.000000,0.000000,0.000000,0.000000,0.000000,0.000000,10,0.114000,0.049100,0.041000,0.012000,0.087900,0.032446
phase1,G_simpleui_bookshelf_bookends,warm,synthetic,flat,50,library_first_render,PASS,1,10,0,0,,,,,,,,10,2.294903,2.294903,2.294903,2.294903,2.294903,0.000000,,,,,,,,10,2.000000,2.000000,2.000000,2.000000,2.000000,0.000000,10,100.000000,100.000000,100.000000,100.000000,100.000000,0.000000,10,2412.163086,283.323145,2037.775391,-5855.191406,2329.104687,3157.513970,10,22170.175781,18426.538281,18161.030273,15327.046875,20088.166406,1995.001546,10,3.000000,3.000000,3.000000,3.000000,3.000000,0.000000,10,5.000000,5.000000,5.000000,5.000000,5.000000,0.000000,10,195824.000000,190268.800000,190008.000000,186416.000000,194240.000000,3068.820577,10,5.000000,5.000000,5.000000,5.000000,5.000000,0.000000,,,,,,,,10,100.000000,100.000000,100.000000,100.000000,100.000000,0.000000,10,104.629000,69.960500,72.639500,44.686000,92.565400,18.864161
phase1,G_simpleui_bookshelf_bookends,warm,synthetic,flat,50,library_folder_back,PASS,1,10,0,0,,,,,,,,10,8.393204,2.993204,2.393204,2.393204,2.993204,1.897367,,,,,,,,10,8.000000,2.600000,2.000000,2.000000,2.600000,1.897367,10,100.000000,100.000000,100.000000,100.000000,100.000000,0.000000,10,911.655273,-313.419141,813.303711,-2602.875977,863.964062,1521.318930,10,17239.768555,15906.257813,15993.206543,14881.960938,16842.870312,781.880597,10,4.000000,4.000000,4.000000,4.000000,4.000000,0.000000,10,12.000000,6.600000,6.000000,6.000000,6.600000,1.897367,10,200432.000000,200372.800000,200360.000000,200352.000000,200432.000000,32.044414,10,12.000000,6.600000,6.000000,6.000000,6.600000,1.897367,,,,,,,,10,100.000000,100.000000,100.000000,100.000000,100.000000,0.000000,10,95.642000,34.577200,23.430500,18.686000,46.766600,23.448824
phase1,G_simpleui_bookshelf_bookends,warm,synthetic,flat,50,library_folder_enter,PASS,1,10,0,0,,,,,,,,10,2.393204,2.393204,2.393204,2.393204,2.393204,0.000000,,,,,,,,10,2.000000,2.000000,2.000000,2.000000,2.000000,0.000000,10,100.000000,100.000000,100.000000,100.000000,100.000000,0.000000,10,218.334961,199.678418,201.583984,159.378906,212.305664,15.901801,10,17468.604492,16234.586426,16407.555664,15282.910156,17431.112988,851.095991,10,4.000000,4.000000,4.000000,4.000000,4.000000,0.000000,10,6.000000,6.000000,6.000000,6.000000,6.000000,0.000000,10,200288.000000,200241.600000,200248.000000,200160.000000,200288.000000,47.970361,10,6.000000,6.000000,6.000000,6.000000,6.000000,0.000000,,,,,,,,10,100.000000,100.000000,100.000000,100.000000,100.000000,0.000000,10,16.474000,11.351900,10.158000,8.650000,14.880100,2.665010
phase1,G_simpleui_bookshelf_bookends,warm,synthetic,flat,50,library_next_page,PASS,1,10,0,0,,,,,,,,10,6.098301,2.298301,1.098301,1.098301,4.298301,1.751190,,,,,,,,10,6.000000,2.200000,1.000000,1.000000,4.200000,1.751190,10,100.000000,100.000000,100.000000,100.000000,100.000000,0.000000,10,1638.354492,1126.671484,971.950684,863.408203,1568.034082,286.119091,10,20383.621094,18289.813770,18155.771484,16667.929688,19381.314648,1125.398458,10,1.000000,1.000000,1.000000,1.000000,1.000000,0.000000,10,7.000000,3.200000,2.000000,2.000000,5.200000,1.751190,10,196608.000000,196180.800000,196136.000000,195824.000000,196593.600000,380.057540,10,7.000000,3.200000,2.000000,2.000000,5.200000,1.751190,,,,,,,,10,100.000000,100.000000,100.000000,100.000000,100.000000,0.000000,10,73.958000,33.002300,21.422000,16.451000,52.275200,19.262420
phase1,G_simpleui_bookshelf_bookends,warm,synthetic,flat,50,library_prev_page,PASS,1,10,0,0,,,,,,,,10,1.098301,1.098301,1.098301,1.098301,1.098301,0.000000,,,,,,,,10,1.000000,1.000000,1.000000,1.000000,1.000000,0.000000,10,100.000000,100.000000,100.000000,100.000000,100.000000,0.000000,10,909.306641,404.783496,631.155762,-2314.781250,907.025879,965.769239,10,19712.351562,17628.730469,17535.563965,16062.051758,18605.316406,1075.816334,10,1.000000,1.000000,1.000000,1.000000,1.000000,0.000000,10,2.000000,2.000000,2.000000,2.000000,2.000000,0.000000,10,196800.000000,196788.800000,196784.000000,196784.000000,196800.000000,7.728734,10,2.000000,2.000000,2.000000,2.000000,2.000000,0.000000,,,,,,,,10,100.000000,100.000000,100.000000,100.000000,100.000000,0.000000,10,41.246000,25.211900,24.560500,15.158000,32.575400,8.087427
phase1,G_simpleui_bookshelf_bookends,warm,synthetic,flat,50,open_book,PASS,1,10,0,0,,,,,,,,10,15.000000,11.400000,11.000000,11.000000,11.400000,1.264911,,,,,,,,10,15.000000,11.400000,11.000000,11.000000,11.400000,1.264911,10,100.000000,100.000000,100.000000,100.000000,100.000000,0.000000,10,1564.217773,-1538.722852,-2526.184570,-4363.615234,1354.648730,2324.362327,10,36647.842773,32572.964746,32386.579102,29222.895508,35735.526660,2671.080463,10,0.000000,0.000000,0.000000,0.000000,0.000000,0.000000,10,15.000000,11.400000,11.000000,11.000000,11.400000,1.264911,10,240816.000000,240256.000000,240816.000000,238544.000000,240816.000000,921.077630,10,15.000000,11.400000,11.000000,11.000000,11.400000,1.264911,,,,,,,,10,100.000000,100.000000,100.000000,100.000000,100.000000,0.000000,10,585.237000,186.940500,158.637500,104.986000,221.923200,143.162566
phase1,G_simpleui_bookshelf_bookends,warm,synthetic,flat,50,open_book_minimal,PASS,1,10,0,0,,,,,,,,10,0.000000,0.000000,0.000000,0.000000,0.000000,0.000000,,,,,,,,10,0.000000,0.000000,0.000000,0.000000,0.000000,0.000000,10,0.000000,0.000000,0.000000,0.000000,0.000000,0.000000,10,1556.731445,-1491.486719,-1986.445801,-3162.708008,1422.946973,1711.751535,10,26493.506836,22473.768945,22237.816406,18497.191406,25662.597656,2717.596985,10,0.000000,0.000000,0.000000,0.000000,0.000000,0.000000,10,0.000000,0.000000,0.000000,0.000000,0.000000,0.000000,10,230208.000000,225724.800000,225440.000000,219264.000000,229603.200000,3530.785899,10,0.000000,0.000000,0.000000,0.000000,0.000000,0.000000,,,,,,,,10,0.000000,0.000000,0.000000,0.000000,0.000000,0.000000,10,125.017000,106.552200,109.377500,82.970000,119.493700,13.159172
phase1,G_simpleui_bookshelf_bookends,warm,synthetic,flat,50,open_bookshelf,PASS,1,10,0,0,,,,,,,,10,1.000000,1.000000,1.000000,1.000000,1.000000,0.000000,,,,,,,,10,1.000000,1.000000,1.000000,1.000000,1.000000,0.000000,10,100.000000,100.000000,100.000000,100.000000,100.000000,0.000000,10,877.750977,784.112598,779.651367,708.777344,831.895801,51.711312,10,63102.703125,53820.783594,53009.737305,50401.224609,56541.156445,3789.574043,10,0.000000,0.000000,0.000000,0.000000,0.000000,0.000000,10,1.000000,1.000000,1.000000,1.000000,1.000000,0.000000,10,250560.000000,250448.000000,250552.000000,249520.000000,250560.000000,326.250074,10,1.000000,1.000000,1.000000,1.000000,1.000000,0.000000,,,,,,,,10,100.000000,100.000000,100.000000,100.000000,100.000000,0.000000,10,19.575000,17.775400,17.666000,16.185000,18.555300,0.952049
phase1,G_simpleui_bookshelf_bookends,warm,synthetic,flat,50,open_quick_settings,PASS,1,10,0,0,,,,,,,,10,2.000000,2.000000,2.000000,2.000000,2.000000,0.000000,,,,,,,,10,2.000000,2.000000,2.000000,2.000000,2.000000,0.000000,10,100.000000,100.000000,100.000000,100.000000,100.000000,0.000000,10,318.513672,268.519922,265.015625,244.372070,287.158691,21.479137,10,61381.492188,59611.810449,59634.702637,57788.390625,61032.228027,1210.880868,10,0.000000,0.000000,0.000000,0.000000,0.000000,0.000000,10,2.000000,2.000000,2.000000,2.000000,2.000000,0.000000,10,250576.000000,250576.000000,250576.000000,250576.000000,250576.000000,0.000000,10,2.000000,2.000000,2.000000,2.000000,2.000000,0.000000,,,,,,,,10,100.000000,100.000000,100.000000,100.000000,100.000000,0.000000,10,9.474000,8.970900,8.984000,8.371000,9.309300,0.327743
phase1,G_simpleui_bookshelf_bookends,warm,synthetic,flat,50,repeated_nav,PASS,1,2,0,0,,,,,,,,2,12.983010,11.983010,11.983010,10.983010,12.783010,1.414214,,,,,,,,2,12.000000,11.000000,11.000000,10.000000,11.800000,1.414214,2,100.000000,100.000000,100.000000,100.000000,100.000000,0.000000,2,-7932.201172,-8562.221680,-8562.221680,-9192.242188,-8058.205273,890.983547,2,60684.525391,56730.237305,56730.237305,52775.949219,59893.667773,5592.207841,2,10.000000,10.000000,10.000000,10.000000,10.000000,0.000000,2,22.000000,21.000000,21.000000,20.000000,21.800000,1.414214,2,257936.000000,257632.000000,257632.000000,257328.000000,257875.200000,429.920923,2,22.000000,21.000000,21.000000,20.000000,21.800000,1.414214,,,,,,,,2,100.000000,100.000000,100.000000,100.000000,100.000000,0.000000,2,501.397000,297.918000,297.918000,94.439000,460.701200,287.762761
phase1,G_simpleui_bookshelf_bookends,warm,synthetic,flat,50,start_to_home,PASS,1,10,0,0,,,,,,,,10,0.000000,0.000000,0.000000,0.000000,0.000000,0.000000,,,,,,,,10,0.000000,0.000000,0.000000,0.000000,0.000000,0.000000,10,0.000000,0.000000,0.000000,0.000000,0.000000,0.000000,10,8.734375,3.982031,3.435547,2.054688,5.278516,1.984349,10,13942.105469,13897.293359,13900.035156,13842.679688,13934.371094,33.293502,10,0.000000,0.000000,0.000000,0.000000,0.000000,0.000000,10,0.000000,0.000000,0.000000,0.000000,0.000000,0.000000,10,176672.000000,176672.000000,176672.000000,176672.000000,176672.000000,0.000000,10,0.000000,0.000000,0.000000,0.000000,0.000000,0.000000,,,,,,,,10,0.000000,0.000000,0.000000,0.000000,0.000000,0.000000,10,0.105000,0.052000,0.050000,0.007000,0.084300,0.026762
phase1,G_simpleui_bookshelf_bookends,warm,synthetic,hierarchical,2000,bookshelf_first_render,PASS,1,10,0,0,,,,,,,,10,0.000000,0.000000,0.000000,0.000000,0.000000,0.000000,,,,,,,,10,0.000000,0.000000,0.000000,0.000000,0.000000,0.000000,10,0.000000,0.000000,0.000000,0.000000,0.000000,0.000000,10,529.806641,10.407813,518.259766,-2339.660156,529.381250,1079.662123,10,54687.042969,53342.802148,53329.804199,52231.522461,54215.075586,803.014247,10,0.000000,0.000000,0.000000,0.000000,0.000000,0.000000,10,0.000000,0.000000,0.000000,0.000000,0.000000,0.000000,10,279088.000000,279088.000000,279088.000000,279088.000000,279088.000000,0.000000,10,0.000000,0.000000,0.000000,0.000000,0.000000,0.000000,,,,,,,,10,0.000000,0.000000,0.000000,0.000000,0.000000,0.000000,10,55.078000,15.786400,6.786000,4.939000,51.174700,19.604027
phase1,G_simpleui_bookshelf_bookends,warm,synthetic,hierarchical,2000,bookshelf_page_turn,PASS,1,10,0,0,,,,,,,,10,0.000000,0.000000,0.000000,0.000000,0.000000,0.000000,,,,,,,,10,0.000000,0.000000,0.000000,0.000000,0.000000,0.000000,10,0.000000,0.000000,0.000000,0.000000,0.000000,0.000000,10,40.953125,23.069531,19.337891,16.386719,35.349219,8.599466,10,54314.747070,54104.088477,54106.495117,53902.821289,54283.683008,144.151435,10,0.000000,0.000000,0.000000,0.000000,0.000000,0.000000,10,0.000000,0.000000,0.000000,0.000000,0.000000,0.000000,10,279088.000000,279088.000000,279088.000000,279088.000000,279088.000000,0.000000,10,0.000000,0.000000,0.000000,0.000000,0.000000,0.000000,,,,,,,,10,0.000000,0.000000,0.000000,0.000000,0.000000,0.000000,10,0.742000,0.382800,0.362000,0.182000,0.533200,0.150735
phase1,G_simpleui_bookshelf_bookends,warm,synthetic,hierarchical,2000,change_sort_mode,PASS,1,10,0,0,,,,,,,,10,2.393204,2.393204,2.393204,2.393204,2.393204,0.000000,,,,,,,,10,2.000000,2.000000,2.000000,2.000000,2.000000,0.000000,10,100.000000,100.000000,100.000000,100.000000,100.000000,0.000000,10,305.858398,48.014258,283.890625,-2099.700195,294.592578,754.684177,10,19045.852539,17832.709668,17723.456543,16952.886719,18775.784863,747.453668,10,4.000000,4.000000,4.000000,4.000000,4.000000,0.000000,10,6.000000,6.000000,6.000000,6.000000,6.000000,0.000000,10,192080.000000,192080.000000,192080.000000,192080.000000,192080.000000,0.000000,10,6.000000,6.000000,6.000000,6.000000,6.000000,0.000000,,,,,,,,10,100.000000,100.000000,100.000000,100.000000,100.000000,0.000000,10,30.391000,13.834300,12.007500,9.826000,16.497700,5.982063
phase1,G_simpleui_bookshelf_bookends,warm,synthetic,hierarchical,2000,close_book,PASS,1,10,0,0,,,,,,,,10,17.393204,17.393204,17.393204,17.393204,17.393204,0.000000,,,,,,,,10,17.000000,17.000000,17.000000,17.000000,17.000000,0.000000,10,100.000000,100.000000,100.000000,100.000000,100.000000,0.000000,10,4907.626953,1390.538770,-190.315918,-672.890625,4112.650977,2353.960134,10,53340.438477,47360.774609,46397.268066,43587.774414,52657.404395,3170.138228,10,4.000000,4.000000,4.000000,4.000000,4.000000,0.000000,10,21.000000,21.000000,21.000000,21.000000,21.000000,0.000000,10,264768.000000,259712.000000,257792.000000,253200.000000,264537.600000,4277.193680,10,21.000000,21.000000,21.000000,21.000000,21.000000,0.000000,,,,,,,,10,100.000000,100.000000,100.000000,100.000000,100.000000,0.000000,10,3828.445000,540.586500,161.761000,54.896000,886.202800,1164.014781
phase1,G_simpleui_bookshelf_bookends,warm,synthetic,hierarchical,2000,close_bookshelf,PASS,1,10,0,0,,,,,,,,10,8.062500,8.062500,8.062500,8.062500,8.062500,0.000000,,,,,,,,10,8.000000,8.000000,8.000000,8.000000,8.000000,0.000000,10,100.000000,100.000000,100.000000,100.000000,100.000000,0.000000,10,986.541016,-542.345117,853.156738,-6952.529297,933.844434,3020.404192,10,58655.113281,55737.980078,56102.424805,52512.356445,57914.238379,2113.699561,10,1.000000,1.000000,1.000000,1.000000,1.000000,0.000000,10,9.000000,9.000000,9.000000,9.000000,9.000000,0.000000,10,279472.000000,279136.000000,279088.000000,279088.000000,279212.800000,121.852370,10,9.000000,9.000000,9.000000,9.000000,9.000000,0.000000,,,,,,,,10,100.000000,100.000000,100.000000,100.000000,100.000000,0.000000,10,82.785000,39.653600,30.843000,23.207000,76.960200,21.215942
phase1,G_simpleui_bookshelf_bookends,warm,synthetic,hierarchical,2000,close_quick_settings,PASS,1,10,0,0,,,,,,,,10,4.000000,4.000000,4.000000,4.000000,4.000000,0.000000,,,,,,,,10,4.000000,4.000000,4.000000,4.000000,4.000000,0.000000,10,100.000000,100.000000,100.000000,100.000000,100.000000,0.000000,10,224.343750,161.276953,165.388184,85.669922,207.440625,45.388082,10,68578.821289,66640.438086,66645.130371,64749.198242,68185.776172,1281.461036,10,0.000000,0.000000,0.000000,0.000000,0.000000,0.000000,10,4.000000,4.000000,4.000000,4.000000,4.000000,0.000000,10,279472.000000,279472.000000,279472.000000,279472.000000,279472.000000,0.000000,10,4.000000,4.000000,4.000000,4.000000,4.000000,0.000000,,,,,,,,10,100.000000,100.000000,100.000000,100.000000,100.000000,0.000000,10,14.943000,11.575700,11.777500,8.415000,13.504800,1.921730
phase1,G_simpleui_bookshelf_bookends,warm,synthetic,hierarchical,2000,home_to_library,PASS,1,10,0,0,,,,,,,,10,0.000000,0.000000,0.000000,0.000000,0.000000,0.000000,,,,,,,,10,0.000000,0.000000,0.000000,0.000000,0.000000,0.000000,10,0.000000,0.000000,0.000000,0.000000,0.000000,0.000000,10,4.289062,2.880078,2.414062,2.289062,3.825000,0.770063,10,13727.035156,13693.804297,13693.914062,13657.687500,13721.874219,23.964302,10,0.000000,0.000000,0.000000,0.000000,0.000000,0.000000,10,0.000000,0.000000,0.000000,0.000000,0.000000,0.000000,10,175344.000000,175344.000000,175344.000000,175344.000000,175344.000000,0.000000,10,0.000000,0.000000,0.000000,0.000000,0.000000,0.000000,,,,,,,,10,0.000000,0.000000,0.000000,0.000000,0.000000,0.000000,10,0.047000,0.021500,0.015000,0.004000,0.044300,0.016642
phase1,G_simpleui_bookshelf_bookends,warm,synthetic,hierarchical,2000,library_first_render,PASS,1,10,0,0,,,,,,,,10,2.294903,2.294903,2.294903,2.294903,2.294903,0.000000,,,,,,,,10,2.000000,2.000000,2.000000,2.000000,2.000000,0.000000,10,100.000000,100.000000,100.000000,100.000000,100.000000,0.000000,10,882.207031,71.793066,738.854980,-2355.140625,852.714453,1246.531312,10,19318.169922,16793.085938,16605.885742,15034.213867,18602.743750,1448.264760,10,3.000000,3.000000,3.000000,3.000000,3.000000,0.000000,10,5.000000,5.000000,5.000000,5.000000,5.000000,0.000000,10,186112.000000,186112.000000,186112.000000,186112.000000,186112.000000,0.000000,10,5.000000,5.000000,5.000000,5.000000,5.000000,0.000000,,,,,,,,10,100.000000,100.000000,100.000000,100.000000,100.000000,0.000000,10,39.965000,30.276700,27.957000,25.376000,39.515000,5.298353
phase1,G_simpleui_bookshelf_bookends,warm,synthetic,hierarchical,2000,library_folder_back,PASS,1,10,0,0,,,,,,,,10,2.393204,2.393204,2.393204,2.393204,2.393204,0.000000,,,,,,,,10,2.000000,2.000000,2.000000,2.000000,2.000000,0.000000,10,100.000000,100.000000,100.000000,100.000000,100.000000,0.000000,10,429.125977,340.769141,338.335449,295.594727,365.239160,37.001585,10,18959.540039,17929.385156,18306.992188,16977.811523,18878.939941,819.170619,10,4.000000,4.000000,4.000000,4.000000,4.000000,0.000000,10,6.000000,6.000000,6.000000,6.000000,6.000000,0.000000,10,192080.000000,192008.000000,191992.000000,191936.000000,192080.000000,51.845926,10,6.000000,6.000000,6.000000,6.000000,6.000000,0.000000,,,,,,,,10,100.000000,100.000000,100.000000,100.000000,100.000000,0.000000,10,18.235000,14.672900,15.484000,10.327000,17.911900,2.750727
phase1,G_simpleui_bookshelf_bookends,warm,synthetic,hierarchical,2000,library_folder_enter,PASS,1,10,0,0,,,,,,,,10,2.393204,2.393204,2.393204,2.393204,2.393204,0.000000,,,,,,,,10,2.000000,2.000000,2.000000,2.000000,2.000000,0.000000,10,100.000000,100.000000,100.000000,100.000000,100.000000,0.000000,10,1368.270508,400.537695,1058.166992,-2977.499023,1359.152734,1420.898783,10,19693.980469,17758.988867,17580.239746,15959.730469,19201.661133,1276.069837,10,4.000000,4.000000,4.000000,4.000000,4.000000,0.000000,10,6.000000,6.000000,6.000000,6.000000,6.000000,0.000000,10,191856.000000,191582.400000,191552.000000,191472.000000,191856.000000,149.609269,10,6.000000,6.000000,6.000000,6.000000,6.000000,0.000000,,,,,,,,10,100.000000,100.000000,100.000000,100.000000,100.000000,0.000000,10,49.353000,26.726100,25.765500,9.428000,33.828900,9.927518
phase1,G_simpleui_bookshelf_bookends,warm,synthetic,hierarchical,2000,library_next_page,UNSUPPORTED,1,0,0,10,,,,,,,,,,,,,,,,,,,,,,,,,,,,,,,,,,,,,,,,,,,,,,,,,,,,,,,,,,,,,,,,,,,,,,,,,,,,,,,,,,,,,,,,,,,,,,,,,,
phase1,G_simpleui_bookshelf_bookends,warm,synthetic,hierarchical,2000,library_prev_page,UNSUPPORTED,1,0,0,10,,,,,,,,,,,,,,,,,,,,,,,,,,,,,,,,,,,,,,,,,,,,,,,,,,,,,,,,,,,,,,,,,,,,,,,,,,,,,,,,,,,,,,,,,,,,,,,,,,
phase1,G_simpleui_bookshelf_bookends,warm,synthetic,hierarchical,2000,open_book,PASS,1,10,0,0,,,,,,,,10,15.000000,11.600000,11.000000,11.000000,13.200000,1.349897,,,,,,,,10,15.000000,11.600000,11.000000,11.000000,13.200000,1.349897,10,100.000000,100.000000,100.000000,100.000000,100.000000,0.000000,10,1913.401367,-903.818262,-770.928711,-4973.725586,1446.722363,2519.330103,10,39537.378906,36322.125098,36461.015137,32454.060547,39136.725977,2486.185933,10,0.000000,0.000000,0.000000,0.000000,0.000000,0.000000,10,15.000000,11.600000,11.000000,11.000000,13.200000,1.349897,10,248992.000000,244688.000000,244512.000000,238736.000000,248992.000000,3400.090979,10,15.000000,11.600000,11.000000,11.000000,13.200000,1.349897,,,,,,,,10,100.000000,100.000000,100.000000,100.000000,100.000000,0.000000,10,302.594000,150.729000,134.612500,95.414000,200.702300,60.580501
phase1,G_simpleui_bookshelf_bookends,warm,synthetic,hierarchical,2000,open_book_minimal,PASS,1,10,0,0,,,,,,,,10,0.000000,0.000000,0.000000,0.000000,0.000000,0.000000,,,,,,,,10,0.000000,0.000000,0.000000,0.000000,0.000000,0.000000,10,0.000000,0.000000,0.000000,0.000000,0.000000,0.000000,10,1359.042969,-2237.172070,-2711.167969,-3889.230469,-765.799902,1515.207903,10,30050.358398,25282.310547,24935.729004,20096.999023,28937.892480,3152.894348,10,0.000000,0.000000,0.000000,0.000000,0.000000,0.000000,10,0.000000,0.000000,0.000000,0.000000,0.000000,0.000000,10,234304.000000,223499.200000,222976.000000,216656.000000,231712.000000,5904.653020,10,0.000000,0.000000,0.000000,0.000000,0.000000,0.000000,,,,,,,,10,0.000000,0.000000,0.000000,0.000000,0.000000,0.000000,10,142.521000,106.824300,101.360500,88.206000,132.487800,17.798797
phase1,G_simpleui_bookshelf_bookends,warm,synthetic,hierarchical,2000,open_bookshelf,PASS,1,10,0,0,,,,,,,,10,1.000000,1.000000,1.000000,1.000000,1.000000,0.000000,,,,,,,,10,1.000000,1.000000,1.000000,1.000000,1.000000,0.000000,10,100.000000,100.000000,100.000000,100.000000,100.000000,0.000000,10,871.066406,787.723535,793.444336,703.491211,848.770313,53.136062,10,57918.745117,54895.049219,54469.718750,52635.207031,57721.667090,1971.958023,10,0.000000,0.000000,0.000000,0.000000,0.000000,0.000000,10,1.000000,1.000000,1.000000,1.000000,1.000000,0.000000,10,279088.000000,279083.200000,279088.000000,279056.000000,279088.000000,10.799177,10,1.000000,1.000000,1.000000,1.000000,1.000000,0.000000,,,,,,,,10,100.000000,100.000000,100.000000,100.000000,100.000000,0.000000,10,21.086000,17.213600,16.855500,15.014000,18.504800,1.695330
phase1,G_simpleui_bookshelf_bookends,warm,synthetic,hierarchical,2000,open_quick_settings,PASS,1,10,0,0,,,,,,,,10,2.000000,2.000000,2.000000,2.000000,2.000000,0.000000,,,,,,,,10,2.000000,2.000000,2.000000,2.000000,2.000000,0.000000,10,100.000000,100.000000,100.000000,100.000000,100.000000,0.000000,10,300.540039,269.211914,266.435059,232.501953,288.912109,21.244461,10,63531.415039,61787.161719,61794.156250,60021.703125,63185.261328,1163.776539,10,0.000000,0.000000,0.000000,0.000000,0.000000,0.000000,10,2.000000,2.000000,2.000000,2.000000,2.000000,0.000000,10,279472.000000,279472.000000,279472.000000,279472.000000,279472.000000,0.000000,10,2.000000,2.000000,2.000000,2.000000,2.000000,0.000000,,,,,,,,10,100.000000,100.000000,100.000000,100.000000,100.000000,0.000000,10,9.354000,8.768800,8.722500,8.180000,9.348600,0.475110
phase1,G_simpleui_bookshelf_bookends,warm,synthetic,hierarchical,2000,repeated_nav,PASS,1,2,0,0,,,,,,,,2,12.983010,11.983010,11.983010,10.983010,12.783010,1.414214,,,,,,,,2,12.000000,11.000000,11.000000,10.000000,11.800000,1.414214,2,100.000000,100.000000,100.000000,100.000000,100.000000,0.000000,2,2691.250000,-7331.414551,-7331.414551,-17354.079102,686.717090,14174.188139,2,73249.359375,64583.946777,64583.946777,55918.534180,71516.276855,12254.744019,2,10.000000,10.000000,10.000000,10.000000,10.000000,0.000000,2,22.000000,21.000000,21.000000,20.000000,21.800000,1.414214,2,285168.000000,284416.000000,284416.000000,283664.000000,285017.600000,1063.488599,2,22.000000,21.000000,21.000000,20.000000,21.800000,1.414214,,,,,,,,2,100.000000,100.000000,100.000000,100.000000,100.000000,0.000000,2,623.623000,357.467000,357.467000,91.311000,570.391800,376.401425
phase1,G_simpleui_bookshelf_bookends,warm,synthetic,hierarchical,2000,start_to_home,PASS,1,10,0,0,,,,,,,,10,0.000000,0.000000,0.000000,0.000000,0.000000,0.000000,,,,,,,,10,0.000000,0.000000,0.000000,0.000000,0.000000,0.000000,10,0.000000,0.000000,0.000000,0.000000,0.000000,0.000000,10,4.183594,2.717578,2.246094,2.148438,3.909375,0.776974,10,13622.781250,13591.149609,13589.714844,13560.261719,13616.857422,21.316896,10,0.000000,0.000000,0.000000,0.000000,0.000000,0.000000,10,0.000000,0.000000,0.000000,0.000000,0.000000,0.000000,10,175344.000000,175344.000000,175344.000000,175344.000000,175344.000000,0.000000,10,0.000000,0.000000,0.000000,0.000000,0.000000,0.000000,,,,,,,,10,0.000000,0.000000,0.000000,0.000000,0.000000,0.000000,10,0.061000,0.029100,0.027500,0.006000,0.050200,0.019621
phase1,G_simpleui_bookshelf_bookends,warm,synthetic,hierarchical,50,bookshelf_first_render,PASS,1,10,0,0,,,,,,,,10,0.000000,0.000000,0.000000,0.000000,0.000000,0.000000,,,,,,,,10,0.000000,0.000000,0.000000,0.000000,0.000000,0.000000,10,0.000000,0.000000,0.000000,0.000000,0.000000,0.000000,10,483.294922,40.142578,463.392090,-2017.069336,482.214746,919.213937,10,52461.392578,51403.741504,51441.315918,50445.706055,52029.004102,667.136675,10,0.000000,0.000000,0.000000,0.000000,0.000000,0.000000,10,0.000000,0.000000,0.000000,0.000000,0.000000,0.000000,10,273488.000000,273488.000000,273488.000000,273488.000000,273488.000000,0.000000,10,0.000000,0.000000,0.000000,0.000000,0.000000,0.000000,,,,,,,,10,0.000000,0.000000,0.000000,0.000000,0.000000,0.000000,10,44.370000,11.650400,3.485500,3.042000,44.270100,17.219998
phase1,G_simpleui_bookshelf_bookends,warm,synthetic,hierarchical,50,bookshelf_page_turn,PASS,1,10,0,0,,,,,,,,10,0.000000,0.000000,0.000000,0.000000,0.000000,0.000000,,,,,,,,10,0.000000,0.000000,0.000000,0.000000,0.000000,0.000000,10,0.000000,0.000000,0.000000,0.000000,0.000000,0.000000,10,23.226562,14.402344,12.851562,12.328125,17.749219,3.441830,10,52267.599609,52138.567578,52144.794922,51996.990234,52243.819922,90.059095,10,0.000000,0.000000,0.000000,0.000000,0.000000,0.000000,10,0.000000,0.000000,0.000000,0.000000,0.000000,0.000000,10,273488.000000,273488.000000,273488.000000,273488.000000,273488.000000,0.000000,10,0.000000,0.000000,0.000000,0.000000,0.000000,0.000000,,,,,,,,10,0.000000,0.000000,0.000000,0.000000,0.000000,0.000000,10,0.299000,0.117600,0.100000,0.032000,0.209000,0.080791
phase1,G_simpleui_bookshelf_bookends,warm,synthetic,hierarchical,50,change_sort_mode,PASS,1,10,0,0,,,,,,,,10,2.393204,2.393204,2.393204,2.393204,2.393204,0.000000,,,,,,,,10,2.000000,2.000000,2.000000,2.000000,2.000000,0.000000,10,100.000000,100.000000,100.000000,100.000000,100.000000,0.000000,10,351.552734,-34.697559,282.079590,-1607.737305,322.197266,708.532239,10,17925.338867,17111.583691,17072.971191,16324.359375,17782.833887,516.347556,10,4.000000,4.000000,4.000000,4.000000,4.000000,0.000000,10,6.000000,6.000000,6.000000,6.000000,6.000000,0.000000,10,187968.000000,187968.000000,187968.000000,187968.000000,187968.000000,0.000000,10,6.000000,6.000000,6.000000,6.000000,6.000000,0.000000,,,,,,,,10,100.000000,100.000000,100.000000,100.000000,100.000000,0.000000,10,28.503000,15.704900,13.107500,11.462000,27.093600,6.375119
phase1,G_simpleui_bookshelf_bookends,warm,synthetic,hierarchical,50,close_book,PASS,1,10,0,0,,,,,,,,10,17.393204,17.393204,17.393204,17.393204,17.393204,0.000000,,,,,,,,10,17.000000,17.000000,17.000000,17.000000,17.000000,0.000000,10,100.000000,100.000000,100.000000,100.000000,100.000000,0.000000,10,4218.518555,2618.256250,3273.354004,-52.817383,4034.737500,1509.442514,10,52040.078125,46414.974512,46588.487793,39943.803711,51000.096484,3728.386598,10,4.000000,4.000000,4.000000,4.000000,4.000000,0.000000,10,21.000000,21.000000,21.000000,21.000000,21.000000,0.000000,10,255184.000000,248974.400000,248480.000000,244112.000000,253499.200000,3710.386239,10,21.000000,21.000000,21.000000,21.000000,21.000000,0.000000,,,,,,,,10,100.000000,100.000000,100.000000,100.000000,100.000000,0.000000,10,128.244000,77.151400,56.500000,38.852000,122.999700,36.553576
phase1,G_simpleui_bookshelf_bookends,warm,synthetic,hierarchical,50,close_bookshelf,PASS,1,10,0,0,,,,,,,,10,8.062500,8.062500,8.062500,8.062500,8.062500,0.000000,,,,,,,,10,8.000000,8.000000,8.000000,8.000000,8.000000,0.000000,10,100.000000,100.000000,100.000000,100.000000,100.000000,0.000000,10,777.302734,-512.466602,632.814941,-6626.420898,758.994238,2573.058725,10,55592.039062,52858.375293,53063.003906,49583.379883,54840.249023,1916.958068,10,1.000000,1.000000,1.000000,1.000000,1.000000,0.000000,10,9.000000,9.000000,9.000000,9.000000,9.000000,0.000000,10,273488.000000,273488.000000,273488.000000,273488.000000,273488.000000,0.000000,10,9.000000,9.000000,9.000000,9.000000,9.000000,0.000000,,,,,,,,10,100.000000,100.000000,100.000000,100.000000,100.000000,0.000000,10,70.585000,29.132200,19.585000,18.174000,65.164300,20.329106
phase1,G_simpleui_bookshelf_bookends,warm,synthetic,hierarchical,50,close_quick_settings,PASS,1,10,0,0,,,,,,,,10,4.000000,4.000000,4.000000,4.000000,4.000000,0.000000,,,,,,,,10,4.000000,4.000000,4.000000,4.000000,4.000000,0.000000,10,100.000000,100.000000,100.000000,100.000000,100.000000,0.000000,10,53.351562,31.125293,28.597656,19.523438,47.941016,11.452292,10,61493.552734,60537.219727,60554.771484,59582.822266,61294.237891,646.937601,10,0.000000,0.000000,0.000000,0.000000,0.000000,0.000000,10,4.000000,4.000000,4.000000,4.000000,4.000000,0.000000,10,273488.000000,273488.000000,273488.000000,273488.000000,273488.000000,0.000000,10,4.000000,4.000000,4.000000,4.000000,4.000000,0.000000,,,,,,,,10,100.000000,100.000000,100.000000,100.000000,100.000000,0.000000,10,9.036000,8.534700,8.578500,7.787000,8.953200,0.385824
phase1,G_simpleui_bookshelf_bookends,warm,synthetic,hierarchical,50,home_to_library,PASS,1,10,0,0,,,,,,,,10,0.000000,0.000000,0.000000,0.000000,0.000000,0.000000,,,,,,,,10,0.000000,0.000000,0.000000,0.000000,0.000000,0.000000,10,0.000000,0.000000,0.000000,0.000000,0.000000,0.000000,10,5.363281,3.437109,3.302734,2.382812,4.547656,1.035985,10,13866.519531,13830.378125,13833.988281,13789.492188,13860.247656,26.946301,10,0.000000,0.000000,0.000000,0.000000,0.000000,0.000000,10,0.000000,0.000000,0.000000,0.000000,0.000000,0.000000,10,171936.000000,171936.000000,171936.000000,171936.000000,171936.000000,0.000000,10,0.000000,0.000000,0.000000,0.000000,0.000000,0.000000,,,,,,,,10,0.000000,0.000000,0.000000,0.000000,0.000000,0.000000,10,0.061000,0.032500,0.035500,0.006000,0.057400,0.021204
phase1,G_simpleui_bookshelf_bookends,warm,synthetic,hierarchical,50,library_first_render,PASS,1,10,0,0,,,,,,,,10,2.294903,2.294903,2.294903,2.294903,2.294903,0.000000,,,,,,,,10,2.000000,2.000000,2.000000,2.000000,2.000000,0.000000,10,100.000000,100.000000,100.000000,100.000000,100.000000,0.000000,10,900.717773,66.690527,763.788086,-2611.339844,836.007422,1269.285702,10,19475.083008,16966.818848,16753.036621,15153.206055,18844.056445,1490.771565,10,3.000000,3.000000,3.000000,3.000000,3.000000,0.000000,10,5.000000,5.000000,5.000000,5.000000,5.000000,0.000000,10,182272.000000,182272.000000,182272.000000,182272.000000,182272.000000,0.000000,10,5.000000,5.000000,5.000000,5.000000,5.000000,0.000000,,,,,,,,10,100.000000,100.000000,100.000000,100.000000,100.000000,0.000000,10,47.537000,32.330500,29.565000,25.974000,45.481400,7.766315
phase1,G_simpleui_bookshelf_bookends,warm,synthetic,hierarchical,50,library_folder_back,PASS,1,10,0,0,,,,,,,,10,2.393204,2.393204,2.393204,2.393204,2.393204,0.000000,,,,,,,,10,2.000000,2.000000,2.000000,2.000000,2.000000,0.000000,10,100.000000,100.000000,100.000000,100.000000,100.000000,0.000000,10,367.917969,-296.396387,294.738281,-1846.396484,334.182910,985.247716,10,17461.193359,16736.127344,16720.570801,15966.820312,17429.107129,561.146147,10,4.000000,4.000000,4.000000,4.000000,4.000000,0.000000,10,6.000000,6.000000,6.000000,6.000000,6.000000,0.000000,10,187968.000000,187832.000000,187856.000000,187680.000000,187953.600000,113.199921,10,6.000000,6.000000,6.000000,6.000000,6.000000,0.000000,,,,,,,,10,100.000000,100.000000,100.000000,100.000000,100.000000,0.000000,10,37.463000,20.653100,14.683000,10.750000,36.624200,11.390702
phase1,G_simpleui_bookshelf_bookends,warm,synthetic,hierarchical,50,library_folder_enter,PASS,1,10,0,0,,,,,,,,10,2.393204,2.393204,2.393204,2.393204,2.393204,0.000000,,,,,,,,10,2.000000,2.000000,2.000000,2.000000,2.000000,0.000000,10,100.000000,100.000000,100.000000,100.000000,100.000000,0.000000,10,648.723633,377.724707,371.593750,174.360352,593.894824,170.881710,10,17377.679688,16502.214648,16563.790527,15894.791992,16971.950195,519.375868,10,4.000000,4.000000,4.000000,4.000000,4.000000,0.000000,10,6.000000,6.000000,6.000000,6.000000,6.000000,0.000000,10,184720.000000,184638.400000,184648.000000,184544.000000,184720.000000,86.803994,10,6.000000,6.000000,6.000000,6.000000,6.000000,0.000000,,,,,,,,10,100.000000,100.000000,100.000000,100.000000,100.000000,0.000000,10,21.160000,14.102000,14.464000,8.049000,19.513000,4.521679
phase1,G_simpleui_bookshelf_bookends,warm,synthetic,hierarchical,50,library_next_page,UNSUPPORTED,1,0,0,10,,,,,,,,,,,,,,,,,,,,,,,,,,,,,,,,,,,,,,,,,,,,,,,,,,,,,,,,,,,,,,,,,,,,,,,,,,,,,,,,,,,,,,,,,,,,,,,,,,
phase1,G_simpleui_bookshelf_bookends,warm,synthetic,hierarchical,50,library_prev_page,UNSUPPORTED,1,0,0,10,,,,,,,,,,,,,,,,,,,,,,,,,,,,,,,,,,,,,,,,,,,,,,,,,,,,,,,,,,,,,,,,,,,,,,,,,,,,,,,,,,,,,,,,,,,,,,,,,,
phase1,G_simpleui_bookshelf_bookends,warm,synthetic,hierarchical,50,open_book,PASS,1,10,0,0,,,,,,,,10,17.000000,14.600000,15.000000,11.000000,17.000000,2.633122,,,,,,,,10,17.000000,14.600000,15.000000,11.000000,17.000000,2.633122,10,100.000000,100.000000,100.000000,100.000000,100.000000,0.000000,10,1640.466797,-1819.948340,-2171.998047,-3995.712891,1241.822168,2084.924672,10,38076.648438,34660.220898,34474.201660,30701.720703,37573.464941,2527.354019,10,0.000000,0.000000,0.000000,0.000000,0.000000,0.000000,10,17.000000,14.600000,15.000000,11.000000,17.000000,2.633122,10,241488.000000,236902.400000,238096.000000,231648.000000,241488.000000,3805.670249,10,17.000000,14.600000,15.000000,11.000000,17.000000,2.633122,,,,,,,,10,100.000000,100.000000,100.000000,100.000000,100.000000,0.000000,10,169.442000,132.938600,131.697000,89.231000,161.096300,25.263902
phase1,G_simpleui_bookshelf_bookends,warm,synthetic,hierarchical,50,open_book_minimal,PASS,1,10,0,0,,,,,,,,10,0.000000,0.000000,0.000000,0.000000,0.000000,0.000000,,,,,,,,10,0.000000,0.000000,0.000000,0.000000,0.000000,0.000000,10,0.000000,0.000000,0.000000,0.000000,0.000000,0.000000,10,214.137695,-1432.171191,-1697.727051,-2455.791016,-345.537500,909.610768,10,28922.082031,24775.888574,24444.639160,21245.157227,27961.589551,2551.463970,10,0.000000,0.000000,0.000000,0.000000,0.000000,0.000000,10,0.000000,0.000000,0.000000,0.000000,0.000000,0.000000,10,226464.000000,219929.600000,220816.000000,210352.000000,225528.000000,5927.798827,10,0.000000,0.000000,0.000000,0.000000,0.000000,0.000000,,,,,,,,10,0.000000,0.000000,0.000000,0.000000,0.000000,0.000000,10,128.555000,102.649900,106.960500,67.902000,124.126100,20.389122
phase1,G_simpleui_bookshelf_bookends,warm,synthetic,hierarchical,50,open_bookshelf,PASS,1,10,0,0,,,,,,,,10,1.000000,1.000000,1.000000,1.000000,1.000000,0.000000,,,,,,,,10,1.000000,1.000000,1.000000,1.000000,1.000000,0.000000,10,100.000000,100.000000,100.000000,100.000000,100.000000,0.000000,10,3216.124023,984.439453,741.284668,701.408203,1027.612305,784.696767,10,65500.327148,56157.525684,55744.629395,51011.234375,59448.221777,4029.832048,10,0.000000,0.000000,0.000000,0.000000,0.000000,0.000000,10,1.000000,1.000000,1.000000,1.000000,1.000000,0.000000,10,273488.000000,272496.000000,273280.000000,270352.000000,273488.000000,1376.682002,10,1.000000,1.000000,1.000000,1.000000,1.000000,0.000000,,,,,,,,10,100.000000,100.000000,100.000000,100.000000,100.000000,0.000000,10,28278.646000,2840.218300,13.272500,11.810000,2843.167300,8938.152595
phase1,G_simpleui_bookshelf_bookends,warm,synthetic,hierarchical,50,open_quick_settings,PASS,1,10,0,0,,,,,,,,10,2.000000,2.000000,2.000000,2.000000,2.000000,0.000000,,,,,,,,10,2.000000,2.000000,2.000000,2.000000,2.000000,0.000000,10,100.000000,100.000000,100.000000,100.000000,100.000000,0.000000,10,254.430664,202.286816,195.563477,167.429688,253.736328,29.910691,10,58888.622070,57825.747852,57870.770508,56566.958984,58711.666602,774.531757,10,0.000000,0.000000,0.000000,0.000000,0.000000,0.000000,10,2.000000,2.000000,2.000000,2.000000,2.000000,0.000000,10,273488.000000,273488.000000,273488.000000,273488.000000,273488.000000,0.000000,10,2.000000,2.000000,2.000000,2.000000,2.000000,0.000000,,,,,,,,10,100.000000,100.000000,100.000000,100.000000,100.000000,0.000000,10,9.143000,8.213600,7.902000,7.414000,9.128600,0.651983
phase1,G_simpleui_bookshelf_bookends,warm,synthetic,hierarchical,50,repeated_nav,PASS,1,2,0,0,,,,,,,,2,12.983010,11.983010,11.983010,10.983010,12.783010,1.414214,,,,,,,,2,12.000000,11.000000,11.000000,10.000000,11.800000,1.414214,2,100.000000,100.000000,100.000000,100.000000,100.000000,0.000000,2,4005.253906,-6330.172852,-6330.172852,-16665.599609,1938.168555,14616.500694,2,69835.923828,61513.333008,61513.333008,53190.742188,68171.405664,11769.920812,2,10.000000,10.000000,10.000000,10.000000,10.000000,0.000000,2,22.000000,21.000000,21.000000,20.000000,21.800000,1.414214,2,278272.000000,276792.000000,276792.000000,275312.000000,277976.000000,2093.036072,2,22.000000,21.000000,21.000000,20.000000,21.800000,1.414214,,,,,,,,2,100.000000,100.000000,100.000000,100.000000,100.000000,0.000000,2,507.321000,295.013500,295.013500,82.706000,464.859500,300.248146
phase1,G_simpleui_bookshelf_bookends,warm,synthetic,hierarchical,50,start_to_home,PASS,1,10,0,0,,,,,,,,10,0.000000,0.000000,0.000000,0.000000,0.000000,0.000000,,,,,,,,10,0.000000,0.000000,0.000000,0.000000,0.000000,0.000000,10,0.000000,0.000000,0.000000,0.000000,0.000000,0.000000,10,8.226562,4.373828,3.873047,2.289062,7.604297,1.943154,10,13741.664062,13695.847266,13698.656250,13649.093750,13730.533594,30.803725,10,0.000000,0.000000,0.000000,0.000000,0.000000,0.000000,10,0.000000,0.000000,0.000000,0.000000,0.000000,0.000000,10,171936.000000,171936.000000,171936.000000,171936.000000,171936.000000,0.000000,10,0.000000,0.000000,0.000000,0.000000,0.000000,0.000000,,,,,,,,10,0.000000,0.000000,0.000000,0.000000,0.000000,0.000000,10,0.116000,0.057000,0.052500,0.016000,0.088100,0.026981
phase1,H_zenos_bookshelf_bookends,steady_state_cold,startup,hierarchical,2000,home_to_library,PASS,3,3,0,0,,,,,,,,3,6.132888,6.132888,6.132888,6.132888,6.132888,0.000000,,,,,,,,3,6.000000,6.000000,6.000000,6.000000,6.000000,0.000000,3,100.000000,100.000000,100.000000,100.000000,100.000000,0.000000,3,2894.418945,2883.055339,2892.325195,2862.421875,2894.000195,17.899743,3,17749.108398,17722.197917,17745.689453,17671.795898,17748.424609,43.682890,3,3.000000,3.000000,3.000000,3.000000,3.000000,0.000000,3,9.000000,9.000000,9.000000,9.000000,9.000000,0.000000,3,188384.000000,187296.000000,186880.000000,186624.000000,188083.200000,950.890109,3,9.000000,9.000000,9.000000,9.000000,9.000000,0.000000,,,,,,,,3,100.000000,100.000000,100.000000,100.000000,100.000000,0.000000,3,73.599000,69.667667,69.530000,65.874000,72.785200,3.864340
phase1,H_zenos_bookshelf_bookends,steady_state_cold,startup,hierarchical,2000,library_first_render,PASS,3,3,0,0,,,,,,,,3,3.088592,3.088592,3.088592,3.088592,3.088592,0.000000,,,,,,,,3,3.000000,3.000000,3.000000,3.000000,3.000000,0.000000,3,100.000000,100.000000,100.000000,100.000000,100.000000,0.000000,3,644.395508,638.055013,637.305664,632.463867,642.977539,6.001013,3,18408.140625,18374.625326,18392.954102,18322.781250,18405.103320,45.535851,3,2.000000,2.000000,2.000000,2.000000,2.000000,0.000000,3,5.000000,5.000000,5.000000,5.000000,5.000000,0.000000,3,188384.000000,187296.000000,186880.000000,186624.000000,188083.200000,950.890109,3,5.000000,5.000000,5.000000,5.000000,5.000000,0.000000,,,,,,,,3,100.000000,100.000000,100.000000,100.000000,100.000000,0.000000,3,29.434000,28.839667,29.327000,27.758000,29.412600,0.938277
phase1,H_zenos_bookshelf_bookends,warm,synthetic,flat,2000,bookshelf_first_render,PASS,1,10,0,0,,,,,,,,10,0.000000,0.000000,0.000000,0.000000,0.000000,0.000000,,,,,,,,10,0.000000,0.000000,0.000000,0.000000,0.000000,0.000000,10,0.000000,0.000000,0.000000,0.000000,0.000000,0.000000,10,632.841797,-884.856641,628.369629,-12060.028320,632.723145,4000.713398,10,54282.333008,45360.085840,43523.034180,42223.687500,53718.277344,4587.969252,10,0.000000,0.000000,0.000000,0.000000,0.000000,0.000000,10,0.000000,0.000000,0.000000,0.000000,0.000000,0.000000,10,282960.000000,282960.000000,282960.000000,282960.000000,282960.000000,0.000000,10,0.000000,0.000000,0.000000,0.000000,0.000000,0.000000,,,,,,,,10,0.000000,0.000000,0.000000,0.000000,0.000000,0.000000,10,51.771000,12.662200,4.177000,3.877000,42.417300,18.042724
phase1,H_zenos_bookshelf_bookends,warm,synthetic,flat,2000,bookshelf_page_turn,PASS,1,10,0,0,,,,,,,,10,0.000000,0.000000,0.000000,0.000000,0.000000,0.000000,,,,,,,,10,0.000000,0.000000,0.000000,0.000000,0.000000,0.000000,10,0.000000,0.000000,0.000000,0.000000,0.000000,0.000000,10,31.593750,17.724609,15.029297,13.445312,23.539453,5.866599,10,44587.203125,44446.959375,44455.943359,44275.750000,44561.553125,102.156361,10,0.000000,0.000000,0.000000,0.000000,0.000000,0.000000,10,0.000000,0.000000,0.000000,0.000000,0.000000,0.000000,10,282960.000000,282960.000000,282960.000000,282960.000000,282960.000000,0.000000,10,0.000000,0.000000,0.000000,0.000000,0.000000,0.000000,,,,,,,,10,0.000000,0.000000,0.000000,0.000000,0.000000,0.000000,10,0.475000,0.165100,0.099500,0.047000,0.341800,0.148358
phase1,H_zenos_bookshelf_bookends,warm,synthetic,flat,2000,change_sort_mode,PASS,1,10,0,0,,,,,,,,10,2.000000,2.000000,2.000000,2.000000,2.000000,0.000000,,,,,,,,10,2.000000,2.000000,2.000000,2.000000,2.000000,0.000000,10,100.000000,100.000000,100.000000,100.000000,100.000000,0.000000,10,9162.088867,-107.556055,7301.687012,-17897.489258,9116.095703,11470.702391,10,39720.184570,29090.397656,31043.597656,21826.679688,38479.874707,6785.843766,10,0.000000,0.000000,0.000000,0.000000,0.000000,0.000000,10,2.000000,2.000000,2.000000,2.000000,2.000000,0.000000,10,236672.000000,235932.800000,236504.000000,230624.000000,236643.200000,1868.841400,10,2.000000,2.000000,2.000000,2.000000,2.000000,0.000000,,,,,,,,10,100.000000,100.000000,100.000000,100.000000,100.000000,0.000000,10,141.715000,115.054600,108.030500,90.017000,140.709700,20.330088
phase1,H_zenos_bookshelf_bookends,warm,synthetic,flat,2000,close_book,PASS,1,10,0,0,,,,,,,,10,8.000000,8.000000,8.000000,8.000000,8.000000,0.000000,,,,,,,,10,8.000000,8.000000,8.000000,8.000000,8.000000,0.000000,10,100.000000,100.000000,100.000000,100.000000,100.000000,0.000000,10,3209.250000,1620.169336,1881.564453,-529.686523,3078.353613,1568.880276,10,44132.726562,39927.623535,40316.449707,35907.565430,43218.664062,2921.758725,10,0.000000,0.000000,0.000000,0.000000,0.000000,0.000000,10,8.000000,8.000000,8.000000,8.000000,8.000000,0.000000,10,269248.000000,268928.000000,268832.000000,268832.000000,269118.400000,159.465775,10,8.000000,8.000000,8.000000,8.000000,8.000000,0.000000,,,,,,,,10,100.000000,100.000000,100.000000,100.000000,100.000000,0.000000,10,128.443000,86.145500,84.153000,47.277000,120.816400,35.160915
phase1,H_zenos_bookshelf_bookends,warm,synthetic,flat,2000,close_bookshelf,PASS,1,10,0,0,,,,,,,,10,1.000000,1.000000,1.000000,1.000000,1.000000,0.000000,,,,,,,,10,1.000000,1.000000,1.000000,1.000000,1.000000,0.000000,10,100.000000,100.000000,100.000000,100.000000,100.000000,0.000000,10,214.990234,150.662207,144.486816,109.403320,202.167871,37.047007,10,54385.626953,49848.467090,49691.857422,45587.041016,53496.124609,3005.225585,10,0.000000,0.000000,0.000000,0.000000,0.000000,0.000000,10,1.000000,1.000000,1.000000,1.000000,1.000000,0.000000,10,283456.000000,283417.600000,283456.000000,283328.000000,283456.000000,52.364534,10,1.000000,1.000000,1.000000,1.000000,1.000000,0.000000,,,,,,,,10,100.000000,100.000000,100.000000,100.000000,100.000000,0.000000,10,19.319000,11.991500,11.033500,10.153000,13.521200,2.690565
phase1,H_zenos_bookshelf_bookends,warm,synthetic,flat,2000,close_quick_settings,PASS,1,10,0,0,,,,,,,,10,3.000000,3.000000,3.000000,3.000000,3.000000,0.000000,,,,,,,,10,3.000000,3.000000,3.000000,3.000000,3.000000,0.000000,10,100.000000,100.000000,100.000000,100.000000,100.000000,0.000000,10,157.247070,85.233496,76.105469,61.042969,109.531250,28.235911,10,56072.017578,54768.389551,54807.226562,53365.129883,55818.200000,904.401370,10,0.000000,0.000000,0.000000,0.000000,0.000000,0.000000,10,3.000000,3.000000,3.000000,3.000000,3.000000,0.000000,10,285856.000000,285550.400000,285544.000000,285296.000000,285798.400000,199.191254,10,3.000000,3.000000,3.000000,3.000000,3.000000,0.000000,,,,,,,,10,100.000000,100.000000,100.000000,100.000000,100.000000,0.000000,10,13.009000,11.045900,10.762000,10.145000,12.318700,0.939620
phase1,H_zenos_bookshelf_bookends,warm,synthetic,flat,2000,home_to_library,PASS,1,10,0,0,,,,,,,,10,5.177184,5.177184,5.177184,5.177184,5.177184,0.000000,,,,,,,,10,5.000000,5.000000,5.000000,5.000000,5.000000,0.000000,10,100.000000,100.000000,100.000000,100.000000,100.000000,0.000000,10,19544.954102,3363.636035,3322.939453,-6321.068359,5163.534180,6661.043723,10,45415.299805,28052.146484,25788.327637,21811.280273,33805.505469,6882.660654,10,4.000000,4.000000,4.000000,4.000000,4.000000,0.000000,10,9.000000,9.000000,9.000000,9.000000,9.000000,0.000000,10,229968.000000,226033.600000,224416.000000,223232.000000,229968.000000,3141.749378,10,9.000000,9.000000,9.000000,9.000000,9.000000,0.000000,,,,,,,,10,100.000000,100.000000,100.000000,100.000000,100.000000,0.000000,10,112.152000,84.159300,78.909500,69.886000,103.203300,14.671738
phase1,H_zenos_bookshelf_bookends,warm,synthetic,flat,2000,library_first_render,PASS,1,10,0,0,,,,,,,,10,4.088592,3.588592,3.588592,3.088592,4.088592,0.527046,,,,,,,,10,4.000000,3.500000,3.500000,3.000000,4.000000,0.527046,10,100.000000,100.000000,100.000000,100.000000,100.000000,0.000000,10,3681.985352,669.870996,3094.687500,-14825.569336,3624.694727,6028.009220,10,37775.346680,29205.212891,28739.869629,22956.511719,34581.617578,4683.772147,10,2.000000,2.000000,2.000000,2.000000,2.000000,0.000000,10,6.000000,5.500000,5.500000,5.000000,6.000000,0.527046,10,230160.000000,230044.800000,229968.000000,229968.000000,230160.000000,99.148374,10,6.000000,5.500000,5.500000,5.000000,6.000000,0.527046,,,,,,,,10,100.000000,100.000000,100.000000,100.000000,100.000000,0.000000,10,113.409000,81.459000,76.124500,64.894000,113.258700,17.538072
phase1,H_zenos_bookshelf_bookends,warm,synthetic,flat,2000,library_folder_back,PASS,1,10,0,0,,,,,,,,10,1.044296,1.044296,1.044296,1.044296,1.044296,0.000000,,,,,,,,10,1.000000,1.000000,1.000000,1.000000,1.000000,0.000000,10,100.000000,100.000000,100.000000,100.000000,100.000000,0.000000,10,2798.877930,209.543359,2773.412109,-5784.234375,2787.850293,3422.286323,10,26730.510742,23019.233691,23860.100098,20992.358398,24187.223242,1930.282037,10,1.000000,1.000000,1.000000,1.000000,1.000000,0.000000,10,2.000000,2.000000,2.000000,2.000000,2.000000,0.000000,10,230576.000000,230563.200000,230568.000000,230544.000000,230576.000000,14.702985,10,2.000000,2.000000,2.000000,2.000000,2.000000,0.000000,,,,,,,,10,100.000000,100.000000,100.000000,100.000000,100.000000,0.000000,10,79.881000,60.839100,51.558500,49.257000,77.651700,13.545888
phase1,H_zenos_bookshelf_bookends,warm,synthetic,flat,2000,library_folder_enter,PASS,1,10,0,0,,,,,,,,10,1.044296,1.044296,1.044296,1.044296,1.044296,0.000000,,,,,,,,10,1.000000,1.000000,1.000000,1.000000,1.000000,0.000000,10,100.000000,100.000000,100.000000,100.000000,100.000000,0.000000,10,133.520508,106.209473,104.073242,86.132812,130.904004,16.950093,10,31178.728516,24168.561816,23813.210938,20860.183594,28590.242383,3372.009802,10,1.000000,1.000000,1.000000,1.000000,1.000000,0.000000,10,2.000000,2.000000,2.000000,2.000000,2.000000,0.000000,10,230544.000000,230409.600000,230408.000000,230240.000000,230544.000000,99.549206,10,2.000000,2.000000,2.000000,2.000000,2.000000,0.000000,,,,,,,,10,100.000000,100.000000,100.000000,100.000000,100.000000,0.000000,10,9.427000,7.513200,8.498000,5.132000,9.103900,1.839659
phase1,H_zenos_bookshelf_bookends,warm,synthetic,flat,2000,library_next_page,PASS,1,10,0,0,,,,,,,,10,1.000000,1.000000,1.000000,1.000000,1.000000,0.000000,,,,,,,,10,1.000000,1.000000,1.000000,1.000000,1.000000,0.000000,10,100.000000,100.000000,100.000000,100.000000,100.000000,0.000000,10,583.875977,370.682617,458.756836,-587.913086,542.149902,340.824482,10,27347.015625,24689.468359,25027.331055,21794.686523,26670.348340,1850.735285,10,0.000000,0.000000,0.000000,0.000000,0.000000,0.000000,10,1.000000,1.000000,1.000000,1.000000,1.000000,0.000000,10,230160.000000,230160.000000,230160.000000,230160.000000,230160.000000,0.000000,10,1.000000,1.000000,1.000000,1.000000,1.000000,0.000000,,,,,,,,10,100.000000,100.000000,100.000000,100.000000,100.000000,0.000000,10,33.882000,12.135400,8.763500,7.558000,17.306700,8.017290
phase1,H_zenos_bookshelf_bookends,warm,synthetic,flat,2000,library_prev_page,PASS,1,10,0,0,,,,,,,,10,1.000000,1.000000,1.000000,1.000000,1.000000,0.000000,,,,,,,,10,1.000000,1.000000,1.000000,1.000000,1.000000,0.000000,10,100.000000,100.000000,100.000000,100.000000,100.000000,0.000000,10,432.169922,48.212598,415.354492,-1596.027344,430.141406,786.597441,10,23657.653320,22710.965820,22680.608398,21896.444336,23450.468750,575.425474,10,0.000000,0.000000,0.000000,0.000000,0.000000,0.000000,10,1.000000,1.000000,1.000000,1.000000,1.000000,0.000000,10,230160.000000,230160.000000,230160.000000,230160.000000,230160.000000,0.000000,10,1.000000,1.000000,1.000000,1.000000,1.000000,0.000000,,,,,,,,10,100.000000,100.000000,100.000000,100.000000,100.000000,0.000000,10,38.307000,13.887200,8.764000,6.880000,34.147200,11.730274
phase1,H_zenos_bookshelf_bookends,warm,synthetic,flat,2000,open_book,PASS,1,10,0,0,,,,,,,,10,11.000000,11.000000,11.000000,11.000000,11.000000,0.000000,,,,,,,,10,11.000000,11.000000,11.000000,11.000000,11.000000,0.000000,10,100.000000,100.000000,100.000000,100.000000,100.000000,0.000000,10,1804.755859,-2278.045215,-2948.448730,-4482.134766,-228.590234,1835.587420,10,34928.852539,32996.334082,32798.292969,30285.653320,34518.427051,1298.443963,10,0.000000,0.000000,0.000000,0.000000,0.000000,0.000000,10,11.000000,11.000000,11.000000,11.000000,11.000000,0.000000,10,268832.000000,268457.600000,268432.000000,268288.000000,268601.600000,194.385185,10,11.000000,11.000000,11.000000,11.000000,11.000000,0.000000,,,,,,,,10,100.000000,100.000000,100.000000,100.000000,100.000000,0.000000,10,151.215000,141.271300,143.830500,101.052000,150.599400,14.628913
phase1,H_zenos_bookshelf_bookends,warm,synthetic,flat,2000,open_book_minimal,PASS,1,10,0,0,,,,,,,,10,0.000000,0.000000,0.000000,0.000000,0.000000,0.000000,,,,,,,,10,0.000000,0.000000,0.000000,0.000000,0.000000,0.000000,10,0.000000,0.000000,0.000000,0.000000,0.000000,0.000000,10,-2059.027344,-2929.452148,-3125.172852,-3483.017578,-2295.462793,494.190751,10,29166.896484,26924.011914,26900.803223,24608.121094,28879.931836,1581.611945,10,0.000000,0.000000,0.000000,0.000000,0.000000,0.000000,10,0.000000,0.000000,0.000000,0.000000,0.000000,0.000000,10,266016.000000,261171.200000,261792.000000,254896.000000,266016.000000,4015.676304,10,0.000000,0.000000,0.000000,0.000000,0.000000,0.000000,,,,,,,,10,0.000000,0.000000,0.000000,0.000000,0.000000,0.000000,10,145.176000,128.528400,127.858000,110.348000,137.562000,10.295789
phase1,H_zenos_bookshelf_bookends,warm,synthetic,flat,2000,open_bookshelf,PASS,1,10,0,0,,,,,,,,10,1.000000,1.000000,1.000000,1.000000,1.000000,0.000000,,,,,,,,10,1.000000,1.000000,1.000000,1.000000,1.000000,0.000000,10,100.000000,100.000000,100.000000,100.000000,100.000000,0.000000,10,940.338867,835.200293,816.526367,762.411133,938.683008,69.604677,10,52351.302734,48112.338086,48209.325195,43525.868164,51556.602734,2959.865774,10,0.000000,0.000000,0.000000,0.000000,0.000000,0.000000,10,1.000000,1.000000,1.000000,1.000000,1.000000,0.000000,10,282960.000000,282739.200000,282696.000000,282608.000000,282931.200000,143.267272,10,1.000000,1.000000,1.000000,1.000000,1.000000,0.000000,,,,,,,,10,100.000000,100.000000,100.000000,100.000000,100.000000,0.000000,10,16.927000,11.067200,10.189500,8.676000,14.020900,2.613025
phase1,H_zenos_bookshelf_bookends,warm,synthetic,flat,2000,open_quick_settings,PASS,1,10,0,0,,,,,,,,10,3.000000,3.000000,3.000000,3.000000,3.000000,0.000000,,,,,,,,10,3.000000,3.000000,3.000000,3.000000,3.000000,0.000000,10,100.000000,100.000000,100.000000,100.000000,100.000000,0.000000,10,349.249023,-287.071680,230.716309,-2458.299805,268.205078,971.847578,10,58687.343750,55305.282324,56999.335938,49412.873047,58326.719727,3486.861683,10,0.000000,0.000000,0.000000,0.000000,0.000000,0.000000,10,3.000000,3.000000,3.000000,3.000000,3.000000,0.000000,10,285296.000000,284534.400000,284864.000000,283456.000000,285296.000000,801.747425,10,3.000000,3.000000,3.000000,3.000000,3.000000,0.000000,,,,,,,,10,100.000000,100.000000,100.000000,100.000000,100.000000,0.000000,10,9.852000,8.621800,8.777000,5.822000,9.438900,1.088053
phase1,H_zenos_bookshelf_bookends,warm,synthetic,flat,2000,repeated_nav,PASS,1,2,0,0,,,,,,,,2,10.000000,10.000000,10.000000,10.000000,10.000000,0.000000,,,,,,,,2,10.000000,10.000000,10.000000,10.000000,10.000000,0.000000,2,100.000000,100.000000,100.000000,100.000000,100.000000,0.000000,2,1425.774414,-8007.858887,-8007.858887,-17441.492188,-460.952246,13341.172156,2,59277.657227,50562.122070,50562.122070,41846.586914,57534.550195,12325.628021,2,0.000000,0.000000,0.000000,0.000000,0.000000,0.000000,2,10.000000,10.000000,10.000000,10.000000,10.000000,0.000000,2,299088.000000,296912.000000,296912.000000,294736.000000,298652.800000,3077.328712,2,10.000000,10.000000,10.000000,10.000000,10.000000,0.000000,,,,,,,,2,100.000000,100.000000,100.000000,100.000000,100.000000,0.000000,2,441.226000,262.073000,262.073000,82.920000,405.395400,253.360602
phase1,H_zenos_bookshelf_bookends,warm,synthetic,flat,2000,start_to_home,PASS,1,10,0,0,,,,,,,,10,1.000000,1.000000,1.000000,1.000000,1.000000,0.000000,,,,,,,,10,1.000000,1.000000,1.000000,1.000000,1.000000,0.000000,10,100.000000,100.000000,100.000000,100.000000,100.000000,0.000000,10,109.980469,82.933594,81.511719,43.727539,108.361523,21.570318,10,28492.489258,24521.767090,24694.941406,21091.797852,28113.685059,2963.100838,10,0.000000,0.000000,0.000000,0.000000,0.000000,0.000000,10,1.000000,1.000000,1.000000,1.000000,1.000000,0.000000,10,223168.000000,221912.000000,222040.000000,220352.000000,222750.400000,802.777401,10,1.000000,1.000000,1.000000,1.000000,1.000000,0.000000,,,,,,,,10,100.000000,100.000000,100.000000,100.000000,100.000000,0.000000,10,12.507000,10.226000,9.619000,8.576000,12.465600,1.587461
phase1,H_zenos_bookshelf_bookends,warm,synthetic,flat,50,bookshelf_first_render,PASS,1,10,0,0,,,,,,,,10,0.000000,0.000000,0.000000,0.000000,0.000000,0.000000,,,,,,,,10,0.000000,0.000000,0.000000,0.000000,0.000000,0.000000,10,0.000000,0.000000,0.000000,0.000000,0.000000,0.000000,10,653.795898,-2085.732617,542.778320,-23386.846680,607.849316,7527.246853,10,59562.819336,41365.452539,37187.648926,35851.714844,59083.732812,9471.805772,10,0.000000,0.000000,0.000000,0.000000,0.000000,0.000000,10,0.000000,0.000000,0.000000,0.000000,0.000000,0.000000,10,282912.000000,282912.000000,282912.000000,282912.000000,282912.000000,0.000000,10,0.000000,0.000000,0.000000,0.000000,0.000000,0.000000,,,,,,,,10,0.000000,0.000000,0.000000,0.000000,0.000000,0.000000,10,48.552000,14.825800,7.518500,6.514000,40.549200,15.596574
phase1,H_zenos_bookshelf_bookends,warm,synthetic,flat,50,bookshelf_page_turn,PASS,1,10,0,0,,,,,,,,10,0.000000,0.000000,0.000000,0.000000,0.000000,0.000000,,,,,,,,10,0.000000,0.000000,0.000000,0.000000,0.000000,0.000000,10,0.000000,0.000000,0.000000,0.000000,0.000000,0.000000,10,41.437500,23.553125,19.646484,15.117188,33.267187,8.638645,10,38209.733398,37960.654492,37946.844727,37723.491211,38148.670508,158.281538,10,0.000000,0.000000,0.000000,0.000000,0.000000,0.000000,10,0.000000,0.000000,0.000000,0.000000,0.000000,0.000000,10,282912.000000,282912.000000,282912.000000,282912.000000,282912.000000,0.000000,10,0.000000,0.000000,0.000000,0.000000,0.000000,0.000000,,,,,,,,10,0.000000,0.000000,0.000000,0.000000,0.000000,0.000000,10,0.685000,0.388200,0.308500,0.118000,0.676900,0.246752
phase1,H_zenos_bookshelf_bookends,warm,synthetic,flat,50,change_sort_mode,PASS,1,10,0,0,,,,,,,,10,2.000000,2.000000,2.000000,2.000000,2.000000,0.000000,,,,,,,,10,2.000000,2.000000,2.000000,2.000000,2.000000,0.000000,10,100.000000,100.000000,100.000000,100.000000,100.000000,0.000000,10,1040.099609,-0.260937,893.737305,-2829.895508,1039.153906,1604.690526,10,19091.961914,17491.618555,17279.504395,16229.414062,19027.368457,1074.044779,10,0.000000,0.000000,0.000000,0.000000,0.000000,0.000000,10,2.000000,2.000000,2.000000,2.000000,2.000000,0.000000,10,212896.000000,212896.000000,212896.000000,212896.000000,212896.000000,0.000000,10,2.000000,2.000000,2.000000,2.000000,2.000000,0.000000,,,,,,,,10,100.000000,100.000000,100.000000,100.000000,100.000000,0.000000,10,40.476000,25.982900,21.722000,17.524000,39.693900,9.211444
phase1,H_zenos_bookshelf_bookends,warm,synthetic,flat,50,close_book,PASS,1,10,0,0,,,,,,,,10,8.000000,8.000000,8.000000,8.000000,8.000000,0.000000,,,,,,,,10,8.000000,8.000000,8.000000,8.000000,8.000000,0.000000,10,100.000000,100.000000,100.000000,100.000000,100.000000,0.000000,10,3270.363281,2236.016016,3178.134277,-1956.248047,3253.911914,2033.359633,10,38024.820312,35133.339648,35408.547852,31026.678711,37694.331348,2309.457245,10,0.000000,0.000000,0.000000,0.000000,0.000000,0.000000,10,8.000000,8.000000,8.000000,8.000000,8.000000,0.000000,10,262032.000000,258553.600000,258472.000000,256032.000000,260376.000000,1844.179986,10,8.000000,8.000000,8.000000,8.000000,8.000000,0.000000,,,,,,,,10,100.000000,100.000000,100.000000,100.000000,100.000000,0.000000,10,117.504000,71.540500,61.745000,58.700000,113.274900,23.066179
phase1,H_zenos_bookshelf_bookends,warm,synthetic,flat,50,close_bookshelf,PASS,1,10,0,0,,,,,,,,10,1.000000,1.000000,1.000000,1.000000,1.000000,0.000000,,,,,,,,10,1.000000,1.000000,1.000000,1.000000,1.000000,0.000000,10,100.000000,100.000000,100.000000,100.000000,100.000000,0.000000,10,172.002930,145.455762,147.125488,112.941406,159.370410,16.554407,10,47497.019531,43395.997168,43392.838867,39282.821289,46701.613770,2766.900958,10,0.000000,0.000000,0.000000,0.000000,0.000000,0.000000,10,1.000000,1.000000,1.000000,1.000000,1.000000,0.000000,10,285360.000000,285360.000000,285360.000000,285360.000000,285360.000000,0.000000,10,1.000000,1.000000,1.000000,1.000000,1.000000,0.000000,,,,,,,,10,100.000000,100.000000,100.000000,100.000000,100.000000,0.000000,10,19.363000,17.695300,17.494000,16.471000,19.046200,1.075605
phase1,H_zenos_bookshelf_bookends,warm,synthetic,flat,50,close_quick_settings,PASS,1,10,0,0,,,,,,,,10,3.000000,3.000000,3.000000,3.000000,3.000000,0.000000,,,,,,,,10,3.000000,3.000000,3.000000,3.000000,3.000000,0.000000,10,100.000000,100.000000,100.000000,100.000000,100.000000,0.000000,10,340.723633,252.086816,254.397461,180.487305,309.007422,50.008575,10,55186.537109,52712.773926,52683.516602,50224.799805,54688.002148,1673.028958,10,0.000000,0.000000,0.000000,0.000000,0.000000,0.000000,10,3.000000,3.000000,3.000000,3.000000,3.000000,0.000000,10,286400.000000,286219.200000,286232.000000,286032.000000,286385.600000,126.446124,10,3.000000,3.000000,3.000000,3.000000,3.000000,0.000000,,,,,,,,10,100.000000,100.000000,100.000000,100.000000,100.000000,0.000000,10,23.612000,22.333800,22.866500,19.549000,23.559800,1.403726
phase1,H_zenos_bookshelf_bookends,warm,synthetic,flat,50,home_to_library,PASS,1,10,0,0,,,,,,,,10,5.177184,5.177184,5.177184,5.177184,5.177184,0.000000,,,,,,,,10,5.000000,5.000000,5.000000,5.000000,5.000000,0.000000,10,100.000000,100.000000,100.000000,100.000000,100.000000,0.000000,10,1454.832031,479.135840,1313.116699,-3064.603516,1415.864844,1818.759500,10,18973.234375,17776.240723,17564.657227,16018.877930,18955.121875,1131.048818,10,4.000000,4.000000,4.000000,4.000000,4.000000,0.000000,10,9.000000,9.000000,9.000000,9.000000,9.000000,0.000000,10,212896.000000,212884.800000,212880.000000,212880.000000,212896.000000,7.728734,10,9.000000,9.000000,9.000000,9.000000,9.000000,0.000000,,,,,,,,10,100.000000,100.000000,100.000000,100.000000,100.000000,0.000000,10,54.986000,43.369200,41.874500,39.036000,51.666800,5.511099
phase1,H_zenos_bookshelf_bookends,warm,synthetic,flat,50,library_first_render,PASS,1,10,0,0,,,,,,,,10,5.088592,3.488592,3.088592,3.088592,5.088592,0.843274,,,,,,,,10,5.000000,3.400000,3.000000,3.000000,5.000000,0.843274,10,100.000000,100.000000,100.000000,100.000000,100.000000,0.000000,10,2086.842773,238.607715,930.510254,-2470.425781,1389.118652,1610.689190,10,21707.132812,19224.012793,19175.546387,16789.938477,21523.698047,1611.072261,10,2.000000,2.000000,2.000000,2.000000,2.000000,0.000000,10,7.000000,5.400000,5.000000,5.000000,7.000000,0.843274,10,212896.000000,212896.000000,212896.000000,212896.000000,212896.000000,0.000000,10,7.000000,5.400000,5.000000,5.000000,7.000000,0.843274,,,,,,,,10,100.000000,100.000000,100.000000,100.000000,100.000000,0.000000,10,80.579000,43.769800,41.071500,27.055000,56.978300,15.409524
phase1,H_zenos_bookshelf_bookends,warm,synthetic,flat,50,library_folder_back,PASS,1,10,0,0,,,,,,,,10,1.044296,1.044296,1.044296,1.044296,1.044296,0.000000,,,,,,,,10,1.000000,1.000000,1.000000,1.000000,1.000000,0.000000,10,100.000000,100.000000,100.000000,100.000000,100.000000,0.000000,10,930.387695,-142.461133,824.566406,-2269.950195,905.676367,1347.707942,10,18389.875000,17073.453418,17253.867676,16230.635742,18201.223047,806.525456,10,1.000000,1.000000,1.000000,1.000000,1.000000,0.000000,10,2.000000,2.000000,2.000000,2.000000,2.000000,0.000000,10,212896.000000,212896.000000,212896.000000,212896.000000,212896.000000,0.000000,10,2.000000,2.000000,2.000000,2.000000,2.000000,0.000000,,,,,,,,10,100.000000,100.000000,100.000000,100.000000,100.000000,0.000000,10,45.924000,32.230400,26.781000,23.886000,43.787400,9.365909
phase1,H_zenos_bookshelf_bookends,warm,synthetic,flat,50,library_folder_enter,PASS,1,10,0,0,,,,,,,,10,1.044296,1.044296,1.044296,1.044296,1.044296,0.000000,,,,,,,,10,1.000000,1.000000,1.000000,1.000000,1.000000,0.000000,10,100.000000,100.000000,100.000000,100.000000,100.000000,0.000000,10,182.058594,-96.090820,154.507812,-2380.849609,181.763281,802.898193,10,18967.311523,17099.356152,17164.743652,15916.604492,18004.489941,911.605876,10,1.000000,1.000000,1.000000,1.000000,1.000000,0.000000,10,2.000000,2.000000,2.000000,2.000000,2.000000,0.000000,10,212896.000000,212896.000000,212896.000000,212896.000000,212896.000000,0.000000,10,2.000000,2.000000,2.000000,2.000000,2.000000,0.000000,,,,,,,,10,100.000000,100.000000,100.000000,100.000000,100.000000,0.000000,10,28.578000,10.503000,8.450500,7.837000,11.336700,6.369745
phase1,H_zenos_bookshelf_bookends,warm,synthetic,flat,50,library_next_page,PASS,1,10,0,0,,,,,,,,10,2.000000,1.100000,1.000000,1.000000,1.100000,0.316228,,,,,,,,10,2.000000,1.100000,1.000000,1.000000,1.100000,0.316228,10,100.000000,100.000000,100.000000,100.000000,100.000000,0.000000,10,908.174805,-75.986914,694.832031,-7322.953125,777.046387,2547.238074,10,23593.817383,19443.003906,18593.636230,16654.045898,22638.974512,2404.980159,10,0.000000,0.000000,0.000000,0.000000,0.000000,0.000000,10,2.000000,1.100000,1.000000,1.000000,1.100000,0.316228,10,212896.000000,212896.000000,212896.000000,212896.000000,212896.000000,0.000000,10,2.000000,1.100000,1.000000,1.000000,1.100000,0.316228,,,,,,,,10,100.000000,100.000000,100.000000,100.000000,100.000000,0.000000,10,42.621000,24.181300,21.538000,17.481000,33.533700,7.756151
phase1,H_zenos_bookshelf_bookends,warm,synthetic,flat,50,library_prev_page,PASS,1,10,0,0,,,,,,,,10,1.000000,1.000000,1.000000,1.000000,1.000000,0.000000,,,,,,,,10,1.000000,1.000000,1.000000,1.000000,1.000000,0.000000,10,100.000000,100.000000,100.000000,100.000000,100.000000,0.000000,10,733.742188,-157.634375,693.314453,-2559.292969,709.714648,1405.673996,10,18448.347656,17318.992383,17342.295898,16252.944336,18368.322363,862.238687,10,0.000000,0.000000,0.000000,0.000000,0.000000,0.000000,10,1.000000,1.000000,1.000000,1.000000,1.000000,0.000000,10,212896.000000,212896.000000,212896.000000,212896.000000,212896.000000,0.000000,10,1.000000,1.000000,1.000000,1.000000,1.000000,0.000000,,,,,,,,10,100.000000,100.000000,100.000000,100.000000,100.000000,0.000000,10,41.820000,26.422700,22.204000,17.856000,39.865200,9.844749
phase1,H_zenos_bookshelf_bookends,warm,synthetic,flat,50,open_book,PASS,1,10,0,0,,,,,,,,10,11.000000,11.000000,11.000000,11.000000,11.000000,0.000000,,,,,,,,10,11.000000,11.000000,11.000000,11.000000,11.000000,0.000000,10,100.000000,100.000000,100.000000,100.000000,100.000000,0.000000,10,2162.856445,-2316.927637,-2792.024902,-2909.531250,-2265.492480,1574.869283,10,29953.129883,26279.563867,26172.229980,24035.359375,27817.330566,1727.594346,10,0.000000,0.000000,0.000000,0.000000,0.000000,0.000000,10,11.000000,11.000000,11.000000,11.000000,11.000000,0.000000,10,252720.000000,248259.200000,247392.000000,243136.000000,252086.400000,3555.920159,10,11.000000,11.000000,11.000000,11.000000,11.000000,0.000000,,,,,,,,10,100.000000,100.000000,100.000000,100.000000,100.000000,0.000000,10,141.656000,124.742300,126.847500,95.303000,140.126900,13.735799
phase1,H_zenos_bookshelf_bookends,warm,synthetic,flat,50,open_book_minimal,PASS,1,10,0,0,,,,,,,,10,0.000000,0.000000,0.000000,0.000000,0.000000,0.000000,,,,,,,,10,0.000000,0.000000,0.000000,0.000000,0.000000,0.000000,10,0.000000,0.000000,0.000000,0.000000,0.000000,0.000000,10,-897.760742,-2794.011914,-2958.456055,-3399.031250,-2358.299023,706.171720,10,22754.934570,20871.415332,20912.037598,18745.653320,22396.670410,1323.428935,10,0.000000,0.000000,0.000000,0.000000,0.000000,0.000000,10,0.000000,0.000000,0.000000,0.000000,0.000000,0.000000,10,241296.000000,238179.200000,239776.000000,230000.000000,241296.000000,3475.965375,10,0.000000,0.000000,0.000000,0.000000,0.000000,0.000000,,,,,,,,10,0.000000,0.000000,0.000000,0.000000,0.000000,0.000000,10,118.928000,100.870700,102.744500,71.274000,114.293000,13.528316
phase1,H_zenos_bookshelf_bookends,warm,synthetic,flat,50,open_bookshelf,PASS,1,10,0,0,,,,,,,,10,1.000000,1.000000,1.000000,1.000000,1.000000,0.000000,,,,,,,,10,1.000000,1.000000,1.000000,1.000000,1.000000,0.000000,10,100.000000,100.000000,100.000000,100.000000,100.000000,0.000000,10,839.905273,767.872363,769.166992,722.361328,798.173926,35.238762,10,57869.247070,53673.003027,53693.905762,49465.924805,57033.764063,2834.899628,10,0.000000,0.000000,0.000000,0.000000,0.000000,0.000000,10,1.000000,1.000000,1.000000,1.000000,1.000000,0.000000,10,282896.000000,278248.000000,278344.000000,273744.000000,282003.200000,3192.820836,10,1.000000,1.000000,1.000000,1.000000,1.000000,0.000000,,,,,,,,10,100.000000,100.000000,100.000000,100.000000,100.000000,0.000000,10,19.412000,15.949400,15.328000,13.905000,19.228400,1.941507
phase1,H_zenos_bookshelf_bookends,warm,synthetic,flat,50,open_quick_settings,PASS,1,10,0,0,,,,,,,,10,3.000000,3.000000,3.000000,3.000000,3.000000,0.000000,,,,,,,,10,3.000000,3.000000,3.000000,3.000000,3.000000,0.000000,10,100.000000,100.000000,100.000000,100.000000,100.000000,0.000000,10,308.804688,-76.890625,296.693359,-3428.879883,308.400391,1177.844141,10,50342.803711,47311.172363,47083.609863,44509.550781,49780.134961,1864.638760,10,0.000000,0.000000,0.000000,0.000000,0.000000,0.000000,10,3.000000,3.000000,3.000000,3.000000,3.000000,0.000000,10,285904.000000,285790.400000,285824.000000,285664.000000,285846.400000,78.183829,10,3.000000,3.000000,3.000000,3.000000,3.000000,0.000000,,,,,,,,10,100.000000,100.000000,100.000000,100.000000,100.000000,0.000000,10,11.565000,9.718400,9.458000,8.941000,10.460700,0.826576
phase1,H_zenos_bookshelf_bookends,warm,synthetic,flat,50,repeated_nav,UNSUPPORTED,1,0,0,2,,,,,,,,,,,,,,,,,,,,,,,,,,,,,,,,,,,,,,,,,,,,,,,,,,,,,,,,,,,,,,,,,,,,,,,,,,,,,,,,,,,,,,,,,,,,,,,,,,
phase1,H_zenos_bookshelf_bookends,warm,synthetic,flat,50,start_to_home,PASS,1,10,0,0,,,,,,,,10,1.000000,1.000000,1.000000,1.000000,1.000000,0.000000,,,,,,,,10,1.000000,1.000000,1.000000,1.000000,1.000000,0.000000,10,100.000000,100.000000,100.000000,100.000000,100.000000,0.000000,10,133.774414,107.140332,106.212402,84.121094,130.691211,17.744618,10,24995.640625,19035.841602,17557.453613,15940.926758,23830.562500,3402.976649,10,0.000000,0.000000,0.000000,0.000000,0.000000,0.000000,10,1.000000,1.000000,1.000000,1.000000,1.000000,0.000000,10,212416.000000,208832.000000,212288.000000,201440.000000,212358.400000,4702.046458,10,1.000000,1.000000,1.000000,1.000000,1.000000,0.000000,,,,,,,,10,100.000000,100.000000,100.000000,100.000000,100.000000,0.000000,10,16.379000,14.783000,14.620500,13.007000,16.031600,1.025616
phase1,H_zenos_bookshelf_bookends,warm,synthetic,hierarchical,2000,bookshelf_first_render,PASS,1,10,0,0,,,,,,,,10,0.000000,0.000000,0.000000,0.000000,0.000000,0.000000,,,,,,,,10,0.000000,0.000000,0.000000,0.000000,0.000000,0.000000,10,0.000000,0.000000,0.000000,0.000000,0.000000,0.000000,10,488.376953,-2110.734473,460.070312,-23350.296875,480.903613,7488.290643,10,61850.536133,43658.117090,39406.215820,38417.460938,61431.271484,9479.006122,10,0.000000,0.000000,0.000000,0.000000,0.000000,0.000000,10,0.000000,0.000000,0.000000,0.000000,0.000000,0.000000,10,286800.000000,286800.000000,286800.000000,286800.000000,286800.000000,0.000000,10,0.000000,0.000000,0.000000,0.000000,0.000000,0.000000,,,,,,,,10,0.000000,0.000000,0.000000,0.000000,0.000000,0.000000,10,49.869000,11.483700,3.204500,2.688000,38.313900,17.142436
phase1,H_zenos_bookshelf_bookends,warm,synthetic,hierarchical,2000,bookshelf_page_turn,PASS,1,10,0,0,,,,,,,,10,0.000000,0.000000,0.000000,0.000000,0.000000,0.000000,,,,,,,,10,0.000000,0.000000,0.000000,0.000000,0.000000,0.000000,10,0.000000,0.000000,0.000000,0.000000,0.000000,0.000000,10,23.308594,16.909375,14.583984,12.656250,22.735547,4.682561,10,40172.393555,40036.927930,40041.397461,39890.530273,40146.043945,95.237782,10,0.000000,0.000000,0.000000,0.000000,0.000000,0.000000,10,0.000000,0.000000,0.000000,0.000000,0.000000,0.000000,10,286800.000000,286800.000000,286800.000000,286800.000000,286800.000000,0.000000,10,0.000000,0.000000,0.000000,0.000000,0.000000,0.000000,,,,,,,,10,0.000000,0.000000,0.000000,0.000000,0.000000,0.000000,10,0.273000,0.134800,0.092500,0.037000,0.265800,0.092175
phase1,H_zenos_bookshelf_bookends,warm,synthetic,hierarchical,2000,change_sort_mode,PASS,1,10,0,0,,,,,,,,10,2.000000,2.000000,2.000000,2.000000,2.000000,0.000000,,,,,,,,10,2.000000,2.000000,2.000000,2.000000,2.000000,0.000000,10,100.000000,100.000000,100.000000,100.000000,100.000000,0.000000,10,444.428711,-54.016113,415.105469,-2171.894531,442.423926,999.123317,10,19534.531250,18378.102148,18453.663086,17366.121094,19146.566211,759.341145,10,0.000000,0.000000,0.000000,0.000000,0.000000,0.000000,10,2.000000,2.000000,2.000000,2.000000,2.000000,0.000000,10,211056.000000,211056.000000,211056.000000,211056.000000,211056.000000,0.000000,10,2.000000,2.000000,2.000000,2.000000,2.000000,0.000000,,,,,,,,10,100.000000,100.000000,100.000000,100.000000,100.000000,0.000000,10,36.051000,19.825700,16.522500,14.830000,32.862300,7.729635
phase1,H_zenos_bookshelf_bookends,warm,synthetic,hierarchical,2000,close_book,PASS,1,10,0,0,,,,,,,,10,8.000000,8.000000,8.000000,8.000000,8.000000,0.000000,,,,,,,,10,8.000000,8.000000,8.000000,8.000000,8.000000,0.000000,10,100.000000,100.000000,100.000000,100.000000,100.000000,0.000000,10,3065.395508,2460.314453,2913.310547,534.925781,3052.556445,1018.619151,10,39593.545898,36445.194141,36054.285156,34665.520508,38747.690039,1731.156412,10,0.000000,0.000000,0.000000,0.000000,0.000000,0.000000,10,8.000000,8.000000,8.000000,8.000000,8.000000,0.000000,10,264528.000000,261680.000000,261640.000000,259440.000000,263649.600000,1801.530214,10,8.000000,8.000000,8.000000,8.000000,8.000000,0.000000,,,,,,,,10,100.000000,100.000000,100.000000,100.000000,100.000000,0.000000,10,114.581000,62.602400,53.197500,44.857000,106.687100,25.478913
phase1,H_zenos_bookshelf_bookends,warm,synthetic,hierarchical,2000,close_bookshelf,PASS,1,10,0,0,,,,,,,,10,1.000000,1.000000,1.000000,1.000000,1.000000,0.000000,,,,,,,,10,1.000000,1.000000,1.000000,1.000000,1.000000,0.000000,10,100.000000,100.000000,100.000000,100.000000,100.000000,0.000000,10,121.660156,107.933496,108.702637,94.861328,117.204102,8.107467,10,47648.231445,44325.212793,44316.699707,41090.405273,46899.647656,2185.728801,10,0.000000,0.000000,0.000000,0.000000,0.000000,0.000000,10,1.000000,1.000000,1.000000,1.000000,1.000000,0.000000,10,289520.000000,289382.400000,289384.000000,289248.000000,289491.200000,93.660379,10,1.000000,1.000000,1.000000,1.000000,1.000000,0.000000,,,,,,,,10,100.000000,100.000000,100.000000,100.000000,100.000000,0.000000,10,15.764000,10.369000,9.779000,9.341000,10.673600,1.911239
phase1,H_zenos_bookshelf_bookends,warm,synthetic,hierarchical,2000,close_quick_settings,PASS,1,10,0,0,,,,,,,,10,3.000000,3.000000,3.000000,3.000000,3.000000,0.000000,,,,,,,,10,3.000000,3.000000,3.000000,3.000000,3.000000,0.000000,10,100.000000,100.000000,100.000000,100.000000,100.000000,0.000000,10,130.644531,-162.143262,59.472656,-1472.228516,87.732812,523.575934,10,54186.528320,48706.463574,47218.394531,45960.578125,53949.326465,3158.485447,10,0.000000,0.000000,0.000000,0.000000,0.000000,0.000000,10,3.000000,3.000000,3.000000,3.000000,3.000000,0.000000,10,290752.000000,290444.800000,290472.000000,290080.000000,290708.800000,227.877550,10,3.000000,3.000000,3.000000,3.000000,3.000000,0.000000,,,,,,,,10,100.000000,100.000000,100.000000,100.000000,100.000000,0.000000,10,13.252000,11.264700,10.963000,9.708000,12.700300,1.192400
phase1,H_zenos_bookshelf_bookends,warm,synthetic,hierarchical,2000,home_to_library,PASS,1,10,0,0,,,,,,,,10,5.177184,5.177184,5.177184,5.177184,5.177184,0.000000,,,,,,,,10,5.000000,5.000000,5.000000,5.000000,5.000000,0.000000,10,100.000000,100.000000,100.000000,100.000000,100.000000,0.000000,10,1198.169922,391.653516,1053.190430,-2435.051758,1183.383203,1476.215962,10,18323.764648,17316.013379,17173.308105,15869.097656,18273.450781,926.145769,10,4.000000,4.000000,4.000000,4.000000,4.000000,0.000000,10,9.000000,9.000000,9.000000,9.000000,9.000000,0.000000,10,211056.000000,211036.800000,211040.000000,211024.000000,211041.600000,10.119289,10,9.000000,9.000000,9.000000,9.000000,9.000000,0.000000,,,,,,,,10,100.000000,100.000000,100.000000,100.000000,100.000000,0.000000,10,51.877000,42.405000,40.803500,38.199000,51.316300,5.090225
phase1,H_zenos_bookshelf_bookends,warm,synthetic,hierarchical,2000,library_first_render,PASS,1,10,0,0,,,,,,,,10,3.088592,3.088592,3.088592,3.088592,3.088592,0.000000,,,,,,,,10,3.000000,3.000000,3.000000,3.000000,3.000000,0.000000,10,100.000000,100.000000,100.000000,100.000000,100.000000,0.000000,10,727.371094,-287.064648,659.789062,-2810.180664,696.055664,1558.887405,10,18549.031250,16860.470410,16803.645996,15745.186523,17889.067578,978.765944,10,2.000000,2.000000,2.000000,2.000000,2.000000,0.000000,10,5.000000,5.000000,5.000000,5.000000,5.000000,0.000000,10,211056.000000,211056.000000,211056.000000,211056.000000,211056.000000,0.000000,10,5.000000,5.000000,5.000000,5.000000,5.000000,0.000000,,,,,,,,10,100.000000,100.000000,100.000000,100.000000,100.000000,0.000000,10,48.536000,33.199500,29.967500,25.523000,43.146800,7.848266
phase1,H_zenos_bookshelf_bookends,warm,synthetic,hierarchical,2000,library_folder_back,PASS,1,10,0,0,,,,,,,,10,1.044296,1.044296,1.044296,1.044296,1.044296,0.000000,,,,,,,,10,1.000000,1.000000,1.000000,1.000000,1.000000,0.000000,10,100.000000,100.000000,100.000000,100.000000,100.000000,0.000000,10,379.125977,6.829297,335.879395,-1571.959961,378.497559,728.674671,10,20205.820312,18377.687598,18081.995605,17350.135742,19792.314258,970.526051,10,1.000000,1.000000,1.000000,1.000000,1.000000,0.000000,10,2.000000,2.000000,2.000000,2.000000,2.000000,0.000000,10,211056.000000,211056.000000,211056.000000,211056.000000,211056.000000,0.000000,10,2.000000,2.000000,2.000000,2.000000,2.000000,0.000000,,,,,,,,10,100.000000,100.000000,100.000000,100.000000,100.000000,0.000000,10,35.275000,20.379000,17.462000,14.385000,35.065300,7.932775
phase1,H_zenos_bookshelf_bookends,warm,synthetic,hierarchical,2000,library_folder_enter,PASS,1,10,0,0,,,,,,,,10,1.044296,1.044296,1.044296,1.044296,1.044296,0.000000,,,,,,,,10,1.000000,1.000000,1.000000,1.000000,1.000000,0.000000,10,100.000000,100.000000,100.000000,100.000000,100.000000,0.000000,10,1869.375000,-208.181445,384.240723,-4231.531250,1805.691211,2272.600080,10,21625.184570,18624.935742,18214.702148,16570.307617,20856.909766,1654.267542,10,1.000000,1.000000,1.000000,1.000000,1.000000,0.000000,10,2.000000,2.000000,2.000000,2.000000,2.000000,0.000000,10,211056.000000,211056.000000,211056.000000,211056.000000,211056.000000,0.000000,10,2.000000,2.000000,2.000000,2.000000,2.000000,0.000000,,,,,,,,10,100.000000,100.000000,100.000000,100.000000,100.000000,0.000000,10,42.635000,25.419200,24.007500,6.483000,42.566600,13.158025
phase1,H_zenos_bookshelf_bookends,warm,synthetic,hierarchical,2000,library_next_page,UNSUPPORTED,1,0,0,10,,,,,,,,,,,,,,,,,,,,,,,,,,,,,,,,,,,,,,,,,,,,,,,,,,,,,,,,,,,,,,,,,,,,,,,,,,,,,,,,,,,,,,,,,,,,,,,,,,
phase1,H_zenos_bookshelf_bookends,warm,synthetic,hierarchical,2000,library_prev_page,UNSUPPORTED,1,0,0,10,,,,,,,,,,,,,,,,,,,,,,,,,,,,,,,,,,,,,,,,,,,,,,,,,,,,,,,,,,,,,,,,,,,,,,,,,,,,,,,,,,,,,,,,,,,,,,,,,,
phase1,H_zenos_bookshelf_bookends,warm,synthetic,hierarchical,2000,open_book,PASS,1,10,0,0,,,,,,,,10,11.000000,11.000000,11.000000,11.000000,11.000000,0.000000,,,,,,,,10,11.000000,11.000000,11.000000,11.000000,11.000000,0.000000,10,100.000000,100.000000,100.000000,100.000000,100.000000,0.000000,10,-2004.708008,-2675.203516,-2968.031250,-3267.442383,-2009.957715,564.192064,10,30114.235352,28035.366602,27920.082520,26190.848633,29954.850098,1433.415731,10,0.000000,0.000000,0.000000,0.000000,0.000000,0.000000,10,11.000000,11.000000,11.000000,11.000000,11.000000,0.000000,10,256128.000000,253976.000000,253792.000000,252128.000000,256128.000000,1718.860605,10,11.000000,11.000000,11.000000,11.000000,11.000000,0.000000,,,,,,,,10,100.000000,100.000000,100.000000,100.000000,100.000000,0.000000,10,132.406000,123.983800,122.857500,114.083000,130.810300,5.800615
phase1,H_zenos_bookshelf_bookends,warm,synthetic,hierarchical,2000,open_book_minimal,PASS,1,10,0,0,,,,,,,,10,0.000000,0.000000,0.000000,0.000000,0.000000,0.000000,,,,,,,,10,0.000000,0.000000,0.000000,0.000000,0.000000,0.000000,10,0.000000,0.000000,0.000000,0.000000,0.000000,0.000000,10,-281.929688,-2617.178027,-2950.025391,-3523.053711,-1960.837500,948.569056,10,25148.692383,22823.585840,22899.467285,21129.024414,24500.384766,1524.369104,10,0.000000,0.000000,0.000000,0.000000,0.000000,0.000000,10,0.000000,0.000000,0.000000,0.000000,0.000000,0.000000,10,247264.000000,240608.000000,239776.000000,232848.000000,247033.600000,5402.985183,10,0.000000,0.000000,0.000000,0.000000,0.000000,0.000000,,,,,,,,10,0.000000,0.000000,0.000000,0.000000,0.000000,0.000000,10,135.716000,107.580700,107.496000,73.457000,121.773200,16.456539
phase1,H_zenos_bookshelf_bookends,warm,synthetic,hierarchical,2000,open_bookshelf,PASS,1,10,0,0,,,,,,,,10,1.000000,1.000000,1.000000,1.000000,1.000000,0.000000,,,,,,,,10,1.000000,1.000000,1.000000,1.000000,1.000000,0.000000,10,100.000000,100.000000,100.000000,100.000000,100.000000,0.000000,10,892.531250,767.656738,791.972656,632.013672,857.297656,91.866750,10,60417.103516,56475.566504,56604.011230,52175.370117,59710.556055,2804.195083,10,0.000000,0.000000,0.000000,0.000000,0.000000,0.000000,10,1.000000,1.000000,1.000000,1.000000,1.000000,0.000000,10,286800.000000,282160.000000,281936.000000,277216.000000,285921.600000,3186.540583,10,1.000000,1.000000,1.000000,1.000000,1.000000,0.000000,,,,,,,,10,100.000000,100.000000,100.000000,100.000000,100.000000,0.000000,10,19.763000,12.791300,11.494000,8.589000,19.184300,3.914297
phase1,H_zenos_bookshelf_bookends,warm,synthetic,hierarchical,2000,open_quick_settings,PASS,1,10,0,0,,,,,,,,10,3.000000,3.000000,3.000000,3.000000,3.000000,0.000000,,,,,,,,10,3.000000,3.000000,3.000000,3.000000,3.000000,0.000000,10,100.000000,100.000000,100.000000,100.000000,100.000000,0.000000,10,253.703125,225.990723,219.674805,208.480469,249.204004,15.645511,10,53025.711914,51551.273047,51608.996094,49925.451172,52746.327832,1033.684217,10,0.000000,0.000000,0.000000,0.000000,0.000000,0.000000,10,3.000000,3.000000,3.000000,3.000000,3.000000,0.000000,10,289856.000000,289620.800000,289552.000000,289520.000000,289798.400000,127.788715,10,3.000000,3.000000,3.000000,3.000000,3.000000,0.000000,,,,,,,,10,100.000000,100.000000,100.000000,100.000000,100.000000,0.000000,10,9.464000,8.813500,8.983500,7.103000,9.365900,0.680161
phase1,H_zenos_bookshelf_bookends,warm,synthetic,hierarchical,2000,repeated_nav,UNSUPPORTED,1,0,0,2,,,,,,,,,,,,,,,,,,,,,,,,,,,,,,,,,,,,,,,,,,,,,,,,,,,,,,,,,,,,,,,,,,,,,,,,,,,,,,,,,,,,,,,,,,,,,,,,,,
phase1,H_zenos_bookshelf_bookends,warm,synthetic,hierarchical,2000,start_to_home,PASS,1,10,0,0,,,,,,,,10,1.000000,1.000000,1.000000,1.000000,1.000000,0.000000,,,,,,,,10,1.000000,1.000000,1.000000,1.000000,1.000000,0.000000,10,100.000000,100.000000,100.000000,100.000000,100.000000,0.000000,10,141.130859,-738.100977,87.874023,-8248.613281,112.007422,2638.995403,10,22799.294922,17871.068262,16997.203125,15588.586914,21783.097363,2482.335827,10,0.000000,0.000000,0.000000,0.000000,0.000000,0.000000,10,1.000000,1.000000,1.000000,1.000000,1.000000,0.000000,10,211024.000000,208100.800000,210912.000000,202240.000000,211024.000000,3778.131602,10,1.000000,1.000000,1.000000,1.000000,1.000000,0.000000,,,,,,,,10,100.000000,100.000000,100.000000,100.000000,100.000000,0.000000,10,43.416000,16.754200,14.006000,11.272000,18.047700,9.427465
phase1,H_zenos_bookshelf_bookends,warm,synthetic,hierarchical,50,bookshelf_first_render,PASS,1,10,0,0,,,,,,,,10,0.000000,0.000000,0.000000,0.000000,0.000000,0.000000,,,,,,,,10,0.000000,0.000000,0.000000,0.000000,0.000000,0.000000,10,0.000000,0.000000,0.000000,0.000000,0.000000,0.000000,10,658.749023,-2141.310449,643.615723,-24637.838867,650.917090,7945.871892,10,61848.838867,42844.095703,38499.508789,37203.367188,61262.531055,9869.217113,10,0.000000,0.000000,0.000000,0.000000,0.000000,0.000000,10,0.000000,0.000000,0.000000,0.000000,0.000000,0.000000,10,284576.000000,284576.000000,284576.000000,284576.000000,284576.000000,0.000000,10,0.000000,0.000000,0.000000,0.000000,0.000000,0.000000,,,,,,,,10,0.000000,0.000000,0.000000,0.000000,0.000000,0.000000,10,48.284000,12.030100,4.437000,3.916000,38.805200,16.521735
phase1,H_zenos_bookshelf_bookends,warm,synthetic,hierarchical,50,bookshelf_page_turn,PASS,1,10,0,0,,,,,,,,10,0.000000,0.000000,0.000000,0.000000,0.000000,0.000000,,,,,,,,10,0.000000,0.000000,0.000000,0.000000,0.000000,0.000000,10,0.000000,0.000000,0.000000,0.000000,0.000000,0.000000,10,21.000000,16.108203,15.300781,13.484375,20.356641,2.783678,10,39524.848633,39383.758008,39384.469727,39234.723633,39497.236914,96.312930,10,0.000000,0.000000,0.000000,0.000000,0.000000,0.000000,10,0.000000,0.000000,0.000000,0.000000,0.000000,0.000000,10,284576.000000,284576.000000,284576.000000,284576.000000,284576.000000,0.000000,10,0.000000,0.000000,0.000000,0.000000,0.000000,0.000000,,,,,,,,10,0.000000,0.000000,0.000000,0.000000,0.000000,0.000000,10,0.228000,0.129100,0.132500,0.058000,0.198300,0.059242
phase1,H_zenos_bookshelf_bookends,warm,synthetic,hierarchical,50,change_sort_mode,PASS,1,10,0,0,,,,,,,,10,2.000000,2.000000,2.000000,2.000000,2.000000,0.000000,,,,,,,,10,2.000000,2.000000,2.000000,2.000000,2.000000,0.000000,10,100.000000,100.000000,100.000000,100.000000,100.000000,0.000000,10,368.979492,-249.528711,269.562500,-2388.882812,356.230078,950.957748,10,18637.852539,17906.059082,17989.730957,16239.429688,18621.011816,701.019080,10,0.000000,0.000000,0.000000,0.000000,0.000000,0.000000,10,2.000000,2.000000,2.000000,2.000000,2.000000,0.000000,10,216240.000000,216240.000000,216240.000000,216240.000000,216240.000000,0.000000,10,2.000000,2.000000,2.000000,2.000000,2.000000,0.000000,,,,,,,,10,100.000000,100.000000,100.000000,100.000000,100.000000,0.000000,10,30.191000,14.674400,9.831500,6.180000,27.670100,9.638012
phase1,H_zenos_bookshelf_bookends,warm,synthetic,hierarchical,50,close_book,PASS,1,10,0,0,,,,,,,,10,8.000000,8.000000,8.000000,8.000000,8.000000,0.000000,,,,,,,,10,8.000000,8.000000,8.000000,8.000000,8.000000,0.000000,10,100.000000,100.000000,100.000000,100.000000,100.000000,0.000000,10,3116.583008,2717.847168,2958.863281,457.165039,3110.373535,800.810081,10,38027.597656,35490.220605,35797.716309,33149.495117,37965.920410,1844.350003,10,0.000000,0.000000,0.000000,0.000000,0.000000,0.000000,10,8.000000,8.000000,8.000000,8.000000,8.000000,0.000000,10,260880.000000,258843.200000,258784.000000,257024.000000,260880.000000,1501.881250,10,8.000000,8.000000,8.000000,8.000000,8.000000,0.000000,,,,,,,,10,100.000000,100.000000,100.000000,100.000000,100.000000,0.000000,10,114.276000,57.749200,53.894500,43.811000,63.344100,20.333165
phase1,H_zenos_bookshelf_bookends,warm,synthetic,hierarchical,50,close_bookshelf,PASS,1,10,0,0,,,,,,,,10,1.000000,1.000000,1.000000,1.000000,1.000000,0.000000,,,,,,,,10,1.000000,1.000000,1.000000,1.000000,1.000000,0.000000,10,100.000000,100.000000,100.000000,100.000000,100.000000,0.000000,10,711.524414,150.054102,67.806152,48.529297,228.415137,202.810948,10,49272.008789,44451.466504,44269.964844,40573.649414,47784.364160,2792.459154,10,0.000000,0.000000,0.000000,0.000000,0.000000,0.000000,10,1.000000,1.000000,1.000000,1.000000,1.000000,0.000000,10,288144.000000,288044.800000,288064.000000,287904.000000,288144.000000,94.446693,10,1.000000,1.000000,1.000000,1.000000,1.000000,0.000000,,,,,,,,10,100.000000,100.000000,100.000000,100.000000,100.000000,0.000000,10,20.380000,11.874000,9.818000,9.016000,17.742100,3.925503
phase1,H_zenos_bookshelf_bookends,warm,synthetic,hierarchical,50,close_quick_settings,PASS,1,10,0,0,,,,,,,,10,3.000000,3.000000,3.000000,3.000000,3.000000,0.000000,,,,,,,,10,3.000000,3.000000,3.000000,3.000000,3.000000,0.000000,10,100.000000,100.000000,100.000000,100.000000,100.000000,0.000000,10,185.703125,152.619238,150.201172,131.283203,177.842187,18.548921,10,51300.278320,49644.468555,49649.761719,47948.785156,50992.074023,1124.655476,10,0.000000,0.000000,0.000000,0.000000,0.000000,0.000000,10,3.000000,3.000000,3.000000,3.000000,3.000000,0.000000,10,289440.000000,289248.000000,289200.000000,289200.000000,289368.000000,85.997416,10,3.000000,3.000000,3.000000,3.000000,3.000000,0.000000,,,,,,,,10,100.000000,100.000000,100.000000,100.000000,100.000000,0.000000,10,14.146000,12.450700,12.313500,11.528000,12.982300,0.722681
phase1,H_zenos_bookshelf_bookends,warm,synthetic,hierarchical,50,home_to_library,PASS,1,10,0,0,,,,,,,,10,5.177184,5.177184,5.177184,5.177184,5.177184,0.000000,,,,,,,,10,5.000000,5.000000,5.000000,5.000000,5.000000,0.000000,10,100.000000,100.000000,100.000000,100.000000,100.000000,0.000000,10,1095.674805,705.745801,955.996094,-1433.606445,1071.257031,758.875269,10,19456.313477,18170.495410,18238.935547,17031.110352,19264.445605,810.865562,10,4.000000,4.000000,4.000000,4.000000,4.000000,0.000000,10,9.000000,9.000000,9.000000,9.000000,9.000000,0.000000,10,215936.000000,215867.200000,215936.000000,215760.000000,215936.000000,88.940430,10,9.000000,9.000000,9.000000,9.000000,9.000000,0.000000,,,,,,,,10,100.000000,100.000000,100.000000,100.000000,100.000000,0.000000,10,39.659000,31.455800,30.804000,27.383000,35.815100,3.713098
phase1,H_zenos_bookshelf_bookends,warm,synthetic,hierarchical,50,library_first_render,PASS,1,10,0,0,,,,,,,,10,3.088592,3.088592,3.088592,3.088592,3.088592,0.000000,,,,,,,,10,3.000000,3.000000,3.000000,3.000000,3.000000,0.000000,10,100.000000,100.000000,100.000000,100.000000,100.000000,0.000000,10,625.288086,61.996680,514.857422,-2777.515625,578.254297,1089.901887,10,18926.392578,17421.387695,17295.447754,16154.798828,18453.999805,937.717633,10,2.000000,2.000000,2.000000,2.000000,2.000000,0.000000,10,5.000000,5.000000,5.000000,5.000000,5.000000,0.000000,10,216240.000000,215966.400000,215936.000000,215936.000000,215966.400000,96.133241,10,5.000000,5.000000,5.000000,5.000000,5.000000,0.000000,,,,,,,,10,100.000000,100.000000,100.000000,100.000000,100.000000,0.000000,10,40.243000,22.980000,19.629500,18.303000,29.181100,7.009864
phase1,H_zenos_bookshelf_bookends,warm,synthetic,hierarchical,50,library_folder_back,PASS,1,10,0,0,,,,,,,,10,1.044296,1.044296,1.044296,1.044296,1.044296,0.000000,,,,,,,,10,1.000000,1.000000,1.000000,1.000000,1.000000,0.000000,10,100.000000,100.000000,100.000000,100.000000,100.000000,0.000000,10,245.749023,157.864551,219.181641,-430.452148,236.622461,207.066766,10,18394.203125,17795.968164,17809.823242,17051.190430,18120.520508,378.815095,10,1.000000,1.000000,1.000000,1.000000,1.000000,0.000000,10,2.000000,2.000000,2.000000,2.000000,2.000000,0.000000,10,216240.000000,216240.000000,216240.000000,216240.000000,216240.000000,0.000000,10,2.000000,2.000000,2.000000,2.000000,2.000000,0.000000,,,,,,,,10,100.000000,100.000000,100.000000,100.000000,100.000000,0.000000,10,30.087000,9.964800,8.102000,6.409000,10.789200,7.116333
phase1,H_zenos_bookshelf_bookends,warm,synthetic,hierarchical,50,library_folder_enter,PASS,1,10,0,0,,,,,,,,10,1.044296,1.044296,1.044296,1.044296,1.044296,0.000000,,,,,,,,10,1.000000,1.000000,1.000000,1.000000,1.000000,0.000000,10,100.000000,100.000000,100.000000,100.000000,100.000000,0.000000,10,534.259766,-283.249512,146.656738,-3127.060547,522.293457,1124.444908,10,18848.880859,17353.475488,17299.351562,16063.234375,18198.473535,793.027996,10,1.000000,1.000000,1.000000,1.000000,1.000000,0.000000,10,2.000000,2.000000,2.000000,2.000000,2.000000,0.000000,10,216240.000000,216240.000000,216240.000000,216240.000000,216240.000000,0.000000,10,2.000000,2.000000,2.000000,2.000000,2.000000,0.000000,,,,,,,,10,100.000000,100.000000,100.000000,100.000000,100.000000,0.000000,10,33.034000,15.689500,10.558500,7.772000,28.883200,9.640274
phase1,H_zenos_bookshelf_bookends,warm,synthetic,hierarchical,50,library_next_page,UNSUPPORTED,1,0,0,10,,,,,,,,,,,,,,,,,,,,,,,,,,,,,,,,,,,,,,,,,,,,,,,,,,,,,,,,,,,,,,,,,,,,,,,,,,,,,,,,,,,,,,,,,,,,,,,,,,
phase1,H_zenos_bookshelf_bookends,warm,synthetic,hierarchical,50,library_prev_page,UNSUPPORTED,1,0,0,10,,,,,,,,,,,,,,,,,,,,,,,,,,,,,,,,,,,,,,,,,,,,,,,,,,,,,,,,,,,,,,,,,,,,,,,,,,,,,,,,,,,,,,,,,,,,,,,,,,
phase1,H_zenos_bookshelf_bookends,warm,synthetic,hierarchical,50,open_book,PASS,1,10,0,0,,,,,,,,10,11.000000,11.000000,11.000000,11.000000,11.000000,0.000000,,,,,,,,10,11.000000,11.000000,11.000000,11.000000,11.000000,0.000000,10,100.000000,100.000000,100.000000,100.000000,100.000000,0.000000,10,-1810.950195,-2643.800488,-2915.684570,-3127.636719,-2023.796680,521.773026,10,28443.355469,26805.454980,26735.782715,25158.109375,28367.004883,1097.553410,10,0.000000,0.000000,0.000000,0.000000,0.000000,0.000000,10,11.000000,11.000000,11.000000,11.000000,11.000000,0.000000,10,253552.000000,251585.600000,251824.000000,249296.000000,252529.600000,1201.112373,10,11.000000,11.000000,11.000000,11.000000,11.000000,0.000000,,,,,,,,10,100.000000,100.000000,100.000000,100.000000,100.000000,0.000000,10,132.421000,121.842900,123.427000,102.151000,132.055600,10.207922
phase1,H_zenos_bookshelf_bookends,warm,synthetic,hierarchical,50,open_book_minimal,PASS,1,10,0,0,,,,,,,,10,0.000000,0.000000,0.000000,0.000000,0.000000,0.000000,,,,,,,,10,0.000000,0.000000,0.000000,0.000000,0.000000,0.000000,10,0.000000,0.000000,0.000000,0.000000,0.000000,0.000000,10,95.854492,-2714.236328,-3343.644043,-3633.129883,-1899.934180,1156.103994,10,23199.413086,21608.571973,21504.726562,19749.911133,23141.708496,1253.265197,10,0.000000,0.000000,0.000000,0.000000,0.000000,0.000000,10,0.000000,0.000000,0.000000,0.000000,0.000000,0.000000,10,246768.000000,240918.400000,241464.000000,234960.000000,246768.000000,4723.395841,10,0.000000,0.000000,0.000000,0.000000,0.000000,0.000000,,,,,,,,10,0.000000,0.000000,0.000000,0.000000,0.000000,0.000000,10,124.103000,102.023400,104.405500,64.434000,115.030100,15.816482
phase1,H_zenos_bookshelf_bookends,warm,synthetic,hierarchical,50,open_bookshelf,PASS,1,10,0,0,,,,,,,,10,1.000000,1.000000,1.000000,1.000000,1.000000,0.000000,,,,,,,,10,1.000000,1.000000,1.000000,1.000000,1.000000,0.000000,10,100.000000,100.000000,100.000000,100.000000,100.000000,0.000000,10,989.363281,882.518457,859.575195,797.893555,989.295605,66.207152,10,59839.337891,55318.283008,55309.857910,50607.563477,59039.262500,3144.972296,10,0.000000,0.000000,0.000000,0.000000,0.000000,0.000000,10,1.000000,1.000000,1.000000,1.000000,1.000000,0.000000,10,284576.000000,279470.400000,279432.000000,274032.000000,283625.600000,3477.157051,10,1.000000,1.000000,1.000000,1.000000,1.000000,0.000000,,,,,,,,10,100.000000,100.000000,100.000000,100.000000,100.000000,0.000000,10,14.797000,11.400500,10.632500,9.436000,14.158000,1.866282
phase1,H_zenos_bookshelf_bookends,warm,synthetic,hierarchical,50,open_quick_settings,PASS,1,10,0,0,,,,,,,,10,3.000000,3.000000,3.000000,3.000000,3.000000,0.000000,,,,,,,,10,3.000000,3.000000,3.000000,3.000000,3.000000,0.000000,10,100.000000,100.000000,100.000000,100.000000,100.000000,0.000000,10,308.328125,-268.091309,224.578125,-3775.697266,289.262891,1283.062565,10,46661.492188,44840.206348,44700.365234,42980.545898,46432.762988,1260.427726,10,0.000000,0.000000,0.000000,0.000000,0.000000,0.000000,10,3.000000,3.000000,3.000000,3.000000,3.000000,0.000000,10,289200.000000,289035.200000,289088.000000,288672.000000,289200.000000,188.569351,10,3.000000,3.000000,3.000000,3.000000,3.000000,0.000000,,,,,,,,10,100.000000,100.000000,100.000000,100.000000,100.000000,0.000000,10,9.073000,8.597800,8.541500,8.183000,9.009100,0.283401
phase1,H_zenos_bookshelf_bookends,warm,synthetic,hierarchical,50,repeated_nav,PASS,1,2,0,0,,,,,,,,2,10.000000,10.000000,10.000000,10.000000,10.000000,0.000000,,,,,,,,2,10.000000,10.000000,10.000000,10.000000,10.000000,0.000000,2,100.000000,100.000000,100.000000,100.000000,100.000000,0.000000,2,1540.034180,-8162.178711,-8162.178711,-17864.391602,-400.408398,13721.001055,2,54730.770508,45804.473145,45804.473145,36878.175781,52945.511035,12623.690793,2,0.000000,0.000000,0.000000,0.000000,0.000000,0.000000,2,10.000000,10.000000,10.000000,10.000000,10.000000,0.000000,2,299120.000000,297104.000000,297104.000000,295088.000000,298716.800000,2851.054542,2,10.000000,10.000000,10.000000,10.000000,10.000000,0.000000,,,,,,,,2,100.000000,100.000000,100.000000,100.000000,100.000000,0.000000,2,418.309000,251.166500,251.166500,84.024000,384.880500,236.375190
phase1,H_zenos_bookshelf_bookends,warm,synthetic,hierarchical,50,start_to_home,PASS,1,10,0,0,,,,,,,,10,1.000000,1.000000,1.000000,1.000000,1.000000,0.000000,,,,,,,,10,1.000000,1.000000,1.000000,1.000000,1.000000,0.000000,10,100.000000,100.000000,100.000000,100.000000,100.000000,0.000000,10,107.708008,-221.568945,77.174805,-2920.530273,101.044141,948.607523,10,24123.534180,19283.957910,17728.678711,15849.028320,23330.243066,3078.422641,10,0.000000,0.000000,0.000000,0.000000,0.000000,0.000000,10,1.000000,1.000000,1.000000,1.000000,1.000000,0.000000,10,215632.000000,210155.200000,209920.000000,205088.000000,215272.000000,3989.654533,10,1.000000,1.000000,1.000000,1.000000,1.000000,0.000000,,,,,,,,10,100.000000,100.000000,100.000000,100.000000,100.000000,0.000000,10,27.526000,11.575100,9.756500,8.361000,13.702900,5.711161
phase1,I_simpleui_vos,steady_state_cold,startup,hierarchical,2000,home_to_library,PASS,3,3,0,0,,,,,,,,3,0.000000,0.000000,0.000000,0.000000,0.000000,0.000000,,,,,,,,3,0.000000,0.000000,0.000000,0.000000,0.000000,0.000000,3,0.000000,0.000000,0.000000,0.000000,0.000000,0.000000,3,4.667969,3.397135,2.800781,2.722656,4.294531,1.101267,3,13175.524414,13134.937174,13122.297852,13106.989258,13164.879102,35.973341,3,0.000000,0.000000,0.000000,0.000000,0.000000,0.000000,3,0.000000,0.000000,0.000000,0.000000,0.000000,0.000000,3,173328.000000,170458.666667,169120.000000,168928.000000,172486.400000,2486.769256,3,0.000000,0.000000,0.000000,0.000000,0.000000,0.000000,,,,,,,,3,0.000000,0.000000,0.000000,0.000000,0.000000,0.000000,3,0.065000,0.046000,0.051000,0.022000,0.062200,0.021932
phase1,I_simpleui_vos,steady_state_cold,startup,hierarchical,2000,library_first_render,PASS,3,3,0,0,,,,,,,,3,4.575243,4.575243,4.575243,4.575243,4.575243,0.000000,,,,,,,,3,4.000000,4.000000,4.000000,4.000000,4.000000,0.000000,3,100.000000,100.000000,100.000000,100.000000,100.000000,0.000000,3,468.813477,451.454427,459.708008,425.841797,466.992383,22.643598,3,13641.013672,13592.374674,13597.498047,13538.612305,13632.310547,51.392574,3,6.000000,6.000000,6.000000,6.000000,6.000000,0.000000,3,10.000000,10.000000,10.000000,10.000000,10.000000,0.000000,3,179776.000000,178133.333333,179440.000000,175184.000000,179708.800000,2559.716651,3,10.000000,10.000000,10.000000,10.000000,10.000000,0.000000,,,,,,,,3,100.000000,100.000000,100.000000,100.000000,100.000000,0.000000,3,14.624000,13.070667,13.527000,11.061000,14.404600,1.824807
phase1,I_simpleui_vos,warm,synthetic,flat,2000,change_sort_mode,PASS,1,10,0,0,,,,,,,,10,2.781553,2.781553,2.781553,2.781553,2.781553,0.000000,,,,,,,,10,2.000000,2.000000,2.000000,2.000000,2.000000,0.000000,10,100.000000,100.000000,100.000000,100.000000,100.000000,0.000000,10,10719.913086,2109.247461,10168.563477,-20472.670898,10563.347363,13488.285672,10,39664.238281,29179.005664,29177.581055,18834.595703,39438.799707,8372.810747,10,8.000000,8.000000,8.000000,8.000000,8.000000,0.000000,10,10.000000,10.000000,10.000000,10.000000,10.000000,0.000000,10,230528.000000,230528.000000,230528.000000,230528.000000,230528.000000,0.000000,10,10.000000,10.000000,10.000000,10.000000,10.000000,0.000000,,,,,,,,10,100.000000,100.000000,100.000000,100.000000,100.000000,0.000000,10,164.736000,129.020200,131.003500,99.888000,155.924100,22.544766
phase1,I_simpleui_vos,warm,synthetic,flat,2000,close_book,PASS,1,10,0,0,,,,,,,,10,21.483010,21.483010,21.483010,21.483010,21.483010,0.000000,,,,,,,,10,21.000000,21.000000,21.000000,21.000000,21.000000,0.000000,10,100.000000,100.000000,100.000000,100.000000,100.000000,0.000000,10,8533.940430,8242.916797,8194.243652,8081.936523,8464.321387,149.543835,10,102382.394531,92544.554199,92383.475098,82429.992188,100666.365234,6650.917903,10,5.000000,5.000000,5.000000,5.000000,5.000000,0.000000,10,26.000000,26.000000,26.000000,26.000000,26.000000,0.000000,10,289504.000000,288072.000000,289504.000000,279936.000000,289504.000000,3097.333046,10,26.000000,26.000000,26.000000,26.000000,26.000000,0.000000,,,,,,,,10,100.000000,100.000000,100.000000,100.000000,100.000000,0.000000,10,150.845000,104.879500,101.605000,93.410000,110.691500,16.773485
phase1,I_simpleui_vos,warm,synthetic,flat,2000,close_quick_settings,PASS,1,10,0,0,,,,,,,,10,3.000000,3.000000,3.000000,3.000000,3.000000,0.000000,,,,,,,,10,3.000000,3.000000,3.000000,3.000000,3.000000,0.000000,10,100.000000,100.000000,100.000000,100.000000,100.000000,0.000000,10,186.121094,168.041504,164.688965,158.691406,184.739453,9.496440,10,116244.208984,114145.753027,114155.066406,112004.505859,115830.832129,1424.615173,10,0.000000,0.000000,0.000000,0.000000,0.000000,0.000000,10,3.000000,3.000000,3.000000,3.000000,3.000000,0.000000,10,289504.000000,289504.000000,289504.000000,289504.000000,289504.000000,0.000000,10,3.000000,3.000000,3.000000,3.000000,3.000000,0.000000,,,,,,,,10,100.000000,100.000000,100.000000,100.000000,100.000000,0.000000,10,8.820000,8.079300,8.144500,7.192000,8.748000,0.606298
phase1,I_simpleui_vos,warm,synthetic,flat,2000,home_to_library,PASS,1,10,0,0,,,,,,,,10,0.000000,0.000000,0.000000,0.000000,0.000000,0.000000,,,,,,,,10,0.000000,0.000000,0.000000,0.000000,0.000000,0.000000,10,0.000000,0.000000,0.000000,0.000000,0.000000,0.000000,10,4.160156,2.991406,2.892578,2.234375,3.675000,0.672480,10,16236.757812,16206.798047,16206.166016,16178.765625,16230.362891,19.234661,10,0.000000,0.000000,0.000000,0.000000,0.000000,0.000000,10,0.000000,0.000000,0.000000,0.000000,0.000000,0.000000,10,175840.000000,175840.000000,175840.000000,175840.000000,175840.000000,0.000000,10,0.000000,0.000000,0.000000,0.000000,0.000000,0.000000,,,,,,,,10,0.000000,0.000000,0.000000,0.000000,0.000000,0.000000,10,0.065000,0.027300,0.024000,0.006000,0.038900,0.016173
phase1,I_simpleui_vos,warm,synthetic,flat,2000,library_first_render,PASS,1,10,0,0,,,,,,,,10,2.390777,2.390777,2.390777,2.390777,2.390777,0.000000,,,,,,,,10,2.000000,2.000000,2.000000,2.000000,2.000000,0.000000,10,100.000000,100.000000,100.000000,100.000000,100.000000,0.000000,10,5941.558594,62.303613,5058.730469,-18725.278320,5440.585547,9143.228424,10,46462.971680,33492.656836,32681.420898,23796.501953,41906.719043,7402.090780,10,4.000000,4.000000,4.000000,4.000000,4.000000,0.000000,10,6.000000,6.000000,6.000000,6.000000,6.000000,0.000000,10,226112.000000,210267.200000,213960.000000,194112.000000,220409.600000,10676.571535,10,6.000000,6.000000,6.000000,6.000000,6.000000,0.000000,,,,,,,,10,100.000000,100.000000,100.000000,100.000000,100.000000,0.000000,10,141.490000,96.856700,85.306000,78.184000,131.270500,23.602217
phase1,I_simpleui_vos,warm,synthetic,flat,2000,library_folder_back,PASS,1,10,0,0,,,,,,,,10,2.586165,2.586165,2.586165,2.586165,2.586165,0.000000,,,,,,,,10,2.000000,2.000000,2.000000,2.000000,2.000000,0.000000,10,100.000000,100.000000,100.000000,100.000000,100.000000,0.000000,10,5633.493164,407.354102,4845.931641,-10701.009766,5624.273438,6546.765994,10,30004.036133,23542.642969,24713.740234,18890.806641,29766.380762,4301.049052,10,6.000000,6.000000,6.000000,6.000000,6.000000,0.000000,10,8.000000,8.000000,8.000000,8.000000,8.000000,0.000000,10,230528.000000,230528.000000,230528.000000,230528.000000,230528.000000,0.000000,10,8.000000,8.000000,8.000000,8.000000,8.000000,0.000000,,,,,,,,10,100.000000,100.000000,100.000000,100.000000,100.000000,0.000000,10,95.716000,73.563700,63.009500,59.119000,93.495700,16.504615
phase1,I_simpleui_vos,warm,synthetic,flat,2000,library_folder_enter,PASS,1,10,0,0,,,,,,,,10,2.586165,2.586165,2.586165,2.586165,2.586165,0.000000,,,,,,,,10,2.000000,2.000000,2.000000,2.000000,2.000000,0.000000,10,100.000000,100.000000,100.000000,100.000000,100.000000,0.000000,10,195.772461,146.137695,136.322754,115.835938,182.566016,27.041067,10,30266.997070,24483.106641,24808.604004,18446.127930,29438.211328,4218.675589,10,6.000000,6.000000,6.000000,6.000000,6.000000,0.000000,10,8.000000,8.000000,8.000000,8.000000,8.000000,0.000000,10,230528.000000,230473.600000,230520.000000,230320.000000,230528.000000,75.500110,10,8.000000,8.000000,8.000000,8.000000,8.000000,0.000000,,,,,,,,10,100.000000,100.000000,100.000000,100.000000,100.000000,0.000000,10,9.424000,8.270800,8.955500,5.735000,9.361000,1.382424
phase1,I_simpleui_vos,warm,synthetic,flat,2000,library_next_page,PASS,1,10,0,0,,,,,,,,10,5.293083,1.793083,1.293083,1.293083,2.593083,1.269296,,,,,,,,10,5.000000,1.500000,1.000000,1.000000,2.300000,1.269296,10,100.000000,100.000000,100.000000,100.000000,100.000000,0.000000,10,629.760742,-295.122949,399.962891,-6919.183594,497.555664,2328.630965,10,31910.034180,27079.396094,26552.106934,22459.402344,30987.194922,2902.970321,10,3.000000,3.000000,3.000000,3.000000,3.000000,0.000000,10,8.000000,4.500000,4.000000,4.000000,5.300000,1.269296,10,227200.000000,226724.800000,226880.000000,226128.000000,227113.600000,432.496834,10,8.000000,4.500000,4.000000,4.000000,5.300000,1.269296,,,,,,,,10,100.000000,100.000000,100.000000,100.000000,100.000000,0.000000,10,64.482000,25.718600,16.970000,11.009000,58.302600,19.044264
phase1,I_simpleui_vos,warm,synthetic,flat,2000,library_prev_page,PASS,1,10,0,0,,,,,,,,10,1.293083,1.293083,1.293083,1.293083,1.293083,0.000000,,,,,,,,10,1.000000,1.000000,1.000000,1.000000,1.000000,0.000000,10,100.000000,100.000000,100.000000,100.000000,100.000000,0.000000,10,397.640625,81.852539,380.724609,-1757.505859,391.882031,703.151288,10,25169.224609,23602.852930,23573.767578,22573.324219,24605.643555,886.671192,10,3.000000,3.000000,3.000000,3.000000,3.000000,0.000000,10,4.000000,4.000000,4.000000,4.000000,4.000000,0.000000,10,227344.000000,227300.800000,227312.000000,227232.000000,227344.000000,39.228108,10,4.000000,4.000000,4.000000,4.000000,4.000000,0.000000,,,,,,,,10,100.000000,100.000000,100.000000,100.000000,100.000000,0.000000,10,59.340000,24.804200,17.376000,12.418000,57.420300,17.725395
phase1,I_simpleui_vos,warm,synthetic,flat,2000,open_book,PASS,1,10,0,0,,,,,,,,10,11.000000,9.200000,9.000000,9.000000,9.200000,0.632456,,,,,,,,10,11.000000,9.200000,9.000000,9.000000,9.200000,0.632456,10,100.000000,100.000000,100.000000,100.000000,100.000000,0.000000,10,1178.096680,902.401270,1045.680664,-215.865234,1161.864160,415.611122,10,70915.965820,60798.501563,60926.937988,50666.592773,68578.970801,6603.848976,10,0.000000,0.000000,0.000000,0.000000,0.000000,0.000000,10,11.000000,9.200000,9.000000,9.000000,9.200000,0.632456,10,276560.000000,264220.800000,263344.000000,253376.000000,271649.600000,7417.732220,10,11.000000,9.200000,9.000000,9.000000,9.200000,0.632456,,,,,,,,10,100.000000,100.000000,100.000000,100.000000,100.000000,0.000000,10,7230.650000,858.196300,152.556000,128.298000,875.985800,2239.081772
phase1,I_simpleui_vos,warm,synthetic,flat,2000,open_book_minimal,PASS,1,10,0,0,,,,,,,,10,0.000000,0.000000,0.000000,0.000000,0.000000,0.000000,,,,,,,,10,0.000000,0.000000,0.000000,0.000000,0.000000,0.000000,10,0.000000,0.000000,0.000000,0.000000,0.000000,0.000000,10,1149.278320,-903.405176,1033.341797,-6618.637695,1141.645020,3134.524214,10,44370.304688,34644.319238,34408.826660,25092.987305,42934.392480,6695.776086,10,0.000000,0.000000,0.000000,0.000000,0.000000,0.000000,10,0.000000,0.000000,0.000000,0.000000,0.000000,0.000000,10,248256.000000,246777.600000,246528.000000,245232.000000,248256.000000,1348.082688,10,0.000000,0.000000,0.000000,0.000000,0.000000,0.000000,,,,,,,,10,0.000000,0.000000,0.000000,0.000000,0.000000,0.000000,10,651.840000,159.726000,108.275500,73.687000,183.618600,173.796704
phase1,I_simpleui_vos,warm,synthetic,flat,2000,open_quick_settings,PASS,1,10,0,0,,,,,,,,10,3.000000,3.000000,3.000000,3.000000,3.000000,0.000000,,,,,,,,10,3.000000,3.000000,3.000000,3.000000,3.000000,0.000000,10,100.000000,100.000000,100.000000,100.000000,100.000000,0.000000,10,441.212891,355.648535,347.521973,293.730469,440.589746,50.676991,10,110387.229492,108084.150488,108188.630859,105427.660156,109939.769531,1627.768006,10,0.000000,0.000000,0.000000,0.000000,0.000000,0.000000,10,3.000000,3.000000,3.000000,3.000000,3.000000,0.000000,10,289504.000000,289504.000000,289504.000000,289504.000000,289504.000000,0.000000,10,3.000000,3.000000,3.000000,3.000000,3.000000,0.000000,,,,,,,,10,100.000000,100.000000,100.000000,100.000000,100.000000,0.000000,10,10.495000,8.814600,8.827000,7.776000,9.521200,0.789915
phase1,I_simpleui_vos,warm,synthetic,flat,2000,repeated_nav,PASS,1,2,0,0,,,,,,,,2,14.876214,13.876214,13.876214,12.876214,14.676214,1.414214,,,,,,,,2,12.000000,11.000000,11.000000,10.000000,11.800000,1.414214,2,100.000000,100.000000,100.000000,100.000000,100.000000,0.000000,2,4573.626953,-9817.171387,-9817.171387,-24207.969727,1695.467285,20351.662186,2,124543.123047,112459.769043,112459.769043,100376.415039,122126.452246,17088.443111,2,30.000000,30.000000,30.000000,30.000000,30.000000,0.000000,2,42.000000,41.000000,41.000000,40.000000,41.800000,1.414214,2,295856.000000,294864.000000,294864.000000,293872.000000,295657.600000,1402.899854,2,42.000000,41.000000,41.000000,40.000000,41.800000,1.414214,,,,,,,,2,100.000000,100.000000,100.000000,100.000000,100.000000,0.000000,2,1186.872000,643.665000,643.665000,100.458000,1078.230600,768.210707
phase1,I_simpleui_vos,warm,synthetic,flat,2000,start_to_home,PASS,1,10,0,0,,,,,,,,10,0.000000,0.000000,0.000000,0.000000,0.000000,0.000000,,,,,,,,10,0.000000,0.000000,0.000000,0.000000,0.000000,0.000000,10,0.000000,0.000000,0.000000,0.000000,0.000000,0.000000,10,7.691406,3.703125,3.283203,2.062500,5.191797,1.745522,10,16148.355469,16111.698047,16114.726562,16069.667969,16142.484375,27.371792,10,0.000000,0.000000,0.000000,0.000000,0.000000,0.000000,10,0.000000,0.000000,0.000000,0.000000,0.000000,0.000000,10,175840.000000,175840.000000,175840.000000,175840.000000,175840.000000,0.000000,10,0.000000,0.000000,0.000000,0.000000,0.000000,0.000000,,,,,,,,10,0.000000,0.000000,0.000000,0.000000,0.000000,0.000000,10,0.162000,0.048800,0.044000,0.006000,0.085500,0.044674
phase1,I_simpleui_vos,warm,synthetic,flat,50,change_sort_mode,PASS,1,10,0,0,,,,,,,,10,2.781553,2.781553,2.781553,2.781553,2.781553,0.000000,,,,,,,,10,2.000000,2.000000,2.000000,2.000000,2.000000,0.000000,10,100.000000,100.000000,100.000000,100.000000,100.000000,0.000000,10,1238.234375,-106.982324,1114.877441,-4938.328125,1237.791406,2007.663054,10,19384.439453,15888.475195,15513.592773,14366.519531,18254.640625,1744.381399,10,8.000000,8.000000,8.000000,8.000000,8.000000,0.000000,10,10.000000,10.000000,10.000000,10.000000,10.000000,0.000000,10,196816.000000,196816.000000,196816.000000,196816.000000,196816.000000,0.000000,10,10.000000,10.000000,10.000000,10.000000,10.000000,0.000000,,,,,,,,10,100.000000,100.000000,100.000000,100.000000,100.000000,0.000000,10,62.537000,40.067300,38.935500,21.348000,57.216200,14.174018
phase1,I_simpleui_vos,warm,synthetic,flat,50,close_book,PASS,1,10,0,0,,,,,,,,10,17.483010,17.483010,17.483010,17.483010,17.483010,0.000000,,,,,,,,10,17.000000,17.000000,17.000000,17.000000,17.000000,0.000000,10,100.000000,100.000000,100.000000,100.000000,100.000000,0.000000,10,4345.340820,2751.487012,3079.419922,321.509766,3532.596875,1216.963479,10,48547.375977,43911.263574,43550.941406,39852.160156,48144.437891,2928.157620,10,5.000000,5.000000,5.000000,5.000000,5.000000,0.000000,10,22.000000,22.000000,22.000000,22.000000,22.000000,0.000000,10,245696.000000,240304.000000,241584.000000,235472.000000,244284.800000,3835.552981,10,22.000000,22.000000,22.000000,22.000000,22.000000,0.000000,,,,,,,,10,100.000000,100.000000,100.000000,100.000000,100.000000,0.000000,10,52795.034000,5334.816200,51.479500,33.192000,5388.190100,16675.846259
phase1,I_simpleui_vos,warm,synthetic,flat,50,close_quick_settings,PASS,1,10,0,0,,,,,,,,10,3.000000,3.000000,3.000000,3.000000,3.000000,0.000000,,,,,,,,10,3.000000,3.000000,3.000000,3.000000,3.000000,0.000000,10,100.000000,100.000000,100.000000,100.000000,100.000000,0.000000,10,193.231445,171.887109,172.661133,157.691406,180.857324,10.691340,10,63439.778320,61331.922852,61332.754883,59204.354492,63024.009961,1425.977295,10,0.000000,0.000000,0.000000,0.000000,0.000000,0.000000,10,3.000000,3.000000,3.000000,3.000000,3.000000,0.000000,10,245696.000000,245696.000000,245696.000000,245696.000000,245696.000000,0.000000,10,3.000000,3.000000,3.000000,3.000000,3.000000,0.000000,,,,,,,,10,100.000000,100.000000,100.000000,100.000000,100.000000,0.000000,10,9.379000,8.341900,8.284000,7.445000,8.848900,0.555687
phase1,I_simpleui_vos,warm,synthetic,flat,50,home_to_library,PASS,1,10,0,0,,,,,,,,10,0.000000,0.000000,0.000000,0.000000,0.000000,0.000000,,,,,,,,10,0.000000,0.000000,0.000000,0.000000,0.000000,0.000000,10,0.000000,0.000000,0.000000,0.000000,0.000000,0.000000,10,10.003906,4.037500,3.640625,2.234375,5.841406,2.391521,10,13721.496094,13681.222266,13681.513672,13638.816406,13713.839063,26.361782,10,0.000000,0.000000,0.000000,0.000000,0.000000,0.000000,10,0.000000,0.000000,0.000000,0.000000,0.000000,0.000000,10,173104.000000,173104.000000,173104.000000,173104.000000,173104.000000,0.000000,10,0.000000,0.000000,0.000000,0.000000,0.000000,0.000000,,,,,,,,10,0.000000,0.000000,0.000000,0.000000,0.000000,0.000000,10,0.190000,0.056400,0.037500,0.009000,0.126100,0.056755
phase1,I_simpleui_vos,warm,synthetic,flat,50,library_first_render,PASS,1,10,0,0,,,,,,,,10,2.390777,2.390777,2.390777,2.390777,2.390777,0.000000,,,,,,,,10,2.000000,2.000000,2.000000,2.000000,2.000000,0.000000,10,100.000000,100.000000,100.000000,100.000000,100.000000,0.000000,10,1380.999023,591.135937,1232.846191,-3035.650391,1300.211719,1471.441980,10,21221.999023,18465.583887,18412.927734,16243.453125,20151.484180,1528.900305,10,4.000000,4.000000,4.000000,4.000000,4.000000,0.000000,10,6.000000,6.000000,6.000000,6.000000,6.000000,0.000000,10,192032.000000,187163.200000,186736.000000,183424.000000,190376.000000,2866.765146,10,6.000000,6.000000,6.000000,6.000000,6.000000,0.000000,,,,,,,,10,100.000000,100.000000,100.000000,100.000000,100.000000,0.000000,10,56.310000,44.092600,43.233000,33.992000,56.188500,8.989617
phase1,I_simpleui_vos,warm,synthetic,flat,50,library_folder_back,PASS,1,10,0,0,,,,,,,,10,2.586165,2.586165,2.586165,2.586165,2.586165,0.000000,,,,,,,,10,2.000000,2.000000,2.000000,2.000000,2.000000,0.000000,10,100.000000,100.000000,100.000000,100.000000,100.000000,0.000000,10,821.451172,113.526172,774.936523,-2202.811523,820.911523,1135.114650,10,16430.882812,15286.152051,15342.073242,14333.843750,16342.979004,786.078310,10,6.000000,6.000000,6.000000,6.000000,6.000000,0.000000,10,8.000000,8.000000,8.000000,8.000000,8.000000,0.000000,10,196816.000000,196755.200000,196720.000000,196720.000000,196816.000000,46.372406,10,8.000000,8.000000,8.000000,8.000000,8.000000,0.000000,,,,,,,,10,100.000000,100.000000,100.000000,100.000000,100.000000,0.000000,10,36.996000,24.949900,20.951500,18.806000,35.906100,7.437150
phase1,I_simpleui_vos,warm,synthetic,flat,50,library_folder_enter,PASS,1,10,0,0,,,,,,,,10,2.586165,2.586165,2.586165,2.586165,2.586165,0.000000,,,,,,,,10,2.000000,2.000000,2.000000,2.000000,2.000000,0.000000,10,100.000000,100.000000,100.000000,100.000000,100.000000,0.000000,10,231.458984,-150.875879,189.610352,-3273.012695,210.695703,1097.117143,10,16563.153320,15443.330664,15557.305664,13982.277344,16526.489746,905.060890,10,6.000000,6.000000,6.000000,6.000000,6.000000,0.000000,10,8.000000,8.000000,8.000000,8.000000,8.000000,0.000000,10,196720.000000,196718.400000,196720.000000,196704.000000,196720.000000,5.059644,10,8.000000,8.000000,8.000000,8.000000,8.000000,0.000000,,,,,,,,10,100.000000,100.000000,100.000000,100.000000,100.000000,0.000000,10,25.125000,10.538800,8.963500,8.344000,11.034600,5.135632
phase1,I_simpleui_vos,warm,synthetic,flat,50,library_next_page,PASS,1,10,0,0,,,,,,,,10,1.293083,1.293083,1.293083,1.293083,1.293083,0.000000,,,,,,,,10,1.000000,1.000000,1.000000,1.000000,1.000000,0.000000,10,100.000000,100.000000,100.000000,100.000000,100.000000,0.000000,10,653.087891,511.418262,625.508301,-547.126953,641.536426,372.176720,10,20610.122070,18261.105078,17962.157715,16780.113281,19830.596387,1242.242636,10,3.000000,3.000000,3.000000,3.000000,3.000000,0.000000,10,4.000000,4.000000,4.000000,4.000000,4.000000,0.000000,10,192032.000000,192032.000000,192032.000000,192032.000000,192032.000000,0.000000,10,4.000000,4.000000,4.000000,4.000000,4.000000,0.000000,,,,,,,,10,100.000000,100.000000,100.000000,100.000000,100.000000,0.000000,10,33.180000,19.051500,17.405500,16.262000,21.149700,5.077667
phase1,I_simpleui_vos,warm,synthetic,flat,50,library_prev_page,PASS,1,10,0,0,,,,,,,,10,4.293083,1.593083,1.293083,1.293083,1.593083,0.948683,,,,,,,,10,4.000000,1.300000,1.000000,1.000000,1.300000,0.948683,10,100.000000,100.000000,100.000000,100.000000,100.000000,0.000000,10,686.221680,420.776855,618.084961,-1434.087891,657.520117,652.380270,10,23524.358398,18531.279883,17914.479492,15233.809570,22409.547559,3013.230009,10,3.000000,3.000000,3.000000,3.000000,3.000000,0.000000,10,7.000000,4.300000,4.000000,4.000000,4.300000,0.948683,10,193952.000000,192724.800000,192032.000000,192032.000000,193923.200000,914.913086,10,7.000000,4.300000,4.000000,4.000000,4.300000,0.948683,,,,,,,,10,100.000000,100.000000,100.000000,100.000000,100.000000,0.000000,10,36.733000,19.218500,17.326000,16.052000,20.453800,6.207068
phase1,I_simpleui_vos,warm,synthetic,flat,50,open_book,PASS,1,10,0,0,,,,,,,,10,13.000000,13.000000,13.000000,13.000000,13.000000,0.000000,,,,,,,,10,13.000000,13.000000,13.000000,13.000000,13.000000,0.000000,10,100.000000,100.000000,100.000000,100.000000,100.000000,0.000000,10,-911.396484,-2395.804102,-2946.193848,-4066.383789,-1049.774121,1082.147784,10,35244.634766,31655.918359,31957.591309,27661.068359,35157.412988,2963.631237,10,0.000000,0.000000,0.000000,0.000000,0.000000,0.000000,10,13.000000,13.000000,13.000000,13.000000,13.000000,0.000000,10,233056.000000,228065.600000,227104.000000,224880.000000,233056.000000,3192.421693,10,13.000000,13.000000,13.000000,13.000000,13.000000,0.000000,,,,,,,,10,100.000000,100.000000,100.000000,100.000000,100.000000,0.000000,10,155.252000,134.359400,133.094500,117.854000,149.169800,13.834658
phase1,I_simpleui_vos,warm,synthetic,flat,50,open_book_minimal,PASS,1,10,0,0,,,,,,,,10,0.000000,0.000000,0.000000,0.000000,0.000000,0.000000,,,,,,,,10,0.000000,0.000000,0.000000,0.000000,0.000000,0.000000,10,0.000000,0.000000,0.000000,0.000000,0.000000,0.000000,10,1099.556641,-800.582715,-632.525879,-2694.562500,499.724219,1242.000761,10,25682.135742,21587.976172,21815.615723,16545.075195,25347.250488,2846.207986,10,0.000000,0.000000,0.000000,0.000000,0.000000,0.000000,10,0.000000,0.000000,0.000000,0.000000,0.000000,0.000000,10,217184.000000,214060.800000,215712.000000,210560.000000,216334.400000,2751.801543,10,0.000000,0.000000,0.000000,0.000000,0.000000,0.000000,,,,,,,,10,0.000000,0.000000,0.000000,0.000000,0.000000,0.000000,10,110.005000,83.207800,81.524500,57.837000,106.892800,17.810229
phase1,I_simpleui_vos,warm,synthetic,flat,50,open_quick_settings,PASS,1,10,0,0,,,,,,,,10,3.000000,3.000000,3.000000,3.000000,3.000000,0.000000,,,,,,,,10,3.000000,3.000000,3.000000,3.000000,3.000000,0.000000,10,100.000000,100.000000,100.000000,100.000000,100.000000,0.000000,10,433.903320,343.210059,335.143066,286.139648,395.434473,45.831180,10,57702.416016,55468.382812,55538.089844,53013.720703,57274.548633,1565.574796,10,0.000000,0.000000,0.000000,0.000000,0.000000,0.000000,10,3.000000,3.000000,3.000000,3.000000,3.000000,0.000000,10,245696.000000,245696.000000,245696.000000,245696.000000,245696.000000,0.000000,10,3.000000,3.000000,3.000000,3.000000,3.000000,0.000000,,,,,,,,10,100.000000,100.000000,100.000000,100.000000,100.000000,0.000000,10,9.123000,8.556000,8.459500,7.979000,9.067200,0.429900
phase1,I_simpleui_vos,warm,synthetic,flat,50,repeated_nav,PASS,1,2,0,0,,,,,,,,2,12.876214,12.876214,12.876214,12.876214,12.876214,0.000000,,,,,,,,2,10.000000,10.000000,10.000000,10.000000,10.000000,0.000000,2,100.000000,100.000000,100.000000,100.000000,100.000000,0.000000,2,1874.064453,-9434.621094,-9434.621094,-20743.306641,-387.672656,15992.896473,2,67442.745117,57089.060547,57089.060547,46735.375977,65372.008203,14642.321140,2,30.000000,30.000000,30.000000,30.000000,30.000000,0.000000,2,40.000000,40.000000,40.000000,40.000000,40.000000,0.000000,2,245696.000000,245696.000000,245696.000000,245696.000000,245696.000000,0.000000,2,40.000000,40.000000,40.000000,40.000000,40.000000,0.000000,,,,,,,,2,100.000000,100.000000,100.000000,100.000000,100.000000,0.000000,2,451.469000,267.469500,267.469500,83.470000,414.669100,260.214588
phase1,I_simpleui_vos,warm,synthetic,flat,50,start_to_home,PASS,1,10,0,0,,,,,,,,10,0.000000,0.000000,0.000000,0.000000,0.000000,0.000000,,,,,,,,10,0.000000,0.000000,0.000000,0.000000,0.000000,0.000000,10,0.000000,0.000000,0.000000,0.000000,0.000000,0.000000,10,8.394531,4.460938,3.654297,2.156250,7.195703,2.329440,10,13602.902344,13554.903906,13555.640625,13498.617188,13594.151953,34.516446,10,0.000000,0.000000,0.000000,0.000000,0.000000,0.000000,10,0.000000,0.000000,0.000000,0.000000,0.000000,0.000000,10,173104.000000,173104.000000,173104.000000,173104.000000,173104.000000,0.000000,10,0.000000,0.000000,0.000000,0.000000,0.000000,0.000000,,,,,,,,10,0.000000,0.000000,0.000000,0.000000,0.000000,0.000000,10,0.105000,0.051300,0.039500,0.022000,0.088800,0.030826
phase1,I_simpleui_vos,warm,synthetic,hierarchical,2000,change_sort_mode,PASS,1,10,0,0,,,,,,,,10,2.781553,2.781553,2.781553,2.781553,2.781553,0.000000,,,,,,,,10,2.000000,2.000000,2.000000,2.000000,2.000000,0.000000,10,100.000000,100.000000,100.000000,100.000000,100.000000,0.000000,10,315.245117,-65.823340,270.123535,-3164.807617,312.066113,1089.155289,10,19032.010742,17250.675195,17212.398438,15877.632812,18300.814355,986.435968,10,8.000000,8.000000,8.000000,8.000000,8.000000,0.000000,10,10.000000,10.000000,10.000000,10.000000,10.000000,0.000000,10,190560.000000,190560.000000,190560.000000,190560.000000,190560.000000,0.000000,10,10.000000,10.000000,10.000000,10.000000,10.000000,0.000000,,,,,,,,10,100.000000,100.000000,100.000000,100.000000,100.000000,0.000000,10,31.708000,13.553600,11.380500,10.462000,14.671000,6.419233
phase1,I_simpleui_vos,warm,synthetic,hierarchical,2000,close_book,PASS,1,10,0,0,,,,,,,,10,116.483010,27.383010,17.483010,17.483010,27.383010,31.306549,,,,,,,,10,116.000000,26.900000,17.000000,17.000000,26.900000,31.306549,10,100.000000,100.000000,100.000000,100.000000,100.000000,0.000000,10,5350.540039,2231.855469,3501.422363,-939.145508,4197.531055,2339.619976,10,52267.323242,46772.388477,47040.656738,40508.723633,50677.410840,3735.163257,10,5.000000,5.000000,5.000000,5.000000,5.000000,0.000000,10,121.000000,31.900000,22.000000,22.000000,31.900000,31.306549,10,251120.000000,247766.400000,248240.000000,242368.000000,251120.000000,3495.561223,10,121.000000,31.900000,22.000000,22.000000,31.900000,31.306549,,,,,,,,10,100.000000,100.000000,100.000000,100.000000,100.000000,0.000000,10,39711.634000,4076.009200,119.749500,53.696000,4229.274400,12521.272176
phase1,I_simpleui_vos,warm,synthetic,hierarchical,2000,close_quick_settings,PASS,1,10,0,0,,,,,,,,10,3.000000,3.000000,3.000000,3.000000,3.000000,0.000000,,,,,,,,10,3.000000,3.000000,3.000000,3.000000,3.000000,0.000000,10,100.000000,100.000000,100.000000,100.000000,100.000000,0.000000,10,509.910156,390.946191,382.220703,256.551758,461.839258,72.970557,10,67520.891602,63659.833984,63609.798828,59965.877930,66628.078418,2496.182970,10,0.000000,0.000000,0.000000,0.000000,0.000000,0.000000,10,3.000000,3.000000,3.000000,3.000000,3.000000,0.000000,10,251120.000000,251120.000000,251120.000000,251120.000000,251120.000000,0.000000,10,3.000000,3.000000,3.000000,3.000000,3.000000,0.000000,,,,,,,,10,100.000000,100.000000,100.000000,100.000000,100.000000,0.000000,10,12.489000,10.377400,10.136500,9.375000,11.577300,0.965271
phase1,I_simpleui_vos,warm,synthetic,hierarchical,2000,home_to_library,PASS,1,10,0,0,,,,,,,,10,0.000000,0.000000,0.000000,0.000000,0.000000,0.000000,,,,,,,,10,0.000000,0.000000,0.000000,0.000000,0.000000,0.000000,10,0.000000,0.000000,0.000000,0.000000,0.000000,0.000000,10,2.792969,2.190234,2.109375,2.109375,2.290234,0.215392,10,13362.820312,13333.482422,13333.722656,13303.722656,13357.898438,20.675848,10,0.000000,0.000000,0.000000,0.000000,0.000000,0.000000,10,0.000000,0.000000,0.000000,0.000000,0.000000,0.000000,10,173552.000000,173552.000000,173552.000000,173552.000000,173552.000000,0.000000,10,0.000000,0.000000,0.000000,0.000000,0.000000,0.000000,,,,,,,,10,0.000000,0.000000,0.000000,0.000000,0.000000,0.000000,10,0.015000,0.006100,0.004000,0.003000,0.015000,0.004795
phase1,I_simpleui_vos,warm,synthetic,hierarchical,2000,library_first_render,PASS,1,10,0,0,,,,,,,,10,2.390777,2.390777,2.390777,2.390777,2.390777,0.000000,,,,,,,,10,2.000000,2.000000,2.000000,2.000000,2.000000,0.000000,10,100.000000,100.000000,100.000000,100.000000,100.000000,0.000000,10,693.951172,41.604980,606.278320,-2735.007812,661.637305,1232.856583,10,18746.849609,16715.930859,16918.845703,14718.379883,18148.588672,1314.860921,10,4.000000,4.000000,4.000000,4.000000,4.000000,0.000000,10,6.000000,6.000000,6.000000,6.000000,6.000000,0.000000,10,185360.000000,184790.400000,184600.000000,184560.000000,185259.200000,312.371289,10,6.000000,6.000000,6.000000,6.000000,6.000000,0.000000,,,,,,,,10,100.000000,100.000000,100.000000,100.000000,100.000000,0.000000,10,45.660000,28.634800,25.864500,24.958000,31.262700,6.230500
phase1,I_simpleui_vos,warm,synthetic,hierarchical,2000,library_folder_back,PASS,1,10,0,0,,,,,,,,10,2.586165,2.586165,2.586165,2.586165,2.586165,0.000000,,,,,,,,10,2.000000,2.000000,2.000000,2.000000,2.000000,0.000000,10,100.000000,100.000000,100.000000,100.000000,100.000000,0.000000,10,399.055664,-84.660059,305.964844,-3735.706055,363.759668,1283.336098,10,18312.947266,17256.544922,17480.131836,15738.445312,18155.385742,845.915169,10,6.000000,6.000000,6.000000,6.000000,6.000000,0.000000,10,8.000000,8.000000,8.000000,8.000000,8.000000,0.000000,10,190560.000000,190457.600000,190512.000000,190304.000000,190560.000000,107.251729,10,8.000000,8.000000,8.000000,8.000000,8.000000,0.000000,,,,,,,,10,100.000000,100.000000,100.000000,100.000000,100.000000,0.000000,10,41.231000,17.624300,14.820500,11.310000,20.960300,8.705997
phase1,I_simpleui_vos,warm,synthetic,hierarchical,2000,library_folder_enter,PASS,1,10,0,0,,,,,,,,10,2.586165,2.586165,2.586165,2.586165,2.586165,0.000000,,,,,,,,10,2.000000,2.000000,2.000000,2.000000,2.000000,0.000000,10,100.000000,100.000000,100.000000,100.000000,100.000000,0.000000,10,1487.289062,412.861426,1079.320801,-2452.077148,1383.133398,1280.761023,10,19812.798828,17114.867480,16958.754883,15697.589844,18228.455176,1240.075647,10,6.000000,6.000000,6.000000,6.000000,6.000000,0.000000,10,8.000000,8.000000,8.000000,8.000000,8.000000,0.000000,10,189824.000000,187366.400000,187128.000000,186864.000000,187649.600000,883.603129,10,8.000000,8.000000,8.000000,8.000000,8.000000,0.000000,,,,,,,,10,100.000000,100.000000,100.000000,100.000000,100.000000,0.000000,10,50.836000,26.537400,25.440000,8.302000,48.033400,13.611938
phase1,I_simpleui_vos,warm,synthetic,hierarchical,2000,library_next_page,UNSUPPORTED,1,0,0,10,,,,,,,,,,,,,,,,,,,,,,,,,,,,,,,,,,,,,,,,,,,,,,,,,,,,,,,,,,,,,,,,,,,,,,,,,,,,,,,,,,,,,,,,,,,,,,,,,,
phase1,I_simpleui_vos,warm,synthetic,hierarchical,2000,library_prev_page,UNSUPPORTED,1,0,0,10,,,,,,,,,,,,,,,,,,,,,,,,,,,,,,,,,,,,,,,,,,,,,,,,,,,,,,,,,,,,,,,,,,,,,,,,,,,,,,,,,,,,,,,,,,,,,,,,,,
phase1,I_simpleui_vos,warm,synthetic,hierarchical,2000,open_book,PASS,1,10,0,0,,,,,,,,10,13.000000,10.600000,9.000000,9.000000,13.000000,2.065591,,,,,,,,10,13.000000,10.600000,9.000000,9.000000,13.000000,2.065591,10,100.000000,100.000000,100.000000,100.000000,100.000000,0.000000,10,1429.213867,-1322.484668,-2038.028320,-4045.882812,1204.539941,2258.386500,10,38946.694336,34890.860449,34505.008301,29890.243164,38199.608203,2888.901203,10,0.000000,0.000000,0.000000,0.000000,0.000000,0.000000,10,13.000000,10.600000,9.000000,9.000000,13.000000,2.065591,10,240944.000000,233473.600000,232936.000000,227392.000000,239619.200000,5143.045082,10,13.000000,10.600000,9.000000,9.000000,13.000000,2.065591,,,,,,,,10,100.000000,100.000000,100.000000,100.000000,100.000000,0.000000,10,180.521000,145.531100,153.677500,106.620000,178.941500,30.857827
phase1,I_simpleui_vos,warm,synthetic,hierarchical,2000,open_book_minimal,PASS,1,10,0,0,,,,,,,,10,0.000000,0.000000,0.000000,0.000000,0.000000,0.000000,,,,,,,,10,0.000000,0.000000,0.000000,0.000000,0.000000,0.000000,10,0.000000,0.000000,0.000000,0.000000,0.000000,0.000000,10,1186.499023,-2312.324414,-2431.229980,-4478.369141,-1083.524219,1590.643449,10,28552.191406,23848.686621,23817.019531,18989.134766,27880.257910,3195.404551,10,0.000000,0.000000,0.000000,0.000000,0.000000,0.000000,10,0.000000,0.000000,0.000000,0.000000,0.000000,0.000000,10,222480.000000,216812.800000,217488.000000,211264.000000,221313.600000,4467.435078,10,0.000000,0.000000,0.000000,0.000000,0.000000,0.000000,,,,,,,,10,0.000000,0.000000,0.000000,0.000000,0.000000,0.000000,10,148.781000,114.843200,115.927000,91.264000,125.952500,15.937850
phase1,I_simpleui_vos,warm,synthetic,hierarchical,2000,open_quick_settings,PASS,1,10,0,0,,,,,,,,10,3.000000,3.000000,3.000000,3.000000,3.000000,0.000000,,,,,,,,10,3.000000,3.000000,3.000000,3.000000,3.000000,0.000000,10,100.000000,100.000000,100.000000,100.000000,100.000000,0.000000,10,481.325195,437.722070,442.492676,376.657227,461.134082,27.955669,10,57529.618164,54190.230957,54215.232910,50791.830078,56868.350195,2242.368694,10,0.000000,0.000000,0.000000,0.000000,0.000000,0.000000,10,3.000000,3.000000,3.000000,3.000000,3.000000,0.000000,10,251120.000000,251120.000000,251120.000000,251120.000000,251120.000000,0.000000,10,3.000000,3.000000,3.000000,3.000000,3.000000,0.000000,,,,,,,,10,100.000000,100.000000,100.000000,100.000000,100.000000,0.000000,10,8.980000,8.478800,8.475000,7.763000,8.871100,0.399459
phase1,I_simpleui_vos,warm,synthetic,hierarchical,2000,repeated_nav,PASS,1,2,0,0,,,,,,,,2,14.876214,13.876214,13.876214,12.876214,14.676214,1.414214,,,,,,,,2,12.000000,11.000000,11.000000,10.000000,11.800000,1.414214,2,100.000000,100.000000,100.000000,100.000000,100.000000,0.000000,2,2275.125977,-10443.861328,-10443.861328,-23162.848633,-268.671484,17987.364346,2,72053.887695,60493.895020,60493.895020,48933.902344,69741.889160,16348.298423,2,30.000000,30.000000,30.000000,30.000000,30.000000,0.000000,2,42.000000,41.000000,41.000000,40.000000,41.800000,1.414214,2,251120.000000,251120.000000,251120.000000,251120.000000,251120.000000,0.000000,2,42.000000,41.000000,41.000000,40.000000,41.800000,1.414214,,,,,,,,2,100.000000,100.000000,100.000000,100.000000,100.000000,0.000000,2,453.937000,268.582500,268.582500,83.228000,416.866100,262.130848
phase1,I_simpleui_vos,warm,synthetic,hierarchical,2000,start_to_home,PASS,1,10,0,0,,,,,,,,10,0.000000,0.000000,0.000000,0.000000,0.000000,0.000000,,,,,,,,10,0.000000,0.000000,0.000000,0.000000,0.000000,0.000000,10,0.000000,0.000000,0.000000,0.000000,0.000000,0.000000,10,8.535156,3.862891,3.003906,2.062500,5.989844,2.031822,10,13266.656250,13218.938281,13216.224609,13179.457031,13255.508203,29.702129,10,0.000000,0.000000,0.000000,0.000000,0.000000,0.000000,10,0.000000,0.000000,0.000000,0.000000,0.000000,0.000000,10,173552.000000,173552.000000,173552.000000,173552.000000,173552.000000,0.000000,10,0.000000,0.000000,0.000000,0.000000,0.000000,0.000000,,,,,,,,10,0.000000,0.000000,0.000000,0.000000,0.000000,0.000000,10,0.084000,0.050800,0.047000,0.023000,0.077700,0.020088
phase1,I_simpleui_vos,warm,synthetic,hierarchical,50,change_sort_mode,PASS,1,10,0,0,,,,,,,,10,2.781553,2.781553,2.781553,2.781553,2.781553,0.000000,,,,,,,,10,2.000000,2.000000,2.000000,2.000000,2.000000,0.000000,10,100.000000,100.000000,100.000000,100.000000,100.000000,0.000000,10,281.793945,-67.911816,257.535156,-1567.374023,272.095215,703.373605,10,17313.279297,16566.825879,16622.677246,15654.226562,17221.212988,573.547820,10,8.000000,8.000000,8.000000,8.000000,8.000000,0.000000,10,10.000000,10.000000,10.000000,10.000000,10.000000,0.000000,10,188432.000000,188432.000000,188432.000000,188432.000000,188432.000000,0.000000,10,10.000000,10.000000,10.000000,10.000000,10.000000,0.000000,,,,,,,,10,100.000000,100.000000,100.000000,100.000000,100.000000,0.000000,10,29.630000,14.747100,11.583500,10.038000,28.245800,7.487512
phase1,I_simpleui_vos,warm,synthetic,hierarchical,50,close_book,PASS,1,10,0,0,,,,,,,,10,122.483010,27.983010,17.483010,17.483010,27.983010,33.203915,,,,,,,,10,122.000000,27.500000,17.000000,17.000000,27.500000,33.203915,10,100.000000,100.000000,100.000000,100.000000,100.000000,0.000000,10,5965.183594,2308.206348,3239.926758,-775.245117,3787.035937,2104.994829,10,50466.359375,43363.120801,43147.267578,37079.489258,47967.957617,4045.836628,10,5.000000,5.000000,5.000000,5.000000,5.000000,0.000000,10,127.000000,32.500000,22.000000,22.000000,32.500000,33.203915,10,247776.000000,243414.400000,243296.000000,237712.000000,247358.400000,3708.613014,10,127.000000,32.500000,22.000000,22.000000,32.500000,33.203915,,,,,,,,10,100.000000,100.000000,100.000000,100.000000,100.000000,0.000000,10,31161.143000,3191.123300,83.157500,53.763000,3231.533000,9827.710150
phase1,I_simpleui_vos,warm,synthetic,hierarchical,50,close_quick_settings,PASS,1,10,0,0,,,,,,,,10,3.000000,3.000000,3.000000,3.000000,3.000000,0.000000,,,,,,,,10,3.000000,3.000000,3.000000,3.000000,3.000000,0.000000,10,100.000000,100.000000,100.000000,100.000000,100.000000,0.000000,10,469.633789,431.253613,441.200195,357.885742,465.185645,37.636356,10,72738.585938,68815.719824,68842.862305,64869.831055,71946.453223,2629.416207,10,0.000000,0.000000,0.000000,0.000000,0.000000,0.000000,10,3.000000,3.000000,3.000000,3.000000,3.000000,0.000000,10,272784.000000,268280.000000,268400.000000,263936.000000,271891.200000,2918.442202,10,3.000000,3.000000,3.000000,3.000000,3.000000,0.000000,,,,,,,,10,100.000000,100.000000,100.000000,100.000000,100.000000,0.000000,10,270.482000,42.914800,17.657500,16.514000,44.239100,79.962067
phase1,I_simpleui_vos,warm,synthetic,hierarchical,50,home_to_library,PASS,1,10,0,0,,,,,,,,10,0.000000,0.000000,0.000000,0.000000,0.000000,0.000000,,,,,,,,10,0.000000,0.000000,0.000000,0.000000,0.000000,0.000000,10,0.000000,0.000000,0.000000,0.000000,0.000000,0.000000,10,10.679688,3.391406,2.203125,2.203125,5.582031,2.707904,10,13468.718750,13441.889844,13442.507812,13412.343750,13463.178125,18.501699,10,0.000000,0.000000,0.000000,0.000000,0.000000,0.000000,10,0.000000,0.000000,0.000000,0.000000,0.000000,0.000000,10,173504.000000,173504.000000,173504.000000,173504.000000,173504.000000,0.000000,10,0.000000,0.000000,0.000000,0.000000,0.000000,0.000000,,,,,,,,10,0.000000,0.000000,0.000000,0.000000,0.000000,0.000000,10,0.101000,0.023500,0.013500,0.004000,0.051500,0.030515
phase1,I_simpleui_vos,warm,synthetic,hierarchical,50,library_first_render,PASS,1,10,0,0,,,,,,,,10,2.390777,2.390777,2.390777,2.390777,2.390777,0.000000,,,,,,,,10,2.000000,2.000000,2.000000,2.000000,2.000000,0.000000,10,100.000000,100.000000,100.000000,100.000000,100.000000,0.000000,10,688.607422,53.983301,606.196289,-2752.527344,658.133105,1116.076938,10,18697.811523,16790.087891,17160.062012,14762.739258,18164.707422,1363.194053,10,4.000000,4.000000,4.000000,4.000000,4.000000,0.000000,10,6.000000,6.000000,6.000000,6.000000,6.000000,0.000000,10,183840.000000,183840.000000,183840.000000,183840.000000,183840.000000,0.000000,10,6.000000,6.000000,6.000000,6.000000,6.000000,0.000000,,,,,,,,10,100.000000,100.000000,100.000000,100.000000,100.000000,0.000000,10,44.816000,28.582100,26.630000,24.838000,30.590600,5.912862
phase1,I_simpleui_vos,warm,synthetic,hierarchical,50,library_folder_back,PASS,1,10,0,0,,,,,,,,10,2.586165,2.586165,2.586165,2.586165,2.586165,0.000000,,,,,,,,10,2.000000,2.000000,2.000000,2.000000,2.000000,0.000000,10,100.000000,100.000000,100.000000,100.000000,100.000000,0.000000,10,363.827148,197.229785,275.035645,-698.192383,354.123145,317.107099,10,17310.913086,16404.544824,16454.573242,15491.621094,17279.566016,641.494062,10,6.000000,6.000000,6.000000,6.000000,6.000000,0.000000,10,8.000000,8.000000,8.000000,8.000000,8.000000,0.000000,10,188432.000000,187968.000000,187792.000000,187792.000000,188403.200000,282.011820,10,8.000000,8.000000,8.000000,8.000000,8.000000,0.000000,,,,,,,,10,100.000000,100.000000,100.000000,100.000000,100.000000,0.000000,10,32.178000,15.729400,14.168000,9.770000,21.937800,6.619835
phase1,I_simpleui_vos,warm,synthetic,hierarchical,50,library_folder_enter,PASS,1,10,0,0,,,,,,,,10,2.586165,2.586165,2.586165,2.586165,2.586165,0.000000,,,,,,,,10,2.000000,2.000000,2.000000,2.000000,2.000000,0.000000,10,100.000000,100.000000,100.000000,100.000000,100.000000,0.000000,10,684.841797,186.404297,319.336914,-1539.557617,601.493359,632.783916,10,17319.798828,15952.410742,15841.644043,14819.265625,16890.076074,743.969887,10,6.000000,6.000000,6.000000,6.000000,6.000000,0.000000,10,8.000000,8.000000,8.000000,8.000000,8.000000,0.000000,10,186000.000000,185270.400000,185184.000000,185056.000000,185337.600000,264.223474,10,8.000000,8.000000,8.000000,8.000000,8.000000,0.000000,,,,,,,,10,100.000000,100.000000,100.000000,100.000000,100.000000,0.000000,10,33.889000,16.604400,14.044500,9.449000,22.473400,7.608328
phase1,I_simpleui_vos,warm,synthetic,hierarchical,50,library_next_page,UNSUPPORTED,1,0,0,10,,,,,,,,,,,,,,,,,,,,,,,,,,,,,,,,,,,,,,,,,,,,,,,,,,,,,,,,,,,,,,,,,,,,,,,,,,,,,,,,,,,,,,,,,,,,,,,,,,
phase1,I_simpleui_vos,warm,synthetic,hierarchical,50,library_prev_page,UNSUPPORTED,1,0,0,10,,,,,,,,,,,,,,,,,,,,,,,,,,,,,,,,,,,,,,,,,,,,,,,,,,,,,,,,,,,,,,,,,,,,,,,,,,,,,,,,,,,,,,,,,,,,,,,,,,
phase1,I_simpleui_vos,warm,synthetic,hierarchical,50,open_book,PASS,1,10,0,0,,,,,,,,10,13.000000,11.800000,13.000000,9.000000,13.000000,1.932184,,,,,,,,10,13.000000,11.800000,13.000000,9.000000,13.000000,1.932184,10,100.000000,100.000000,100.000000,100.000000,100.000000,0.000000,10,1479.272461,-1505.941992,-2558.437012,-3863.387695,1219.464258,2383.969974,10,35277.208008,32074.651172,32059.595215,29198.458008,34828.355859,2164.597428,10,0.000000,0.000000,0.000000,0.000000,0.000000,0.000000,10,13.000000,11.800000,13.000000,9.000000,13.000000,1.932184,10,236720.000000,232136.000000,232088.000000,226912.000000,235337.600000,3146.849712,10,13.000000,11.800000,13.000000,9.000000,13.000000,1.932184,,,,,,,,10,100.000000,100.000000,100.000000,100.000000,100.000000,0.000000,10,182.466000,138.748000,149.564500,91.734000,175.258800,33.772593
phase1,I_simpleui_vos,warm,synthetic,hierarchical,50,open_book_minimal,PASS,1,10,0,0,,,,,,,,10,0.000000,0.000000,0.000000,0.000000,0.000000,0.000000,,,,,,,,10,0.000000,0.000000,0.000000,0.000000,0.000000,0.000000,10,0.000000,0.000000,0.000000,0.000000,0.000000,0.000000,10,-673.293945,-2118.939648,-2049.120605,-3625.149414,-1117.195215,987.196449,10,25976.317383,22328.827832,21964.719238,18206.991211,25559.921484,2712.459768,10,0.000000,0.000000,0.000000,0.000000,0.000000,0.000000,10,0.000000,0.000000,0.000000,0.000000,0.000000,0.000000,10,223552.000000,217788.800000,219296.000000,204848.000000,223019.200000,5661.939613,10,0.000000,0.000000,0.000000,0.000000,0.000000,0.000000,,,,,,,,10,0.000000,0.000000,0.000000,0.000000,0.000000,0.000000,10,132.169000,118.044200,117.950000,106.441000,129.034300,8.919575
phase1,I_simpleui_vos,warm,synthetic,hierarchical,50,open_quick_settings,PASS,1,10,0,0,,,,,,,,10,3.000000,3.000000,3.000000,3.000000,3.000000,0.000000,,,,,,,,10,3.000000,3.000000,3.000000,3.000000,3.000000,0.000000,10,100.000000,100.000000,100.000000,100.000000,100.000000,0.000000,10,485.900391,447.561621,454.787598,414.135742,468.294141,22.426638,10,62423.068359,58748.345410,58746.865723,55154.400391,61640.837402,2445.197539,10,0.000000,0.000000,0.000000,0.000000,0.000000,0.000000,10,3.000000,3.000000,3.000000,3.000000,3.000000,0.000000,10,261232.000000,257108.800000,257112.000000,253072.000000,260353.600000,2745.626211,10,3.000000,3.000000,3.000000,3.000000,3.000000,0.000000,,,,,,,,10,100.000000,100.000000,100.000000,100.000000,100.000000,0.000000,10,11.673000,10.479400,10.439500,9.410000,10.892700,0.559806
phase1,I_simpleui_vos,warm,synthetic,hierarchical,50,repeated_nav,UNSUPPORTED,1,0,0,2,,,,,,,,,,,,,,,,,,,,,,,,,,,,,,,,,,,,,,,,,,,,,,,,,,,,,,,,,,,,,,,,,,,,,,,,,,,,,,,,,,,,,,,,,,,,,,,,,,
phase1,I_simpleui_vos,warm,synthetic,hierarchical,50,start_to_home,PASS,1,10,0,0,,,,,,,,10,0.000000,0.000000,0.000000,0.000000,0.000000,0.000000,,,,,,,,10,0.000000,0.000000,0.000000,0.000000,0.000000,0.000000,10,0.000000,0.000000,0.000000,0.000000,0.000000,0.000000,10,11.343750,4.569531,4.035156,2.195312,6.221484,2.563642,10,13363.566406,13319.537500,13317.310547,13271.398438,13355.628125,30.089772,10,0.000000,0.000000,0.000000,0.000000,0.000000,0.000000,10,0.000000,0.000000,0.000000,0.000000,0.000000,0.000000,10,173504.000000,173504.000000,173504.000000,173504.000000,173504.000000,0.000000,10,0.000000,0.000000,0.000000,0.000000,0.000000,0.000000,,,,,,,,10,0.000000,0.000000,0.000000,0.000000,0.000000,0.000000,10,0.164000,0.068500,0.048000,0.020000,0.128900,0.047346
phase1,J_project_title_vos,first_run_cold,startup,hierarchical,2000,home_to_library,PASS,3,3,0,0,,,,,,,,3,2.097694,2.097694,2.097694,2.097694,2.097694,0.000000,,,,,,,,3,2.000000,2.000000,2.000000,2.000000,2.000000,0.000000,3,100.000000,100.000000,100.000000,100.000000,100.000000,0.000000,3,556.454102,552.184896,550.924805,549.175781,555.348242,3.799258,3,9563.152344,9532.892253,9527.767578,9507.756836,9556.075391,28.051066,3,1.000000,1.000000,1.000000,1.000000,1.000000,0.000000,3,3.000000,3.000000,3.000000,3.000000,3.000000,0.000000,3,176448.000000,175936.000000,175792.000000,175568.000000,176316.800000,457.331390,3,3.000000,3.000000,3.000000,3.000000,3.000000,0.000000,,,,,,,,3,100.000000,100.000000,100.000000,100.000000,100.000000,0.000000,3,18.356000,17.793000,18.189000,16.834000,18.322600,0.834705
phase1,J_project_title_vos,first_run_cold,startup,hierarchical,2000,library_first_render,PASS,3,3,0,0,,,,,,,,3,2.097694,2.097694,2.097694,2.097694,2.097694,0.000000,,,,,,,,3,2.000000,2.000000,2.000000,2.000000,2.000000,0.000000,3,100.000000,100.000000,100.000000,100.000000,100.000000,0.000000,3,472.925781,455.147135,452.380859,440.134766,468.816797,16.569607,3,10011.951172,9996.703451,9989.346680,9988.812500,10007.430273,13.207615,3,1.000000,1.000000,1.000000,1.000000,1.000000,0.000000,3,3.000000,3.000000,3.000000,3.000000,3.000000,0.000000,3,176464.000000,175941.333333,175792.000000,175568.000000,176329.600000,466.293184,3,3.000000,3.000000,3.000000,3.000000,3.000000,0.000000,,,,,,,,3,100.000000,100.000000,100.000000,100.000000,100.000000,0.000000,3,17.883000,17.107333,17.072000,16.367000,17.720800,0.758617
phase1,J_project_title_vos,steady_state_cold,startup,hierarchical,2000,home_to_library,PASS,3,3,0,0,,,,,,,,3,2.097694,2.097694,2.097694,2.097694,2.097694,0.000000,,,,,,,,3,2.000000,2.000000,2.000000,2.000000,2.000000,0.000000,3,100.000000,100.000000,100.000000,100.000000,100.000000,0.000000,3,475.187500,464.630534,474.836914,443.867188,475.117383,17.982440,3,9438.127930,9418.537109,9412.089844,9405.393555,9432.920313,17.293359,3,1.000000,1.000000,1.000000,1.000000,1.000000,0.000000,3,3.000000,3.000000,3.000000,3.000000,3.000000,0.000000,3,175728.000000,174330.666667,174160.000000,173104.000000,175414.400000,1320.298956,3,3.000000,3.000000,3.000000,3.000000,3.000000,0.000000,,,,,,,,3,100.000000,100.000000,100.000000,100.000000,100.000000,0.000000,3,17.234000,16.881000,17.079000,16.330000,17.203000,0.483433
phase1,J_project_title_vos,steady_state_cold,startup,hierarchical,2000,library_first_render,PASS,3,3,0,0,,,,,,,,3,2.097694,2.097694,2.097694,2.097694,2.097694,0.000000,,,,,,,,3,2.000000,2.000000,2.000000,2.000000,2.000000,0.000000,3,100.000000,100.000000,100.000000,100.000000,100.000000,0.000000,3,414.263672,404.874674,405.538086,394.822266,412.518555,9.737667,3,9861.055664,9833.081055,9828.702148,9809.485352,9854.584961,26.062529,3,1.000000,1.000000,1.000000,1.000000,1.000000,0.000000,3,3.000000,3.000000,3.000000,3.000000,3.000000,0.000000,3,175728.000000,174330.666667,174160.000000,173104.000000,175414.400000,1320.298956,3,3.000000,3.000000,3.000000,3.000000,3.000000,0.000000,,,,,,,,3,100.000000,100.000000,100.000000,100.000000,100.000000,0.000000,3,16.820000,16.599333,16.530000,16.448000,16.762000,0.195452
phase1,J_project_title_vos,warm,synthetic,flat,2000,change_sort_mode,PASS,1,10,0,0,,,,,,,,10,2.390777,2.390777,2.390777,2.390777,2.390777,0.000000,,,,,,,,10,2.000000,2.000000,2.000000,2.000000,2.000000,0.000000,10,100.000000,100.000000,100.000000,100.000000,100.000000,0.000000,10,10169.375977,-1310.372656,-7711.434082,-9636.242188,10133.086816,9815.934347,10,33995.278320,26770.906641,24400.621582,16870.786133,33518.970020,6008.519087,10,4.000000,4.000000,4.000000,4.000000,4.000000,0.000000,10,6.000000,6.000000,6.000000,6.000000,6.000000,0.000000,10,196448.000000,196382.400000,196440.000000,196144.000000,196448.000000,125.859887,10,6.000000,6.000000,6.000000,6.000000,6.000000,0.000000,,,,,,,,10,100.000000,100.000000,100.000000,100.000000,100.000000,0.000000,10,90.190000,79.777600,78.133500,76.081000,83.158300,4.289383
phase1,J_project_title_vos,warm,synthetic,flat,2000,close_book,PASS,1,10,0,0,,,,,,,,10,4.383495,4.383495,4.383495,4.383495,4.383495,0.000000,,,,,,,,10,4.000000,4.000000,4.000000,4.000000,4.000000,0.000000,10,100.000000,100.000000,100.000000,100.000000,100.000000,0.000000,10,7073.266602,7011.275684,7004.764160,6963.057617,7051.035547,35.082867,10,24401.745117,24298.296875,24283.007812,24214.989258,24396.903223,62.479691,10,4.000000,4.000000,4.000000,4.000000,4.000000,0.000000,10,8.000000,8.000000,8.000000,8.000000,8.000000,0.000000,10,220816.000000,220796.800000,220816.000000,220768.000000,220816.000000,24.787093,10,8.000000,8.000000,8.000000,8.000000,8.000000,0.000000,,,,,,,,10,100.000000,100.000000,100.000000,100.000000,100.000000,0.000000,10,65.094000,61.017600,60.320500,58.958000,64.345200,2.200585
phase1,J_project_title_vos,warm,synthetic,flat,2000,close_quick_settings,PASS,1,10,0,0,,,,,,,,10,3.000000,3.000000,3.000000,3.000000,3.000000,0.000000,,,,,,,,10,3.000000,3.000000,3.000000,3.000000,3.000000,0.000000,10,100.000000,100.000000,100.000000,100.000000,100.000000,0.000000,10,247.480469,-594.356348,204.392090,-6590.910156,230.637109,2142.224347,10,38319.817383,34749.910742,36185.632324,21254.792969,37773.068262,4945.584600,10,0.000000,0.000000,0.000000,0.000000,0.000000,0.000000,10,3.000000,3.000000,3.000000,3.000000,3.000000,0.000000,10,223808.000000,222030.400000,221640.000000,220816.000000,223779.200000,1290.191648,10,3.000000,3.000000,3.000000,3.000000,3.000000,0.000000,,,,,,,,10,100.000000,100.000000,100.000000,100.000000,100.000000,0.000000,10,12.063000,10.022400,9.751500,8.228000,11.455500,1.124071
phase1,J_project_title_vos,warm,synthetic,flat,2000,home_to_library,PASS,1,10,0,0,,,,,,,,10,2.097694,2.097694,2.097694,2.097694,2.097694,0.000000,,,,,,,,10,2.000000,2.000000,2.000000,2.000000,2.000000,0.000000,10,100.000000,100.000000,100.000000,100.000000,100.000000,0.000000,10,5738.786133,-17.283691,5332.799316,-14839.720703,5535.557520,8805.037014,10,31107.725586,24133.155664,24956.328125,14688.950195,31032.205566,5560.988485,10,1.000000,1.000000,1.000000,1.000000,1.000000,0.000000,10,3.000000,3.000000,3.000000,3.000000,3.000000,0.000000,10,196112.000000,196112.000000,196112.000000,196112.000000,196112.000000,0.000000,10,3.000000,3.000000,3.000000,3.000000,3.000000,0.000000,,,,,,,,10,100.000000,100.000000,100.000000,100.000000,100.000000,0.000000,10,65.489000,56.399000,53.993000,51.959000,62.233700,4.943988
phase1,J_project_title_vos,warm,synthetic,flat,2000,library_first_render,PASS,1,10,0,0,,,,,,,,10,2.097694,2.097694,2.097694,2.097694,2.097694,0.000000,,,,,,,,10,2.000000,2.000000,2.000000,2.000000,2.000000,0.000000,10,100.000000,100.000000,100.000000,100.000000,100.000000,0.000000,10,5870.869141,-15.190723,5338.306641,-12763.790039,5444.963477,8329.932627,10,30880.796875,24130.212598,24657.003906,17216.363281,30620.557129,5120.326910,10,1.000000,1.000000,1.000000,1.000000,1.000000,0.000000,10,3.000000,3.000000,3.000000,3.000000,3.000000,0.000000,10,196128.000000,196128.000000,196128.000000,196128.000000,196128.000000,0.000000,10,3.000000,3.000000,3.000000,3.000000,3.000000,0.000000,,,,,,,,10,100.000000,100.000000,100.000000,100.000000,100.000000,0.000000,10,68.116000,58.019700,57.687000,52.643000,62.269600,4.582639
phase1,J_project_title_vos,warm,synthetic,flat,2000,library_folder_back,PASS,1,10,0,0,,,,,,,,10,1.488471,1.488471,1.488471,1.488471,1.488471,0.000000,,,,,,,,10,1.000000,1.000000,1.000000,1.000000,1.000000,0.000000,10,100.000000,100.000000,100.000000,100.000000,100.000000,0.000000,10,5542.062500,425.924219,5104.494141,-11340.789062,5509.858496,7782.637782,10,27116.037109,21471.179688,21706.018066,15820.496094,26747.291992,4559.132900,10,5.000000,5.000000,5.000000,5.000000,5.000000,0.000000,10,6.000000,6.000000,6.000000,6.000000,6.000000,0.000000,10,196144.000000,196144.000000,196144.000000,196144.000000,196144.000000,0.000000,10,6.000000,6.000000,6.000000,6.000000,6.000000,0.000000,,,,,,,,10,100.000000,100.000000,100.000000,100.000000,100.000000,0.000000,10,51.068000,44.721900,43.145500,41.093000,50.708000,4.278728
phase1,J_project_title_vos,warm,synthetic,flat,2000,library_folder_enter,PASS,1,10,0,0,,,,,,,,10,1.488471,1.488471,1.488471,1.488471,1.488471,0.000000,,,,,,,,10,1.000000,1.000000,1.000000,1.000000,1.000000,0.000000,10,100.000000,100.000000,100.000000,100.000000,100.000000,0.000000,10,179.505859,113.745898,104.799805,90.349609,140.825195,26.702071,10,29595.081055,22602.390234,22311.502441,15553.797852,27970.523047,5035.198548,10,5.000000,5.000000,5.000000,5.000000,5.000000,0.000000,10,6.000000,6.000000,6.000000,6.000000,6.000000,0.000000,10,196144.000000,196144.000000,196144.000000,196144.000000,196144.000000,0.000000,10,6.000000,6.000000,6.000000,6.000000,6.000000,0.000000,,,,,,,,10,100.000000,100.000000,100.000000,100.000000,100.000000,0.000000,10,9.466000,8.771700,8.665000,8.407000,9.110500,0.330791
phase1,J_project_title_vos,warm,synthetic,flat,2000,library_next_page,PASS,1,10,0,0,,,,,,,,10,1.195388,1.195388,1.195388,1.195388,1.195388,0.000000,,,,,,,,10,1.000000,1.000000,1.000000,1.000000,1.000000,0.000000,10,100.000000,100.000000,100.000000,100.000000,100.000000,0.000000,10,761.235352,711.096094,714.652344,666.321289,751.585840,32.815634,10,27970.017578,21901.168848,21906.171387,15921.374023,26735.525195,4050.233839,10,2.000000,2.000000,2.000000,2.000000,2.000000,0.000000,10,3.000000,3.000000,3.000000,3.000000,3.000000,0.000000,10,196144.000000,196144.000000,196144.000000,196144.000000,196144.000000,0.000000,10,3.000000,3.000000,3.000000,3.000000,3.000000,0.000000,,,,,,,,10,100.000000,100.000000,100.000000,100.000000,100.000000,0.000000,10,10.537000,9.507200,9.670500,7.980000,10.277800,0.814073
phase1,J_project_title_vos,warm,synthetic,flat,2000,library_prev_page,PASS,1,10,0,0,,,,,,,,10,1.195388,1.195388,1.195388,1.195388,1.195388,0.000000,,,,,,,,10,1.000000,1.000000,1.000000,1.000000,1.000000,0.000000,10,100.000000,100.000000,100.000000,100.000000,100.000000,0.000000,10,708.622070,680.895703,695.447754,628.572266,705.379785,29.174926,10,30330.744141,24222.599805,24240.440430,18046.600586,29112.414844,4122.770894,10,2.000000,2.000000,2.000000,2.000000,2.000000,0.000000,10,3.000000,3.000000,3.000000,3.000000,3.000000,0.000000,10,196144.000000,196144.000000,196144.000000,196144.000000,196144.000000,0.000000,10,3.000000,3.000000,3.000000,3.000000,3.000000,0.000000,,,,,,,,10,100.000000,100.000000,100.000000,100.000000,100.000000,0.000000,10,9.553000,8.794100,8.769500,7.765000,9.439600,0.513988
phase1,J_project_title_vos,warm,synthetic,flat,2000,open_book,PASS,1,10,0,0,,,,,,,,10,9.000000,9.000000,9.000000,9.000000,9.000000,0.000000,,,,,,,,10,9.000000,9.000000,9.000000,9.000000,9.000000,0.000000,10,100.000000,100.000000,100.000000,100.000000,100.000000,0.000000,10,-6796.588867,-7028.165332,-7042.997559,-7247.920898,-6818.220508,157.813762,10,17777.071289,17673.626660,17662.198242,17565.124023,17763.846387,73.311436,10,0.000000,0.000000,0.000000,0.000000,0.000000,0.000000,10,9.000000,9.000000,9.000000,9.000000,9.000000,0.000000,10,218672.000000,218651.200000,218656.000000,218624.000000,218672.000000,22.690184,10,9.000000,9.000000,9.000000,9.000000,9.000000,0.000000,,,,,,,,10,100.000000,100.000000,100.000000,100.000000,100.000000,0.000000,10,63.217000,54.177800,52.851500,48.974000,60.999400,4.693118
phase1,J_project_title_vos,warm,synthetic,flat,2000,open_book_minimal,PASS,1,10,0,0,,,,,,,,10,0.000000,0.000000,0.000000,0.000000,0.000000,0.000000,,,,,,,,10,0.000000,0.000000,0.000000,0.000000,0.000000,0.000000,10,0.000000,0.000000,0.000000,0.000000,0.000000,0.000000,10,-6810.690430,-7012.799316,-7040.256836,-7148.235352,-6845.023145,109.230673,10,17346.348633,17262.630762,17264.687012,17183.725586,17322.090820,50.368844,10,0.000000,0.000000,0.000000,0.000000,0.000000,0.000000,10,0.000000,0.000000,0.000000,0.000000,0.000000,0.000000,10,218560.000000,216041.600000,215968.000000,214128.000000,216313.600000,1059.232762,10,0.000000,0.000000,0.000000,0.000000,0.000000,0.000000,,,,,,,,10,0.000000,0.000000,0.000000,0.000000,0.000000,0.000000,10,60.252000,55.432800,54.927500,51.823000,60.206100,2.736278
phase1,J_project_title_vos,warm,synthetic,flat,2000,open_quick_settings,PASS,1,10,0,0,,,,,,,,10,3.000000,3.000000,3.000000,3.000000,3.000000,0.000000,,,,,,,,10,3.000000,3.000000,3.000000,3.000000,3.000000,0.000000,10,100.000000,100.000000,100.000000,100.000000,100.000000,0.000000,10,453.076172,409.926660,408.294434,382.715820,436.091309,23.673095,10,32018.447266,29559.510840,29561.827148,27102.994141,31522.157910,1641.996087,10,0.000000,0.000000,0.000000,0.000000,0.000000,0.000000,10,3.000000,3.000000,3.000000,3.000000,3.000000,0.000000,10,220816.000000,220816.000000,220816.000000,220816.000000,220816.000000,0.000000,10,3.000000,3.000000,3.000000,3.000000,3.000000,0.000000,,,,,,,,10,100.000000,100.000000,100.000000,100.000000,100.000000,0.000000,10,9.096000,8.313600,8.251500,7.745000,9.086100,0.516896
phase1,J_project_title_vos,warm,synthetic,flat,2000,repeated_nav,PASS,1,2,0,0,,,,,,,,2,11.917476,11.917476,11.917476,11.917476,11.917476,0.000000,,,,,,,,2,10.000000,10.000000,10.000000,10.000000,10.000000,0.000000,2,100.000000,100.000000,100.000000,100.000000,100.000000,0.000000,2,7523.778320,7465.090820,7465.090820,7406.403320,7512.040820,82.996658,2,43708.392578,39989.839355,39989.839355,36271.286133,42964.681934,5258.828400,2,20.000000,20.000000,20.000000,20.000000,20.000000,0.000000,2,30.000000,30.000000,30.000000,30.000000,30.000000,0.000000,2,232032.000000,229696.000000,229696.000000,227360.000000,231564.800000,3303.602882,2,30.000000,30.000000,30.000000,30.000000,30.000000,0.000000,,,,,,,,2,100.000000,100.000000,100.000000,100.000000,100.000000,0.000000,2,120.609000,117.494000,117.494000,114.379000,119.986000,4.405275
phase1,J_project_title_vos,warm,synthetic,flat,2000,start_to_home,UNSUPPORTED,1,0,0,10,,,,,,,,,,,,,,,,,,,,,,,,,,,,,,,,,,,,,,,,,,,,,,,,,,,,,,,,,,,,,,,,,,,,,,,,,,,,,,,,,,,,,,,,,,,,,,,,,,
phase1,J_project_title_vos,warm,synthetic,flat,50,change_sort_mode,PASS,1,10,0,0,,,,,,,,10,2.390777,2.390777,2.390777,2.390777,2.390777,0.000000,,,,,,,,10,2.000000,2.000000,2.000000,2.000000,2.000000,0.000000,10,100.000000,100.000000,100.000000,100.000000,100.000000,0.000000,10,789.126953,-617.696484,781.038086,-13178.177734,788.335938,4413.323733,10,25574.450195,18358.935156,15910.390625,12403.006836,24860.495313,5334.391019,10,4.000000,4.000000,4.000000,4.000000,4.000000,0.000000,10,6.000000,6.000000,6.000000,6.000000,6.000000,0.000000,10,190400.000000,190400.000000,190400.000000,190400.000000,190400.000000,0.000000,10,6.000000,6.000000,6.000000,6.000000,6.000000,0.000000,,,,,,,,10,100.000000,100.000000,100.000000,100.000000,100.000000,0.000000,10,11.344000,8.598900,8.446000,7.591000,9.094000,1.053131
phase1,J_project_title_vos,warm,synthetic,flat,50,close_book,PASS,1,10,0,0,,,,,,,,10,4.383495,4.383495,4.383495,4.383495,4.383495,0.000000,,,,,,,,10,4.000000,4.000000,4.000000,4.000000,4.000000,0.000000,10,100.000000,100.000000,100.000000,100.000000,100.000000,0.000000,10,1817.564453,1534.363965,1551.832520,1289.697266,1644.129004,151.144443,10,16471.341797,15792.473730,15820.968262,15270.993164,16117.140820,367.863383,10,4.000000,4.000000,4.000000,4.000000,4.000000,0.000000,10,8.000000,8.000000,8.000000,8.000000,8.000000,0.000000,10,212528.000000,212528.000000,212528.000000,212528.000000,212528.000000,0.000000,10,8.000000,8.000000,8.000000,8.000000,8.000000,0.000000,,,,,,,,10,100.000000,100.000000,100.000000,100.000000,100.000000,0.000000,10,26.693000,22.508300,22.181500,20.596000,23.940800,1.841097
phase1,J_project_title_vos,warm,synthetic,flat,50,close_quick_settings,PASS,1,10,0,0,,,,,,,,10,3.000000,3.000000,3.000000,3.000000,3.000000,0.000000,,,,,,,,10,3.000000,3.000000,3.000000,3.000000,3.000000,0.000000,10,100.000000,100.000000,100.000000,100.000000,100.000000,0.000000,10,53.613281,36.422070,35.092773,27.959961,42.880957,7.602203,10,25648.068359,24166.956934,24188.958008,22650.833984,25358.613770,1012.336030,10,0.000000,0.000000,0.000000,0.000000,0.000000,0.000000,10,3.000000,3.000000,3.000000,3.000000,3.000000,0.000000,10,212528.000000,212528.000000,212528.000000,212528.000000,212528.000000,0.000000,10,3.000000,3.000000,3.000000,3.000000,3.000000,0.000000,,,,,,,,10,100.000000,100.000000,100.000000,100.000000,100.000000,0.000000,10,9.324000,8.286900,8.225500,7.959000,8.450100,0.388238
phase1,J_project_title_vos,warm,synthetic,flat,50,home_to_library,PASS,1,10,0,0,,,,,,,,10,2.097694,2.097694,2.097694,2.097694,2.097694,0.000000,,,,,,,,10,2.000000,2.000000,2.000000,2.000000,2.000000,0.000000,10,100.000000,100.000000,100.000000,100.000000,100.000000,0.000000,10,867.966797,-279.343457,825.189941,-10263.920898,838.869727,3508.255200,10,22434.349609,16226.174902,15973.100586,12184.342773,19231.079980,3075.101560,10,1.000000,1.000000,1.000000,1.000000,1.000000,0.000000,10,3.000000,3.000000,3.000000,3.000000,3.000000,0.000000,10,185776.000000,185640.000000,185680.000000,185184.000000,185776.000000,174.986984,10,3.000000,3.000000,3.000000,3.000000,3.000000,0.000000,,,,,,,,10,100.000000,100.000000,100.000000,100.000000,100.000000,0.000000,10,18.877000,16.872600,16.713000,16.050000,17.496400,0.786628
phase1,J_project_title_vos,warm,synthetic,flat,50,library_first_render,PASS,1,10,0,0,,,,,,,,10,2.097694,2.097694,2.097694,2.097694,2.097694,0.000000,,,,,,,,10,2.000000,2.000000,2.000000,2.000000,2.000000,0.000000,10,100.000000,100.000000,100.000000,100.000000,100.000000,0.000000,10,844.308594,-580.963965,803.660645,-11348.634766,818.412500,3823.884390,10,26229.614258,22038.022754,23385.469727,13912.481445,25491.814648,4345.586120,10,1.000000,1.000000,1.000000,1.000000,1.000000,0.000000,10,3.000000,3.000000,3.000000,3.000000,3.000000,0.000000,10,190384.000000,188182.400000,188256.000000,185808.000000,190355.200000,1949.597064,10,3.000000,3.000000,3.000000,3.000000,3.000000,0.000000,,,,,,,,10,100.000000,100.000000,100.000000,100.000000,100.000000,0.000000,10,20.196000,16.969200,16.709000,15.554000,17.478000,1.231581
phase1,J_project_title_vos,warm,synthetic,flat,50,library_folder_back,PASS,1,10,0,0,,,,,,,,10,1.488471,1.488471,1.488471,1.488471,1.488471,0.000000,,,,,,,,10,1.000000,1.000000,1.000000,1.000000,1.000000,0.000000,10,100.000000,100.000000,100.000000,100.000000,100.000000,0.000000,10,563.269531,558.861719,558.583984,556.410156,561.033594,2.354055,10,20759.389648,17956.537695,17960.266602,15139.567383,20201.853711,1892.438669,10,5.000000,5.000000,5.000000,5.000000,5.000000,0.000000,10,6.000000,6.000000,6.000000,6.000000,6.000000,0.000000,10,190400.000000,190400.000000,190400.000000,190400.000000,190400.000000,0.000000,10,6.000000,6.000000,6.000000,6.000000,6.000000,0.000000,,,,,,,,10,100.000000,100.000000,100.000000,100.000000,100.000000,0.000000,10,9.312000,8.522900,8.710500,7.659000,9.013200,0.519721
phase1,J_project_title_vos,warm,synthetic,flat,50,library_folder_enter,PASS,1,10,0,0,,,,,,,,10,1.488471,1.488471,1.488471,1.488471,1.488471,0.000000,,,,,,,,10,1.000000,1.000000,1.000000,1.000000,1.000000,0.000000,10,100.000000,100.000000,100.000000,100.000000,100.000000,0.000000,10,95.819336,65.289941,61.501953,57.162109,73.938965,11.412564,10,27104.305664,21426.985937,24236.145020,12040.750977,26541.564844,6177.310534,10,5.000000,5.000000,5.000000,5.000000,5.000000,0.000000,10,6.000000,6.000000,6.000000,6.000000,6.000000,0.000000,10,190400.000000,190400.000000,190400.000000,190400.000000,190400.000000,0.000000,10,6.000000,6.000000,6.000000,6.000000,6.000000,0.000000,,,,,,,,10,100.000000,100.000000,100.000000,100.000000,100.000000,0.000000,10,9.329000,8.360900,8.441500,7.629000,8.888900,0.571002
phase1,J_project_title_vos,warm,synthetic,flat,50,library_next_page,PASS,1,10,0,0,,,,,,,,10,1.195388,1.195388,1.195388,1.195388,1.195388,0.000000,,,,,,,,10,1.000000,1.000000,1.000000,1.000000,1.000000,0.000000,10,100.000000,100.000000,100.000000,100.000000,100.000000,0.000000,10,541.054688,532.107031,531.601562,528.066406,534.807422,3.626946,10,21135.940430,17267.548633,17278.299805,13377.495117,20360.161523,2607.906000,10,2.000000,2.000000,2.000000,2.000000,2.000000,0.000000,10,3.000000,3.000000,3.000000,3.000000,3.000000,0.000000,10,190400.000000,190400.000000,190400.000000,190400.000000,190400.000000,0.000000,10,3.000000,3.000000,3.000000,3.000000,3.000000,0.000000,,,,,,,,10,100.000000,100.000000,100.000000,100.000000,100.000000,0.000000,10,9.256000,8.290300,8.135000,7.643000,9.103900,0.496654
phase1,J_project_title_vos,warm,synthetic,flat,50,library_prev_page,PASS,1,10,0,0,,,,,,,,10,1.195388,1.195388,1.195388,1.195388,1.195388,0.000000,,,,,,,,10,1.000000,1.000000,1.000000,1.000000,1.000000,0.000000,10,100.000000,100.000000,100.000000,100.000000,100.000000,0.000000,10,564.289062,-454.050879,532.918457,-9393.049805,556.562598,3140.871942,10,24403.428711,17932.806152,17436.134766,13579.561523,21498.001953,3310.335554,10,2.000000,2.000000,2.000000,2.000000,2.000000,0.000000,10,3.000000,3.000000,3.000000,3.000000,3.000000,0.000000,10,190400.000000,190400.000000,190400.000000,190400.000000,190400.000000,0.000000,10,3.000000,3.000000,3.000000,3.000000,3.000000,0.000000,,,,,,,,10,100.000000,100.000000,100.000000,100.000000,100.000000,0.000000,10,10.542000,8.685100,8.738000,7.214000,9.434100,0.951190
phase1,J_project_title_vos,warm,synthetic,flat,50,open_book,PASS,1,10,0,0,,,,,,,,10,9.000000,9.000000,9.000000,9.000000,9.000000,0.000000,,,,,,,,10,9.000000,9.000000,9.000000,9.000000,9.000000,0.000000,10,100.000000,100.000000,100.000000,100.000000,100.000000,0.000000,10,-1118.791016,-1648.088770,-1352.583008,-3142.725586,-1162.270508,729.786349,10,15354.641602,14636.689258,14638.646973,14004.841797,15189.212109,510.972880,10,0.000000,0.000000,0.000000,0.000000,0.000000,0.000000,10,9.000000,9.000000,9.000000,9.000000,9.000000,0.000000,10,212528.000000,212321.600000,212232.000000,212192.000000,212528.000000,156.485853,10,9.000000,9.000000,9.000000,9.000000,9.000000,0.000000,,,,,,,,10,100.000000,100.000000,100.000000,100.000000,100.000000,0.000000,10,42.265000,37.423300,37.344000,34.706000,39.538000,2.146451
phase1,J_project_title_vos,warm,synthetic,flat,50,open_book_minimal,PASS,1,10,0,0,,,,,,,,10,0.000000,0.000000,0.000000,0.000000,0.000000,0.000000,,,,,,,,10,0.000000,0.000000,0.000000,0.000000,0.000000,0.000000,10,0.000000,0.000000,0.000000,0.000000,0.000000,0.000000,10,-1132.465820,-1667.448926,-1375.089355,-3127.414062,-1210.466992,731.619382,10,14709.353516,14075.315430,14107.194336,13587.293945,14437.419043,347.385434,10,0.000000,0.000000,0.000000,0.000000,0.000000,0.000000,10,0.000000,0.000000,0.000000,0.000000,0.000000,0.000000,10,209760.000000,206153.600000,207336.000000,202336.000000,209515.200000,3026.573391,10,0.000000,0.000000,0.000000,0.000000,0.000000,0.000000,,,,,,,,10,0.000000,0.000000,0.000000,0.000000,0.000000,0.000000,10,39.760000,37.465200,37.519000,33.610000,38.999500,1.638861
phase1,J_project_title_vos,warm,synthetic,flat,50,open_quick_settings,PASS,1,10,0,0,,,,,,,,10,3.000000,3.000000,3.000000,3.000000,3.000000,0.000000,,,,,,,,10,3.000000,3.000000,3.000000,3.000000,3.000000,0.000000,10,100.000000,100.000000,100.000000,100.000000,100.000000,0.000000,10,338.765625,321.499219,321.824707,303.803711,334.029199,12.726008,10,21586.982422,19967.129199,19968.047363,18308.442383,21257.903223,1095.522829,10,0.000000,0.000000,0.000000,0.000000,0.000000,0.000000,10,3.000000,3.000000,3.000000,3.000000,3.000000,0.000000,10,212528.000000,212528.000000,212528.000000,212528.000000,212528.000000,0.000000,10,3.000000,3.000000,3.000000,3.000000,3.000000,0.000000,,,,,,,,10,100.000000,100.000000,100.000000,100.000000,100.000000,0.000000,10,9.042000,8.264700,8.163000,7.729000,8.659500,0.385493
phase1,J_project_title_vos,warm,synthetic,flat,50,repeated_nav,PASS,1,2,0,0,,,,,,,,2,11.917476,11.917476,11.917476,11.917476,11.917476,0.000000,,,,,,,,2,10.000000,10.000000,10.000000,10.000000,10.000000,0.000000,2,100.000000,100.000000,100.000000,100.000000,100.000000,0.000000,2,4455.469727,-3802.589844,-3802.589844,-12060.649414,2803.857813,11678.659843,2,22712.245117,20469.342285,20469.342285,18226.439453,22263.664551,3171.943604,2,20.000000,20.000000,20.000000,20.000000,20.000000,0.000000,2,30.000000,30.000000,30.000000,30.000000,30.000000,0.000000,2,218880.000000,218872.000000,218872.000000,218864.000000,218878.400000,11.313708,2,30.000000,30.000000,30.000000,30.000000,30.000000,0.000000,,,,,,,,2,100.000000,100.000000,100.000000,100.000000,100.000000,0.000000,2,85.005000,84.251500,84.251500,83.498000,84.854300,1.065610
phase1,J_project_title_vos,warm,synthetic,flat,50,start_to_home,UNSUPPORTED,1,0,0,10,,,,,,,,,,,,,,,,,,,,,,,,,,,,,,,,,,,,,,,,,,,,,,,,,,,,,,,,,,,,,,,,,,,,,,,,,,,,,,,,,,,,,,,,,,,,,,,,,,
phase1,J_project_title_vos,warm,synthetic,hierarchical,2000,change_sort_mode,PASS,1,10,0,0,,,,,,,,10,2.390777,2.390777,2.390777,2.390777,2.390777,0.000000,,,,,,,,10,2.000000,2.000000,2.000000,2.000000,2.000000,0.000000,10,100.000000,100.000000,100.000000,100.000000,100.000000,0.000000,10,240.458008,201.772168,197.930176,173.992188,232.329883,20.134264,10,15628.036133,14704.331348,14686.532715,13783.206055,15446.344238,624.008937,10,4.000000,4.000000,4.000000,4.000000,4.000000,0.000000,10,6.000000,6.000000,6.000000,6.000000,6.000000,0.000000,10,186592.000000,186592.000000,186592.000000,186592.000000,186592.000000,0.000000,10,6.000000,6.000000,6.000000,6.000000,6.000000,0.000000,,,,,,,,10,100.000000,100.000000,100.000000,100.000000,100.000000,0.000000,10,9.262000,8.228800,8.276000,7.340000,8.914600,0.618687
phase1,J_project_title_vos,warm,synthetic,hierarchical,2000,close_book,PASS,1,10,0,0,,,,,,,,10,4.383495,4.383495,4.383495,4.383495,4.383495,0.000000,,,,,,,,10,4.000000,4.000000,4.000000,4.000000,4.000000,0.000000,10,100.000000,100.000000,100.000000,100.000000,100.000000,0.000000,10,2235.256836,1960.601953,1972.750977,1736.405273,2158.498437,158.050386,10,17030.599609,16239.119141,16136.441406,15706.760742,16736.012207,426.457038,10,4.000000,4.000000,4.000000,4.000000,4.000000,0.000000,10,8.000000,8.000000,8.000000,8.000000,8.000000,0.000000,10,208880.000000,208660.800000,208880.000000,207824.000000,208880.000000,360.231037,10,8.000000,8.000000,8.000000,8.000000,8.000000,0.000000,,,,,,,,10,100.000000,100.000000,100.000000,100.000000,100.000000,0.000000,10,33.786000,28.203800,27.372000,24.972000,33.300000,3.065439
phase1,J_project_title_vos,warm,synthetic,hierarchical,2000,close_quick_settings,PASS,1,10,0,0,,,,,,,,10,3.000000,3.000000,3.000000,3.000000,3.000000,0.000000,,,,,,,,10,3.000000,3.000000,3.000000,3.000000,3.000000,0.000000,10,100.000000,100.000000,100.000000,100.000000,100.000000,0.000000,10,60.216797,48.057129,45.414551,36.873047,59.394141,9.667859,10,26474.640625,24925.325000,24933.070312,23355.718750,26172.252930,1051.026228,10,0.000000,0.000000,0.000000,0.000000,0.000000,0.000000,10,3.000000,3.000000,3.000000,3.000000,3.000000,0.000000,10,209344.000000,208932.800000,208880.000000,208880.000000,208984.000000,145.874223,10,3.000000,3.000000,3.000000,3.000000,3.000000,0.000000,,,,,,,,10,100.000000,100.000000,100.000000,100.000000,100.000000,0.000000,10,9.252000,8.424500,8.357500,7.607000,8.717400,0.410617
phase1,J_project_title_vos,warm,synthetic,hierarchical,2000,home_to_library,PASS,1,10,0,0,,,,,,,,10,2.097694,2.097694,2.097694,2.097694,2.097694,0.000000,,,,,,,,10,2.000000,2.000000,2.000000,2.000000,2.000000,0.000000,10,100.000000,100.000000,100.000000,100.000000,100.000000,0.000000,10,460.964844,403.205371,402.888184,360.277344,449.917871,31.514605,10,19213.061523,17360.522266,17331.606445,15538.125977,18884.438477,1241.889110,10,1.000000,1.000000,1.000000,1.000000,1.000000,0.000000,10,3.000000,3.000000,3.000000,3.000000,3.000000,0.000000,10,180816.000000,178796.800000,178760.000000,176832.000000,180470.400000,1349.908705,10,3.000000,3.000000,3.000000,3.000000,3.000000,0.000000,,,,,,,,10,100.000000,100.000000,100.000000,100.000000,100.000000,0.000000,10,17.439000,16.666500,16.573000,15.898000,17.400300,0.557387
phase1,J_project_title_vos,warm,synthetic,hierarchical,2000,library_first_render,PASS,1,10,0,0,,,,,,,,10,2.097694,2.097694,2.097694,2.097694,2.097694,0.000000,,,,,,,,10,2.000000,2.000000,2.000000,2.000000,2.000000,0.000000,10,100.000000,100.000000,100.000000,100.000000,100.000000,0.000000,10,474.899414,-614.092676,425.095703,-8872.751953,460.059961,2924.596078,10,21372.100586,15176.562793,13167.775391,11607.702148,21022.636035,4042.981258,10,1.000000,1.000000,1.000000,1.000000,1.000000,0.000000,10,3.000000,3.000000,3.000000,3.000000,3.000000,0.000000,10,183264.000000,183094.400000,183264.000000,182208.000000,183264.000000,352.096956,10,3.000000,3.000000,3.000000,3.000000,3.000000,0.000000,,,,,,,,10,100.000000,100.000000,100.000000,100.000000,100.000000,0.000000,10,20.374000,17.563500,17.116000,16.175000,18.878200,1.237294
phase1,J_project_title_vos,warm,synthetic,hierarchical,2000,library_folder_back,PASS,1,10,0,0,,,,,,,,10,1.488471,1.488471,1.488471,1.488471,1.488471,0.000000,,,,,,,,10,1.000000,1.000000,1.000000,1.000000,1.000000,0.000000,10,100.000000,100.000000,100.000000,100.000000,100.000000,0.000000,10,220.670898,103.642285,184.079102,-657.308594,200.944727,267.901324,10,24044.851562,20551.606152,21281.979492,13115.267578,23987.773633,3362.249642,10,5.000000,5.000000,5.000000,5.000000,5.000000,0.000000,10,6.000000,6.000000,6.000000,6.000000,6.000000,0.000000,10,186592.000000,184326.400000,183320.000000,183264.000000,186577.600000,1433.430942,10,6.000000,6.000000,6.000000,6.000000,6.000000,0.000000,,,,,,,,10,100.000000,100.000000,100.000000,100.000000,100.000000,0.000000,10,9.447000,8.940000,9.046000,7.772000,9.435300,0.506654
phase1,J_project_title_vos,warm,synthetic,hierarchical,2000,library_folder_enter,PASS,1,10,0,0,,,,,,,,10,1.488471,1.488471,1.488471,1.488471,1.488471,0.000000,,,,,,,,10,1.000000,1.000000,1.000000,1.000000,1.000000,0.000000,10,100.000000,100.000000,100.000000,100.000000,100.000000,0.000000,10,1796.975586,27.073145,1181.736816,-9058.852539,1578.635059,3246.354161,10,20515.016602,15389.023730,14497.411621,11647.696289,18980.617676,3119.256831,10,5.000000,5.000000,5.000000,5.000000,5.000000,0.000000,10,6.000000,6.000000,6.000000,6.000000,6.000000,0.000000,10,183264.000000,183264.000000,183264.000000,183264.000000,183264.000000,0.000000,10,6.000000,6.000000,6.000000,6.000000,6.000000,0.000000,,,,,,,,10,100.000000,100.000000,100.000000,100.000000,100.000000,0.000000,10,20.134000,13.533600,13.855500,8.306000,18.132400,3.986443
phase1,J_project_title_vos,warm,synthetic,hierarchical,2000,library_next_page,UNSUPPORTED,1,0,0,10,,,,,,,,,,,,,,,,,,,,,,,,,,,,,,,,,,,,,,,,,,,,,,,,,,,,,,,,,,,,,,,,,,,,,,,,,,,,,,,,,,,,,,,,,,,,,,,,,,
phase1,J_project_title_vos,warm,synthetic,hierarchical,2000,library_prev_page,UNSUPPORTED,1,0,0,10,,,,,,,,,,,,,,,,,,,,,,,,,,,,,,,,,,,,,,,,,,,,,,,,,,,,,,,,,,,,,,,,,,,,,,,,,,,,,,,,,,,,,,,,,,,,,,,,,,
phase1,J_project_title_vos,warm,synthetic,hierarchical,2000,open_book,PASS,1,10,0,0,,,,,,,,10,9.000000,9.000000,9.000000,9.000000,9.000000,0.000000,,,,,,,,10,9.000000,9.000000,9.000000,9.000000,9.000000,0.000000,10,100.000000,100.000000,100.000000,100.000000,100.000000,0.000000,10,-1536.747070,-2027.312695,-1648.309082,-3316.572266,-1542.993457,692.095986,10,15149.655273,14592.206543,14518.235352,14125.221680,15038.756641,349.047995,10,0.000000,0.000000,0.000000,0.000000,0.000000,0.000000,10,9.000000,9.000000,9.000000,9.000000,9.000000,0.000000,10,206864.000000,206852.800000,206848.000000,206848.000000,206864.000000,7.728734,10,9.000000,9.000000,9.000000,9.000000,9.000000,0.000000,,,,,,,,10,100.000000,100.000000,100.000000,100.000000,100.000000,0.000000,10,41.227000,39.610200,39.858000,34.994000,41.218000,1.893760
phase1,J_project_title_vos,warm,synthetic,hierarchical,2000,open_book_minimal,PASS,1,10,0,0,,,,,,,,10,0.000000,0.000000,0.000000,0.000000,0.000000,0.000000,,,,,,,,10,0.000000,0.000000,0.000000,0.000000,0.000000,0.000000,10,0.000000,0.000000,0.000000,0.000000,0.000000,0.000000,10,-1579.877930,-2066.375586,-1799.889160,-3417.987305,-1605.534082,587.980075,10,14577.277344,13814.570410,13794.302734,13250.989258,14365.775586,480.290526,10,0.000000,0.000000,0.000000,0.000000,0.000000,0.000000,10,0.000000,0.000000,0.000000,0.000000,0.000000,0.000000,10,206032.000000,204931.200000,205736.000000,203184.000000,206032.000000,1312.104061,10,0.000000,0.000000,0.000000,0.000000,0.000000,0.000000,,,,,,,,10,0.000000,0.000000,0.000000,0.000000,0.000000,0.000000,10,43.167000,39.755500,39.066000,37.005000,41.924100,2.027136
phase1,J_project_title_vos,warm,synthetic,hierarchical,2000,open_quick_settings,PASS,1,10,0,0,,,,,,,,10,3.000000,3.000000,3.000000,3.000000,3.000000,0.000000,,,,,,,,10,3.000000,3.000000,3.000000,3.000000,3.000000,0.000000,10,100.000000,100.000000,100.000000,100.000000,100.000000,0.000000,10,340.803711,320.062695,316.634766,299.413086,338.594141,13.539016,10,22276.477539,20653.382715,20649.687012,19034.172852,21954.468262,1090.580726,10,0.000000,0.000000,0.000000,0.000000,0.000000,0.000000,10,3.000000,3.000000,3.000000,3.000000,3.000000,0.000000,10,208880.000000,208880.000000,208880.000000,208880.000000,208880.000000,0.000000,10,3.000000,3.000000,3.000000,3.000000,3.000000,0.000000,,,,,,,,10,100.000000,100.000000,100.000000,100.000000,100.000000,0.000000,10,8.873000,8.152100,8.135500,7.538000,8.668700,0.450631
phase1,J_project_title_vos,warm,synthetic,hierarchical,2000,repeated_nav,PASS,1,2,0,0,,,,,,,,2,11.917476,11.917476,11.917476,11.917476,11.917476,0.000000,,,,,,,,2,10.000000,10.000000,10.000000,10.000000,10.000000,0.000000,2,100.000000,100.000000,100.000000,100.000000,100.000000,0.000000,2,5256.400391,-91.860840,-91.860840,-5440.122070,4186.748145,7563.583567,2,25992.220703,23350.166992,23350.166992,20708.113281,25463.809961,3736.428191,2,20.000000,20.000000,20.000000,20.000000,20.000000,0.000000,2,30.000000,30.000000,30.000000,30.000000,30.000000,0.000000,2,218000.000000,217992.000000,217992.000000,217984.000000,217998.400000,11.313708,2,30.000000,30.000000,30.000000,30.000000,30.000000,0.000000,,,,,,,,2,100.000000,100.000000,100.000000,100.000000,100.000000,0.000000,2,84.711000,83.716500,83.716500,82.722000,84.512100,1.406435
phase1,J_project_title_vos,warm,synthetic,hierarchical,2000,start_to_home,UNSUPPORTED,1,0,0,10,,,,,,,,,,,,,,,,,,,,,,,,,,,,,,,,,,,,,,,,,,,,,,,,,,,,,,,,,,,,,,,,,,,,,,,,,,,,,,,,,,,,,,,,,,,,,,,,,,
phase1,J_project_title_vos,warm,synthetic,hierarchical,50,change_sort_mode,PASS,1,10,0,0,,,,,,,,10,2.390777,2.390777,2.390777,2.390777,2.390777,0.000000,,,,,,,,10,2.000000,2.000000,2.000000,2.000000,2.000000,0.000000,10,100.000000,100.000000,100.000000,100.000000,100.000000,0.000000,10,241.875977,-816.372070,192.104980,-5611.089844,223.942773,2171.925924,10,21180.284180,16628.087988,18693.937988,11029.694336,21029.295117,4703.354314,10,4.000000,4.000000,4.000000,4.000000,4.000000,0.000000,10,6.000000,6.000000,6.000000,6.000000,6.000000,0.000000,10,183024.000000,183024.000000,183024.000000,183024.000000,183024.000000,0.000000,10,6.000000,6.000000,6.000000,6.000000,6.000000,0.000000,,,,,,,,10,100.000000,100.000000,100.000000,100.000000,100.000000,0.000000,10,8.963000,8.345900,8.377500,7.580000,8.954000,0.465390
phase1,J_project_title_vos,warm,synthetic,hierarchical,50,close_book,PASS,1,10,0,0,,,,,,,,10,4.383495,4.383495,4.383495,4.383495,4.383495,0.000000,,,,,,,,10,4.000000,4.000000,4.000000,4.000000,4.000000,0.000000,10,100.000000,100.000000,100.000000,100.000000,100.000000,0.000000,10,1525.191406,1249.442773,1257.421875,1022.802734,1360.043164,139.346428,10,14870.820312,14344.019531,14287.020996,13836.653320,14796.482422,355.335867,10,4.000000,4.000000,4.000000,4.000000,4.000000,0.000000,10,8.000000,8.000000,8.000000,8.000000,8.000000,0.000000,10,207440.000000,207440.000000,207440.000000,207440.000000,207440.000000,0.000000,10,8.000000,8.000000,8.000000,8.000000,8.000000,0.000000,,,,,,,,10,100.000000,100.000000,100.000000,100.000000,100.000000,0.000000,10,26.876000,22.171300,21.768500,19.960000,24.336200,1.989302
phase1,J_project_title_vos,warm,synthetic,hierarchical,50,close_quick_settings,PASS,1,10,0,0,,,,,,,,10,3.000000,3.000000,3.000000,3.000000,3.000000,0.000000,,,,,,,,10,3.000000,3.000000,3.000000,3.000000,3.000000,0.000000,10,100.000000,100.000000,100.000000,100.000000,100.000000,0.000000,10,54.040039,41.666016,40.443848,32.032227,52.886914,8.151959,10,23804.189453,22255.316504,22249.504883,20681.231445,23513.440234,1058.875549,10,0.000000,0.000000,0.000000,0.000000,0.000000,0.000000,10,3.000000,3.000000,3.000000,3.000000,3.000000,0.000000,10,209312.000000,207976.000000,207552.000000,207440.000000,208966.400000,710.285076,10,3.000000,3.000000,3.000000,3.000000,3.000000,0.000000,,,,,,,,10,100.000000,100.000000,100.000000,100.000000,100.000000,0.000000,10,8.666000,8.392800,8.429000,7.985000,8.593100,0.196348
phase1,J_project_title_vos,warm,synthetic,hierarchical,50,home_to_library,PASS,1,10,0,0,,,,,,,,10,2.097694,2.097694,2.097694,2.097694,2.097694,0.000000,,,,,,,,10,2.000000,2.000000,2.000000,2.000000,2.000000,0.000000,10,100.000000,100.000000,100.000000,100.000000,100.000000,0.000000,10,464.445312,430.103027,429.571777,406.200195,449.147949,18.813472,10,19489.707031,17520.667383,17508.825684,15559.916016,19119.753418,1335.236347,10,1.000000,1.000000,1.000000,1.000000,1.000000,0.000000,10,3.000000,3.000000,3.000000,3.000000,3.000000,0.000000,10,180976.000000,178848.000000,178848.000000,176720.000000,180572.800000,1442.210649,10,3.000000,3.000000,3.000000,3.000000,3.000000,0.000000,,,,,,,,10,100.000000,100.000000,100.000000,100.000000,100.000000,0.000000,10,17.841000,16.769900,16.753000,16.108000,17.209200,0.495960
phase1,J_project_title_vos,warm,synthetic,hierarchical,50,library_first_render,PASS,1,10,0,0,,,,,,,,10,2.097694,2.097694,2.097694,2.097694,2.097694,0.000000,,,,,,,,10,2.000000,2.000000,2.000000,2.000000,2.000000,0.000000,10,100.000000,100.000000,100.000000,100.000000,100.000000,0.000000,10,467.474609,-607.526953,414.586914,-6631.964844,441.993359,2344.753047,10,21191.337891,14598.830664,13395.732422,11548.117188,20766.750586,3474.319612,10,1.000000,1.000000,1.000000,1.000000,1.000000,0.000000,10,3.000000,3.000000,3.000000,3.000000,3.000000,0.000000,10,183024.000000,182912.000000,183008.000000,182272.000000,183009.600000,237.438179,10,3.000000,3.000000,3.000000,3.000000,3.000000,0.000000,,,,,,,,10,100.000000,100.000000,100.000000,100.000000,100.000000,0.000000,10,19.419000,17.182600,16.933500,16.139000,17.817000,0.918286
phase1,J_project_title_vos,warm,synthetic,hierarchical,50,library_folder_back,PASS,1,10,0,0,,,,,,,,10,1.488471,1.488471,1.488471,1.488471,1.488471,0.000000,,,,,,,,10,1.000000,1.000000,1.000000,1.000000,1.000000,0.000000,10,100.000000,100.000000,100.000000,100.000000,100.000000,0.000000,10,207.704102,181.126172,175.563477,160.983398,205.069141,17.055145,10,19662.776367,17716.399512,17737.322266,15715.100586,19285.806445,1309.251614,10,5.000000,5.000000,5.000000,5.000000,5.000000,0.000000,10,6.000000,6.000000,6.000000,6.000000,6.000000,0.000000,10,183024.000000,183024.000000,183024.000000,183024.000000,183024.000000,0.000000,10,6.000000,6.000000,6.000000,6.000000,6.000000,0.000000,,,,,,,,10,100.000000,100.000000,100.000000,100.000000,100.000000,0.000000,10,9.025000,8.330700,8.452500,7.367000,8.986300,0.552461
phase1,J_project_title_vos,warm,synthetic,hierarchical,50,library_folder_enter,PASS,1,10,0,0,,,,,,,,10,1.488471,1.488471,1.488471,1.488471,1.488471,0.000000,,,,,,,,10,1.000000,1.000000,1.000000,1.000000,1.000000,0.000000,10,100.000000,100.000000,100.000000,100.000000,100.000000,0.000000,10,556.238281,262.950684,227.714844,100.371094,420.282910,152.353160,10,14460.027344,12467.501953,12508.983887,10442.105469,13957.636621,1346.665045,10,5.000000,5.000000,5.000000,5.000000,5.000000,0.000000,10,6.000000,6.000000,6.000000,6.000000,6.000000,0.000000,10,183024.000000,183024.000000,183024.000000,183024.000000,183024.000000,0.000000,10,6.000000,6.000000,6.000000,6.000000,6.000000,0.000000,,,,,,,,10,100.000000,100.000000,100.000000,100.000000,100.000000,0.000000,10,9.567000,8.627100,8.643000,7.802000,9.357300,0.563153
phase1,J_project_title_vos,warm,synthetic,hierarchical,50,library_next_page,UNSUPPORTED,1,0,0,10,,,,,,,,,,,,,,,,,,,,,,,,,,,,,,,,,,,,,,,,,,,,,,,,,,,,,,,,,,,,,,,,,,,,,,,,,,,,,,,,,,,,,,,,,,,,,,,,,,
phase1,J_project_title_vos,warm,synthetic,hierarchical,50,library_prev_page,UNSUPPORTED,1,0,0,10,,,,,,,,,,,,,,,,,,,,,,,,,,,,,,,,,,,,,,,,,,,,,,,,,,,,,,,,,,,,,,,,,,,,,,,,,,,,,,,,,,,,,,,,,,,,,,,,,,
phase1,J_project_title_vos,warm,synthetic,hierarchical,50,open_book,PASS,1,10,0,0,,,,,,,,10,9.000000,9.000000,9.000000,9.000000,9.000000,0.000000,,,,,,,,10,9.000000,9.000000,9.000000,9.000000,9.000000,0.000000,10,100.000000,100.000000,100.000000,100.000000,100.000000,0.000000,10,-828.803711,-1316.688867,-1009.186035,-2715.862305,-885.854395,700.970382,10,14329.475586,13544.445996,13599.146484,12561.091797,14039.127148,522.059367,10,0.000000,0.000000,0.000000,0.000000,0.000000,0.000000,10,9.000000,9.000000,9.000000,9.000000,9.000000,0.000000,10,207440.000000,207284.800000,207440.000000,205888.000000,207440.000000,490.785493,10,9.000000,9.000000,9.000000,9.000000,9.000000,0.000000,,,,,,,,10,100.000000,100.000000,100.000000,100.000000,100.000000,0.000000,10,39.943000,36.538200,36.156500,34.392000,38.930500,1.757150
phase1,J_project_title_vos,warm,synthetic,hierarchical,50,open_book_minimal,PASS,1,10,0,0,,,,,,,,10,0.000000,0.000000,0.000000,0.000000,0.000000,0.000000,,,,,,,,10,0.000000,0.000000,0.000000,0.000000,0.000000,0.000000,10,0.000000,0.000000,0.000000,0.000000,0.000000,0.000000,10,-818.273438,-1265.307910,-951.318848,-2681.380859,-889.160742,691.018596,10,13851.043945,13172.685938,13113.301270,12474.354492,13676.019434,432.675157,10,0.000000,0.000000,0.000000,0.000000,0.000000,0.000000,10,0.000000,0.000000,0.000000,0.000000,0.000000,0.000000,10,203280.000000,201324.800000,201384.000000,197696.000000,203280.000000,1875.344401,10,0.000000,0.000000,0.000000,0.000000,0.000000,0.000000,,,,,,,,10,0.000000,0.000000,0.000000,0.000000,0.000000,0.000000,10,38.145000,36.295300,36.734500,33.615000,37.427700,1.432403
phase1,J_project_title_vos,warm,synthetic,hierarchical,50,open_quick_settings,PASS,1,10,0,0,,,,,,,,10,3.000000,3.000000,3.000000,3.000000,3.000000,0.000000,,,,,,,,10,3.000000,3.000000,3.000000,3.000000,3.000000,0.000000,10,100.000000,100.000000,100.000000,100.000000,100.000000,0.000000,10,355.909180,321.724707,319.971680,303.110352,331.987109,15.159722,10,19530.833984,17932.075879,17954.616211,16283.534180,19199.921387,1085.466049,10,0.000000,0.000000,0.000000,0.000000,0.000000,0.000000,10,3.000000,3.000000,3.000000,3.000000,3.000000,0.000000,10,207440.000000,207440.000000,207440.000000,207440.000000,207440.000000,0.000000,10,3.000000,3.000000,3.000000,3.000000,3.000000,0.000000,,,,,,,,10,100.000000,100.000000,100.000000,100.000000,100.000000,0.000000,10,8.759000,8.242600,8.353000,7.749000,8.579900,0.380801
phase1,J_project_title_vos,warm,synthetic,hierarchical,50,repeated_nav,UNSUPPORTED,1,0,0,2,,,,,,,,,,,,,,,,,,,,,,,,,,,,,,,,,,,,,,,,,,,,,,,,,,,,,,,,,,,,,,,,,,,,,,,,,,,,,,,,,,,,,,,,,,,,,,,,,,
phase1,J_project_title_vos,warm,synthetic,hierarchical,50,start_to_home,UNSUPPORTED,1,0,0,10,,,,,,,,,,,,,,,,,,,,,,,,,,,,,,,,,,,,,,,,,,,,,,,,,,,,,,,,,,,,,,,,,,,,,,,,,,,,,,,,,,,,,,,,,,,,,,,,,,
phase1,K_vos,first_run_cold,startup,hierarchical,2000,home_to_library,PASS,3,3,0,0,,,,,,,,3,2.097694,2.097694,2.097694,2.097694,2.097694,0.000000,,,,,,,,3,2.000000,2.000000,2.000000,2.000000,2.000000,0.000000,3,100.000000,100.000000,100.000000,100.000000,100.000000,0.000000,3,588.910156,571.194987,573.389648,551.285156,585.806055,18.908267,3,9467.896484,9445.824219,9461.041992,9408.534180,9466.525586,32.475472,3,1.000000,1.000000,1.000000,1.000000,1.000000,0.000000,3,3.000000,3.000000,3.000000,3.000000,3.000000,0.000000,3,178016.000000,177413.333333,177136.000000,177088.000000,177840.000000,522.476156,3,3.000000,3.000000,3.000000,3.000000,3.000000,0.000000,,,,,,,,3,100.000000,100.000000,100.000000,100.000000,100.000000,0.000000,3,25.461000,24.105667,24.386000,22.470000,25.246000,1.515078
phase1,K_vos,first_run_cold,startup,hierarchical,2000,library_first_render,PASS,3,3,0,0,,,,,,,,3,2.097694,2.097694,2.097694,2.097694,2.097694,0.000000,,,,,,,,3,2.000000,2.000000,2.000000,2.000000,2.000000,0.000000,3,100.000000,100.000000,100.000000,100.000000,100.000000,0.000000,3,484.668945,453.652018,449.336914,426.950195,477.602539,29.100320,3,9954.375000,9909.038737,9925.897461,9846.843750,9948.679492,55.712699,3,1.000000,1.000000,1.000000,1.000000,1.000000,0.000000,3,3.000000,3.000000,3.000000,3.000000,3.000000,0.000000,3,178176.000000,177541.333333,177248.000000,177200.000000,177990.400000,550.161189,3,3.000000,3.000000,3.000000,3.000000,3.000000,0.000000,,,,,,,,3,100.000000,100.000000,100.000000,100.000000,100.000000,0.000000,3,22.881000,21.885333,21.789000,20.986000,22.662600,0.951166
phase1_setup,A_stock,steady_init,startup,hierarchical,2000,home_to_library,PASS,1,1,0,0,,,,,,,,1,1.000000,1.000000,1.000000,1.000000,1.000000,0.000000,,,,,,,,1,1.000000,1.000000,1.000000,1.000000,1.000000,0.000000,1,100.000000,100.000000,100.000000,100.000000,100.000000,0.000000,1,402.655273,402.655273,402.655273,402.655273,402.655273,0.000000,1,8683.458984,8683.458984,8683.458984,8683.458984,8683.458984,0.000000,1,0.000000,0.000000,0.000000,0.000000,0.000000,0.000000,1,1.000000,1.000000,1.000000,1.000000,1.000000,0.000000,1,163920.000000,163920.000000,163920.000000,163920.000000,163920.000000,0.000000,1,1.000000,1.000000,1.000000,1.000000,1.000000,0.000000,,,,,,,,1,100.000000,100.000000,100.000000,100.000000,100.000000,0.000000,1,12.330000,12.330000,12.330000,12.330000,12.330000,0.000000
phase1_setup,A_stock,steady_init,startup,hierarchical,2000,library_first_render,PASS,1,1,0,0,,,,,,,,1,1.000000,1.000000,1.000000,1.000000,1.000000,0.000000,,,,,,,,1,1.000000,1.000000,1.000000,1.000000,1.000000,0.000000,1,100.000000,100.000000,100.000000,100.000000,100.000000,0.000000,1,359.854492,359.854492,359.854492,359.854492,359.854492,0.000000,1,9050.383789,9050.383789,9050.383789,9050.383789,9050.383789,0.000000,1,0.000000,0.000000,0.000000,0.000000,0.000000,0.000000,1,1.000000,1.000000,1.000000,1.000000,1.000000,0.000000,1,172352.000000,172352.000000,172352.000000,172352.000000,172352.000000,0.000000,1,1.000000,1.000000,1.000000,1.000000,1.000000,0.000000,,,,,,,,1,100.000000,100.000000,100.000000,100.000000,100.000000,0.000000,1,12.635000,12.635000,12.635000,12.635000,12.635000,0.000000
phase1_setup,B_bookshelf,steady_init,startup,hierarchical,2000,home_to_library,PASS,1,1,0,0,,,,,,,,1,1.000000,1.000000,1.000000,1.000000,1.000000,0.000000,,,,,,,,1,1.000000,1.000000,1.000000,1.000000,1.000000,0.000000,1,100.000000,100.000000,100.000000,100.000000,100.000000,0.000000,1,453.317383,453.317383,453.317383,453.317383,453.317383,0.000000,1,9046.525391,9046.525391,9046.525391,9046.525391,9046.525391,0.000000,1,0.000000,0.000000,0.000000,0.000000,0.000000,0.000000,1,1.000000,1.000000,1.000000,1.000000,1.000000,0.000000,1,165440.000000,165440.000000,165440.000000,165440.000000,165440.000000,0.000000,1,1.000000,1.000000,1.000000,1.000000,1.000000,0.000000,,,,,,,,1,100.000000,100.000000,100.000000,100.000000,100.000000,0.000000,1,14.977000,14.977000,14.977000,14.977000,14.977000,0.000000
phase1_setup,B_bookshelf,steady_init,startup,hierarchical,2000,library_first_render,PASS,1,1,0,0,,,,,,,,1,1.000000,1.000000,1.000000,1.000000,1.000000,0.000000,,,,,,,,1,1.000000,1.000000,1.000000,1.000000,1.000000,0.000000,1,100.000000,100.000000,100.000000,100.000000,100.000000,0.000000,1,316.090820,316.090820,316.090820,316.090820,316.090820,0.000000,1,9369.686523,9369.686523,9369.686523,9369.686523,9369.686523,0.000000,1,0.000000,0.000000,0.000000,0.000000,0.000000,0.000000,1,1.000000,1.000000,1.000000,1.000000,1.000000,0.000000,1,173360.000000,173360.000000,173360.000000,173360.000000,173360.000000,0.000000,1,1.000000,1.000000,1.000000,1.000000,1.000000,0.000000,,,,,,,,1,100.000000,100.000000,100.000000,100.000000,100.000000,0.000000,1,11.949000,11.949000,11.949000,11.949000,11.949000,0.000000
phase1_setup,C_simpleui,steady_init,startup,hierarchical,2000,home_to_library,PASS,1,1,0,0,,,,,,,,1,0.000000,0.000000,0.000000,0.000000,0.000000,0.000000,,,,,,,,1,0.000000,0.000000,0.000000,0.000000,0.000000,0.000000,1,0.000000,0.000000,0.000000,0.000000,0.000000,0.000000,1,2.894531,2.894531,2.894531,2.894531,2.894531,0.000000,1,12708.316406,12708.316406,12708.316406,12708.316406,12708.316406,0.000000,1,0.000000,0.000000,0.000000,0.000000,0.000000,0.000000,1,0.000000,0.000000,0.000000,0.000000,0.000000,0.000000,1,170672.000000,170672.000000,170672.000000,170672.000000,170672.000000,0.000000,1,0.000000,0.000000,0.000000,0.000000,0.000000,0.000000,,,,,,,,1,0.000000,0.000000,0.000000,0.000000,0.000000,0.000000,1,0.028000,0.028000,0.028000,0.028000,0.028000,0.000000
phase1_setup,C_simpleui,steady_init,startup,hierarchical,2000,library_first_render,PASS,1,1,0,0,,,,,,,,1,5.393204,5.393204,5.393204,5.393204,5.393204,0.000000,,,,,,,,1,5.000000,5.000000,5.000000,5.000000,5.000000,0.000000,1,100.000000,100.000000,100.000000,100.000000,100.000000,0.000000,1,552.819336,552.819336,552.819336,552.819336,552.819336,0.000000,1,13266.916992,13266.916992,13266.916992,13266.916992,13266.916992,0.000000,1,4.000000,4.000000,4.000000,4.000000,4.000000,0.000000,1,9.000000,9.000000,9.000000,9.000000,9.000000,0.000000,1,181904.000000,181904.000000,181904.000000,181904.000000,181904.000000,0.000000,1,9.000000,9.000000,9.000000,9.000000,9.000000,0.000000,,,,,,,,1,100.000000,100.000000,100.000000,100.000000,100.000000,0.000000,1,23.385000,23.385000,23.385000,23.385000,23.385000,0.000000
phase1_setup,D_zenos,steady_init,startup,hierarchical,2000,home_to_library,PASS,1,1,0,0,,,,,,,,1,6.132888,6.132888,6.132888,6.132888,6.132888,0.000000,,,,,,,,1,6.000000,6.000000,6.000000,6.000000,6.000000,0.000000,1,100.000000,100.000000,100.000000,100.000000,100.000000,0.000000,1,2960.084961,2960.084961,2960.084961,2960.084961,2960.084961,0.000000,1,17568.689453,17568.689453,17568.689453,17568.689453,17568.689453,0.000000,1,3.000000,3.000000,3.000000,3.000000,3.000000,0.000000,1,9.000000,9.000000,9.000000,9.000000,9.000000,0.000000,1,197968.000000,197968.000000,197968.000000,197968.000000,197968.000000,0.000000,1,9.000000,9.000000,9.000000,9.000000,9.000000,0.000000,,,,,,,,1,100.000000,100.000000,100.000000,100.000000,100.000000,0.000000,1,70.263000,70.263000,70.263000,70.263000,70.263000,0.000000
phase1_setup,D_zenos,steady_init,startup,hierarchical,2000,library_first_render,PASS,1,1,0,0,,,,,,,,1,3.088592,3.088592,3.088592,3.088592,3.088592,0.000000,,,,,,,,1,3.000000,3.000000,3.000000,3.000000,3.000000,0.000000,1,100.000000,100.000000,100.000000,100.000000,100.000000,0.000000,1,701.399414,701.399414,701.399414,701.399414,701.399414,0.000000,1,18284.374023,18284.374023,18284.374023,18284.374023,18284.374023,0.000000,1,2.000000,2.000000,2.000000,2.000000,2.000000,0.000000,1,5.000000,5.000000,5.000000,5.000000,5.000000,0.000000,1,197968.000000,197968.000000,197968.000000,197968.000000,197968.000000,0.000000,1,5.000000,5.000000,5.000000,5.000000,5.000000,0.000000,,,,,,,,1,100.000000,100.000000,100.000000,100.000000,100.000000,0.000000,1,32.444000,32.444000,32.444000,32.444000,32.444000,0.000000
phase1_setup,E_project_title,steady_init,startup,hierarchical,2000,home_to_library,PASS,1,1,0,0,,,,,,,,1,1.000000,1.000000,1.000000,1.000000,1.000000,0.000000,,,,,,,,1,1.000000,1.000000,1.000000,1.000000,1.000000,0.000000,1,100.000000,100.000000,100.000000,100.000000,100.000000,0.000000,1,454.538086,454.538086,454.538086,454.538086,454.538086,0.000000,1,8939.205078,8939.205078,8939.205078,8939.205078,8939.205078,0.000000,1,0.000000,0.000000,0.000000,0.000000,0.000000,0.000000,1,1.000000,1.000000,1.000000,1.000000,1.000000,0.000000,1,166768.000000,166768.000000,166768.000000,166768.000000,166768.000000,0.000000,1,1.000000,1.000000,1.000000,1.000000,1.000000,0.000000,,,,,,,,1,100.000000,100.000000,100.000000,100.000000,100.000000,0.000000,1,11.624000,11.624000,11.624000,11.624000,11.624000,0.000000
phase1_setup,E_project_title,steady_init,startup,hierarchical,2000,library_first_render,PASS,1,1,0,0,,,,,,,,1,1.000000,1.000000,1.000000,1.000000,1.000000,0.000000,,,,,,,,1,1.000000,1.000000,1.000000,1.000000,1.000000,0.000000,1,100.000000,100.000000,100.000000,100.000000,100.000000,0.000000,1,263.558594,263.558594,263.558594,263.558594,263.558594,0.000000,1,9209.833984,9209.833984,9209.833984,9209.833984,9209.833984,0.000000,1,0.000000,0.000000,0.000000,0.000000,0.000000,0.000000,1,1.000000,1.000000,1.000000,1.000000,1.000000,0.000000,1,175280.000000,175280.000000,175280.000000,175280.000000,175280.000000,0.000000,1,1.000000,1.000000,1.000000,1.000000,1.000000,0.000000,,,,,,,,1,100.000000,100.000000,100.000000,100.000000,100.000000,0.000000,1,8.380000,8.380000,8.380000,8.380000,8.380000,0.000000
phase1_setup,F_bookshelf_bookends,steady_init,startup,hierarchical,2000,home_to_library,PASS,1,1,0,0,,,,,,,,1,1.000000,1.000000,1.000000,1.000000,1.000000,0.000000,,,,,,,,1,1.000000,1.000000,1.000000,1.000000,1.000000,0.000000,1,100.000000,100.000000,100.000000,100.000000,100.000000,0.000000,1,495.229492,495.229492,495.229492,495.229492,495.229492,0.000000,1,9675.693359,9675.693359,9675.693359,9675.693359,9675.693359,0.000000,1,0.000000,0.000000,0.000000,0.000000,0.000000,0.000000,1,1.000000,1.000000,1.000000,1.000000,1.000000,0.000000,1,168496.000000,168496.000000,168496.000000,168496.000000,168496.000000,0.000000,1,1.000000,1.000000,1.000000,1.000000,1.000000,0.000000,,,,,,,,1,100.000000,100.000000,100.000000,100.000000,100.000000,0.000000,1,14.779000,14.779000,14.779000,14.779000,14.779000,0.000000
phase1_setup,F_bookshelf_bookends,steady_init,startup,hierarchical,2000,library_first_render,PASS,1,1,0,0,,,,,,,,1,1.000000,1.000000,1.000000,1.000000,1.000000,0.000000,,,,,,,,1,1.000000,1.000000,1.000000,1.000000,1.000000,0.000000,1,100.000000,100.000000,100.000000,100.000000,100.000000,0.000000,1,380.677734,380.677734,380.677734,380.677734,380.677734,0.000000,1,10063.441406,10063.441406,10063.441406,10063.441406,10063.441406,0.000000,1,0.000000,0.000000,0.000000,0.000000,0.000000,0.000000,1,1.000000,1.000000,1.000000,1.000000,1.000000,0.000000,1,176704.000000,176704.000000,176704.000000,176704.000000,176704.000000,0.000000,1,1.000000,1.000000,1.000000,1.000000,1.000000,0.000000,,,,,,,,1,100.000000,100.000000,100.000000,100.000000,100.000000,0.000000,1,13.941000,13.941000,13.941000,13.941000,13.941000,0.000000
phase1_setup,G_simpleui_bookshelf_bookends,steady_init,startup,hierarchical,2000,home_to_library,PASS,1,1,0,0,,,,,,,,1,0.000000,0.000000,0.000000,0.000000,0.000000,0.000000,,,,,,,,1,0.000000,0.000000,0.000000,0.000000,0.000000,0.000000,1,0.000000,0.000000,0.000000,0.000000,0.000000,0.000000,1,3.296875,3.296875,3.296875,3.296875,3.296875,0.000000,1,13566.617188,13566.617188,13566.617188,13566.617188,13566.617188,0.000000,1,0.000000,0.000000,0.000000,0.000000,0.000000,0.000000,1,0.000000,0.000000,0.000000,0.000000,0.000000,0.000000,1,172416.000000,172416.000000,172416.000000,172416.000000,172416.000000,0.000000,1,0.000000,0.000000,0.000000,0.000000,0.000000,0.000000,,,,,,,,1,0.000000,0.000000,0.000000,0.000000,0.000000,0.000000,1,0.026000,0.026000,0.026000,0.026000,0.026000,0.000000
phase1_setup,G_simpleui_bookshelf_bookends,steady_init,startup,hierarchical,2000,library_first_render,PASS,1,1,0,0,,,,,,,,1,5.393204,5.393204,5.393204,5.393204,5.393204,0.000000,,,,,,,,1,5.000000,5.000000,5.000000,5.000000,5.000000,0.000000,1,100.000000,100.000000,100.000000,100.000000,100.000000,0.000000,1,550.634766,550.634766,550.634766,550.634766,550.634766,0.000000,1,14123.033203,14123.033203,14123.033203,14123.033203,14123.033203,0.000000,1,4.000000,4.000000,4.000000,4.000000,4.000000,0.000000,1,9.000000,9.000000,9.000000,9.000000,9.000000,0.000000,1,174400.000000,174400.000000,174400.000000,174400.000000,174400.000000,0.000000,1,9.000000,9.000000,9.000000,9.000000,9.000000,0.000000,,,,,,,,1,100.000000,100.000000,100.000000,100.000000,100.000000,0.000000,1,24.907000,24.907000,24.907000,24.907000,24.907000,0.000000
phase1_setup,H_zenos_bookshelf_bookends,steady_init,startup,hierarchical,2000,home_to_library,PASS,1,1,0,0,,,,,,,,1,6.132888,6.132888,6.132888,6.132888,6.132888,0.000000,,,,,,,,1,6.000000,6.000000,6.000000,6.000000,6.000000,0.000000,1,100.000000,100.000000,100.000000,100.000000,100.000000,0.000000,1,2898.491211,2898.491211,2898.491211,2898.491211,2898.491211,0.000000,1,18287.720703,18287.720703,18287.720703,18287.720703,18287.720703,0.000000,1,3.000000,3.000000,3.000000,3.000000,3.000000,0.000000,1,9.000000,9.000000,9.000000,9.000000,9.000000,0.000000,1,200480.000000,200480.000000,200480.000000,200480.000000,200480.000000,0.000000,1,9.000000,9.000000,9.000000,9.000000,9.000000,0.000000,,,,,,,,1,100.000000,100.000000,100.000000,100.000000,100.000000,0.000000,1,64.342000,64.342000,64.342000,64.342000,64.342000,0.000000
phase1_setup,H_zenos_bookshelf_bookends,steady_init,startup,hierarchical,2000,library_first_render,PASS,1,1,0,0,,,,,,,,1,3.088592,3.088592,3.088592,3.088592,3.088592,0.000000,,,,,,,,1,3.000000,3.000000,3.000000,3.000000,3.000000,0.000000,1,100.000000,100.000000,100.000000,100.000000,100.000000,0.000000,1,739.571289,739.571289,739.571289,739.571289,739.571289,0.000000,1,19043.405273,19043.405273,19043.405273,19043.405273,19043.405273,0.000000,1,2.000000,2.000000,2.000000,2.000000,2.000000,0.000000,1,5.000000,5.000000,5.000000,5.000000,5.000000,0.000000,1,200480.000000,200480.000000,200480.000000,200480.000000,200480.000000,0.000000,1,5.000000,5.000000,5.000000,5.000000,5.000000,0.000000,,,,,,,,1,100.000000,100.000000,100.000000,100.000000,100.000000,0.000000,1,31.155000,31.155000,31.155000,31.155000,31.155000,0.000000
phase1_setup,I_simpleui_vos,steady_init,startup,hierarchical,2000,home_to_library,PASS,1,1,0,0,,,,,,,,1,0.000000,0.000000,0.000000,0.000000,0.000000,0.000000,,,,,,,,1,0.000000,0.000000,0.000000,0.000000,0.000000,0.000000,1,0.000000,0.000000,0.000000,0.000000,0.000000,0.000000,1,2.722656,2.722656,2.722656,2.722656,2.722656,0.000000,1,13173.359375,13173.359375,13173.359375,13173.359375,13173.359375,0.000000,1,0.000000,0.000000,0.000000,0.000000,0.000000,0.000000,1,0.000000,0.000000,0.000000,0.000000,0.000000,0.000000,1,173264.000000,173264.000000,173264.000000,173264.000000,173264.000000,0.000000,1,0.000000,0.000000,0.000000,0.000000,0.000000,0.000000,,,,,,,,1,0.000000,0.000000,0.000000,0.000000,0.000000,0.000000,1,0.029000,0.029000,0.029000,0.029000,0.029000,0.000000
phase1_setup,I_simpleui_vos,steady_init,startup,hierarchical,2000,library_first_render,PASS,1,1,0,0,,,,,,,,1,5.575243,5.575243,5.575243,5.575243,5.575243,0.000000,,,,,,,,1,5.000000,5.000000,5.000000,5.000000,5.000000,0.000000,1,100.000000,100.000000,100.000000,100.000000,100.000000,0.000000,1,492.738281,492.738281,492.738281,492.738281,492.738281,0.000000,1,13672.410156,13672.410156,13672.410156,13672.410156,13672.410156,0.000000,1,6.000000,6.000000,6.000000,6.000000,6.000000,0.000000,1,11.000000,11.000000,11.000000,11.000000,11.000000,0.000000,1,175664.000000,175664.000000,175664.000000,175664.000000,175664.000000,0.000000,1,11.000000,11.000000,11.000000,11.000000,11.000000,0.000000,,,,,,,,1,100.000000,100.000000,100.000000,100.000000,100.000000,0.000000,1,12.905000,12.905000,12.905000,12.905000,12.905000,0.000000
phase1_setup,J_project_title_vos,steady_init,startup,hierarchical,2000,home_to_library,PASS,1,1,0,0,,,,,,,,1,2.097694,2.097694,2.097694,2.097694,2.097694,0.000000,,,,,,,,1,2.000000,2.000000,2.000000,2.000000,2.000000,0.000000,1,100.000000,100.000000,100.000000,100.000000,100.000000,0.000000,1,513.540039,513.540039,513.540039,513.540039,513.540039,0.000000,1,9523.820312,9523.820312,9523.820312,9523.820312,9523.820312,0.000000,1,1.000000,1.000000,1.000000,1.000000,1.000000,0.000000,1,3.000000,3.000000,3.000000,3.000000,3.000000,0.000000,1,177488.000000,177488.000000,177488.000000,177488.000000,177488.000000,0.000000,1,3.000000,3.000000,3.000000,3.000000,3.000000,0.000000,,,,,,,,1,100.000000,100.000000,100.000000,100.000000,100.000000,0.000000,1,18.170000,18.170000,18.170000,18.170000,18.170000,0.000000
phase1_setup,J_project_title_vos,steady_init,startup,hierarchical,2000,library_first_render,PASS,1,1,0,0,,,,,,,,1,2.097694,2.097694,2.097694,2.097694,2.097694,0.000000,,,,,,,,1,2.000000,2.000000,2.000000,2.000000,2.000000,0.000000,1,100.000000,100.000000,100.000000,100.000000,100.000000,0.000000,1,408.452148,408.452148,408.452148,408.452148,408.452148,0.000000,1,9944.616211,9944.616211,9944.616211,9944.616211,9944.616211,0.000000,1,1.000000,1.000000,1.000000,1.000000,1.000000,0.000000,1,3.000000,3.000000,3.000000,3.000000,3.000000,0.000000,1,177488.000000,177488.000000,177488.000000,177488.000000,177488.000000,0.000000,1,3.000000,3.000000,3.000000,3.000000,3.000000,0.000000,,,,,,,,1,100.000000,100.000000,100.000000,100.000000,100.000000,0.000000,1,17.192000,17.192000,17.192000,17.192000,17.192000,0.000000
phase1,A_stock,first_run_cold,startup,hierarchical,2000,process:spawn_to_ui_ready_ms,PASS,3,3,0,0,,,,,,,,,,,,,,,,,,,,,,,,,,,,,,,,,,,,,,,,,,,,,,,,,,,,,,,,,,,,,,,,,,,,,,,,,,,,,,,,,,,,,,,,,,,,3,955.595666,886.444125,899.690125,804.046583,944.414558,76.637938
phase1,A_stock,first_run_cold,startup,hierarchical,2000,process:spawn_to_library_ready_ms,PASS,3,3,0,0,,,,,,,,,,,,,,,,,,,,,,,,,,,,,,,,,,,,,,,,,,,,,,,,,,,,,,,,,,,,,,,,,,,,,,,,,,,,,,,,,,,,,,,,,,,,3,988.593000,919.165111,932.192292,836.710042,977.312858,76.774923
phase1,A_stock,first_run_cold,startup,hierarchical,2000,process:spawn_to_process_exit_ms,PASS,3,3,0,0,,,,,,,,,,,,,,,,,,,,,,,,,,,,,,,,,,,,,,,,,,,,,,,,,,,,,,,,,,,,,,,,,,,,,,,,,,,,,,,,,,,,,,,,,,,,3,1033.236625,972.746306,1012.371709,872.630583,1029.063642,87.328143
phase1,A_stock,steady_state_cold,startup,hierarchical,2000,process:spawn_to_ui_ready_ms,PASS,3,3,0,0,,,,,,,,,,,,,,,,,,,,,,,,,,,,,,,,,,,,,,,,,,,,,,,,,,,,,,,,,,,,,,,,,,,,,,,,,,,,,,,,,,,,,,,,,,,,3,515.076583,476.843875,458.383333,457.071708,503.737933,33.116991
phase1,A_stock,steady_state_cold,startup,hierarchical,2000,process:spawn_to_library_ready_ms,PASS,3,3,0,0,,,,,,,,,,,,,,,,,,,,,,,,,,,,,,,,,,,,,,,,,,,,,,,,,,,,,,,,,,,,,,,,,,,,,,,,,,,,,,,,,,,,,,,,,,,,3,545.256458,506.199666,487.782375,485.560166,533.761641,33.842418
phase1,A_stock,steady_state_cold,startup,hierarchical,2000,process:spawn_to_process_exit_ms,PASS,3,3,0,0,,,,,,,,,,,,,,,,,,,,,,,,,,,,,,,,,,,,,,,,,,,,,,,,,,,,,,,,,,,,,,,,,,,,,,,,,,,,,,,,,,,,,,,,,,,,3,573.859750,545.727361,550.936667,512.385666,569.275133,31.066355
phase1,A_stock,warm,synthetic,flat,2000,process:spawn_to_ui_ready_ms,PASS,1,1,0,0,,,,,,,,,,,,,,,,,,,,,,,,,,,,,,,,,,,,,,,,,,,,,,,,,,,,,,,,,,,,,,,,,,,,,,,,,,,,,,,,,,,,,,,,,,,,1,591.377917,591.377917,591.377917,591.377917,591.377917,0.000000
phase1,A_stock,warm,synthetic,flat,2000,process:spawn_to_library_ready_ms,PASS,1,1,0,0,,,,,,,,,,,,,,,,,,,,,,,,,,,,,,,,,,,,,,,,,,,,,,,,,,,,,,,,,,,,,,,,,,,,,,,,,,,,,,,,,,,,,,,,,,,,1,4267.148875,4267.148875,4267.148875,4267.148875,4267.148875,0.000000
phase1,A_stock,warm,synthetic,flat,2000,process:spawn_to_process_exit_ms,PASS,1,1,0,0,,,,,,,,,,,,,,,,,,,,,,,,,,,,,,,,,,,,,,,,,,,,,,,,,,,,,,,,,,,,,,,,,,,,,,,,,,,,,,,,,,,,,,,,,,,,1,16361.476375,16361.476375,16361.476375,16361.476375,16361.476375,0.000000
phase1,A_stock,warm,synthetic,flat,50,process:spawn_to_ui_ready_ms,PASS,1,1,0,0,,,,,,,,,,,,,,,,,,,,,,,,,,,,,,,,,,,,,,,,,,,,,,,,,,,,,,,,,,,,,,,,,,,,,,,,,,,,,,,,,,,,,,,,,,,,1,572.016208,572.016208,572.016208,572.016208,572.016208,0.000000
phase1,A_stock,warm,synthetic,flat,50,process:spawn_to_library_ready_ms,PASS,1,1,0,0,,,,,,,,,,,,,,,,,,,,,,,,,,,,,,,,,,,,,,,,,,,,,,,,,,,,,,,,,,,,,,,,,,,,,,,,,,,,,,,,,,,,,,,,,,,,1,2129.061041,2129.061041,2129.061041,2129.061041,2129.061041,0.000000
phase1,A_stock,warm,synthetic,flat,50,process:spawn_to_process_exit_ms,PASS,1,1,0,0,,,,,,,,,,,,,,,,,,,,,,,,,,,,,,,,,,,,,,,,,,,,,,,,,,,,,,,,,,,,,,,,,,,,,,,,,,,,,,,,,,,,,,,,,,,,1,10409.587083,10409.587083,10409.587083,10409.587083,10409.587083,0.000000
phase1,A_stock,warm,synthetic,hierarchical,2000,process:spawn_to_ui_ready_ms,PASS,1,1,0,0,,,,,,,,,,,,,,,,,,,,,,,,,,,,,,,,,,,,,,,,,,,,,,,,,,,,,,,,,,,,,,,,,,,,,,,,,,,,,,,,,,,,,,,,,,,,1,513.370500,513.370500,513.370500,513.370500,513.370500,0.000000
phase1,A_stock,warm,synthetic,hierarchical,2000,process:spawn_to_library_ready_ms,PASS,1,1,0,0,,,,,,,,,,,,,,,,,,,,,,,,,,,,,,,,,,,,,,,,,,,,,,,,,,,,,,,,,,,,,,,,,,,,,,,,,,,,,,,,,,,,,,,,,,,,1,1007.523875,1007.523875,1007.523875,1007.523875,1007.523875,0.000000
phase1,A_stock,warm,synthetic,hierarchical,2000,process:spawn_to_process_exit_ms,PASS,1,1,0,0,,,,,,,,,,,,,,,,,,,,,,,,,,,,,,,,,,,,,,,,,,,,,,,,,,,,,,,,,,,,,,,,,,,,,,,,,,,,,,,,,,,,,,,,,,,,1,5974.308333,5974.308333,5974.308333,5974.308333,5974.308333,0.000000
phase1,A_stock,warm,synthetic,hierarchical,50,process:spawn_to_ui_ready_ms,PASS,1,1,0,0,,,,,,,,,,,,,,,,,,,,,,,,,,,,,,,,,,,,,,,,,,,,,,,,,,,,,,,,,,,,,,,,,,,,,,,,,,,,,,,,,,,,,,,,,,,,1,534.346667,534.346667,534.346667,534.346667,534.346667,0.000000
phase1,A_stock,warm,synthetic,hierarchical,50,process:spawn_to_library_ready_ms,PASS,1,1,0,0,,,,,,,,,,,,,,,,,,,,,,,,,,,,,,,,,,,,,,,,,,,,,,,,,,,,,,,,,,,,,,,,,,,,,,,,,,,,,,,,,,,,,,,,,,,,1,1021.073333,1021.073333,1021.073333,1021.073333,1021.073333,0.000000
phase1,A_stock,warm,synthetic,hierarchical,50,process:spawn_to_process_exit_ms,PASS,1,1,0,0,,,,,,,,,,,,,,,,,,,,,,,,,,,,,,,,,,,,,,,,,,,,,,,,,,,,,,,,,,,,,,,,,,,,,,,,,,,,,,,,,,,,,,,,,,,,1,5229.705792,5229.705792,5229.705792,5229.705792,5229.705792,0.000000
phase1,B_bookshelf,first_run_cold,startup,hierarchical,2000,process:spawn_to_ui_ready_ms,PASS,3,3,0,0,,,,,,,,,,,,,,,,,,,,,,,,,,,,,,,,,,,,,,,,,,,,,,,,,,,,,,,,,,,,,,,,,,,,,,,,,,,,,,,,,,,,,,,,,,,,3,530.937166,528.222527,529.936041,523.794375,530.736941,3.867423
phase1,B_bookshelf,first_run_cold,startup,hierarchical,2000,process:spawn_to_library_ready_ms,PASS,3,3,0,0,,,,,,,,,,,,,,,,,,,,,,,,,,,,,,,,,,,,,,,,,,,,,,,,,,,,,,,,,,,,,,,,,,,,,,,,,,,,,,,,,,,,,,,,,,,,3,563.289083,562.220861,563.274333,560.099166,563.286133,1.837456
phase1,B_bookshelf,first_run_cold,startup,hierarchical,2000,process:spawn_to_process_exit_ms,PASS,3,3,0,0,,,,,,,,,,,,,,,,,,,,,,,,,,,,,,,,,,,,,,,,,,,,,,,,,,,,,,,,,,,,,,,,,,,,,,,,,,,,,,,,,,,,,,,,,,,,3,597.498125,593.411097,593.067083,589.668083,596.611917,3.926340
phase1,B_bookshelf,steady_state_cold,startup,hierarchical,2000,process:spawn_to_ui_ready_ms,PASS,3,3,0,0,,,,,,,,,,,,,,,,,,,,,,,,,,,,,,,,,,,,,,,,,,,,,,,,,,,,,,,,,,,,,,,,,,,,,,,,,,,,,,,,,,,,,,,,,,,,3,494.540958,471.452389,460.180375,459.635833,487.668841,19.997141
phase1,B_bookshelf,steady_state_cold,startup,hierarchical,2000,process:spawn_to_library_ready_ms,PASS,3,3,0,0,,,,,,,,,,,,,,,,,,,,,,,,,,,,,,,,,,,,,,,,,,,,,,,,,,,,,,,,,,,,,,,,,,,,,,,,,,,,,,,,,,,,,,,,,,,,3,524.743208,501.042931,490.314834,488.070750,517.857533,20.555689
phase1,B_bookshelf,steady_state_cold,startup,hierarchical,2000,process:spawn_to_process_exit_ms,PASS,3,3,0,0,,,,,,,,,,,,,,,,,,,,,,,,,,,,,,,,,,,,,,,,,,,,,,,,,,,,,,,,,,,,,,,,,,,,,,,,,,,,,,,,,,,,,,,,,,,,3,552.013833,529.099069,519.152167,516.131208,545.441500,19.902169
phase1,B_bookshelf,warm,synthetic,flat,2000,process:spawn_to_ui_ready_ms,PASS,1,1,0,0,,,,,,,,,,,,,,,,,,,,,,,,,,,,,,,,,,,,,,,,,,,,,,,,,,,,,,,,,,,,,,,,,,,,,,,,,,,,,,,,,,,,,,,,,,,,1,608.051500,608.051500,608.051500,608.051500,608.051500,0.000000
phase1,B_bookshelf,warm,synthetic,flat,2000,process:spawn_to_library_ready_ms,PASS,1,1,0,0,,,,,,,,,,,,,,,,,,,,,,,,,,,,,,,,,,,,,,,,,,,,,,,,,,,,,,,,,,,,,,,,,,,,,,,,,,,,,,,,,,,,,,,,,,,,1,4943.953041,4943.953041,4943.953041,4943.953041,4943.953041,0.000000
phase1,B_bookshelf,warm,synthetic,flat,2000,process:spawn_to_process_exit_ms,PASS,1,1,0,0,,,,,,,,,,,,,,,,,,,,,,,,,,,,,,,,,,,,,,,,,,,,,,,,,,,,,,,,,,,,,,,,,,,,,,,,,,,,,,,,,,,,,,,,,,,,1,18863.468416,18863.468416,18863.468416,18863.468416,18863.468416,0.000000
phase1,B_bookshelf,warm,synthetic,flat,50,process:spawn_to_ui_ready_ms,PASS,1,1,0,0,,,,,,,,,,,,,,,,,,,,,,,,,,,,,,,,,,,,,,,,,,,,,,,,,,,,,,,,,,,,,,,,,,,,,,,,,,,,,,,,,,,,,,,,,,,,1,628.505666,628.505666,628.505666,628.505666,628.505666,0.000000
phase1,B_bookshelf,warm,synthetic,flat,50,process:spawn_to_library_ready_ms,PASS,1,1,0,0,,,,,,,,,,,,,,,,,,,,,,,,,,,,,,,,,,,,,,,,,,,,,,,,,,,,,,,,,,,,,,,,,,,,,,,,,,,,,,,,,,,,,,,,,,,,1,2286.501416,2286.501416,2286.501416,2286.501416,2286.501416,0.000000
phase1,B_bookshelf,warm,synthetic,flat,50,process:spawn_to_process_exit_ms,PASS,1,1,0,0,,,,,,,,,,,,,,,,,,,,,,,,,,,,,,,,,,,,,,,,,,,,,,,,,,,,,,,,,,,,,,,,,,,,,,,,,,,,,,,,,,,,,,,,,,,,1,11948.767083,11948.767083,11948.767083,11948.767083,11948.767083,0.000000
phase1,B_bookshelf,warm,synthetic,hierarchical,2000,process:spawn_to_ui_ready_ms,PASS,1,1,0,0,,,,,,,,,,,,,,,,,,,,,,,,,,,,,,,,,,,,,,,,,,,,,,,,,,,,,,,,,,,,,,,,,,,,,,,,,,,,,,,,,,,,,,,,,,,,1,523.761750,523.761750,523.761750,523.761750,523.761750,0.000000
phase1,B_bookshelf,warm,synthetic,hierarchical,2000,process:spawn_to_library_ready_ms,PASS,1,1,0,0,,,,,,,,,,,,,,,,,,,,,,,,,,,,,,,,,,,,,,,,,,,,,,,,,,,,,,,,,,,,,,,,,,,,,,,,,,,,,,,,,,,,,,,,,,,,1,1037.189000,1037.189000,1037.189000,1037.189000,1037.189000,0.000000
phase1,B_bookshelf,warm,synthetic,hierarchical,2000,process:spawn_to_process_exit_ms,PASS,1,1,0,0,,,,,,,,,,,,,,,,,,,,,,,,,,,,,,,,,,,,,,,,,,,,,,,,,,,,,,,,,,,,,,,,,,,,,,,,,,,,,,,,,,,,,,,,,,,,1,7087.136250,7087.136250,7087.136250,7087.136250,7087.136250,0.000000
phase1,B_bookshelf,warm,synthetic,hierarchical,50,process:spawn_to_ui_ready_ms,PASS,1,1,0,0,,,,,,,,,,,,,,,,,,,,,,,,,,,,,,,,,,,,,,,,,,,,,,,,,,,,,,,,,,,,,,,,,,,,,,,,,,,,,,,,,,,,,,,,,,,,1,518.544792,518.544792,518.544792,518.544792,518.544792,0.000000
phase1,B_bookshelf,warm,synthetic,hierarchical,50,process:spawn_to_library_ready_ms,PASS,1,1,0,0,,,,,,,,,,,,,,,,,,,,,,,,,,,,,,,,,,,,,,,,,,,,,,,,,,,,,,,,,,,,,,,,,,,,,,,,,,,,,,,,,,,,,,,,,,,,1,1010.072792,1010.072792,1010.072792,1010.072792,1010.072792,0.000000
phase1,B_bookshelf,warm,synthetic,hierarchical,50,process:spawn_to_process_exit_ms,PASS,1,1,0,0,,,,,,,,,,,,,,,,,,,,,,,,,,,,,,,,,,,,,,,,,,,,,,,,,,,,,,,,,,,,,,,,,,,,,,,,,,,,,,,,,,,,,,,,,,,,1,6487.887459,6487.887459,6487.887459,6487.887459,6487.887459,0.000000
phase1,C_simpleui,first_run_cold,startup,hierarchical,2000,process:spawn_to_ui_ready_ms,PASS,3,3,0,0,,,,,,,,,,,,,,,,,,,,,,,,,,,,,,,,,,,,,,,,,,,,,,,,,,,,,,,,,,,,,,,,,,,,,,,,,,,,,,,,,,,,,,,,,,,,3,748.082292,745.732403,745.448416,743.666500,747.555517,2.221551
phase1,C_simpleui,first_run_cold,startup,hierarchical,2000,process:spawn_to_library_ready_ms,PASS,3,3,0,0,,,,,,,,,,,,,,,,,,,,,,,,,,,,,,,,,,,,,,,,,,,,,,,,,,,,,,,,,,,,,,,,,,,,,,,,,,,,,,,,,,,,,,,,,,,,3,783.170500,779.467445,780.747625,774.484209,782.685925,4.482417
phase1,C_simpleui,first_run_cold,startup,hierarchical,2000,process:spawn_to_process_exit_ms,PASS,3,3,0,0,,,,,,,,,,,,,,,,,,,,,,,,,,,,,,,,,,,,,,,,,,,,,,,,,,,,,,,,,,,,,,,,,,,,,,,,,,,,,,,,,,,,,,,,,,,,3,833.603416,820.402917,815.707625,811.897709,830.024258,11.589597
phase1,C_simpleui,steady_state_cold,startup,hierarchical,2000,process:spawn_to_ui_ready_ms,PASS,3,3,0,0,,,,,,,,,,,,,,,,,,,,,,,,,,,,,,,,,,,,,,,,,,,,,,,,,,,,,,,,,,,,,,,,,,,,,,,,,,,,,,,,,,,,,,,,,,,,3,714.077541,680.630639,669.049959,658.764417,705.072025,29.418864
phase1,C_simpleui,steady_state_cold,startup,hierarchical,2000,process:spawn_to_library_ready_ms,PASS,3,3,0,0,,,,,,,,,,,,,,,,,,,,,,,,,,,,,,,,,,,,,,,,,,,,,,,,,,,,,,,,,,,,,,,,,,,,,,,,,,,,,,,,,,,,,,,,,,,,3,743.471875,709.898833,696.826500,689.398125,734.142800,29.311381
phase1,C_simpleui,steady_state_cold,startup,hierarchical,2000,process:spawn_to_process_exit_ms,PASS,3,3,0,0,,,,,,,,,,,,,,,,,,,,,,,,,,,,,,,,,,,,,,,,,,,,,,,,,,,,,,,,,,,,,,,,,,,,,,,,,,,,,,,,,,,,,,,,,,,,3,778.946291,747.295069,738.850709,724.088208,770.927175,28.387193
phase1,C_simpleui,warm,synthetic,flat,2000,process:spawn_to_ui_ready_ms,PASS,1,1,0,0,,,,,,,,,,,,,,,,,,,,,,,,,,,,,,,,,,,,,,,,,,,,,,,,,,,,,,,,,,,,,,,,,,,,,,,,,,,,,,,,,,,,,,,,,,,,1,870.563667,870.563667,870.563667,870.563667,870.563667,0.000000
phase1,C_simpleui,warm,synthetic,flat,2000,process:spawn_to_library_ready_ms,PASS,1,1,0,0,,,,,,,,,,,,,,,,,,,,,,,,,,,,,,,,,,,,,,,,,,,,,,,,,,,,,,,,,,,,,,,,,,,,,,,,,,,,,,,,,,,,,,,,,,,,1,2074.968167,2074.968167,2074.968167,2074.968167,2074.968167,0.000000
phase1,C_simpleui,warm,synthetic,flat,2000,process:spawn_to_process_exit_ms,PASS,1,1,0,0,,,,,,,,,,,,,,,,,,,,,,,,,,,,,,,,,,,,,,,,,,,,,,,,,,,,,,,,,,,,,,,,,,,,,,,,,,,,,,,,,,,,,,,,,,,,1,50099.578833,50099.578833,50099.578833,50099.578833,50099.578833,0.000000
phase1,C_simpleui,warm,synthetic,flat,50,process:spawn_to_ui_ready_ms,PASS,1,1,0,0,,,,,,,,,,,,,,,,,,,,,,,,,,,,,,,,,,,,,,,,,,,,,,,,,,,,,,,,,,,,,,,,,,,,,,,,,,,,,,,,,,,,,,,,,,,,1,740.153791,740.153791,740.153791,740.153791,740.153791,0.000000
phase1,C_simpleui,warm,synthetic,flat,50,process:spawn_to_library_ready_ms,PASS,1,1,0,0,,,,,,,,,,,,,,,,,,,,,,,,,,,,,,,,,,,,,,,,,,,,,,,,,,,,,,,,,,,,,,,,,,,,,,,,,,,,,,,,,,,,,,,,,,,,1,1416.428208,1416.428208,1416.428208,1416.428208,1416.428208,0.000000
phase1,C_simpleui,warm,synthetic,flat,50,process:spawn_to_process_exit_ms,PASS,1,1,0,0,,,,,,,,,,,,,,,,,,,,,,,,,,,,,,,,,,,,,,,,,,,,,,,,,,,,,,,,,,,,,,,,,,,,,,,,,,,,,,,,,,,,,,,,,,,,1,21039.710500,21039.710500,21039.710500,21039.710500,21039.710500,0.000000
phase1,C_simpleui,warm,synthetic,hierarchical,2000,process:spawn_to_ui_ready_ms,PASS,1,1,0,0,,,,,,,,,,,,,,,,,,,,,,,,,,,,,,,,,,,,,,,,,,,,,,,,,,,,,,,,,,,,,,,,,,,,,,,,,,,,,,,,,,,,,,,,,,,,1,902.397792,902.397792,902.397792,902.397792,902.397792,0.000000
phase1,C_simpleui,warm,synthetic,hierarchical,2000,process:spawn_to_library_ready_ms,PASS,1,1,0,0,,,,,,,,,,,,,,,,,,,,,,,,,,,,,,,,,,,,,,,,,,,,,,,,,,,,,,,,,,,,,,,,,,,,,,,,,,,,,,,,,,,,,,,,,,,,1,1260.377375,1260.377375,1260.377375,1260.377375,1260.377375,0.000000
phase1,C_simpleui,warm,synthetic,hierarchical,2000,process:spawn_to_process_exit_ms,PASS,1,1,0,0,,,,,,,,,,,,,,,,,,,,,,,,,,,,,,,,,,,,,,,,,,,,,,,,,,,,,,,,,,,,,,,,,,,,,,,,,,,,,,,,,,,,,,,,,,,,1,48663.207000,48663.207000,48663.207000,48663.207000,48663.207000,0.000000
phase1,C_simpleui,warm,synthetic,hierarchical,50,process:spawn_to_ui_ready_ms,PASS,1,1,0,0,,,,,,,,,,,,,,,,,,,,,,,,,,,,,,,,,,,,,,,,,,,,,,,,,,,,,,,,,,,,,,,,,,,,,,,,,,,,,,,,,,,,,,,,,,,,1,747.100209,747.100209,747.100209,747.100209,747.100209,0.000000
phase1,C_simpleui,warm,synthetic,hierarchical,50,process:spawn_to_library_ready_ms,PASS,1,1,0,0,,,,,,,,,,,,,,,,,,,,,,,,,,,,,,,,,,,,,,,,,,,,,,,,,,,,,,,,,,,,,,,,,,,,,,,,,,,,,,,,,,,,,,,,,,,,1,1103.140042,1103.140042,1103.140042,1103.140042,1103.140042,0.000000
phase1,C_simpleui,warm,synthetic,hierarchical,50,process:spawn_to_process_exit_ms,PASS,1,1,0,0,,,,,,,,,,,,,,,,,,,,,,,,,,,,,,,,,,,,,,,,,,,,,,,,,,,,,,,,,,,,,,,,,,,,,,,,,,,,,,,,,,,,,,,,,,,,1,44851.628417,44851.628417,44851.628417,44851.628417,44851.628417,0.000000
phase1,D_zenos,first_run_cold,startup,hierarchical,2000,process:spawn_to_ui_ready_ms,PASS,3,3,0,0,,,,,,,,,,,,,,,,,,,,,,,,,,,,,,,,,,,,,,,,,,,,,,,,,,,,,,,,,,,,,,,,,,,,,,,,,,,,,,,,,,,,,,,,,,,,3,887.889042,854.182181,845.258042,829.399458,879.362842,30.248769
phase1,D_zenos,first_run_cold,startup,hierarchical,2000,process:spawn_to_library_ready_ms,PASS,3,3,0,0,,,,,,,,,,,,,,,,,,,,,,,,,,,,,,,,,,,,,,,,,,,,,,,,,,,,,,,,,,,,,,,,,,,,,,,,,,,,,,,,,,,,,,,,,,,,3,1015.798167,984.330889,969.943417,967.251083,1006.627217,27.284691
phase1,D_zenos,first_run_cold,startup,hierarchical,2000,process:spawn_to_process_exit_ms,PASS,3,3,0,0,,,,,,,,,,,,,,,,,,,,,,,,,,,,,,,,,,,,,,,,,,,,,,,,,,,,,,,,,,,,,,,,,,,,,,,,,,,,,,,,,,,,,,,,,,,,3,1064.290792,1031.539292,1018.251250,1012.075833,1055.082884,28.531203
phase1,D_zenos,steady_state_cold,startup,hierarchical,2000,process:spawn_to_ui_ready_ms,PASS,3,3,0,0,,,,,,,,,,,,,,,,,,,,,,,,,,,,,,,,,,,,,,,,,,,,,,,,,,,,,,,,,,,,,,,,,,,,,,,,,,,,,,,,,,,,,,,,,,,,3,792.914666,764.821486,752.222875,749.326917,784.776308,24.372458
phase1,D_zenos,steady_state_cold,startup,hierarchical,2000,process:spawn_to_library_ready_ms,PASS,3,3,0,0,,,,,,,,,,,,,,,,,,,,,,,,,,,,,,,,,,,,,,,,,,,,,,,,,,,,,,,,,,,,,,,,,,,,,,,,,,,,,,,,,,,,,,,,,,,,3,901.887166,875.069458,866.628250,856.692958,894.835383,23.750150
phase1,D_zenos,steady_state_cold,startup,hierarchical,2000,process:spawn_to_process_exit_ms,PASS,3,3,0,0,,,,,,,,,,,,,,,,,,,,,,,,,,,,,,,,,,,,,,,,,,,,,,,,,,,,,,,,,,,,,,,,,,,,,,,,,,,,,,,,,,,,,,,,,,,,3,943.721041,915.484375,906.972958,895.759125,936.371424,25.088234
phase1,D_zenos,warm,synthetic,flat,2000,process:spawn_to_ui_ready_ms,PASS,1,1,0,0,,,,,,,,,,,,,,,,,,,,,,,,,,,,,,,,,,,,,,,,,,,,,,,,,,,,,,,,,,,,,,,,,,,,,,,,,,,,,,,,,,,,,,,,,,,,1,848.576500,848.576500,848.576500,848.576500,848.576500,0.000000
phase1,D_zenos,warm,synthetic,flat,2000,process:spawn_to_library_ready_ms,PASS,1,1,0,0,,,,,,,,,,,,,,,,,,,,,,,,,,,,,,,,,,,,,,,,,,,,,,,,,,,,,,,,,,,,,,,,,,,,,,,,,,,,,,,,,,,,,,,,,,,,1,4262.963833,4262.963833,4262.963833,4262.963833,4262.963833,0.000000
phase1,D_zenos,warm,synthetic,flat,2000,process:spawn_to_process_exit_ms,PASS,1,1,0,0,,,,,,,,,,,,,,,,,,,,,,,,,,,,,,,,,,,,,,,,,,,,,,,,,,,,,,,,,,,,,,,,,,,,,,,,,,,,,,,,,,,,,,,,,,,,1,16052.202458,16052.202458,16052.202458,16052.202458,16052.202458,0.000000
phase1,D_zenos,warm,synthetic,flat,50,process:spawn_to_ui_ready_ms,PASS,1,1,0,0,,,,,,,,,,,,,,,,,,,,,,,,,,,,,,,,,,,,,,,,,,,,,,,,,,,,,,,,,,,,,,,,,,,,,,,,,,,,,,,,,,,,,,,,,,,,1,959.973417,959.973417,959.973417,959.973417,959.973417,0.000000
phase1,D_zenos,warm,synthetic,flat,50,process:spawn_to_library_ready_ms,PASS,1,1,0,0,,,,,,,,,,,,,,,,,,,,,,,,,,,,,,,,,,,,,,,,,,,,,,,,,,,,,,,,,,,,,,,,,,,,,,,,,,,,,,,,,,,,,,,,,,,,1,3047.136584,3047.136584,3047.136584,3047.136584,3047.136584,0.000000
phase1,D_zenos,warm,synthetic,flat,50,process:spawn_to_process_exit_ms,PASS,1,1,0,0,,,,,,,,,,,,,,,,,,,,,,,,,,,,,,,,,,,,,,,,,,,,,,,,,,,,,,,,,,,,,,,,,,,,,,,,,,,,,,,,,,,,,,,,,,,,1,12944.617625,12944.617625,12944.617625,12944.617625,12944.617625,0.000000
phase1,D_zenos,warm,synthetic,hierarchical,2000,process:spawn_to_ui_ready_ms,PASS,1,1,0,0,,,,,,,,,,,,,,,,,,,,,,,,,,,,,,,,,,,,,,,,,,,,,,,,,,,,,,,,,,,,,,,,,,,,,,,,,,,,,,,,,,,,,,,,,,,,1,843.799042,843.799042,843.799042,843.799042,843.799042,0.000000
phase1,D_zenos,warm,synthetic,hierarchical,2000,process:spawn_to_library_ready_ms,PASS,1,1,0,0,,,,,,,,,,,,,,,,,,,,,,,,,,,,,,,,,,,,,,,,,,,,,,,,,,,,,,,,,,,,,,,,,,,,,,,,,,,,,,,,,,,,,,,,,,,,1,2753.715167,2753.715167,2753.715167,2753.715167,2753.715167,0.000000
phase1,D_zenos,warm,synthetic,hierarchical,2000,process:spawn_to_process_exit_ms,PASS,1,1,0,0,,,,,,,,,,,,,,,,,,,,,,,,,,,,,,,,,,,,,,,,,,,,,,,,,,,,,,,,,,,,,,,,,,,,,,,,,,,,,,,,,,,,,,,,,,,,1,11173.974834,11173.974834,11173.974834,11173.974834,11173.974834,0.000000
phase1,D_zenos,warm,synthetic,hierarchical,50,process:spawn_to_ui_ready_ms,PASS,1,1,0,0,,,,,,,,,,,,,,,,,,,,,,,,,,,,,,,,,,,,,,,,,,,,,,,,,,,,,,,,,,,,,,,,,,,,,,,,,,,,,,,,,,,,,,,,,,,,1,842.555916,842.555916,842.555916,842.555916,842.555916,0.000000
phase1,D_zenos,warm,synthetic,hierarchical,50,process:spawn_to_library_ready_ms,PASS,1,1,0,0,,,,,,,,,,,,,,,,,,,,,,,,,,,,,,,,,,,,,,,,,,,,,,,,,,,,,,,,,,,,,,,,,,,,,,,,,,,,,,,,,,,,,,,,,,,,1,2709.687333,2709.687333,2709.687333,2709.687333,2709.687333,0.000000
phase1,D_zenos,warm,synthetic,hierarchical,50,process:spawn_to_process_exit_ms,PASS,1,1,0,0,,,,,,,,,,,,,,,,,,,,,,,,,,,,,,,,,,,,,,,,,,,,,,,,,,,,,,,,,,,,,,,,,,,,,,,,,,,,,,,,,,,,,,,,,,,,1,10783.392416,10783.392416,10783.392416,10783.392416,10783.392416,0.000000
phase1,E_project_title,steady_state_cold,startup,hierarchical,2000,process:spawn_to_ui_ready_ms,PASS,3,3,0,0,,,,,,,,,,,,,,,,,,,,,,,,,,,,,,,,,,,,,,,,,,,,,,,,,,,,,,,,,,,,,,,,,,,,,,,,,,,,,,,,,,,,,,,,,,,,3,571.453709,538.454653,526.595417,517.314833,562.482051,28.952298
phase1,E_project_title,steady_state_cold,startup,hierarchical,2000,process:spawn_to_library_ready_ms,PASS,3,3,0,0,,,,,,,,,,,,,,,,,,,,,,,,,,,,,,,,,,,,,,,,,,,,,,,,,,,,,,,,,,,,,,,,,,,,,,,,,,,,,,,,,,,,,,,,,,,,3,601.977625,567.756278,555.633459,545.657750,592.708792,30.053355
phase1,E_project_title,steady_state_cold,startup,hierarchical,2000,process:spawn_to_process_exit_ms,PASS,3,3,0,0,,,,,,,,,,,,,,,,,,,,,,,,,,,,,,,,,,,,,,,,,,,,,,,,,,,,,,,,,,,,,,,,,,,,,,,,,,,,,,,,,,,,,,,,,,,,3,636.677292,598.223764,584.084834,573.909166,626.158800,33.688149
phase1,E_project_title,warm,synthetic,flat,2000,process:spawn_to_ui_ready_ms,PASS,1,1,0,0,,,,,,,,,,,,,,,,,,,,,,,,,,,,,,,,,,,,,,,,,,,,,,,,,,,,,,,,,,,,,,,,,,,,,,,,,,,,,,,,,,,,,,,,,,,,1,685.145791,685.145791,685.145791,685.145791,685.145791,0.000000
phase1,E_project_title,warm,synthetic,flat,2000,process:spawn_to_library_ready_ms,PASS,1,1,0,0,,,,,,,,,,,,,,,,,,,,,,,,,,,,,,,,,,,,,,,,,,,,,,,,,,,,,,,,,,,,,,,,,,,,,,,,,,,,,,,,,,,,,,,,,,,,1,3121.390416,3121.390416,3121.390416,3121.390416,3121.390416,0.000000
phase1,E_project_title,warm,synthetic,flat,2000,process:spawn_to_process_exit_ms,PASS,1,1,0,0,,,,,,,,,,,,,,,,,,,,,,,,,,,,,,,,,,,,,,,,,,,,,,,,,,,,,,,,,,,,,,,,,,,,,,,,,,,,,,,,,,,,,,,,,,,,1,12115.703833,12115.703833,12115.703833,12115.703833,12115.703833,0.000000
phase1,E_project_title,warm,synthetic,flat,50,process:spawn_to_ui_ready_ms,PASS,1,1,0,0,,,,,,,,,,,,,,,,,,,,,,,,,,,,,,,,,,,,,,,,,,,,,,,,,,,,,,,,,,,,,,,,,,,,,,,,,,,,,,,,,,,,,,,,,,,,1,620.828625,620.828625,620.828625,620.828625,620.828625,0.000000
phase1,E_project_title,warm,synthetic,flat,50,process:spawn_to_library_ready_ms,PASS,1,1,0,0,,,,,,,,,,,,,,,,,,,,,,,,,,,,,,,,,,,,,,,,,,,,,,,,,,,,,,,,,,,,,,,,,,,,,,,,,,,,,,,,,,,,,,,,,,,,1,1314.443292,1314.443292,1314.443292,1314.443292,1314.443292,0.000000
phase1,E_project_title,warm,synthetic,flat,50,process:spawn_to_process_exit_ms,PASS,1,1,0,0,,,,,,,,,,,,,,,,,,,,,,,,,,,,,,,,,,,,,,,,,,,,,,,,,,,,,,,,,,,,,,,,,,,,,,,,,,,,,,,,,,,,,,,,,,,,1,6128.028167,6128.028167,6128.028167,6128.028167,6128.028167,0.000000
phase1,E_project_title,warm,synthetic,hierarchical,2000,process:spawn_to_ui_ready_ms,PASS,1,1,0,0,,,,,,,,,,,,,,,,,,,,,,,,,,,,,,,,,,,,,,,,,,,,,,,,,,,,,,,,,,,,,,,,,,,,,,,,,,,,,,,,,,,,,,,,,,,,1,569.545166,569.545166,569.545166,569.545166,569.545166,0.000000
phase1,E_project_title,warm,synthetic,hierarchical,2000,process:spawn_to_library_ready_ms,PASS,1,1,0,0,,,,,,,,,,,,,,,,,,,,,,,,,,,,,,,,,,,,,,,,,,,,,,,,,,,,,,,,,,,,,,,,,,,,,,,,,,,,,,,,,,,,,,,,,,,,1,983.182291,983.182291,983.182291,983.182291,983.182291,0.000000
phase1,E_project_title,warm,synthetic,hierarchical,2000,process:spawn_to_process_exit_ms,PASS,1,1,0,0,,,,,,,,,,,,,,,,,,,,,,,,,,,,,,,,,,,,,,,,,,,,,,,,,,,,,,,,,,,,,,,,,,,,,,,,,,,,,,,,,,,,,,,,,,,,1,5323.244958,5323.244958,5323.244958,5323.244958,5323.244958,0.000000
phase1,E_project_title,warm,synthetic,hierarchical,50,process:spawn_to_ui_ready_ms,PASS,1,1,0,0,,,,,,,,,,,,,,,,,,,,,,,,,,,,,,,,,,,,,,,,,,,,,,,,,,,,,,,,,,,,,,,,,,,,,,,,,,,,,,,,,,,,,,,,,,,,1,603.293500,603.293500,603.293500,603.293500,603.293500,0.000000
phase1,E_project_title,warm,synthetic,hierarchical,50,process:spawn_to_library_ready_ms,PASS,1,1,0,0,,,,,,,,,,,,,,,,,,,,,,,,,,,,,,,,,,,,,,,,,,,,,,,,,,,,,,,,,,,,,,,,,,,,,,,,,,,,,,,,,,,,,,,,,,,,1,1006.011959,1006.011959,1006.011959,1006.011959,1006.011959,0.000000
phase1,E_project_title,warm,synthetic,hierarchical,50,process:spawn_to_process_exit_ms,PASS,1,1,0,0,,,,,,,,,,,,,,,,,,,,,,,,,,,,,,,,,,,,,,,,,,,,,,,,,,,,,,,,,,,,,,,,,,,,,,,,,,,,,,,,,,,,,,,,,,,,1,4578.002417,4578.002417,4578.002417,4578.002417,4578.002417,0.000000
phase1,F_bookshelf_bookends,steady_state_cold,startup,hierarchical,2000,process:spawn_to_ui_ready_ms,PASS,3,3,0,0,,,,,,,,,,,,,,,,,,,,,,,,,,,,,,,,,,,,,,,,,,,,,,,,,,,,,,,,,,,,,,,,,,,,,,,,,,,,,,,,,,,,,,,,,,,,3,629.898875,597.013306,581.788667,579.352375,620.276833,28.505778
phase1,F_bookshelf_bookends,steady_state_cold,startup,hierarchical,2000,process:spawn_to_library_ready_ms,PASS,3,3,0,0,,,,,,,,,,,,,,,,,,,,,,,,,,,,,,,,,,,,,,,,,,,,,,,,,,,,,,,,,,,,,,,,,,,,,,,,,,,,,,,,,,,,,,,,,,,,3,659.222958,627.796208,612.361542,611.804125,649.850675,27.217791
phase1,F_bookshelf_bookends,steady_state_cold,startup,hierarchical,2000,process:spawn_to_process_exit_ms,PASS,3,3,0,0,,,,,,,,,,,,,,,,,,,,,,,,,,,,,,,,,,,,,,,,,,,,,,,,,,,,,,,,,,,,,,,,,,,,,,,,,,,,,,,,,,,,,,,,,,,,3,694.053875,660.207486,643.308916,643.259667,683.904883,29.311843
phase1,F_bookshelf_bookends,warm,synthetic,flat,2000,process:spawn_to_ui_ready_ms,PASS,1,1,0,0,,,,,,,,,,,,,,,,,,,,,,,,,,,,,,,,,,,,,,,,,,,,,,,,,,,,,,,,,,,,,,,,,,,,,,,,,,,,,,,,,,,,,,,,,,,,1,700.270042,700.270042,700.270042,700.270042,700.270042,0.000000
phase1,F_bookshelf_bookends,warm,synthetic,flat,2000,process:spawn_to_library_ready_ms,PASS,1,1,0,0,,,,,,,,,,,,,,,,,,,,,,,,,,,,,,,,,,,,,,,,,,,,,,,,,,,,,,,,,,,,,,,,,,,,,,,,,,,,,,,,,,,,,,,,,,,,1,5119.640250,5119.640250,5119.640250,5119.640250,5119.640250,0.000000
phase1,F_bookshelf_bookends,warm,synthetic,flat,2000,process:spawn_to_process_exit_ms,PASS,1,1,0,0,,,,,,,,,,,,,,,,,,,,,,,,,,,,,,,,,,,,,,,,,,,,,,,,,,,,,,,,,,,,,,,,,,,,,,,,,,,,,,,,,,,,,,,,,,,,1,20708.637042,20708.637042,20708.637042,20708.637042,20708.637042,0.000000
phase1,F_bookshelf_bookends,warm,synthetic,flat,50,process:spawn_to_ui_ready_ms,PASS,1,1,0,0,,,,,,,,,,,,,,,,,,,,,,,,,,,,,,,,,,,,,,,,,,,,,,,,,,,,,,,,,,,,,,,,,,,,,,,,,,,,,,,,,,,,,,,,,,,,1,632.496833,632.496833,632.496833,632.496833,632.496833,0.000000
phase1,F_bookshelf_bookends,warm,synthetic,flat,50,process:spawn_to_library_ready_ms,PASS,1,1,0,0,,,,,,,,,,,,,,,,,,,,,,,,,,,,,,,,,,,,,,,,,,,,,,,,,,,,,,,,,,,,,,,,,,,,,,,,,,,,,,,,,,,,,,,,,,,,1,2192.294375,2192.294375,2192.294375,2192.294375,2192.294375,0.000000
phase1,F_bookshelf_bookends,warm,synthetic,flat,50,process:spawn_to_process_exit_ms,PASS,1,1,0,0,,,,,,,,,,,,,,,,,,,,,,,,,,,,,,,,,,,,,,,,,,,,,,,,,,,,,,,,,,,,,,,,,,,,,,,,,,,,,,,,,,,,,,,,,,,,1,12955.854458,12955.854458,12955.854458,12955.854458,12955.854458,0.000000
phase1,F_bookshelf_bookends,warm,synthetic,hierarchical,2000,process:spawn_to_ui_ready_ms,PASS,1,1,0,0,,,,,,,,,,,,,,,,,,,,,,,,,,,,,,,,,,,,,,,,,,,,,,,,,,,,,,,,,,,,,,,,,,,,,,,,,,,,,,,,,,,,,,,,,,,,1,608.208541,608.208541,608.208541,608.208541,608.208541,0.000000
phase1,F_bookshelf_bookends,warm,synthetic,hierarchical,2000,process:spawn_to_library_ready_ms,PASS,1,1,0,0,,,,,,,,,,,,,,,,,,,,,,,,,,,,,,,,,,,,,,,,,,,,,,,,,,,,,,,,,,,,,,,,,,,,,,,,,,,,,,,,,,,,,,,,,,,,1,1103.361375,1103.361375,1103.361375,1103.361375,1103.361375,0.000000
phase1,F_bookshelf_bookends,warm,synthetic,hierarchical,2000,process:spawn_to_process_exit_ms,PASS,1,1,0,0,,,,,,,,,,,,,,,,,,,,,,,,,,,,,,,,,,,,,,,,,,,,,,,,,,,,,,,,,,,,,,,,,,,,,,,,,,,,,,,,,,,,,,,,,,,,1,8403.680166,8403.680166,8403.680166,8403.680166,8403.680166,0.000000
phase1,F_bookshelf_bookends,warm,synthetic,hierarchical,50,process:spawn_to_ui_ready_ms,PASS,1,1,0,0,,,,,,,,,,,,,,,,,,,,,,,,,,,,,,,,,,,,,,,,,,,,,,,,,,,,,,,,,,,,,,,,,,,,,,,,,,,,,,,,,,,,,,,,,,,,1,633.681125,633.681125,633.681125,633.681125,633.681125,0.000000
phase1,F_bookshelf_bookends,warm,synthetic,hierarchical,50,process:spawn_to_library_ready_ms,PASS,1,1,0,0,,,,,,,,,,,,,,,,,,,,,,,,,,,,,,,,,,,,,,,,,,,,,,,,,,,,,,,,,,,,,,,,,,,,,,,,,,,,,,,,,,,,,,,,,,,,1,1156.189917,1156.189917,1156.189917,1156.189917,1156.189917,0.000000
phase1,F_bookshelf_bookends,warm,synthetic,hierarchical,50,process:spawn_to_process_exit_ms,PASS,1,1,0,0,,,,,,,,,,,,,,,,,,,,,,,,,,,,,,,,,,,,,,,,,,,,,,,,,,,,,,,,,,,,,,,,,,,,,,,,,,,,,,,,,,,,,,,,,,,,1,7512.607667,7512.607667,7512.607667,7512.607667,7512.607667,0.000000
phase1,G_simpleui_bookshelf_bookends,steady_state_cold,startup,hierarchical,2000,process:spawn_to_ui_ready_ms,PASS,3,3,0,0,,,,,,,,,,,,,,,,,,,,,,,,,,,,,,,,,,,,,,,,,,,,,,,,,,,,,,,,,,,,,,,,,,,,,,,,,,,,,,,,,,,,,,,,,,,,3,662.500459,625.764681,608.330333,606.463250,651.666434,31.827811
phase1,G_simpleui_bookshelf_bookends,steady_state_cold,startup,hierarchical,2000,process:spawn_to_library_ready_ms,PASS,3,3,0,0,,,,,,,,,,,,,,,,,,,,,,,,,,,,,,,,,,,,,,,,,,,,,,,,,,,,,,,,,,,,,,,,,,,,,,,,,,,,,,,,,,,,,,,,,,,,3,694.723959,656.849806,638.172666,637.652792,683.413700,32.801009
phase1,G_simpleui_bookshelf_bookends,steady_state_cold,startup,hierarchical,2000,process:spawn_to_process_exit_ms,PASS,3,3,0,0,,,,,,,,,,,,,,,,,,,,,,,,,,,,,,,,,,,,,,,,,,,,,,,,,,,,,,,,,,,,,,,,,,,,,,,,,,,,,,,,,,,,,,,,,,,,3,730.080500,692.280542,673.650375,673.110750,718.794475,32.736836
phase1,G_simpleui_bookshelf_bookends,warm,synthetic,flat,2000,process:spawn_to_ui_ready_ms,PASS,1,1,0,0,,,,,,,,,,,,,,,,,,,,,,,,,,,,,,,,,,,,,,,,,,,,,,,,,,,,,,,,,,,,,,,,,,,,,,,,,,,,,,,,,,,,,,,,,,,,1,795.791875,795.791875,795.791875,795.791875,795.791875,0.000000
phase1,G_simpleui_bookshelf_bookends,warm,synthetic,flat,2000,process:spawn_to_library_ready_ms,PASS,1,1,0,0,,,,,,,,,,,,,,,,,,,,,,,,,,,,,,,,,,,,,,,,,,,,,,,,,,,,,,,,,,,,,,,,,,,,,,,,,,,,,,,,,,,,,,,,,,,,1,1995.836667,1995.836667,1995.836667,1995.836667,1995.836667,0.000000
phase1,G_simpleui_bookshelf_bookends,warm,synthetic,flat,2000,process:spawn_to_process_exit_ms,PASS,1,1,0,0,,,,,,,,,,,,,,,,,,,,,,,,,,,,,,,,,,,,,,,,,,,,,,,,,,,,,,,,,,,,,,,,,,,,,,,,,,,,,,,,,,,,,,,,,,,,1,56941.305542,56941.305542,56941.305542,56941.305542,56941.305542,0.000000
phase1,G_simpleui_bookshelf_bookends,warm,synthetic,flat,50,process:spawn_to_ui_ready_ms,PASS,1,1,0,0,,,,,,,,,,,,,,,,,,,,,,,,,,,,,,,,,,,,,,,,,,,,,,,,,,,,,,,,,,,,,,,,,,,,,,,,,,,,,,,,,,,,,,,,,,,,1,901.402417,901.402417,901.402417,901.402417,901.402417,0.000000
phase1,G_simpleui_bookshelf_bookends,warm,synthetic,flat,50,process:spawn_to_library_ready_ms,PASS,1,1,0,0,,,,,,,,,,,,,,,,,,,,,,,,,,,,,,,,,,,,,,,,,,,,,,,,,,,,,,,,,,,,,,,,,,,,,,,,,,,,,,,,,,,,,,,,,,,,1,1690.071292,1690.071292,1690.071292,1690.071292,1690.071292,0.000000
phase1,G_simpleui_bookshelf_bookends,warm,synthetic,flat,50,process:spawn_to_process_exit_ms,PASS,1,1,0,0,,,,,,,,,,,,,,,,,,,,,,,,,,,,,,,,,,,,,,,,,,,,,,,,,,,,,,,,,,,,,,,,,,,,,,,,,,,,,,,,,,,,,,,,,,,,1,47202.038500,47202.038500,47202.038500,47202.038500,47202.038500,0.000000
phase1,G_simpleui_bookshelf_bookends,warm,synthetic,hierarchical,2000,process:spawn_to_ui_ready_ms,PASS,1,1,0,0,,,,,,,,,,,,,,,,,,,,,,,,,,,,,,,,,,,,,,,,,,,,,,,,,,,,,,,,,,,,,,,,,,,,,,,,,,,,,,,,,,,,,,,,,,,,1,691.506459,691.506459,691.506459,691.506459,691.506459,0.000000
phase1,G_simpleui_bookshelf_bookends,warm,synthetic,hierarchical,2000,process:spawn_to_library_ready_ms,PASS,1,1,0,0,,,,,,,,,,,,,,,,,,,,,,,,,,,,,,,,,,,,,,,,,,,,,,,,,,,,,,,,,,,,,,,,,,,,,,,,,,,,,,,,,,,,,,,,,,,,1,1033.126292,1033.126292,1033.126292,1033.126292,1033.126292,0.000000
phase1,G_simpleui_bookshelf_bookends,warm,synthetic,hierarchical,2000,process:spawn_to_process_exit_ms,PASS,1,1,0,0,,,,,,,,,,,,,,,,,,,,,,,,,,,,,,,,,,,,,,,,,,,,,,,,,,,,,,,,,,,,,,,,,,,,,,,,,,,,,,,,,,,,,,,,,,,,1,49247.456584,49247.456584,49247.456584,49247.456584,49247.456584,0.000000
phase1,G_simpleui_bookshelf_bookends,warm,synthetic,hierarchical,50,process:spawn_to_ui_ready_ms,PASS,1,1,0,0,,,,,,,,,,,,,,,,,,,,,,,,,,,,,,,,,,,,,,,,,,,,,,,,,,,,,,,,,,,,,,,,,,,,,,,,,,,,,,,,,,,,,,,,,,,,1,770.100083,770.100083,770.100083,770.100083,770.100083,0.000000
phase1,G_simpleui_bookshelf_bookends,warm,synthetic,hierarchical,50,process:spawn_to_library_ready_ms,PASS,1,1,0,0,,,,,,,,,,,,,,,,,,,,,,,,,,,,,,,,,,,,,,,,,,,,,,,,,,,,,,,,,,,,,,,,,,,,,,,,,,,,,,,,,,,,,,,,,,,,1,1137.705458,1137.705458,1137.705458,1137.705458,1137.705458,0.000000
phase1,G_simpleui_bookshelf_bookends,warm,synthetic,hierarchical,50,process:spawn_to_process_exit_ms,PASS,1,1,0,0,,,,,,,,,,,,,,,,,,,,,,,,,,,,,,,,,,,,,,,,,,,,,,,,,,,,,,,,,,,,,,,,,,,,,,,,,,,,,,,,,,,,,,,,,,,,1,47845.498750,47845.498750,47845.498750,47845.498750,47845.498750,0.000000
phase1,H_zenos_bookshelf_bookends,steady_state_cold,startup,hierarchical,2000,process:spawn_to_ui_ready_ms,PASS,3,3,0,0,,,,,,,,,,,,,,,,,,,,,,,,,,,,,,,,,,,,,,,,,,,,,,,,,,,,,,,,,,,,,,,,,,,,,,,,,,,,,,,,,,,,,,,,,,,,3,719.634875,689.647930,675.011666,674.297250,710.710233,25.971912
phase1,H_zenos_bookshelf_bookends,steady_state_cold,startup,hierarchical,2000,process:spawn_to_library_ready_ms,PASS,3,3,0,0,,,,,,,,,,,,,,,,,,,,,,,,,,,,,,,,,,,,,,,,,,,,,,,,,,,,,,,,,,,,,,,,,,,,,,,,,,,,,,,,,,,,,,,,,,,,3,832.877334,800.398139,786.548416,781.768667,823.611550,28.229153
phase1,H_zenos_bookshelf_bookends,steady_state_cold,startup,hierarchical,2000,process:spawn_to_process_exit_ms,PASS,3,3,0,0,,,,,,,,,,,,,,,,,,,,,,,,,,,,,,,,,,,,,,,,,,,,,,,,,,,,,,,,,,,,,,,,,,,,,,,,,,,,,,,,,,,,,,,,,,,,3,870.922042,839.899417,827.425416,821.350792,862.222717,27.037524
phase1,H_zenos_bookshelf_bookends,warm,synthetic,flat,2000,process:spawn_to_ui_ready_ms,PASS,1,1,0,0,,,,,,,,,,,,,,,,,,,,,,,,,,,,,,,,,,,,,,,,,,,,,,,,,,,,,,,,,,,,,,,,,,,,,,,,,,,,,,,,,,,,,,,,,,,,1,799.573542,799.573542,799.573542,799.573542,799.573542,0.000000
phase1,H_zenos_bookshelf_bookends,warm,synthetic,flat,2000,process:spawn_to_library_ready_ms,PASS,1,1,0,0,,,,,,,,,,,,,,,,,,,,,,,,,,,,,,,,,,,,,,,,,,,,,,,,,,,,,,,,,,,,,,,,,,,,,,,,,,,,,,,,,,,,,,,,,,,,1,4312.523833,4312.523833,4312.523833,4312.523833,4312.523833,0.000000
phase1,H_zenos_bookshelf_bookends,warm,synthetic,flat,2000,process:spawn_to_process_exit_ms,PASS,1,1,0,0,,,,,,,,,,,,,,,,,,,,,,,,,,,,,,,,,,,,,,,,,,,,,,,,,,,,,,,,,,,,,,,,,,,,,,,,,,,,,,,,,,,,,,,,,,,,1,17901.594292,17901.594292,17901.594292,17901.594292,17901.594292,0.000000
phase1,H_zenos_bookshelf_bookends,warm,synthetic,flat,50,process:spawn_to_ui_ready_ms,PASS,1,1,0,0,,,,,,,,,,,,,,,,,,,,,,,,,,,,,,,,,,,,,,,,,,,,,,,,,,,,,,,,,,,,,,,,,,,,,,,,,,,,,,,,,,,,,,,,,,,,1,806.949333,806.949333,806.949333,806.949333,806.949333,0.000000
phase1,H_zenos_bookshelf_bookends,warm,synthetic,flat,50,process:spawn_to_library_ready_ms,PASS,1,1,0,0,,,,,,,,,,,,,,,,,,,,,,,,,,,,,,,,,,,,,,,,,,,,,,,,,,,,,,,,,,,,,,,,,,,,,,,,,,,,,,,,,,,,,,,,,,,,1,2795.312875,2795.312875,2795.312875,2795.312875,2795.312875,0.000000
phase1,H_zenos_bookshelf_bookends,warm,synthetic,flat,50,process:spawn_to_process_exit_ms,PASS,1,1,0,0,,,,,,,,,,,,,,,,,,,,,,,,,,,,,,,,,,,,,,,,,,,,,,,,,,,,,,,,,,,,,,,,,,,,,,,,,,,,,,,,,,,,,,,,,,,,1,14177.237625,14177.237625,14177.237625,14177.237625,14177.237625,0.000000
phase1,H_zenos_bookshelf_bookends,warm,synthetic,hierarchical,2000,process:spawn_to_ui_ready_ms,PASS,1,1,0,0,,,,,,,,,,,,,,,,,,,,,,,,,,,,,,,,,,,,,,,,,,,,,,,,,,,,,,,,,,,,,,,,,,,,,,,,,,,,,,,,,,,,,,,,,,,,1,781.962875,781.962875,781.962875,781.962875,781.962875,0.000000
phase1,H_zenos_bookshelf_bookends,warm,synthetic,hierarchical,2000,process:spawn_to_library_ready_ms,PASS,1,1,0,0,,,,,,,,,,,,,,,,,,,,,,,,,,,,,,,,,,,,,,,,,,,,,,,,,,,,,,,,,,,,,,,,,,,,,,,,,,,,,,,,,,,,,,,,,,,,1,2659.966875,2659.966875,2659.966875,2659.966875,2659.966875,0.000000
phase1,H_zenos_bookshelf_bookends,warm,synthetic,hierarchical,2000,process:spawn_to_process_exit_ms,PASS,1,1,0,0,,,,,,,,,,,,,,,,,,,,,,,,,,,,,,,,,,,,,,,,,,,,,,,,,,,,,,,,,,,,,,,,,,,,,,,,,,,,,,,,,,,,,,,,,,,,1,12020.020750,12020.020750,12020.020750,12020.020750,12020.020750,0.000000
phase1,H_zenos_bookshelf_bookends,warm,synthetic,hierarchical,50,process:spawn_to_ui_ready_ms,PASS,1,1,0,0,,,,,,,,,,,,,,,,,,,,,,,,,,,,,,,,,,,,,,,,,,,,,,,,,,,,,,,,,,,,,,,,,,,,,,,,,,,,,,,,,,,,,,,,,,,,1,778.296375,778.296375,778.296375,778.296375,778.296375,0.000000
phase1,H_zenos_bookshelf_bookends,warm,synthetic,hierarchical,50,process:spawn_to_library_ready_ms,PASS,1,1,0,0,,,,,,,,,,,,,,,,,,,,,,,,,,,,,,,,,,,,,,,,,,,,,,,,,,,,,,,,,,,,,,,,,,,,,,,,,,,,,,,,,,,,,,,,,,,,1,2213.824708,2213.824708,2213.824708,2213.824708,2213.824708,0.000000
phase1,H_zenos_bookshelf_bookends,warm,synthetic,hierarchical,50,process:spawn_to_process_exit_ms,PASS,1,1,0,0,,,,,,,,,,,,,,,,,,,,,,,,,,,,,,,,,,,,,,,,,,,,,,,,,,,,,,,,,,,,,,,,,,,,,,,,,,,,,,,,,,,,,,,,,,,,1,11568.116583,11568.116583,11568.116583,11568.116583,11568.116583,0.000000
phase1,I_simpleui_vos,steady_state_cold,startup,hierarchical,2000,process:spawn_to_ui_ready_ms,PASS,3,3,0,0,,,,,,,,,,,,,,,,,,,,,,,,,,,,,,,,,,,,,,,,,,,,,,,,,,,,,,,,,,,,,,,,,,,,,,,,,,,,,,,,,,,,,,,,,,,,3,548.243583,528.992305,526.614041,512.119292,543.917675,18.179197
phase1,I_simpleui_vos,steady_state_cold,startup,hierarchical,2000,process:spawn_to_library_ready_ms,PASS,3,3,0,0,,,,,,,,,,,,,,,,,,,,,,,,,,,,,,,,,,,,,,,,,,,,,,,,,,,,,,,,,,,,,,,,,,,,,,,,,,,,,,,,,,,,,,,,,,,,3,569.365166,551.321555,552.583416,532.016083,566.008816,18.706489
phase1,I_simpleui_vos,steady_state_cold,startup,hierarchical,2000,process:spawn_to_process_exit_ms,PASS,3,3,0,0,,,,,,,,,,,,,,,,,,,,,,,,,,,,,,,,,,,,,,,,,,,,,,,,,,,,,,,,,,,,,,,,,,,,,,,,,,,,,,,,,,,,,,,,,,,,3,595.459291,578.047000,581.297708,557.384000,592.626974,19.244669
phase1,I_simpleui_vos,warm,synthetic,flat,2000,process:spawn_to_ui_ready_ms,PASS,1,1,0,0,,,,,,,,,,,,,,,,,,,,,,,,,,,,,,,,,,,,,,,,,,,,,,,,,,,,,,,,,,,,,,,,,,,,,,,,,,,,,,,,,,,,,,,,,,,,1,910.617375,910.617375,910.617375,910.617375,910.617375,0.000000
phase1,I_simpleui_vos,warm,synthetic,flat,2000,process:spawn_to_library_ready_ms,PASS,1,1,0,0,,,,,,,,,,,,,,,,,,,,,,,,,,,,,,,,,,,,,,,,,,,,,,,,,,,,,,,,,,,,,,,,,,,,,,,,,,,,,,,,,,,,,,,,,,,,1,2051.361750,2051.361750,2051.361750,2051.361750,2051.361750,0.000000
phase1,I_simpleui_vos,warm,synthetic,flat,2000,process:spawn_to_process_exit_ms,PASS,1,1,0,0,,,,,,,,,,,,,,,,,,,,,,,,,,,,,,,,,,,,,,,,,,,,,,,,,,,,,,,,,,,,,,,,,,,,,,,,,,,,,,,,,,,,,,,,,,,,1,53739.901875,53739.901875,53739.901875,53739.901875,53739.901875,0.000000
phase1,I_simpleui_vos,warm,synthetic,flat,50,process:spawn_to_ui_ready_ms,PASS,1,1,0,0,,,,,,,,,,,,,,,,,,,,,,,,,,,,,,,,,,,,,,,,,,,,,,,,,,,,,,,,,,,,,,,,,,,,,,,,,,,,,,,,,,,,,,,,,,,,1,704.953292,704.953292,704.953292,704.953292,704.953292,0.000000
phase1,I_simpleui_vos,warm,synthetic,flat,50,process:spawn_to_library_ready_ms,PASS,1,1,0,0,,,,,,,,,,,,,,,,,,,,,,,,,,,,,,,,,,,,,,,,,,,,,,,,,,,,,,,,,,,,,,,,,,,,,,,,,,,,,,,,,,,,,,,,,,,,1,1221.730750,1221.730750,1221.730750,1221.730750,1221.730750,0.000000
phase1,I_simpleui_vos,warm,synthetic,flat,50,process:spawn_to_process_exit_ms,PASS,1,1,0,0,,,,,,,,,,,,,,,,,,,,,,,,,,,,,,,,,,,,,,,,,,,,,,,,,,,,,,,,,,,,,,,,,,,,,,,,,,,,,,,,,,,,,,,,,,,,1,73366.196500,73366.196500,73366.196500,73366.196500,73366.196500,0.000000
phase1,I_simpleui_vos,warm,synthetic,hierarchical,2000,process:spawn_to_ui_ready_ms,PASS,1,1,0,0,,,,,,,,,,,,,,,,,,,,,,,,,,,,,,,,,,,,,,,,,,,,,,,,,,,,,,,,,,,,,,,,,,,,,,,,,,,,,,,,,,,,,,,,,,,,1,746.709083,746.709083,746.709083,746.709083,746.709083,0.000000
phase1,I_simpleui_vos,warm,synthetic,hierarchical,2000,process:spawn_to_library_ready_ms,PASS,1,1,0,0,,,,,,,,,,,,,,,,,,,,,,,,,,,,,,,,,,,,,,,,,,,,,,,,,,,,,,,,,,,,,,,,,,,,,,,,,,,,,,,,,,,,,,,,,,,,1,1073.923125,1073.923125,1073.923125,1073.923125,1073.923125,0.000000
phase1,I_simpleui_vos,warm,synthetic,hierarchical,2000,process:spawn_to_process_exit_ms,PASS,1,1,0,0,,,,,,,,,,,,,,,,,,,,,,,,,,,,,,,,,,,,,,,,,,,,,,,,,,,,,,,,,,,,,,,,,,,,,,,,,,,,,,,,,,,,,,,,,,,,1,63969.751041,63969.751041,63969.751041,63969.751041,63969.751041,0.000000
phase1,I_simpleui_vos,warm,synthetic,hierarchical,50,process:spawn_to_ui_ready_ms,PASS,1,1,0,0,,,,,,,,,,,,,,,,,,,,,,,,,,,,,,,,,,,,,,,,,,,,,,,,,,,,,,,,,,,,,,,,,,,,,,,,,,,,,,,,,,,,,,,,,,,,1,865.979625,865.979625,865.979625,865.979625,865.979625,0.000000
phase1,I_simpleui_vos,warm,synthetic,hierarchical,50,process:spawn_to_library_ready_ms,PASS,1,1,0,0,,,,,,,,,,,,,,,,,,,,,,,,,,,,,,,,,,,,,,,,,,,,,,,,,,,,,,,,,,,,,,,,,,,,,,,,,,,,,,,,,,,,,,,,,,,,1,1196.124750,1196.124750,1196.124750,1196.124750,1196.124750,0.000000
phase1,I_simpleui_vos,warm,synthetic,hierarchical,50,process:spawn_to_process_exit_ms,PASS,1,1,0,0,,,,,,,,,,,,,,,,,,,,,,,,,,,,,,,,,,,,,,,,,,,,,,,,,,,,,,,,,,,,,,,,,,,,,,,,,,,,,,,,,,,,,,,,,,,,1,49647.107791,49647.107791,49647.107791,49647.107791,49647.107791,0.000000
phase1,J_project_title_vos,first_run_cold,startup,hierarchical,2000,process:spawn_to_ui_ready_ms,PASS,3,3,0,0,,,,,,,,,,,,,,,,,,,,,,,,,,,,,,,,,,,,,,,,,,,,,,,,,,,,,,,,,,,,,,,,,,,,,,,,,,,,,,,,,,,,,,,,,,,,3,546.500625,508.669222,495.166458,484.340583,536.233792,33.207095
phase1,J_project_title_vos,first_run_cold,startup,hierarchical,2000,process:spawn_to_library_ready_ms,PASS,3,3,0,0,,,,,,,,,,,,,,,,,,,,,,,,,,,,,,,,,,,,,,,,,,,,,,,,,,,,,,,,,,,,,,,,,,,,,,,,,,,,,,,,,,,,,,,,,,,,3,586.304250,548.277430,534.505250,524.022791,575.944450,33.346660
phase1,J_project_title_vos,first_run_cold,startup,hierarchical,2000,process:spawn_to_process_exit_ms,PASS,3,3,0,0,,,,,,,,,,,,,,,,,,,,,,,,,,,,,,,,,,,,,,,,,,,,,,,,,,,,,,,,,,,,,,,,,,,,,,,,,,,,,,,,,,,,,,,,,,,,3,607.810333,574.283597,564.643583,550.396875,599.176983,29.896048
phase1,J_project_title_vos,steady_state_cold,startup,hierarchical,2000,process:spawn_to_ui_ready_ms,PASS,3,3,0,0,,,,,,,,,,,,,,,,,,,,,,,,,,,,,,,,,,,,,,,,,,,,,,,,,,,,,,,,,,,,,,,,,,,,,,,,,,,,,,,,,,,,,,,,,,,,3,464.854875,453.082416,449.057166,445.335208,461.695333,10.363703
phase1,J_project_title_vos,steady_state_cold,startup,hierarchical,2000,process:spawn_to_library_ready_ms,PASS,3,3,0,0,,,,,,,,,,,,,,,,,,,,,,,,,,,,,,,,,,,,,,,,,,,,,,,,,,,,,,,,,,,,,,,,,,,,,,,,,,,,,,,,,,,,,,,,,,,,3,504.199375,491.474083,486.846541,483.376333,500.728808,11.156181
phase1,J_project_title_vos,steady_state_cold,startup,hierarchical,2000,process:spawn_to_process_exit_ms,PASS,3,3,0,0,,,,,,,,,,,,,,,,,,,,,,,,,,,,,,,,,,,,,,,,,,,,,,,,,,,,,,,,,,,,,,,,,,,,,,,,,,,,,,,,,,,,,,,,,,,,3,528.801333,517.327458,513.526041,509.655000,525.746275,10.123418
phase1,J_project_title_vos,warm,synthetic,flat,2000,process:spawn_to_ui_ready_ms,PASS,1,1,0,0,,,,,,,,,,,,,,,,,,,,,,,,,,,,,,,,,,,,,,,,,,,,,,,,,,,,,,,,,,,,,,,,,,,,,,,,,,,,,,,,,,,,,,,,,,,,1,530.747542,530.747542,530.747542,530.747542,530.747542,0.000000
phase1,J_project_title_vos,warm,synthetic,flat,2000,process:spawn_to_library_ready_ms,PASS,1,1,0,0,,,,,,,,,,,,,,,,,,,,,,,,,,,,,,,,,,,,,,,,,,,,,,,,,,,,,,,,,,,,,,,,,,,,,,,,,,,,,,,,,,,,,,,,,,,,1,2582.274459,2582.274459,2582.274459,2582.274459,2582.274459,0.000000
phase1,J_project_title_vos,warm,synthetic,flat,2000,process:spawn_to_process_exit_ms,PASS,1,1,0,0,,,,,,,,,,,,,,,,,,,,,,,,,,,,,,,,,,,,,,,,,,,,,,,,,,,,,,,,,,,,,,,,,,,,,,,,,,,,,,,,,,,,,,,,,,,,1,10264.345875,10264.345875,10264.345875,10264.345875,10264.345875,0.000000
phase1,J_project_title_vos,warm,synthetic,flat,50,process:spawn_to_ui_ready_ms,PASS,1,1,0,0,,,,,,,,,,,,,,,,,,,,,,,,,,,,,,,,,,,,,,,,,,,,,,,,,,,,,,,,,,,,,,,,,,,,,,,,,,,,,,,,,,,,,,,,,,,,1,482.250375,482.250375,482.250375,482.250375,482.250375,0.000000
phase1,J_project_title_vos,warm,synthetic,flat,50,process:spawn_to_library_ready_ms,PASS,1,1,0,0,,,,,,,,,,,,,,,,,,,,,,,,,,,,,,,,,,,,,,,,,,,,,,,,,,,,,,,,,,,,,,,,,,,,,,,,,,,,,,,,,,,,,,,,,,,,1,1098.997667,1098.997667,1098.997667,1098.997667,1098.997667,0.000000
phase1,J_project_title_vos,warm,synthetic,flat,50,process:spawn_to_process_exit_ms,PASS,1,1,0,0,,,,,,,,,,,,,,,,,,,,,,,,,,,,,,,,,,,,,,,,,,,,,,,,,,,,,,,,,,,,,,,,,,,,,,,,,,,,,,,,,,,,,,,,,,,,1,4892.246583,4892.246583,4892.246583,4892.246583,4892.246583,0.000000
phase1,J_project_title_vos,warm,synthetic,hierarchical,2000,process:spawn_to_ui_ready_ms,PASS,1,1,0,0,,,,,,,,,,,,,,,,,,,,,,,,,,,,,,,,,,,,,,,,,,,,,,,,,,,,,,,,,,,,,,,,,,,,,,,,,,,,,,,,,,,,,,,,,,,,1,485.038791,485.038791,485.038791,485.038791,485.038791,0.000000
phase1,J_project_title_vos,warm,synthetic,hierarchical,2000,process:spawn_to_library_ready_ms,PASS,1,1,0,0,,,,,,,,,,,,,,,,,,,,,,,,,,,,,,,,,,,,,,,,,,,,,,,,,,,,,,,,,,,,,,,,,,,,,,,,,,,,,,,,,,,,,,,,,,,,1,1102.020625,1102.020625,1102.020625,1102.020625,1102.020625,0.000000
phase1,J_project_title_vos,warm,synthetic,hierarchical,2000,process:spawn_to_process_exit_ms,PASS,1,1,0,0,,,,,,,,,,,,,,,,,,,,,,,,,,,,,,,,,,,,,,,,,,,,,,,,,,,,,,,,,,,,,,,,,,,,,,,,,,,,,,,,,,,,,,,,,,,,1,4817.682000,4817.682000,4817.682000,4817.682000,4817.682000,0.000000
phase1,J_project_title_vos,warm,synthetic,hierarchical,50,process:spawn_to_ui_ready_ms,PASS,1,1,0,0,,,,,,,,,,,,,,,,,,,,,,,,,,,,,,,,,,,,,,,,,,,,,,,,,,,,,,,,,,,,,,,,,,,,,,,,,,,,,,,,,,,,,,,,,,,,1,480.614333,480.614333,480.614333,480.614333,480.614333,0.000000
phase1,J_project_title_vos,warm,synthetic,hierarchical,50,process:spawn_to_library_ready_ms,PASS,1,1,0,0,,,,,,,,,,,,,,,,,,,,,,,,,,,,,,,,,,,,,,,,,,,,,,,,,,,,,,,,,,,,,,,,,,,,,,,,,,,,,,,,,,,,,,,,,,,,1,1094.992958,1094.992958,1094.992958,1094.992958,1094.992958,0.000000
phase1,J_project_title_vos,warm,synthetic,hierarchical,50,process:spawn_to_process_exit_ms,PASS,1,1,0,0,,,,,,,,,,,,,,,,,,,,,,,,,,,,,,,,,,,,,,,,,,,,,,,,,,,,,,,,,,,,,,,,,,,,,,,,,,,,,,,,,,,,,,,,,,,,1,4186.061416,4186.061416,4186.061416,4186.061416,4186.061416,0.000000
phase1,K_vos,first_run_cold,startup,hierarchical,2000,process:spawn_to_ui_ready_ms,PASS,3,3,0,0,,,,,,,,,,,,,,,,,,,,,,,,,,,,,,,,,,,,,,,,,,,,,,,,,,,,,,,,,,,,,,,,,,,,,,,,,,,,,,,,,,,,,,,,,,,,3,676.870209,621.717861,630.292625,557.990750,667.554692,59.901806
phase1,K_vos,first_run_cold,startup,hierarchical,2000,process:spawn_to_library_ready_ms,PASS,3,3,0,0,,,,,,,,,,,,,,,,,,,,,,,,,,,,,,,,,,,,,,,,,,,,,,,,,,,,,,,,,,,,,,,,,,,,,,,,,,,,,,,,,,,,,,,,,,,,3,727.260625,673.660820,682.302084,611.419750,718.268917,58.401889
phase1,K_vos,first_run_cold,startup,hierarchical,2000,process:spawn_to_process_exit_ms,PASS,3,3,0,0,,,,,,,,,,,,,,,,,,,,,,,,,,,,,,,,,,,,,,,,,,,,,,,,,,,,,,,,,,,,,,,,,,,,,,,,,,,,,,,,,,,,,,,,,,,,3,758.382292,705.590292,714.478667,643.909917,749.601567,57.751481
phase1_setup,A_stock,steady_init,startup,hierarchical,2000,process:spawn_to_ui_ready_ms,PASS,1,1,0,0,,,,,,,,,,,,,,,,,,,,,,,,,,,,,,,,,,,,,,,,,,,,,,,,,,,,,,,,,,,,,,,,,,,,,,,,,,,,,,,,,,,,,,,,,,,,1,505.918542,505.918542,505.918542,505.918542,505.918542,0.000000
phase1_setup,A_stock,steady_init,startup,hierarchical,2000,process:spawn_to_library_ready_ms,PASS,1,1,0,0,,,,,,,,,,,,,,,,,,,,,,,,,,,,,,,,,,,,,,,,,,,,,,,,,,,,,,,,,,,,,,,,,,,,,,,,,,,,,,,,,,,,,,,,,,,,1,536.140959,536.140959,536.140959,536.140959,536.140959,0.000000
phase1_setup,A_stock,steady_init,startup,hierarchical,2000,process:spawn_to_process_exit_ms,PASS,1,1,0,0,,,,,,,,,,,,,,,,,,,,,,,,,,,,,,,,,,,,,,,,,,,,,,,,,,,,,,,,,,,,,,,,,,,,,,,,,,,,,,,,,,,,,,,,,,,,1,564.154959,564.154959,564.154959,564.154959,564.154959,0.000000
phase1_setup,B_bookshelf,steady_init,startup,hierarchical,2000,process:spawn_to_ui_ready_ms,PASS,1,1,0,0,,,,,,,,,,,,,,,,,,,,,,,,,,,,,,,,,,,,,,,,,,,,,,,,,,,,,,,,,,,,,,,,,,,,,,,,,,,,,,,,,,,,,,,,,,,,1,513.817541,513.817541,513.817541,513.817541,513.817541,0.000000
phase1_setup,B_bookshelf,steady_init,startup,hierarchical,2000,process:spawn_to_library_ready_ms,PASS,1,1,0,0,,,,,,,,,,,,,,,,,,,,,,,,,,,,,,,,,,,,,,,,,,,,,,,,,,,,,,,,,,,,,,,,,,,,,,,,,,,,,,,,,,,,,,,,,,,,1,546.250333,546.250333,546.250333,546.250333,546.250333,0.000000
phase1_setup,B_bookshelf,steady_init,startup,hierarchical,2000,process:spawn_to_process_exit_ms,PASS,1,1,0,0,,,,,,,,,,,,,,,,,,,,,,,,,,,,,,,,,,,,,,,,,,,,,,,,,,,,,,,,,,,,,,,,,,,,,,,,,,,,,,,,,,,,,,,,,,,,1,574.849083,574.849083,574.849083,574.849083,574.849083,0.000000
phase1_setup,C_simpleui,steady_init,startup,hierarchical,2000,process:spawn_to_ui_ready_ms,PASS,1,1,0,0,,,,,,,,,,,,,,,,,,,,,,,,,,,,,,,,,,,,,,,,,,,,,,,,,,,,,,,,,,,,,,,,,,,,,,,,,,,,,,,,,,,,,,,,,,,,1,847.685333,847.685333,847.685333,847.685333,847.685333,0.000000
phase1_setup,C_simpleui,steady_init,startup,hierarchical,2000,process:spawn_to_library_ready_ms,PASS,1,1,0,0,,,,,,,,,,,,,,,,,,,,,,,,,,,,,,,,,,,,,,,,,,,,,,,,,,,,,,,,,,,,,,,,,,,,,,,,,,,,,,,,,,,,,,,,,,,,1,881.632417,881.632417,881.632417,881.632417,881.632417,0.000000
phase1_setup,C_simpleui,steady_init,startup,hierarchical,2000,process:spawn_to_process_exit_ms,PASS,1,1,0,0,,,,,,,,,,,,,,,,,,,,,,,,,,,,,,,,,,,,,,,,,,,,,,,,,,,,,,,,,,,,,,,,,,,,,,,,,,,,,,,,,,,,,,,,,,,,1,918.070625,918.070625,918.070625,918.070625,918.070625,0.000000
phase1_setup,D_zenos,steady_init,startup,hierarchical,2000,process:spawn_to_ui_ready_ms,PASS,1,1,0,0,,,,,,,,,,,,,,,,,,,,,,,,,,,,,,,,,,,,,,,,,,,,,,,,,,,,,,,,,,,,,,,,,,,,,,,,,,,,,,,,,,,,,,,,,,,,1,850.604666,850.604666,850.604666,850.604666,850.604666,0.000000
phase1_setup,D_zenos,steady_init,startup,hierarchical,2000,process:spawn_to_library_ready_ms,PASS,1,1,0,0,,,,,,,,,,,,,,,,,,,,,,,,,,,,,,,,,,,,,,,,,,,,,,,,,,,,,,,,,,,,,,,,,,,,,,,,,,,,,,,,,,,,,,,,,,,,1,981.080833,981.080833,981.080833,981.080833,981.080833,0.000000
phase1_setup,D_zenos,steady_init,startup,hierarchical,2000,process:spawn_to_process_exit_ms,PASS,1,1,0,0,,,,,,,,,,,,,,,,,,,,,,,,,,,,,,,,,,,,,,,,,,,,,,,,,,,,,,,,,,,,,,,,,,,,,,,,,,,,,,,,,,,,,,,,,,,,1,1022.617125,1022.617125,1022.617125,1022.617125,1022.617125,0.000000
phase1_setup,E_project_title,steady_init,startup,hierarchical,2000,process:spawn_to_ui_ready_ms,PASS,1,1,0,0,,,,,,,,,,,,,,,,,,,,,,,,,,,,,,,,,,,,,,,,,,,,,,,,,,,,,,,,,,,,,,,,,,,,,,,,,,,,,,,,,,,,,,,,,,,,1,576.201667,576.201667,576.201667,576.201667,576.201667,0.000000
phase1_setup,E_project_title,steady_init,startup,hierarchical,2000,process:spawn_to_library_ready_ms,PASS,1,1,0,0,,,,,,,,,,,,,,,,,,,,,,,,,,,,,,,,,,,,,,,,,,,,,,,,,,,,,,,,,,,,,,,,,,,,,,,,,,,,,,,,,,,,,,,,,,,,1,601.975000,601.975000,601.975000,601.975000,601.975000,0.000000
phase1_setup,E_project_title,steady_init,startup,hierarchical,2000,process:spawn_to_process_exit_ms,PASS,1,1,0,0,,,,,,,,,,,,,,,,,,,,,,,,,,,,,,,,,,,,,,,,,,,,,,,,,,,,,,,,,,,,,,,,,,,,,,,,,,,,,,,,,,,,,,,,,,,,1,631.431667,631.431667,631.431667,631.431667,631.431667,0.000000
phase1_setup,F_bookshelf_bookends,steady_init,startup,hierarchical,2000,process:spawn_to_ui_ready_ms,PASS,1,1,0,0,,,,,,,,,,,,,,,,,,,,,,,,,,,,,,,,,,,,,,,,,,,,,,,,,,,,,,,,,,,,,,,,,,,,,,,,,,,,,,,,,,,,,,,,,,,,1,628.727417,628.727417,628.727417,628.727417,628.727417,0.000000
phase1_setup,F_bookshelf_bookends,steady_init,startup,hierarchical,2000,process:spawn_to_library_ready_ms,PASS,1,1,0,0,,,,,,,,,,,,,,,,,,,,,,,,,,,,,,,,,,,,,,,,,,,,,,,,,,,,,,,,,,,,,,,,,,,,,,,,,,,,,,,,,,,,,,,,,,,,1,663.493458,663.493458,663.493458,663.493458,663.493458,0.000000
phase1_setup,F_bookshelf_bookends,steady_init,startup,hierarchical,2000,process:spawn_to_process_exit_ms,PASS,1,1,0,0,,,,,,,,,,,,,,,,,,,,,,,,,,,,,,,,,,,,,,,,,,,,,,,,,,,,,,,,,,,,,,,,,,,,,,,,,,,,,,,,,,,,,,,,,,,,1,696.387917,696.387917,696.387917,696.387917,696.387917,0.000000
phase1_setup,G_simpleui_bookshelf_bookends,steady_init,startup,hierarchical,2000,process:spawn_to_ui_ready_ms,PASS,1,1,0,0,,,,,,,,,,,,,,,,,,,,,,,,,,,,,,,,,,,,,,,,,,,,,,,,,,,,,,,,,,,,,,,,,,,,,,,,,,,,,,,,,,,,,,,,,,,,1,816.749416,816.749416,816.749416,816.749416,816.749416,0.000000
phase1_setup,G_simpleui_bookshelf_bookends,steady_init,startup,hierarchical,2000,process:spawn_to_library_ready_ms,PASS,1,1,0,0,,,,,,,,,,,,,,,,,,,,,,,,,,,,,,,,,,,,,,,,,,,,,,,,,,,,,,,,,,,,,,,,,,,,,,,,,,,,,,,,,,,,,,,,,,,,1,852.310916,852.310916,852.310916,852.310916,852.310916,0.000000
phase1_setup,G_simpleui_bookshelf_bookends,steady_init,startup,hierarchical,2000,process:spawn_to_process_exit_ms,PASS,1,1,0,0,,,,,,,,,,,,,,,,,,,,,,,,,,,,,,,,,,,,,,,,,,,,,,,,,,,,,,,,,,,,,,,,,,,,,,,,,,,,,,,,,,,,,,,,,,,,1,888.615875,888.615875,888.615875,888.615875,888.615875,0.000000
phase1_setup,H_zenos_bookshelf_bookends,steady_init,startup,hierarchical,2000,process:spawn_to_ui_ready_ms,PASS,1,1,0,0,,,,,,,,,,,,,,,,,,,,,,,,,,,,,,,,,,,,,,,,,,,,,,,,,,,,,,,,,,,,,,,,,,,,,,,,,,,,,,,,,,,,,,,,,,,,1,771.631416,771.631416,771.631416,771.631416,771.631416,0.000000
phase1_setup,H_zenos_bookshelf_bookends,steady_init,startup,hierarchical,2000,process:spawn_to_library_ready_ms,PASS,1,1,0,0,,,,,,,,,,,,,,,,,,,,,,,,,,,,,,,,,,,,,,,,,,,,,,,,,,,,,,,,,,,,,,,,,,,,,,,,,,,,,,,,,,,,,,,,,,,,1,892.393125,892.393125,892.393125,892.393125,892.393125,0.000000
phase1_setup,H_zenos_bookshelf_bookends,steady_init,startup,hierarchical,2000,process:spawn_to_process_exit_ms,PASS,1,1,0,0,,,,,,,,,,,,,,,,,,,,,,,,,,,,,,,,,,,,,,,,,,,,,,,,,,,,,,,,,,,,,,,,,,,,,,,,,,,,,,,,,,,,,,,,,,,,1,931.610958,931.610958,931.610958,931.610958,931.610958,0.000000
phase1_setup,I_simpleui_vos,steady_init,startup,hierarchical,2000,process:spawn_to_ui_ready_ms,PASS,1,1,0,0,,,,,,,,,,,,,,,,,,,,,,,,,,,,,,,,,,,,,,,,,,,,,,,,,,,,,,,,,,,,,,,,,,,,,,,,,,,,,,,,,,,,,,,,,,,,1,689.768875,689.768875,689.768875,689.768875,689.768875,0.000000
phase1_setup,I_simpleui_vos,steady_init,startup,hierarchical,2000,process:spawn_to_library_ready_ms,PASS,1,1,0,0,,,,,,,,,,,,,,,,,,,,,,,,,,,,,,,,,,,,,,,,,,,,,,,,,,,,,,,,,,,,,,,,,,,,,,,,,,,,,,,,,,,,,,,,,,,,1,710.183209,710.183209,710.183209,710.183209,710.183209,0.000000
phase1_setup,I_simpleui_vos,steady_init,startup,hierarchical,2000,process:spawn_to_process_exit_ms,PASS,1,1,0,0,,,,,,,,,,,,,,,,,,,,,,,,,,,,,,,,,,,,,,,,,,,,,,,,,,,,,,,,,,,,,,,,,,,,,,,,,,,,,,,,,,,,,,,,,,,,1,739.818917,739.818917,739.818917,739.818917,739.818917,0.000000
phase1_setup,J_project_title_vos,steady_init,startup,hierarchical,2000,process:spawn_to_ui_ready_ms,PASS,1,1,0,0,,,,,,,,,,,,,,,,,,,,,,,,,,,,,,,,,,,,,,,,,,,,,,,,,,,,,,,,,,,,,,,,,,,,,,,,,,,,,,,,,,,,,,,,,,,,1,494.053708,494.053708,494.053708,494.053708,494.053708,0.000000
phase1_setup,J_project_title_vos,steady_init,startup,hierarchical,2000,process:spawn_to_library_ready_ms,PASS,1,1,0,0,,,,,,,,,,,,,,,,,,,,,,,,,,,,,,,,,,,,,,,,,,,,,,,,,,,,,,,,,,,,,,,,,,,,,,,,,,,,,,,,,,,,,,,,,,,,1,534.171458,534.171458,534.171458,534.171458,534.171458,0.000000
phase1_setup,J_project_title_vos,steady_init,startup,hierarchical,2000,process:spawn_to_process_exit_ms,PASS,1,1,0,0,,,,,,,,,,,,,,,,,,,,,,,,,,,,,,,,,,,,,,,,,,,,,,,,,,,,,,,,,,,,,,,,,,,,,,,,,,,,,,,,,,,,,,,,,,,,1,562.597250,562.597250,562.597250,562.597250,562.597250,0.000000
phase1,A_stock,first_run_cold,startup,hierarchical,2000,memory:post_init_idle,PASS,3,3,0,0,,,,,,,,,,,,,,,3,8416.241211,8329.989909,8326.049805,8247.678711,8398.202930,84.350296,,,,,,,,,,,,,,,,,,,,,,3,14731.477539,14493.699870,14548.082031,14201.540039,14694.798437,269.121725,,,,,,,,,,,,,,,3,166016.000000,165632.000000,165584.000000,165296.000000,165929.600000,362.392053,,,,,,,,,,,,,,,,,,,,,,,,,,,,
phase1,A_stock,first_run_cold,startup,hierarchical,2000,memory:post_library_render_idle,PASS,3,3,0,0,,,,,,,,,,,,,,,3,8324.959961,8268.324544,8274.362305,8205.651367,8314.840430,59.883020,,,,,,,,,,,,,,,,,,,,,,3,9132.756836,9051.662760,9019.700195,9002.531250,9110.145508,70.752244,,,,,,,,,,,,,,,3,174768.000000,174314.666667,174304.000000,173872.000000,174675.200000,448.095228,,,,,,,,,,,,,,,,,,,,,,,,,,,,
phase1,A_stock,steady_state_cold,startup,hierarchical,2000,memory:post_init_idle,PASS,3,3,0,0,,,,,,,,,,,,,,,3,8292.538086,8233.844076,8264.635742,8144.358398,8286.957617,78.742619,,,,,,,,,,,,,,,,,,,,,,3,14332.071289,11986.489583,11280.196289,10347.201172,13721.696289,2084.210912,,,,,,,,,,,,,,,3,163488.000000,162042.666667,162624.000000,160016.000000,163315.200000,1807.527962,,,,,,,,,,,,,,,,,,,,,,,,,,,,
phase1,A_stock,steady_state_cold,startup,hierarchical,2000,memory:post_library_render_idle,PASS,3,3,0,0,,,,,,,,,,,,,,,3,8222.194336,8167.608398,8166.768555,8113.862305,8211.109180,54.170899,,,,,,,,,,,,,,,,,,,,,,3,8980.194336,8915.886393,8914.079102,8853.385742,8966.971289,63.423612,,,,,,,,,,,,,,,3,171936.000000,170693.333333,171648.000000,168496.000000,171878.400000,1908.387103,,,,,,,,,,,,,,,,,,,,,,,,,,,,
phase1,A_stock,warm,synthetic,flat,2000,memory:post_init_idle,PASS,1,1,0,0,,,,,,,,,,,,,,,1,10884.663086,10884.663086,10884.663086,10884.663086,10884.663086,0.000000,,,,,,,,,,,,,,,,,,,,,,1,16668.575195,16668.575195,16668.575195,16668.575195,16668.575195,0.000000,,,,,,,,,,,,,,,1,166448.000000,166448.000000,166448.000000,166448.000000,166448.000000,0.000000,,,,,,,,,,,,,,,,,,,,,,,,,,,,
phase1,A_stock,warm,synthetic,flat,2000,memory:post_library_render_idle,PASS,1,1,0,0,,,,,,,,,,,,,,,1,22026.733398,22026.733398,22026.733398,22026.733398,22026.733398,0.000000,,,,,,,,,,,,,,,,,,,,,,1,42990.789062,42990.789062,42990.789062,42990.789062,42990.789062,0.000000,,,,,,,,,,,,,,,1,265392.000000,265392.000000,265392.000000,265392.000000,265392.000000,0.000000,,,,,,,,,,,,,,,,,,,,,,,,,,,,
phase1,A_stock,warm,synthetic,flat,2000,memory:post_stress_idle,PASS,1,1,0,0,,,,,,,,,,,,,,,1,20608.068359,20608.068359,20608.068359,20608.068359,20608.068359,0.000000,,,,,,,,,,,,,,,,,,,,,,1,22847.353516,22847.353516,22847.353516,22847.353516,22847.353516,0.000000,,,,,,,,,,,,,,,1,279584.000000,279584.000000,279584.000000,279584.000000,279584.000000,0.000000,,,,,,,,,,,,,,,,,,,,,,,,,,,,
phase1,A_stock,warm,synthetic,flat,50,memory:post_init_idle,PASS,1,1,0,0,,,,,,,,,,,,,,,1,8538.936523,8538.936523,8538.936523,8538.936523,8538.936523,0.000000,,,,,,,,,,,,,,,,,,,,,,1,15124.833984,15124.833984,15124.833984,15124.833984,15124.833984,0.000000,,,,,,,,,,,,,,,1,166592.000000,166592.000000,166592.000000,166592.000000,166592.000000,0.000000,,,,,,,,,,,,,,,,,,,,,,,,,,,,
phase1,A_stock,warm,synthetic,flat,50,memory:post_library_render_idle,PASS,1,1,0,0,,,,,,,,,,,,,,,1,27025.045898,27025.045898,27025.045898,27025.045898,27025.045898,0.000000,,,,,,,,,,,,,,,,,,,,,,1,35628.832031,35628.832031,35628.832031,35628.832031,35628.832031,0.000000,,,,,,,,,,,,,,,1,217776.000000,217776.000000,217776.000000,217776.000000,217776.000000,0.000000,,,,,,,,,,,,,,,,,,,,,,,,,,,,
phase1,A_stock,warm,synthetic,flat,50,memory:post_stress_idle,PASS,1,1,0,0,,,,,,,,,,,,,,,1,17738.896484,17738.896484,17738.896484,17738.896484,17738.896484,0.000000,,,,,,,,,,,,,,,,,,,,,,1,18585.142578,18585.142578,18585.142578,18585.142578,18585.142578,0.000000,,,,,,,,,,,,,,,1,261920.000000,261920.000000,261920.000000,261920.000000,261920.000000,0.000000,,,,,,,,,,,,,,,,,,,,,,,,,,,,
phase1,A_stock,warm,synthetic,hierarchical,2000,memory:post_init_idle,PASS,1,1,0,0,,,,,,,,,,,,,,,1,8457.174805,8457.174805,8457.174805,8457.174805,8457.174805,0.000000,,,,,,,,,,,,,,,,,,,,,,1,14689.550781,14689.550781,14689.550781,14689.550781,14689.550781,0.000000,,,,,,,,,,,,,,,1,164256.000000,164256.000000,164256.000000,164256.000000,164256.000000,0.000000,,,,,,,,,,,,,,,,,,,,,,,,,,,,
phase1,A_stock,warm,synthetic,hierarchical,2000,memory:post_library_render_idle,PASS,1,1,0,0,,,,,,,,,,,,,,,1,8343.416992,8343.416992,8343.416992,8343.416992,8343.416992,0.000000,,,,,,,,,,,,,,,,,,,,,,1,9332.999023,9332.999023,9332.999023,9332.999023,9332.999023,0.000000,,,,,,,,,,,,,,,1,178624.000000,178624.000000,178624.000000,178624.000000,178624.000000,0.000000,,,,,,,,,,,,,,,,,,,,,,,,,,,,
phase1,A_stock,warm,synthetic,hierarchical,2000,memory:post_stress_idle,PASS,1,1,0,0,,,,,,,,,,,,,,,1,13760.294922,13760.294922,13760.294922,13760.294922,13760.294922,0.000000,,,,,,,,,,,,,,,,,,,,,,1,13773.318359,13773.318359,13773.318359,13773.318359,13773.318359,0.000000,,,,,,,,,,,,,,,1,209760.000000,209760.000000,209760.000000,209760.000000,209760.000000,0.000000,,,,,,,,,,,,,,,,,,,,,,,,,,,,
phase1,A_stock,warm,synthetic,hierarchical,50,memory:post_init_idle,PASS,1,1,0,0,,,,,,,,,,,,,,,1,8402.588867,8402.588867,8402.588867,8402.588867,8402.588867,0.000000,,,,,,,,,,,,,,,,,,,,,,1,14582.355469,14582.355469,14582.355469,14582.355469,14582.355469,0.000000,,,,,,,,,,,,,,,1,163952.000000,163952.000000,163952.000000,163952.000000,163952.000000,0.000000,,,,,,,,,,,,,,,,,,,,,,,,,,,,
phase1,A_stock,warm,synthetic,hierarchical,50,memory:post_library_render_idle,PASS,1,1,0,0,,,,,,,,,,,,,,,1,8348.499023,8348.499023,8348.499023,8348.499023,8348.499023,0.000000,,,,,,,,,,,,,,,,,,,,,,1,9459.683594,9459.683594,9459.683594,9459.683594,9459.683594,0.000000,,,,,,,,,,,,,,,1,178112.000000,178112.000000,178112.000000,178112.000000,178112.000000,0.000000,,,,,,,,,,,,,,,,,,,,,,,,,,,,
phase1,A_stock,warm,synthetic,hierarchical,50,memory:post_stress_idle,PASS,1,1,0,0,,,,,,,,,,,,,,,1,12546.784180,12546.784180,12546.784180,12546.784180,12546.784180,0.000000,,,,,,,,,,,,,,,,,,,,,,1,16439.786133,16439.786133,16439.786133,16439.786133,16439.786133,0.000000,,,,,,,,,,,,,,,1,196416.000000,196416.000000,196416.000000,196416.000000,196416.000000,0.000000,,,,,,,,,,,,,,,,,,,,,,,,,,,,
phase1,B_bookshelf,first_run_cold,startup,hierarchical,2000,memory:post_init_idle,PASS,3,3,0,0,,,,,,,,,,,,,,,3,8644.235352,8558.575195,8571.165039,8460.325195,8629.621289,92.599214,,,,,,,,,,,,,,,,,,,,,,3,15903.233398,11662.005534,10119.218750,8963.564453,14746.430469,3718.184310,,,,,,,,,,,,,,,3,168016.000000,166330.666667,165568.000000,165408.000000,167526.400000,1461.732306,,,,,,,,,,,,,,,,,,,,,,,,,,,,
phase1,B_bookshelf,first_run_cold,startup,hierarchical,2000,memory:post_library_render_idle,PASS,3,3,0,0,,,,,,,,,,,,,,,3,8538.629883,8471.783529,8445.829102,8430.891602,8520.069727,58.370442,,,,,,,,,,,,,,,,,,,,,,3,9543.813477,9426.197917,9424.009766,9310.770508,9519.852734,116.536893,,,,,,,,,,,,,,,3,176608.000000,174586.666667,173776.000000,173376.000000,176041.600000,1761.914111,,,,,,,,,,,,,,,,,,,,,,,,,,,,
phase1,B_bookshelf,steady_state_cold,startup,hierarchical,2000,memory:post_init_idle,PASS,3,3,0,0,,,,,,,,,,,,,,,3,8390.325195,8327.769206,8332.196289,8260.786133,8378.699414,64.882906,,,,,,,,,,,,,,,,,,,,,,3,14505.424805,12841.610677,12375.166016,11644.241211,14079.373047,1486.529803,,,,,,,,,,,,,,,3,165872.000000,162549.333333,161040.000000,160736.000000,164905.600000,2881.525522,,,,,,,,,,,,,,,,,,,,,,,,,,,,
phase1,B_bookshelf,steady_state_cold,startup,hierarchical,2000,memory:post_library_render_idle,PASS,3,3,0,0,,,,,,,,,,,,,,,3,8343.762695,8306.361654,8310.864258,8264.458008,8337.183008,39.843612,,,,,,,,,,,,,,,,,,,,,,3,9188.532227,9113.913737,9136.499023,9016.709961,9178.125586,88.109557,,,,,,,,,,,,,,,3,169568.000000,168389.333333,169184.000000,166416.000000,169491.200000,1719.708502,,,,,,,,,,,,,,,,,,,,,,,,,,,,
phase1,B_bookshelf,warm,synthetic,flat,2000,memory:post_init_idle,PASS,1,1,0,0,,,,,,,,,,,,,,,1,11127.024414,11127.024414,11127.024414,11127.024414,11127.024414,0.000000,,,,,,,,,,,,,,,,,,,,,,1,14916.385742,14916.385742,14916.385742,14916.385742,14916.385742,0.000000,,,,,,,,,,,,,,,1,166480.000000,166480.000000,166480.000000,166480.000000,166480.000000,0.000000,,,,,,,,,,,,,,,,,,,,,,,,,,,,
phase1,B_bookshelf,warm,synthetic,flat,2000,memory:post_library_render_idle,PASS,1,1,0,0,,,,,,,,,,,,,,,1,33481.333984,33481.333984,33481.333984,33481.333984,33481.333984,0.000000,,,,,,,,,,,,,,,,,,,,,,1,64406.679688,64406.679688,64406.679688,64406.679688,64406.679688,0.000000,,,,,,,,,,,,,,,1,272480.000000,272480.000000,272480.000000,272480.000000,272480.000000,0.000000,,,,,,,,,,,,,,,,,,,,,,,,,,,,
phase1,B_bookshelf,warm,synthetic,flat,2000,memory:post_stress_idle,PASS,1,1,0,0,,,,,,,,,,,,,,,1,24803.182617,24803.182617,24803.182617,24803.182617,24803.182617,0.000000,,,,,,,,,,,,,,,,,,,,,,1,26920.686523,26920.686523,26920.686523,26920.686523,26920.686523,0.000000,,,,,,,,,,,,,,,1,288832.000000,288832.000000,288832.000000,288832.000000,288832.000000,0.000000,,,,,,,,,,,,,,,,,,,,,,,,,,,,
phase1,B_bookshelf,warm,synthetic,flat,50,memory:post_init_idle,PASS,1,1,0,0,,,,,,,,,,,,,,,1,8818.868164,8818.868164,8818.868164,8818.868164,8818.868164,0.000000,,,,,,,,,,,,,,,,,,,,,,1,9624.946289,9624.946289,9624.946289,9624.946289,9624.946289,0.000000,,,,,,,,,,,,,,,1,166624.000000,166624.000000,166624.000000,166624.000000,166624.000000,0.000000,,,,,,,,,,,,,,,,,,,,,,,,,,,,
phase1,B_bookshelf,warm,synthetic,flat,50,memory:post_library_render_idle,PASS,1,1,0,0,,,,,,,,,,,,,,,1,26822.571289,26822.571289,26822.571289,26822.571289,26822.571289,0.000000,,,,,,,,,,,,,,,,,,,,,,1,34025.083008,34025.083008,34025.083008,34025.083008,34025.083008,0.000000,,,,,,,,,,,,,,,1,218720.000000,218720.000000,218720.000000,218720.000000,218720.000000,0.000000,,,,,,,,,,,,,,,,,,,,,,,,,,,,
phase1,B_bookshelf,warm,synthetic,flat,50,memory:post_stress_idle,PASS,1,1,0,0,,,,,,,,,,,,,,,1,17153.499023,17153.499023,17153.499023,17153.499023,17153.499023,0.000000,,,,,,,,,,,,,,,,,,,,,,1,19181.277344,19181.277344,19181.277344,19181.277344,19181.277344,0.000000,,,,,,,,,,,,,,,1,260224.000000,260224.000000,260224.000000,260224.000000,260224.000000,0.000000,,,,,,,,,,,,,,,,,,,,,,,,,,,,
phase1,B_bookshelf,warm,synthetic,hierarchical,2000,memory:post_init_idle,PASS,1,1,0,0,,,,,,,,,,,,,,,1,8647.915039,8647.915039,8647.915039,8647.915039,8647.915039,0.000000,,,,,,,,,,,,,,,,,,,,,,1,14574.844727,14574.844727,14574.844727,14574.844727,14574.844727,0.000000,,,,,,,,,,,,,,,1,166128.000000,166128.000000,166128.000000,166128.000000,166128.000000,0.000000,,,,,,,,,,,,,,,,,,,,,,,,,,,,
phase1,B_bookshelf,warm,synthetic,hierarchical,2000,memory:post_library_render_idle,PASS,1,1,0,0,,,,,,,,,,,,,,,1,8347.411133,8347.411133,8347.411133,8347.411133,8347.411133,0.000000,,,,,,,,,,,,,,,,,,,,,,1,10187.111328,10187.111328,10187.111328,10187.111328,10187.111328,0.000000,,,,,,,,,,,,,,,1,180960.000000,180960.000000,180960.000000,180960.000000,180960.000000,0.000000,,,,,,,,,,,,,,,,,,,,,,,,,,,,
phase1,B_bookshelf,warm,synthetic,hierarchical,2000,memory:post_stress_idle,PASS,1,1,0,0,,,,,,,,,,,,,,,1,17989.495117,17989.495117,17989.495117,17989.495117,17989.495117,0.000000,,,,,,,,,,,,,,,,,,,,,,1,20320.221680,20320.221680,20320.221680,20320.221680,20320.221680,0.000000,,,,,,,,,,,,,,,1,230736.000000,230736.000000,230736.000000,230736.000000,230736.000000,0.000000,,,,,,,,,,,,,,,,,,,,,,,,,,,,
phase1,B_bookshelf,warm,synthetic,hierarchical,50,memory:post_init_idle,PASS,1,1,0,0,,,,,,,,,,,,,,,1,8587.465820,8587.465820,8587.465820,8587.465820,8587.465820,0.000000,,,,,,,,,,,,,,,,,,,,,,1,12152.098633,12152.098633,12152.098633,12152.098633,12152.098633,0.000000,,,,,,,,,,,,,,,1,163424.000000,163424.000000,163424.000000,163424.000000,163424.000000,0.000000,,,,,,,,,,,,,,,,,,,,,,,,,,,,
phase1,B_bookshelf,warm,synthetic,hierarchical,50,memory:post_library_render_idle,PASS,1,1,0,0,,,,,,,,,,,,,,,1,8392.161133,8392.161133,8392.161133,8392.161133,8392.161133,0.000000,,,,,,,,,,,,,,,,,,,,,,1,9787.501953,9787.501953,9787.501953,9787.501953,9787.501953,0.000000,,,,,,,,,,,,,,,1,178848.000000,178848.000000,178848.000000,178848.000000,178848.000000,0.000000,,,,,,,,,,,,,,,,,,,,,,,,,,,,
phase1,B_bookshelf,warm,synthetic,hierarchical,50,memory:post_stress_idle,PASS,1,1,0,0,,,,,,,,,,,,,,,1,15183.522461,15183.522461,15183.522461,15183.522461,15183.522461,0.000000,,,,,,,,,,,,,,,,,,,,,,1,34982.468750,34982.468750,34982.468750,34982.468750,34982.468750,0.000000,,,,,,,,,,,,,,,1,227232.000000,227232.000000,227232.000000,227232.000000,227232.000000,0.000000,,,,,,,,,,,,,,,,,,,,,,,,,,,,
phase1,C_simpleui,first_run_cold,startup,hierarchical,2000,memory:post_init_idle,PASS,3,3,0,0,,,,,,,,,,,,,,,3,12770.902344,12752.467448,12768.468750,12718.031250,12770.415625,29.847435,,,,,,,,,,,,,,,,,,,,,,3,18842.147461,18011.696289,18119.347656,17073.593750,18697.587500,889.177805,,,,,,,,,,,,,,,3,172896.000000,172240.000000,172480.000000,171344.000000,172812.800000,803.352973,,,,,,,,,,,,,,,,,,,,,,,,,,,,
phase1,C_simpleui,first_run_cold,startup,hierarchical,2000,memory:post_library_render_idle,PASS,3,3,0,0,,,,,,,,,,,,,,,3,12880.390625,12840.406250,12821.207031,12819.621094,12868.553906,34.636563,,,,,,,,,,,,,,,,,,,,,,3,13372.717773,13305.836263,13298.120117,13246.670898,13357.798242,63.376714,,,,,,,,,,,,,,,3,175456.000000,174949.333333,175040.000000,174352.000000,175372.800000,557.556574,,,,,,,,,,,,,,,,,,,,,,,,,,,,
phase1,C_simpleui,steady_state_cold,startup,hierarchical,2000,memory:post_init_idle,PASS,3,3,0,0,,,,,,,,,,,,,,,3,12685.368164,12643.429362,12627.024414,12617.895508,12673.699414,36.605759,,,,,,,,,,,,,,,,,,,,,,3,17981.261719,16592.370768,16092.099609,15703.750977,17603.429297,1218.387139,,,,,,,,,,,,,,,3,171456.000000,170234.666667,170400.000000,168848.000000,171244.800000,1311.837388,,,,,,,,,,,,,,,,,,,,,,,,,,,,
phase1,C_simpleui,steady_state_cold,startup,hierarchical,2000,memory:post_library_render_idle,PASS,3,3,0,0,,,,,,,,,,,,,,,3,12825.989258,12813.236654,12823.219727,12790.500977,12825.435352,19.738309,,,,,,,,,,,,,,,,,,,,,,3,13201.994141,13179.913086,13181.228516,13156.516602,13197.841016,22.767288,,,,,,,,,,,,,,,3,173632.000000,172954.666667,173440.000000,171792.000000,173593.600000,1011.464944,,,,,,,,,,,,,,,,,,,,,,,,,,,,
phase1,C_simpleui,warm,synthetic,flat,2000,memory:post_init_idle,PASS,1,1,0,0,,,,,,,,,,,,,,,1,15041.718750,15041.718750,15041.718750,15041.718750,15041.718750,0.000000,,,,,,,,,,,,,,,,,,,,,,1,18771.210938,18771.210938,18771.210938,18771.210938,18771.210938,0.000000,,,,,,,,,,,,,,,1,175072.000000,175072.000000,175072.000000,175072.000000,175072.000000,0.000000,,,,,,,,,,,,,,,,,,,,,,,,,,,,
phase1,C_simpleui,warm,synthetic,flat,2000,memory:post_library_render_idle,PASS,1,1,0,0,,,,,,,,,,,,,,,1,20702.093750,20702.093750,20702.093750,20702.093750,20702.093750,0.000000,,,,,,,,,,,,,,,,,,,,,,1,35340.284180,35340.284180,35340.284180,35340.284180,35340.284180,0.000000,,,,,,,,,,,,,,,1,211280.000000,211280.000000,211280.000000,211280.000000,211280.000000,0.000000,,,,,,,,,,,,,,,,,,,,,,,,,,,,
phase1,C_simpleui,warm,synthetic,flat,2000,memory:post_stress_idle,PASS,1,1,0,0,,,,,,,,,,,,,,,1,94043.227539,94043.227539,94043.227539,94043.227539,94043.227539,0.000000,,,,,,,,,,,,,,,,,,,,,,1,102861.386719,102861.386719,102861.386719,102861.386719,102861.386719,0.000000,,,,,,,,,,,,,,,1,325168.000000,325168.000000,325168.000000,325168.000000,325168.000000,0.000000,,,,,,,,,,,,,,,,,,,,,,,,,,,,
phase1,C_simpleui,warm,synthetic,flat,50,memory:post_init_idle,PASS,1,1,0,0,,,,,,,,,,,,,,,1,13084.003906,13084.003906,13084.003906,13084.003906,13084.003906,0.000000,,,,,,,,,,,,,,,,,,,,,,1,19462.882812,19462.882812,19462.882812,19462.882812,19462.882812,0.000000,,,,,,,,,,,,,,,1,174352.000000,174352.000000,174352.000000,174352.000000,174352.000000,0.000000,,,,,,,,,,,,,,,,,,,,,,,,,,,,
phase1,C_simpleui,warm,synthetic,flat,50,memory:post_library_render_idle,PASS,1,1,0,0,,,,,,,,,,,,,,,1,15991.132812,15991.132812,15991.132812,15991.132812,15991.132812,0.000000,,,,,,,,,,,,,,,,,,,,,,1,17007.216797,17007.216797,17007.216797,17007.216797,17007.216797,0.000000,,,,,,,,,,,,,,,1,195856.000000,195856.000000,195856.000000,195856.000000,195856.000000,0.000000,,,,,,,,,,,,,,,,,,,,,,,,,,,,
phase1,C_simpleui,warm,synthetic,flat,50,memory:post_stress_idle,PASS,1,1,0,0,,,,,,,,,,,,,,,1,45022.997070,45022.997070,45022.997070,45022.997070,45022.997070,0.000000,,,,,,,,,,,,,,,,,,,,,,1,47797.654297,47797.654297,47797.654297,47797.654297,47797.654297,0.000000,,,,,,,,,,,,,,,1,274640.000000,274640.000000,274640.000000,274640.000000,274640.000000,0.000000,,,,,,,,,,,,,,,,,,,,,,,,,,,,
phase1,C_simpleui,warm,synthetic,hierarchical,2000,memory:post_init_idle,PASS,1,1,0,0,,,,,,,,,,,,,,,1,12838.414062,12838.414062,12838.414062,12838.414062,12838.414062,0.000000,,,,,,,,,,,,,,,,,,,,,,1,18655.309570,18655.309570,18655.309570,18655.309570,18655.309570,0.000000,,,,,,,,,,,,,,,1,171856.000000,171856.000000,171856.000000,171856.000000,171856.000000,0.000000,,,,,,,,,,,,,,,,,,,,,,,,,,,,
phase1,C_simpleui,warm,synthetic,hierarchical,2000,memory:post_library_render_idle,PASS,1,1,0,0,,,,,,,,,,,,,,,1,14539.339844,14539.339844,14539.339844,14539.339844,14539.339844,0.000000,,,,,,,,,,,,,,,,,,,,,,1,14663.551758,14663.551758,14663.551758,14663.551758,14663.551758,0.000000,,,,,,,,,,,,,,,1,182656.000000,182656.000000,182656.000000,182656.000000,182656.000000,0.000000,,,,,,,,,,,,,,,,,,,,,,,,,,,,
phase1,C_simpleui,warm,synthetic,hierarchical,2000,memory:post_stress_idle,PASS,1,1,0,0,,,,,,,,,,,,,,,1,47106.293945,47106.293945,47106.293945,47106.293945,47106.293945,0.000000,,,,,,,,,,,,,,,,,,,,,,1,49238.343750,49238.343750,49238.343750,49238.343750,49238.343750,0.000000,,,,,,,,,,,,,,,1,271376.000000,271376.000000,271376.000000,271376.000000,271376.000000,0.000000,,,,,,,,,,,,,,,,,,,,,,,,,,,,
phase1,C_simpleui,warm,synthetic,hierarchical,50,memory:post_init_idle,PASS,1,1,0,0,,,,,,,,,,,,,,,1,12705.164062,12705.164062,12705.164062,12705.164062,12705.164062,0.000000,,,,,,,,,,,,,,,,,,,,,,1,18783.758789,18783.758789,18783.758789,18783.758789,18783.758789,0.000000,,,,,,,,,,,,,,,1,171280.000000,171280.000000,171280.000000,171280.000000,171280.000000,0.000000,,,,,,,,,,,,,,,,,,,,,,,,,,,,
phase1,C_simpleui,warm,synthetic,hierarchical,50,memory:post_library_render_idle,PASS,1,1,0,0,,,,,,,,,,,,,,,1,14535.832031,14535.832031,14535.832031,14535.832031,14535.832031,0.000000,,,,,,,,,,,,,,,,,,,,,,1,14719.462891,14719.462891,14719.462891,14719.462891,14719.462891,0.000000,,,,,,,,,,,,,,,1,182656.000000,182656.000000,182656.000000,182656.000000,182656.000000,0.000000,,,,,,,,,,,,,,,,,,,,,,,,,,,,
phase1,C_simpleui,warm,synthetic,hierarchical,50,memory:post_stress_idle,PASS,1,1,0,0,,,,,,,,,,,,,,,1,44226.821289,44226.821289,44226.821289,44226.821289,44226.821289,0.000000,,,,,,,,,,,,,,,,,,,,,,1,45905.705078,45905.705078,45905.705078,45905.705078,45905.705078,0.000000,,,,,,,,,,,,,,,1,256896.000000,256896.000000,256896.000000,256896.000000,256896.000000,0.000000,,,,,,,,,,,,,,,,,,,,,,,,,,,,
phase1,D_zenos,first_run_cold,startup,hierarchical,2000,memory:post_init_idle,PASS,3,3,0,0,,,,,,,,,,,,,,,3,14465.911133,14390.319987,14398.137695,14306.911133,14452.356445,79.787765,,,,,,,,,,,,,,,,,,,,,,3,23587.556641,18858.992188,16786.073242,16203.346680,22227.259961,4105.409103,,,,,,,,,,,,,,,3,181728.000000,180666.666667,181184.000000,179088.000000,181619.200000,1393.960306,,,,,,,,,,,,,,,,,,,,,,,,,,,,
phase1,D_zenos,first_run_cold,startup,hierarchical,2000,memory:post_library_render_idle,PASS,3,3,0,0,,,,,,,,,,,,,,,3,14806.301758,14774.637695,14788.290039,14729.321289,14802.699414,40.265221,,,,,,,,,,,,,,,,,,,,,,3,18442.520508,18267.153971,18332.256836,18026.684570,18420.467773,215.426714,,,,,,,,,,,,,,,3,198080.000000,195408.000000,197184.000000,190960.000000,197900.800000,3878.044868,,,,,,,,,,,,,,,,,,,,,,,,,,,,
phase1,D_zenos,steady_state_cold,startup,hierarchical,2000,memory:post_init_idle,PASS,3,3,0,0,,,,,,,,,,,,,,,3,14265.021484,14231.048828,14231.990234,14196.134766,14258.415234,34.453007,,,,,,,,,,,,,,,,,,,,,,3,21613.185547,20589.579753,21523.497070,18632.056641,21595.247852,1695.857764,,,,,,,,,,,,,,,3,188160.000000,178048.000000,173360.000000,172624.000000,185200.000000,8764.977581,,,,,,,,,,,,,,,,,,,,,,,,,,,,
phase1,D_zenos,steady_state_cold,startup,hierarchical,2000,memory:post_library_render_idle,PASS,3,3,0,0,,,,,,,,,,,,,,,3,14580.693359,14546.895182,14532.119141,14527.873047,14570.978516,29.346974,,,,,,,,,,,,,,,,,,,,,,3,17854.361328,17829.879232,17838.035156,17797.241211,17851.096094,29.420508,,,,,,,,,,,,,,,3,192672.000000,185514.666667,185712.000000,178160.000000,191280.000000,7258.012216,,,,,,,,,,,,,,,,,,,,,,,,,,,,
phase1,D_zenos,warm,synthetic,flat,2000,memory:post_init_idle,PASS,1,1,0,0,,,,,,,,,,,,,,,1,14532.997070,14532.997070,14532.997070,14532.997070,14532.997070,0.000000,,,,,,,,,,,,,,,,,,,,,,1,17238.346680,17238.346680,17238.346680,17238.346680,17238.346680,0.000000,,,,,,,,,,,,,,,1,183472.000000,183472.000000,183472.000000,183472.000000,183472.000000,0.000000,,,,,,,,,,,,,,,,,,,,,,,,,,,,
phase1,D_zenos,warm,synthetic,flat,2000,memory:post_library_render_idle,PASS,1,1,0,0,,,,,,,,,,,,,,,1,20964.636719,20964.636719,20964.636719,20964.636719,20964.636719,0.000000,,,,,,,,,,,,,,,,,,,,,,1,32613.109375,32613.109375,32613.109375,32613.109375,32613.109375,0.000000,,,,,,,,,,,,,,,1,234064.000000,234064.000000,234064.000000,234064.000000,234064.000000,0.000000,,,,,,,,,,,,,,,,,,,,,,,,,,,,
phase1,D_zenos,warm,synthetic,flat,2000,memory:post_stress_idle,PASS,1,1,0,0,,,,,,,,,,,,,,,1,40530.593750,40530.593750,40530.593750,40530.593750,40530.593750,0.000000,,,,,,,,,,,,,,,,,,,,,,1,47747.168945,47747.168945,47747.168945,47747.168945,47747.168945,0.000000,,,,,,,,,,,,,,,1,275296.000000,275296.000000,275296.000000,275296.000000,275296.000000,0.000000,,,,,,,,,,,,,,,,,,,,,,,,,,,,
phase1,D_zenos,warm,synthetic,flat,50,memory:post_init_idle,PASS,1,1,0,0,,,,,,,,,,,,,,,1,14459.739258,14459.739258,14459.739258,14459.739258,14459.739258,0.000000,,,,,,,,,,,,,,,,,,,,,,1,24113.638672,24113.638672,24113.638672,24113.638672,24113.638672,0.000000,,,,,,,,,,,,,,,1,179584.000000,179584.000000,179584.000000,179584.000000,179584.000000,0.000000,,,,,,,,,,,,,,,,,,,,,,,,,,,,
phase1,D_zenos,warm,synthetic,flat,50,memory:post_library_render_idle,PASS,1,1,0,0,,,,,,,,,,,,,,,1,16957.796875,16957.796875,16957.796875,16957.796875,16957.796875,0.000000,,,,,,,,,,,,,,,,,,,,,,1,21953.363281,21953.363281,21953.363281,21953.363281,21953.363281,0.000000,,,,,,,,,,,,,,,1,208096.000000,208096.000000,208096.000000,208096.000000,208096.000000,0.000000,,,,,,,,,,,,,,,,,,,,,,,,,,,,
phase1,D_zenos,warm,synthetic,flat,50,memory:post_stress_idle,PASS,1,1,0,0,,,,,,,,,,,,,,,1,35639.187500,35639.187500,35639.187500,35639.187500,35639.187500,0.000000,,,,,,,,,,,,,,,,,,,,,,1,40362.657227,40362.657227,40362.657227,40362.657227,40362.657227,0.000000,,,,,,,,,,,,,,,1,260192.000000,260192.000000,260192.000000,260192.000000,260192.000000,0.000000,,,,,,,,,,,,,,,,,,,,,,,,,,,,
phase1,D_zenos,warm,synthetic,hierarchical,2000,memory:post_init_idle,PASS,1,1,0,0,,,,,,,,,,,,,,,1,14436.735352,14436.735352,14436.735352,14436.735352,14436.735352,0.000000,,,,,,,,,,,,,,,,,,,,,,1,16774.047852,16774.047852,16774.047852,16774.047852,16774.047852,0.000000,,,,,,,,,,,,,,,1,180976.000000,180976.000000,180976.000000,180976.000000,180976.000000,0.000000,,,,,,,,,,,,,,,,,,,,,,,,,,,,
phase1,D_zenos,warm,synthetic,hierarchical,2000,memory:post_library_render_idle,PASS,1,1,0,0,,,,,,,,,,,,,,,1,14985.507812,14985.507812,14985.507812,14985.507812,14985.507812,0.000000,,,,,,,,,,,,,,,,,,,,,,1,14995.960938,14995.960938,14995.960938,14995.960938,14995.960938,0.000000,,,,,,,,,,,,,,,1,210944.000000,210944.000000,210944.000000,210944.000000,210944.000000,0.000000,,,,,,,,,,,,,,,,,,,,,,,,,,,,
phase1,D_zenos,warm,synthetic,hierarchical,2000,memory:post_stress_idle,PASS,1,1,0,0,,,,,,,,,,,,,,,1,36549.042969,36549.042969,36549.042969,36549.042969,36549.042969,0.000000,,,,,,,,,,,,,,,,,,,,,,1,42770.395508,42770.395508,42770.395508,42770.395508,42770.395508,0.000000,,,,,,,,,,,,,,,1,272320.000000,272320.000000,272320.000000,272320.000000,272320.000000,0.000000,,,,,,,,,,,,,,,,,,,,,,,,,,,,
phase1,D_zenos,warm,synthetic,hierarchical,50,memory:post_init_idle,PASS,1,1,0,0,,,,,,,,,,,,,,,1,14468.661133,14468.661133,14468.661133,14468.661133,14468.661133,0.000000,,,,,,,,,,,,,,,,,,,,,,1,17066.778320,17066.778320,17066.778320,17066.778320,17066.778320,0.000000,,,,,,,,,,,,,,,1,180544.000000,180544.000000,180544.000000,180544.000000,180544.000000,0.000000,,,,,,,,,,,,,,,,,,,,,,,,,,,,
phase1,D_zenos,warm,synthetic,hierarchical,50,memory:post_library_render_idle,PASS,1,1,0,0,,,,,,,,,,,,,,,1,14896.589844,14896.589844,14896.589844,14896.589844,14896.589844,0.000000,,,,,,,,,,,,,,,,,,,,,,1,14907.980469,14907.980469,14907.980469,14907.980469,14907.980469,0.000000,,,,,,,,,,,,,,,1,210656.000000,210656.000000,210656.000000,210656.000000,210656.000000,0.000000,,,,,,,,,,,,,,,,,,,,,,,,,,,,
phase1,D_zenos,warm,synthetic,hierarchical,50,memory:post_stress_idle,PASS,1,1,0,0,,,,,,,,,,,,,,,1,35288.500000,35288.500000,35288.500000,35288.500000,35288.500000,0.000000,,,,,,,,,,,,,,,,,,,,,,1,42267.947266,42267.947266,42267.947266,42267.947266,42267.947266,0.000000,,,,,,,,,,,,,,,1,269376.000000,269376.000000,269376.000000,269376.000000,269376.000000,0.000000,,,,,,,,,,,,,,,,,,,,,,,,,,,,
phase1,E_project_title,steady_state_cold,startup,hierarchical,2000,memory:post_init_idle,PASS,3,3,0,0,,,,,,,,,,,,,,,3,8331.776367,8297.629232,8299.499023,8261.612305,8325.320898,35.119382,,,,,,,,,,,,,,,,,,,,,,3,14183.576172,12424.009115,12642.015625,10446.435547,13875.264063,1878.084168,,,,,,,,,,,,,,,3,164496.000000,162928.000000,162896.000000,161392.000000,164176.000000,1552.247403,,,,,,,,,,,,,,,,,,,,,,,,,,,,
phase1,E_project_title,steady_state_cold,startup,hierarchical,2000,memory:post_library_render_idle,PASS,3,3,0,0,,,,,,,,,,,,,,,3,8307.764648,8270.121419,8261.081055,8241.518555,8298.427930,34.035751,,,,,,,,,,,,,,,,,,,,,,3,9000.237305,8966.242513,8969.735352,8928.754883,8994.136914,35.868985,,,,,,,,,,,,,,,3,173008.000000,171413.333333,171376.000000,169856.000000,172681.600000,1576.331606,,,,,,,,,,,,,,,,,,,,,,,,,,,,
phase1,E_project_title,warm,synthetic,flat,2000,memory:post_init_idle,PASS,1,1,0,0,,,,,,,,,,,,,,,1,11053.170898,11053.170898,11053.170898,11053.170898,11053.170898,0.000000,,,,,,,,,,,,,,,,,,,,,,1,17331.934570,17331.934570,17331.934570,17331.934570,17331.934570,0.000000,,,,,,,,,,,,,,,1,168160.000000,168160.000000,168160.000000,168160.000000,168160.000000,0.000000,,,,,,,,,,,,,,,,,,,,,,,,,,,,
phase1,E_project_title,warm,synthetic,flat,2000,memory:post_library_render_idle,PASS,1,1,0,0,,,,,,,,,,,,,,,1,11032.014648,11032.014648,11032.014648,11032.014648,11032.014648,0.000000,,,,,,,,,,,,,,,,,,,,,,1,14482.507812,14482.507812,14482.507812,14482.507812,14482.507812,0.000000,,,,,,,,,,,,,,,1,192448.000000,192448.000000,192448.000000,192448.000000,192448.000000,0.000000,,,,,,,,,,,,,,,,,,,,,,,,,,,,
phase1,E_project_title,warm,synthetic,flat,2000,memory:post_stress_idle,PASS,1,1,0,0,,,,,,,,,,,,,,,1,17954.776367,17954.776367,17954.776367,17954.776367,17954.776367,0.000000,,,,,,,,,,,,,,,,,,,,,,1,27791.300781,27791.300781,27791.300781,27791.300781,27791.300781,0.000000,,,,,,,,,,,,,,,1,230784.000000,230784.000000,230784.000000,230784.000000,230784.000000,0.000000,,,,,,,,,,,,,,,,,,,,,,,,,,,,
phase1,E_project_title,warm,synthetic,flat,50,memory:post_init_idle,PASS,1,1,0,0,,,,,,,,,,,,,,,1,8736.307617,8736.307617,8736.307617,8736.307617,8736.307617,0.000000,,,,,,,,,,,,,,,,,,,,,,1,15742.210938,15742.210938,15742.210938,15742.210938,15742.210938,0.000000,,,,,,,,,,,,,,,1,166192.000000,166192.000000,166192.000000,166192.000000,166192.000000,0.000000,,,,,,,,,,,,,,,,,,,,,,,,,,,,
phase1,E_project_title,warm,synthetic,flat,50,memory:post_library_render_idle,PASS,1,1,0,0,,,,,,,,,,,,,,,1,8745.182617,8745.182617,8745.182617,8745.182617,8745.182617,0.000000,,,,,,,,,,,,,,,,,,,,,,1,20267.535156,20267.535156,20267.535156,20267.535156,20267.535156,0.000000,,,,,,,,,,,,,,,1,182848.000000,182848.000000,182848.000000,182848.000000,182848.000000,0.000000,,,,,,,,,,,,,,,,,,,,,,,,,,,,
phase1,E_project_title,warm,synthetic,flat,50,memory:post_stress_idle,PASS,1,1,0,0,,,,,,,,,,,,,,,1,13905.569336,13905.569336,13905.569336,13905.569336,13905.569336,0.000000,,,,,,,,,,,,,,,,,,,,,,1,20463.241211,20463.241211,20463.241211,20463.241211,20463.241211,0.000000,,,,,,,,,,,,,,,1,220176.000000,220176.000000,220176.000000,220176.000000,220176.000000,0.000000,,,,,,,,,,,,,,,,,,,,,,,,,,,,
phase1,E_project_title,warm,synthetic,hierarchical,2000,memory:post_init_idle,PASS,1,1,0,0,,,,,,,,,,,,,,,1,8356.573242,8356.573242,8356.573242,8356.573242,8356.573242,0.000000,,,,,,,,,,,,,,,,,,,,,,1,13307.031250,13307.031250,13307.031250,13307.031250,13307.031250,0.000000,,,,,,,,,,,,,,,1,164768.000000,164768.000000,164768.000000,164768.000000,164768.000000,0.000000,,,,,,,,,,,,,,,,,,,,,,,,,,,,
phase1,E_project_title,warm,synthetic,hierarchical,2000,memory:post_library_render_idle,PASS,1,1,0,0,,,,,,,,,,,,,,,1,8272.393555,8272.393555,8272.393555,8272.393555,8272.393555,0.000000,,,,,,,,,,,,,,,,,,,,,,1,16034.502930,16034.502930,16034.502930,16034.502930,16034.502930,0.000000,,,,,,,,,,,,,,,1,180352.000000,180352.000000,180352.000000,180352.000000,180352.000000,0.000000,,,,,,,,,,,,,,,,,,,,,,,,,,,,
phase1,E_project_title,warm,synthetic,hierarchical,2000,memory:post_stress_idle,PASS,1,1,0,0,,,,,,,,,,,,,,,1,14213.045898,14213.045898,14213.045898,14213.045898,14213.045898,0.000000,,,,,,,,,,,,,,,,,,,,,,1,24798.665039,24798.665039,24798.665039,24798.665039,24798.665039,0.000000,,,,,,,,,,,,,,,1,217984.000000,217984.000000,217984.000000,217984.000000,217984.000000,0.000000,,,,,,,,,,,,,,,,,,,,,,,,,,,,
phase1,E_project_title,warm,synthetic,hierarchical,50,memory:post_init_idle,PASS,1,1,0,0,,,,,,,,,,,,,,,1,8348.729492,8348.729492,8348.729492,8348.729492,8348.729492,0.000000,,,,,,,,,,,,,,,,,,,,,,1,14570.492188,14570.492188,14570.492188,14570.492188,14570.492188,0.000000,,,,,,,,,,,,,,,1,163840.000000,163840.000000,163840.000000,163840.000000,163840.000000,0.000000,,,,,,,,,,,,,,,,,,,,,,,,,,,,
phase1,E_project_title,warm,synthetic,hierarchical,50,memory:post_library_render_idle,PASS,1,1,0,0,,,,,,,,,,,,,,,1,8371.041992,8371.041992,8371.041992,8371.041992,8371.041992,0.000000,,,,,,,,,,,,,,,,,,,,,,1,19740.210938,19740.210938,19740.210938,19740.210938,19740.210938,0.000000,,,,,,,,,,,,,,,1,178096.000000,178096.000000,178096.000000,178096.000000,178096.000000,0.000000,,,,,,,,,,,,,,,,,,,,,,,,,,,,
phase1,E_project_title,warm,synthetic,hierarchical,50,memory:post_stress_idle,PASS,1,1,0,0,,,,,,,,,,,,,,,1,12625.316406,12625.316406,12625.316406,12625.316406,12625.316406,0.000000,,,,,,,,,,,,,,,,,,,,,,1,22409.555664,22409.555664,22409.555664,22409.555664,22409.555664,0.000000,,,,,,,,,,,,,,,1,207536.000000,207536.000000,207536.000000,207536.000000,207536.000000,0.000000,,,,,,,,,,,,,,,,,,,,,,,,,,,,
phase1,F_bookshelf_bookends,steady_state_cold,startup,hierarchical,2000,memory:post_init_idle,PASS,3,3,0,0,,,,,,,,,,,,,,,3,8967.069336,8909.445638,8894.424805,8866.842773,8952.540430,51.774125,,,,,,,,,,,,,,,,,,,,,,3,14957.571289,13365.684245,14454.410156,10685.071289,14856.939062,2335.071122,,,,,,,,,,,,,,,3,167200.000000,165077.333333,164224.000000,163808.000000,166604.800000,1850.013333,,,,,,,,,,,,,,,,,,,,,,,,,,,,
phase1,F_bookshelf_bookends,steady_state_cold,startup,hierarchical,2000,memory:post_library_render_idle,PASS,3,3,0,0,,,,,,,,,,,,,,,3,9218.206055,9012.907878,8911.530273,8908.987305,9156.870898,177.797983,,,,,,,,,,,,,,,,,,,,,,3,9729.821289,9660.397461,9672.126953,9579.244141,9718.282422,75.970752,,,,,,,,,,,,,,,3,175712.000000,173861.333333,173216.000000,172656.000000,175212.800000,1626.998873,,,,,,,,,,,,,,,,,,,,,,,,,,,,
phase1,F_bookshelf_bookends,warm,synthetic,flat,2000,memory:post_init_idle,PASS,1,1,0,0,,,,,,,,,,,,,,,1,11702.420898,11702.420898,11702.420898,11702.420898,11702.420898,0.000000,,,,,,,,,,,,,,,,,,,,,,1,19804.492188,19804.492188,19804.492188,19804.492188,19804.492188,0.000000,,,,,,,,,,,,,,,1,172064.000000,172064.000000,172064.000000,172064.000000,172064.000000,0.000000,,,,,,,,,,,,,,,,,,,,,,,,,,,,
phase1,F_bookshelf_bookends,warm,synthetic,flat,2000,memory:post_library_render_idle,PASS,1,1,0,0,,,,,,,,,,,,,,,1,39666.210938,39666.210938,39666.210938,39666.210938,39666.210938,0.000000,,,,,,,,,,,,,,,,,,,,,,1,100520.200195,100520.200195,100520.200195,100520.200195,100520.200195,0.000000,,,,,,,,,,,,,,,1,299408.000000,299408.000000,299408.000000,299408.000000,299408.000000,0.000000,,,,,,,,,,,,,,,,,,,,,,,,,,,,
phase1,F_bookshelf_bookends,warm,synthetic,flat,2000,memory:post_stress_idle,PASS,1,1,0,0,,,,,,,,,,,,,,,1,21756.728516,21756.728516,21756.728516,21756.728516,21756.728516,0.000000,,,,,,,,,,,,,,,,,,,,,,1,22422.311523,22422.311523,22422.311523,22422.311523,22422.311523,0.000000,,,,,,,,,,,,,,,1,321696.000000,321696.000000,321696.000000,321696.000000,321696.000000,0.000000,,,,,,,,,,,,,,,,,,,,,,,,,,,,
phase1,F_bookshelf_bookends,warm,synthetic,flat,50,memory:post_init_idle,PASS,1,1,0,0,,,,,,,,,,,,,,,1,9440.881836,9440.881836,9440.881836,9440.881836,9440.881836,0.000000,,,,,,,,,,,,,,,,,,,,,,1,10933.217773,10933.217773,10933.217773,10933.217773,10933.217773,0.000000,,,,,,,,,,,,,,,1,167904.000000,167904.000000,167904.000000,167904.000000,167904.000000,0.000000,,,,,,,,,,,,,,,,,,,,,,,,,,,,
phase1,F_bookshelf_bookends,warm,synthetic,flat,50,memory:post_library_render_idle,PASS,1,1,0,0,,,,,,,,,,,,,,,1,27913.733398,27913.733398,27913.733398,27913.733398,27913.733398,0.000000,,,,,,,,,,,,,,,,,,,,,,1,37936.424805,37936.424805,37936.424805,37936.424805,37936.424805,0.000000,,,,,,,,,,,,,,,1,222640.000000,222640.000000,222640.000000,222640.000000,222640.000000,0.000000,,,,,,,,,,,,,,,,,,,,,,,,,,,,
phase1,F_bookshelf_bookends,warm,synthetic,flat,50,memory:post_stress_idle,PASS,1,1,0,0,,,,,,,,,,,,,,,1,20760.753906,20760.753906,20760.753906,20760.753906,20760.753906,0.000000,,,,,,,,,,,,,,,,,,,,,,1,22821.944336,22821.944336,22821.944336,22821.944336,22821.944336,0.000000,,,,,,,,,,,,,,,1,270496.000000,270496.000000,270496.000000,270496.000000,270496.000000,0.000000,,,,,,,,,,,,,,,,,,,,,,,,,,,,
phase1,F_bookshelf_bookends,warm,synthetic,hierarchical,2000,memory:post_init_idle,PASS,1,1,0,0,,,,,,,,,,,,,,,1,9069.545898,9069.545898,9069.545898,9069.545898,9069.545898,0.000000,,,,,,,,,,,,,,,,,,,,,,1,10454.916992,10454.916992,10454.916992,10454.916992,10454.916992,0.000000,,,,,,,,,,,,,,,1,166256.000000,166256.000000,166256.000000,166256.000000,166256.000000,0.000000,,,,,,,,,,,,,,,,,,,,,,,,,,,,
phase1,F_bookshelf_bookends,warm,synthetic,hierarchical,2000,memory:post_library_render_idle,PASS,1,1,0,0,,,,,,,,,,,,,,,1,9017.143555,9017.143555,9017.143555,9017.143555,9017.143555,0.000000,,,,,,,,,,,,,,,,,,,,,,1,9964.125977,9964.125977,9964.125977,9964.125977,9964.125977,0.000000,,,,,,,,,,,,,,,1,179776.000000,179776.000000,179776.000000,179776.000000,179776.000000,0.000000,,,,,,,,,,,,,,,,,,,,,,,,,,,,
phase1,F_bookshelf_bookends,warm,synthetic,hierarchical,2000,memory:post_stress_idle,PASS,1,1,0,0,,,,,,,,,,,,,,,1,19469.925781,19469.925781,19469.925781,19469.925781,19469.925781,0.000000,,,,,,,,,,,,,,,,,,,,,,1,23444.132812,23444.132812,23444.132812,23444.132812,23444.132812,0.000000,,,,,,,,,,,,,,,1,234176.000000,234176.000000,234176.000000,234176.000000,234176.000000,0.000000,,,,,,,,,,,,,,,,,,,,,,,,,,,,
phase1,F_bookshelf_bookends,warm,synthetic,hierarchical,50,memory:post_init_idle,PASS,1,1,0,0,,,,,,,,,,,,,,,1,9125.049805,9125.049805,9125.049805,9125.049805,9125.049805,0.000000,,,,,,,,,,,,,,,,,,,,,,1,10433.855469,10433.855469,10433.855469,10433.855469,10433.855469,0.000000,,,,,,,,,,,,,,,1,166544.000000,166544.000000,166544.000000,166544.000000,166544.000000,0.000000,,,,,,,,,,,,,,,,,,,,,,,,,,,,
phase1,F_bookshelf_bookends,warm,synthetic,hierarchical,50,memory:post_library_render_idle,PASS,1,1,0,0,,,,,,,,,,,,,,,1,8991.299805,8991.299805,8991.299805,8991.299805,8991.299805,0.000000,,,,,,,,,,,,,,,,,,,,,,1,10507.626953,10507.626953,10507.626953,10507.626953,10507.626953,0.000000,,,,,,,,,,,,,,,1,179584.000000,179584.000000,179584.000000,179584.000000,179584.000000,0.000000,,,,,,,,,,,,,,,,,,,,,,,,,,,,
phase1,F_bookshelf_bookends,warm,synthetic,hierarchical,50,memory:post_stress_idle,PASS,1,1,0,0,,,,,,,,,,,,,,,1,19634.242188,19634.242188,19634.242188,19634.242188,19634.242188,0.000000,,,,,,,,,,,,,,,,,,,,,,1,34330.962891,34330.962891,34330.962891,34330.962891,34330.962891,0.000000,,,,,,,,,,,,,,,1,230800.000000,230800.000000,230800.000000,230800.000000,230800.000000,0.000000,,,,,,,,,,,,,,,,,,,,,,,,,,,,
phase1,G_simpleui_bookshelf_bookends,steady_state_cold,startup,hierarchical,2000,memory:post_init_idle,PASS,3,3,0,0,,,,,,,,,,,,,,,3,13447.770508,13395.051758,13379.137695,13358.247070,13434.043945,46.835398,,,,,,,,,,,,,,,,,,,,,,3,18986.236328,18362.674154,18095.941406,18005.844727,18808.177344,541.896385,,,,,,,,,,,,,,,3,173536.000000,171136.000000,170240.000000,169632.000000,172876.800000,2100.575159,,,,,,,,,,,,,,,,,,,,,,,,,,,,
phase1,G_simpleui_bookshelf_bookends,steady_state_cold,startup,hierarchical,2000,memory:post_library_render_idle,PASS,3,3,0,0,,,,,,,,,,,,,,,3,13589.993164,13553.770508,13542.629883,13528.688477,13580.520508,32.134893,,,,,,,,,,,,,,,,,,,,,,3,14010.119141,13961.563802,13955.921875,13918.650391,13999.279688,45.994636,,,,,,,,,,,,,,,3,175984.000000,173642.666667,173088.000000,171856.000000,175404.800000,2119.159582,,,,,,,,,,,,,,,,,,,,,,,,,,,,
phase1,G_simpleui_bookshelf_bookends,warm,synthetic,flat,2000,memory:post_init_idle,PASS,1,1,0,0,,,,,,,,,,,,,,,1,15930.644531,15930.644531,15930.644531,15930.644531,15930.644531,0.000000,,,,,,,,,,,,,,,,,,,,,,1,22487.523438,22487.523438,22487.523438,22487.523438,22487.523438,0.000000,,,,,,,,,,,,,,,1,175392.000000,175392.000000,175392.000000,175392.000000,175392.000000,0.000000,,,,,,,,,,,,,,,,,,,,,,,,,,,,
phase1,G_simpleui_bookshelf_bookends,warm,synthetic,flat,2000,memory:post_library_render_idle,PASS,1,1,0,0,,,,,,,,,,,,,,,1,23025.472656,23025.472656,23025.472656,23025.472656,23025.472656,0.000000,,,,,,,,,,,,,,,,,,,,,,1,36796.614258,36796.614258,36796.614258,36796.614258,36796.614258,0.000000,,,,,,,,,,,,,,,1,208864.000000,208864.000000,208864.000000,208864.000000,208864.000000,0.000000,,,,,,,,,,,,,,,,,,,,,,,,,,,,
phase1,G_simpleui_bookshelf_bookends,warm,synthetic,flat,2000,memory:post_stress_idle,PASS,1,1,0,0,,,,,,,,,,,,,,,1,101818.078125,101818.078125,101818.078125,101818.078125,101818.078125,0.000000,,,,,,,,,,,,,,,,,,,,,,1,106740.124023,106740.124023,106740.124023,106740.124023,106740.124023,0.000000,,,,,,,,,,,,,,,1,333696.000000,333696.000000,333696.000000,333696.000000,333696.000000,0.000000,,,,,,,,,,,,,,,,,,,,,,,,,,,,
phase1,G_simpleui_bookshelf_bookends,warm,synthetic,flat,50,memory:post_init_idle,PASS,1,1,0,0,,,,,,,,,,,,,,,1,13817.046875,13817.046875,13817.046875,13817.046875,13817.046875,0.000000,,,,,,,,,,,,,,,,,,,,,,1,14911.342773,14911.342773,14911.342773,14911.342773,14911.342773,0.000000,,,,,,,,,,,,,,,1,176672.000000,176672.000000,176672.000000,176672.000000,176672.000000,0.000000,,,,,,,,,,,,,,,,,,,,,,,,,,,,
phase1,G_simpleui_bookshelf_bookends,warm,synthetic,flat,50,memory:post_library_render_idle,PASS,1,1,0,0,,,,,,,,,,,,,,,1,16307.339844,16307.339844,16307.339844,16307.339844,16307.339844,0.000000,,,,,,,,,,,,,,,,,,,,,,1,18758.311523,18758.311523,18758.311523,18758.311523,18758.311523,0.000000,,,,,,,,,,,,,,,1,195824.000000,195824.000000,195824.000000,195824.000000,195824.000000,0.000000,,,,,,,,,,,,,,,,,,,,,,,,,,,,
phase1,G_simpleui_bookshelf_bookends,warm,synthetic,flat,50,memory:post_stress_idle,PASS,1,1,0,0,,,,,,,,,,,,,,,1,51039.597656,51039.597656,51039.597656,51039.597656,51039.597656,0.000000,,,,,,,,,,,,,,,,,,,,,,1,52802.636719,52802.636719,52802.636719,52802.636719,52802.636719,0.000000,,,,,,,,,,,,,,,1,257936.000000,257936.000000,257936.000000,257936.000000,257936.000000,0.000000,,,,,,,,,,,,,,,,,,,,,,,,,,,,
phase1,G_simpleui_bookshelf_bookends,warm,synthetic,hierarchical,2000,memory:post_init_idle,PASS,1,1,0,0,,,,,,,,,,,,,,,1,13528.714844,13528.714844,13528.714844,13528.714844,13528.714844,0.000000,,,,,,,,,,,,,,,,,,,,,,1,14433.245117,14433.245117,14433.245117,14433.245117,14433.245117,0.000000,,,,,,,,,,,,,,,1,175344.000000,175344.000000,175344.000000,175344.000000,175344.000000,0.000000,,,,,,,,,,,,,,,,,,,,,,,,,,,,
phase1,G_simpleui_bookshelf_bookends,warm,synthetic,hierarchical,2000,memory:post_library_render_idle,PASS,1,1,0,0,,,,,,,,,,,,,,,1,15252.656250,15252.656250,15252.656250,15252.656250,15252.656250,0.000000,,,,,,,,,,,,,,,,,,,,,,1,15372.502930,15372.502930,15372.502930,15372.502930,15372.502930,0.000000,,,,,,,,,,,,,,,1,186112.000000,186112.000000,186112.000000,186112.000000,186112.000000,0.000000,,,,,,,,,,,,,,,,,,,,,,,,,,,,
phase1,G_simpleui_bookshelf_bookends,warm,synthetic,hierarchical,2000,memory:post_stress_idle,PASS,1,1,0,0,,,,,,,,,,,,,,,1,53381.382812,53381.382812,53381.382812,53381.382812,53381.382812,0.000000,,,,,,,,,,,,,,,,,,,,,,1,55944.874023,55944.874023,55944.874023,55944.874023,55944.874023,0.000000,,,,,,,,,,,,,,,1,285168.000000,285168.000000,285168.000000,285168.000000,285168.000000,0.000000,,,,,,,,,,,,,,,,,,,,,,,,,,,,
phase1,G_simpleui_bookshelf_bookends,warm,synthetic,hierarchical,50,memory:post_init_idle,PASS,1,1,0,0,,,,,,,,,,,,,,,1,13626.265625,13626.265625,13626.265625,13626.265625,13626.265625,0.000000,,,,,,,,,,,,,,,,,,,,,,1,20146.919922,20146.919922,20146.919922,20146.919922,20146.919922,0.000000,,,,,,,,,,,,,,,1,171936.000000,171936.000000,171936.000000,171936.000000,171936.000000,0.000000,,,,,,,,,,,,,,,,,,,,,,,,,,,,
phase1,G_simpleui_bookshelf_bookends,warm,synthetic,hierarchical,50,memory:post_library_render_idle,PASS,1,1,0,0,,,,,,,,,,,,,,,1,15267.851562,15267.851562,15267.851562,15267.851562,15267.851562,0.000000,,,,,,,,,,,,,,,,,,,,,,1,15455.966797,15455.966797,15455.966797,15455.966797,15455.966797,0.000000,,,,,,,,,,,,,,,1,182272.000000,182272.000000,182272.000000,182272.000000,182272.000000,0.000000,,,,,,,,,,,,,,,,,,,,,,,,,,,,
phase1,G_simpleui_bookshelf_bookends,warm,synthetic,hierarchical,50,memory:post_stress_idle,PASS,1,1,0,0,,,,,,,,,,,,,,,1,51942.375000,51942.375000,51942.375000,51942.375000,51942.375000,0.000000,,,,,,,,,,,,,,,,,,,,,,1,53226.367188,53226.367188,53226.367188,53226.367188,53226.367188,0.000000,,,,,,,,,,,,,,,1,278272.000000,278272.000000,278272.000000,278272.000000,278272.000000,0.000000,,,,,,,,,,,,,,,,,,,,,,,,,,,,
phase1,H_zenos_bookshelf_bookends,steady_state_cold,startup,hierarchical,2000,memory:post_init_idle,PASS,3,3,0,0,,,,,,,,,,,,,,,3,14880.599609,14836.599609,14852.927734,14776.271484,14875.065234,54.046694,,,,,,,,,,,,,,,,,,,,,,3,23541.825195,23230.167643,23223.250000,22925.427734,23478.110156,308.256951,,,,,,,,,,,,,,,3,183360.000000,177237.333333,175280.000000,173072.000000,181744.000000,5416.096503,,,,,,,,,,,,,,,,,,,,,,,,,,,,
phase1,H_zenos_bookshelf_bookends,steady_state_cold,startup,hierarchical,2000,memory:post_library_render_idle,PASS,3,3,0,0,,,,,,,,,,,,,,,3,15273.990234,15225.639974,15253.865234,15149.064453,15269.965234,67.075418,,,,,,,,,,,,,,,,,,,,,,3,18418.246094,18384.847982,18403.059570,18333.238281,18415.208789,45.335731,,,,,,,,,,,,,,,3,188384.000000,187296.000000,186880.000000,186624.000000,188083.200000,950.890109,,,,,,,,,,,,,,,,,,,,,,,,,,,,
phase1,H_zenos_bookshelf_bookends,warm,synthetic,flat,2000,memory:post_init_idle,PASS,1,1,0,0,,,,,,,,,,,,,,,1,15479.958008,15479.958008,15479.958008,15479.958008,15479.958008,0.000000,,,,,,,,,,,,,,,,,,,,,,1,20794.551758,20794.551758,20794.551758,20794.551758,20794.551758,0.000000,,,,,,,,,,,,,,,1,181008.000000,181008.000000,181008.000000,181008.000000,181008.000000,0.000000,,,,,,,,,,,,,,,,,,,,,,,,,,,,
phase1,H_zenos_bookshelf_bookends,warm,synthetic,flat,2000,memory:post_library_render_idle,PASS,1,1,0,0,,,,,,,,,,,,,,,1,22744.686523,22744.686523,22744.686523,22744.686523,22744.686523,0.000000,,,,,,,,,,,,,,,,,,,,,,1,32250.232422,32250.232422,32250.232422,32250.232422,32250.232422,0.000000,,,,,,,,,,,,,,,1,230160.000000,230160.000000,230160.000000,230160.000000,230160.000000,0.000000,,,,,,,,,,,,,,,,,,,,,,,,,,,,
phase1,H_zenos_bookshelf_bookends,warm,synthetic,flat,2000,memory:post_stress_idle,PASS,1,1,0,0,,,,,,,,,,,,,,,1,41567.471680,41567.471680,41567.471680,41567.471680,41567.471680,0.000000,,,,,,,,,,,,,,,,,,,,,,1,41862.836914,41862.836914,41862.836914,41862.836914,41862.836914,0.000000,,,,,,,,,,,,,,,1,299088.000000,299088.000000,299088.000000,299088.000000,299088.000000,0.000000,,,,,,,,,,,,,,,,,,,,,,,,,,,,
phase1,H_zenos_bookshelf_bookends,warm,synthetic,flat,50,memory:post_init_idle,PASS,1,1,0,0,,,,,,,,,,,,,,,1,15311.774414,15311.774414,15311.774414,15311.774414,15311.774414,0.000000,,,,,,,,,,,,,,,,,,,,,,1,17626.472656,17626.472656,17626.472656,17626.472656,17626.472656,0.000000,,,,,,,,,,,,,,,1,182480.000000,182480.000000,182480.000000,182480.000000,182480.000000,0.000000,,,,,,,,,,,,,,,,,,,,,,,,,,,,
phase1,H_zenos_bookshelf_bookends,warm,synthetic,flat,50,memory:post_library_render_idle,PASS,1,1,0,0,,,,,,,,,,,,,,,1,17650.893555,17650.893555,17650.893555,17650.893555,17650.893555,0.000000,,,,,,,,,,,,,,,,,,,,,,1,21725.300781,21725.300781,21725.300781,21725.300781,21725.300781,0.000000,,,,,,,,,,,,,,,1,212896.000000,212896.000000,212896.000000,212896.000000,212896.000000,0.000000,,,,,,,,,,,,,,,,,,,,,,,,,,,,
phase1,H_zenos_bookshelf_bookends,warm,synthetic,flat,50,memory:post_stress_idle,PASS,1,1,0,0,,,,,,,,,,,,,,,1,37886.444336,37886.444336,37886.444336,37886.444336,37886.444336,0.000000,,,,,,,,,,,,,,,,,,,,,,1,55208.623047,55208.623047,55208.623047,55208.623047,55208.623047,0.000000,,,,,,,,,,,,,,,1,286400.000000,286400.000000,286400.000000,286400.000000,286400.000000,0.000000,,,,,,,,,,,,,,,,,,,,,,,,,,,,
phase1,H_zenos_bookshelf_bookends,warm,synthetic,hierarchical,2000,memory:post_init_idle,PASS,1,1,0,0,,,,,,,,,,,,,,,1,15329.458008,15329.458008,15329.458008,15329.458008,15329.458008,0.000000,,,,,,,,,,,,,,,,,,,,,,1,18598.874023,18598.874023,18598.874023,18598.874023,18598.874023,0.000000,,,,,,,,,,,,,,,1,182672.000000,182672.000000,182672.000000,182672.000000,182672.000000,0.000000,,,,,,,,,,,,,,,,,,,,,,,,,,,,
phase1,H_zenos_bookshelf_bookends,warm,synthetic,hierarchical,2000,memory:post_library_render_idle,PASS,1,1,0,0,,,,,,,,,,,,,,,1,15750.182617,15750.182617,15750.182617,15750.182617,15750.182617,0.000000,,,,,,,,,,,,,,,,,,,,,,1,15760.635742,15760.635742,15760.635742,15760.635742,15760.635742,0.000000,,,,,,,,,,,,,,,1,211056.000000,211056.000000,211056.000000,211056.000000,211056.000000,0.000000,,,,,,,,,,,,,,,,,,,,,,,,,,,,
phase1,H_zenos_bookshelf_bookends,warm,synthetic,hierarchical,2000,memory:post_stress_idle,PASS,1,1,0,0,,,,,,,,,,,,,,,1,41428.905273,41428.905273,41428.905273,41428.905273,41428.905273,0.000000,,,,,,,,,,,,,,,,,,,,,,1,47372.227539,47372.227539,47372.227539,47372.227539,47372.227539,0.000000,,,,,,,,,,,,,,,1,290752.000000,290752.000000,290752.000000,290752.000000,290752.000000,0.000000,,,,,,,,,,,,,,,,,,,,,,,,,,,,
phase1,H_zenos_bookshelf_bookends,warm,synthetic,hierarchical,50,memory:post_init_idle,PASS,1,1,0,0,,,,,,,,,,,,,,,1,15496.696289,15496.696289,15496.696289,15496.696289,15496.696289,0.000000,,,,,,,,,,,,,,,,,,,,,,1,18028.205078,18028.205078,18028.205078,18028.205078,18028.205078,0.000000,,,,,,,,,,,,,,,1,185984.000000,185984.000000,185984.000000,185984.000000,185984.000000,0.000000,,,,,,,,,,,,,,,,,,,,,,,,,,,,
phase1,H_zenos_bookshelf_bookends,warm,synthetic,hierarchical,50,memory:post_library_render_idle,PASS,1,1,0,0,,,,,,,,,,,,,,,1,16730.171875,16730.171875,16730.171875,16730.171875,16730.171875,0.000000,,,,,,,,,,,,,,,,,,,,,,1,18420.152344,18420.152344,18420.152344,18420.152344,18420.152344,0.000000,,,,,,,,,,,,,,,1,216240.000000,216240.000000,216240.000000,216240.000000,216240.000000,0.000000,,,,,,,,,,,,,,,,,,,,,,,,,,,,
phase1,H_zenos_bookshelf_bookends,warm,synthetic,hierarchical,50,memory:post_stress_idle,PASS,1,1,0,0,,,,,,,,,,,,,,,1,36472.553711,36472.553711,36472.553711,36472.553711,36472.553711,0.000000,,,,,,,,,,,,,,,,,,,,,,1,36892.707031,36892.707031,36892.707031,36892.707031,36892.707031,0.000000,,,,,,,,,,,,,,,1,299120.000000,299120.000000,299120.000000,299120.000000,299120.000000,0.000000,,,,,,,,,,,,,,,,,,,,,,,,,,,,
phase1,I_simpleui_vos,steady_state_cold,startup,hierarchical,2000,memory:post_init_idle,PASS,3,3,0,0,,,,,,,,,,,,,,,3,13164.571289,13125.385091,13113.407227,13098.176758,13154.338477,34.780172,,,,,,,,,,,,,,,,,,,,,,3,18874.163086,17747.617188,17476.263672,16892.424805,18594.583203,1018.354654,,,,,,,,,,,,,,,3,173328.000000,170458.666667,169120.000000,168928.000000,172486.400000,2486.769256,,,,,,,,,,,,,,,,,,,,,,,,,,,,
phase1,I_simpleui_vos,steady_state_cold,startup,hierarchical,2000,memory:post_library_render_idle,PASS,3,3,0,0,,,,,,,,,,,,,,,3,13273.528320,13237.717122,13230.618164,13209.004883,13264.946289,32.842273,,,,,,,,,,,,,,,,,,,,,,3,13658.876953,13609.532227,13612.033203,13557.686523,13649.508203,50.641553,,,,,,,,,,,,,,,3,179776.000000,178133.333333,179440.000000,175184.000000,179708.800000,2559.716651,,,,,,,,,,,,,,,,,,,,,,,,,,,,
phase1,I_simpleui_vos,warm,synthetic,flat,2000,memory:post_init_idle,PASS,1,1,0,0,,,,,,,,,,,,,,,1,16037.207031,16037.207031,16037.207031,16037.207031,16037.207031,0.000000,,,,,,,,,,,,,,,,,,,,,,1,21436.632812,21436.632812,21436.632812,21436.632812,21436.632812,0.000000,,,,,,,,,,,,,,,1,175840.000000,175840.000000,175840.000000,175840.000000,175840.000000,0.000000,,,,,,,,,,,,,,,,,,,,,,,,,,,,
phase1,I_simpleui_vos,warm,synthetic,flat,2000,memory:post_library_render_idle,PASS,1,1,0,0,,,,,,,,,,,,,,,1,27742.074219,27742.074219,27742.074219,27742.074219,27742.074219,0.000000,,,,,,,,,,,,,,,,,,,,,,1,27764.494141,27764.494141,27764.494141,27764.494141,27764.494141,0.000000,,,,,,,,,,,,,,,1,226128.000000,226128.000000,226128.000000,226128.000000,226128.000000,0.000000,,,,,,,,,,,,,,,,,,,,,,,,,,,,
phase1,I_simpleui_vos,warm,synthetic,flat,2000,memory:post_stress_idle,PASS,1,1,0,0,,,,,,,,,,,,,,,1,96918.911133,96918.911133,96918.911133,96918.911133,96918.911133,0.000000,,,,,,,,,,,,,,,,,,,,,,1,100424.297852,100424.297852,100424.297852,100424.297852,100424.297852,0.000000,,,,,,,,,,,,,,,1,295856.000000,295856.000000,295856.000000,295856.000000,295856.000000,0.000000,,,,,,,,,,,,,,,,,,,,,,,,,,,,
phase1,I_simpleui_vos,warm,synthetic,flat,50,memory:post_init_idle,PASS,1,1,0,0,,,,,,,,,,,,,,,1,13467.550781,13467.550781,13467.550781,13467.550781,13467.550781,0.000000,,,,,,,,,,,,,,,,,,,,,,1,20623.291992,20623.291992,20623.291992,20623.291992,20623.291992,0.000000,,,,,,,,,,,,,,,1,173104.000000,173104.000000,173104.000000,173104.000000,173104.000000,0.000000,,,,,,,,,,,,,,,,,,,,,,,,,,,,
phase1,I_simpleui_vos,warm,synthetic,flat,50,memory:post_library_render_idle,PASS,1,1,0,0,,,,,,,,,,,,,,,1,16588.273438,16588.273438,16588.273438,16588.273438,16588.273438,0.000000,,,,,,,,,,,,,,,,,,,,,,1,21237.581055,21237.581055,21237.581055,21237.581055,21237.581055,0.000000,,,,,,,,,,,,,,,1,192032.000000,192032.000000,192032.000000,192032.000000,192032.000000,0.000000,,,,,,,,,,,,,,,,,,,,,,,,,,,,
phase1,I_simpleui_vos,warm,synthetic,flat,50,memory:post_stress_idle,PASS,1,1,0,0,,,,,,,,,,,,,,,1,46498.891602,46498.891602,46498.891602,46498.891602,46498.891602,0.000000,,,,,,,,,,,,,,,,,,,,,,1,46781.950195,46781.950195,46781.950195,46781.950195,46781.950195,0.000000,,,,,,,,,,,,,,,1,245696.000000,245696.000000,245696.000000,245696.000000,245696.000000,0.000000,,,,,,,,,,,,,,,,,,,,,,,,,,,,
phase1,I_simpleui_vos,warm,synthetic,hierarchical,2000,memory:post_init_idle,PASS,1,1,0,0,,,,,,,,,,,,,,,1,13151.343750,13151.343750,13151.343750,13151.343750,13151.343750,0.000000,,,,,,,,,,,,,,,,,,,,,,1,20277.683594,20277.683594,20277.683594,20277.683594,20277.683594,0.000000,,,,,,,,,,,,,,,1,173552.000000,173552.000000,173552.000000,173552.000000,173552.000000,0.000000,,,,,,,,,,,,,,,,,,,,,,,,,,,,
phase1,I_simpleui_vos,warm,synthetic,hierarchical,2000,memory:post_library_render_idle,PASS,1,1,0,0,,,,,,,,,,,,,,,1,14601.117188,14601.117188,14601.117188,14601.117188,14601.117188,0.000000,,,,,,,,,,,,,,,,,,,,,,1,14735.375977,14735.375977,14735.375977,14735.375977,14735.375977,0.000000,,,,,,,,,,,,,,,1,185360.000000,185360.000000,185360.000000,185360.000000,185360.000000,0.000000,,,,,,,,,,,,,,,,,,,,,,,,,,,,
phase1,I_simpleui_vos,warm,synthetic,hierarchical,2000,memory:post_stress_idle,PASS,1,1,0,0,,,,,,,,,,,,,,,1,48027.348633,48027.348633,48027.348633,48027.348633,48027.348633,0.000000,,,,,,,,,,,,,,,,,,,,,,1,48980.542969,48980.542969,48980.542969,48980.542969,48980.542969,0.000000,,,,,,,,,,,,,,,1,251120.000000,251120.000000,251120.000000,251120.000000,251120.000000,0.000000,,,,,,,,,,,,,,,,,,,,,,,,,,,,
phase1,I_simpleui_vos,warm,synthetic,hierarchical,50,memory:post_init_idle,PASS,1,1,0,0,,,,,,,,,,,,,,,1,13242.371094,13242.371094,13242.371094,13242.371094,13242.371094,0.000000,,,,,,,,,,,,,,,,,,,,,,1,19970.500977,19970.500977,19970.500977,19970.500977,19970.500977,0.000000,,,,,,,,,,,,,,,1,173504.000000,173504.000000,173504.000000,173504.000000,173504.000000,0.000000,,,,,,,,,,,,,,,,,,,,,,,,,,,,
phase1,I_simpleui_vos,warm,synthetic,hierarchical,50,memory:post_library_render_idle,PASS,1,1,0,0,,,,,,,,,,,,,,,1,14654.855469,14654.855469,14654.855469,14654.855469,14654.855469,0.000000,,,,,,,,,,,,,,,,,,,,,,1,14782.290039,14782.290039,14782.290039,14782.290039,14782.290039,0.000000,,,,,,,,,,,,,,,1,183840.000000,183840.000000,183840.000000,183840.000000,183840.000000,0.000000,,,,,,,,,,,,,,,,,,,,,,,,,,,,
phase1,I_simpleui_vos,warm,synthetic,hierarchical,50,memory:post_stress_idle,PASS,1,1,0,0,,,,,,,,,,,,,,,1,45118.051758,45118.051758,45118.051758,45118.051758,45118.051758,0.000000,,,,,,,,,,,,,,,,,,,,,,1,72759.257812,72759.257812,72759.257812,72759.257812,72759.257812,0.000000,,,,,,,,,,,,,,,1,272784.000000,272784.000000,272784.000000,272784.000000,272784.000000,0.000000,,,,,,,,,,,,,,,,,,,,,,,,,,,,
phase1,J_project_title_vos,first_run_cold,startup,hierarchical,2000,memory:post_init_idle,PASS,3,3,0,0,,,,,,,,,,,,,,,3,9005.459961,8979.469076,8975.604492,8957.342773,8999.488867,24.290269,,,,,,,,,,,,,,,,,,,,,,3,9607.983398,9544.270508,9570.524414,9454.303711,9600.491602,80.133091,,,,,,,,,,,,,,,3,168512.000000,167984.000000,167872.000000,167568.000000,168384.000000,481.863051,,,,,,,,,,,,,,,,,,,,,,,,,,,,
phase1,J_project_title_vos,first_run_cold,startup,hierarchical,2000,memory:post_library_render_idle,PASS,3,3,0,0,,,,,,,,,,,,,,,3,8997.745117,8976.346680,8984.374023,8946.920898,8995.070898,26.345853,,,,,,,,,,,,,,,,,,,,,,3,10020.400391,10005.152669,9997.795898,9997.261719,10015.879492,13.207615,,,,,,,,,,,,,,,3,176464.000000,175941.333333,175792.000000,175568.000000,176329.600000,466.293184,,,,,,,,,,,,,,,,,,,,,,,,,,,,
phase1,J_project_title_vos,steady_state_cold,startup,hierarchical,2000,memory:post_init_idle,PASS,3,3,0,0,,,,,,,,,,,,,,,3,8993.022461,8952.668294,8936.014648,8928.967773,8981.620898,35.124901,,,,,,,,,,,,,,,,,,,,,,3,16085.833984,15349.650065,15148.302734,14814.813477,15898.327734,658.998364,,,,,,,,,,,,,,,3,167776.000000,166368.000000,166208.000000,165120.000000,167462.400000,1335.209347,,,,,,,,,,,,,,,,,,,,,,,,,,,,
phase1,J_project_title_vos,steady_state_cold,startup,hierarchical,2000,memory:post_library_render_idle,PASS,3,3,0,0,,,,,,,,,,,,,,,3,8986.862305,8969.246419,8973.963867,8946.913086,8984.282617,20.388128,,,,,,,,,,,,,,,,,,,,,,3,9869.504883,9841.815430,9838.006836,9817.934570,9863.205273,25.995256,,,,,,,,,,,,,,,3,175728.000000,174330.666667,174160.000000,173104.000000,175414.400000,1320.298956,,,,,,,,,,,,,,,,,,,,,,,,,,,,
phase1,J_project_title_vos,warm,synthetic,flat,2000,memory:post_init_idle,PASS,1,1,0,0,,,,,,,,,,,,,,,1,11878.416992,11878.416992,11878.416992,11878.416992,11878.416992,0.000000,,,,,,,,,,,,,,,,,,,,,,1,18178.857422,18178.857422,18178.857422,18178.857422,18178.857422,0.000000,,,,,,,,,,,,,,,1,170832.000000,170832.000000,170832.000000,170832.000000,170832.000000,0.000000,,,,,,,,,,,,,,,,,,,,,,,,,,,,
phase1,J_project_title_vos,warm,synthetic,flat,2000,memory:post_library_render_idle,PASS,1,1,0,0,,,,,,,,,,,,,,,1,11888.909180,11888.909180,11888.909180,11888.909180,11888.909180,0.000000,,,,,,,,,,,,,,,,,,,,,,1,30609.157227,30609.157227,30609.157227,30609.157227,30609.157227,0.000000,,,,,,,,,,,,,,,1,196128.000000,196128.000000,196128.000000,196128.000000,196128.000000,0.000000,,,,,,,,,,,,,,,,,,,,,,,,,,,,
phase1,J_project_title_vos,warm,synthetic,flat,2000,memory:post_stress_idle,PASS,1,1,0,0,,,,,,,,,,,,,,,1,17281.643555,17281.643555,17281.643555,17281.643555,17281.643555,0.000000,,,,,,,,,,,,,,,,,,,,,,1,43747.728516,43747.728516,43747.728516,43747.728516,43747.728516,0.000000,,,,,,,,,,,,,,,1,232080.000000,232080.000000,232080.000000,232080.000000,232080.000000,0.000000,,,,,,,,,,,,,,,,,,,,,,,,,,,,
phase1,J_project_title_vos,warm,synthetic,flat,50,memory:post_init_idle,PASS,1,1,0,0,,,,,,,,,,,,,,,1,9416.881836,9416.881836,9416.881836,9416.881836,9416.881836,0.000000,,,,,,,,,,,,,,,,,,,,,,1,10460.625977,10460.625977,10460.625977,10460.625977,10460.625977,0.000000,,,,,,,,,,,,,,,1,168528.000000,168528.000000,168528.000000,168528.000000,168528.000000,0.000000,,,,,,,,,,,,,,,,,,,,,,,,,,,,
phase1,J_project_title_vos,warm,synthetic,flat,50,memory:post_library_render_idle,PASS,1,1,0,0,,,,,,,,,,,,,,,1,10747.756836,10747.756836,10747.756836,10747.756836,10747.756836,0.000000,,,,,,,,,,,,,,,,,,,,,,1,14741.470703,14741.470703,14741.470703,14741.470703,14741.470703,0.000000,,,,,,,,,,,,,,,1,190384.000000,190384.000000,190384.000000,190384.000000,190384.000000,0.000000,,,,,,,,,,,,,,,,,,,,,,,,,,,,
phase1,J_project_title_vos,warm,synthetic,flat,50,memory:post_stress_idle,PASS,1,1,0,0,,,,,,,,,,,,,,,1,14337.432617,14337.432617,14337.432617,14337.432617,14337.432617,0.000000,,,,,,,,,,,,,,,,,,,,,,1,22749.428711,22749.428711,22749.428711,22749.428711,22749.428711,0.000000,,,,,,,,,,,,,,,1,218880.000000,218880.000000,218880.000000,218880.000000,218880.000000,0.000000,,,,,,,,,,,,,,,,,,,,,,,,,,,,
phase1,J_project_title_vos,warm,synthetic,hierarchical,2000,memory:post_init_idle,PASS,1,1,0,0,,,,,,,,,,,,,,,1,8992.905273,8992.905273,8992.905273,8992.905273,8992.905273,0.000000,,,,,,,,,,,,,,,,,,,,,,1,9573.391602,9573.391602,9573.391602,9573.391602,9573.391602,0.000000,,,,,,,,,,,,,,,1,168480.000000,168480.000000,168480.000000,168480.000000,168480.000000,0.000000,,,,,,,,,,,,,,,,,,,,,,,,,,,,
phase1,J_project_title_vos,warm,synthetic,hierarchical,2000,memory:post_library_render_idle,PASS,1,1,0,0,,,,,,,,,,,,,,,1,9003.725586,9003.725586,9003.725586,9003.725586,9003.725586,0.000000,,,,,,,,,,,,,,,,,,,,,,1,13839.158203,13839.158203,13839.158203,13839.158203,13839.158203,0.000000,,,,,,,,,,,,,,,1,183264.000000,183264.000000,183264.000000,183264.000000,183264.000000,0.000000,,,,,,,,,,,,,,,,,,,,,,,,,,,,
phase1,J_project_title_vos,warm,synthetic,hierarchical,2000,memory:post_stress_idle,PASS,1,1,0,0,,,,,,,,,,,,,,,1,14955.870117,14955.870117,14955.870117,14955.870117,14955.870117,0.000000,,,,,,,,,,,,,,,,,,,,,,1,26027.833984,26027.833984,26027.833984,26027.833984,26027.833984,0.000000,,,,,,,,,,,,,,,1,218000.000000,218000.000000,218000.000000,218000.000000,218000.000000,0.000000,,,,,,,,,,,,,,,,,,,,,,,,,,,,
phase1,J_project_title_vos,warm,synthetic,hierarchical,50,memory:post_init_idle,PASS,1,1,0,0,,,,,,,,,,,,,,,1,8923.249023,8923.249023,8923.249023,8923.249023,8923.249023,0.000000,,,,,,,,,,,,,,,,,,,,,,1,9451.382812,9451.382812,9451.382812,9451.382812,9451.382812,0.000000,,,,,,,,,,,,,,,1,168368.000000,168368.000000,168368.000000,168368.000000,168368.000000,0.000000,,,,,,,,,,,,,,,,,,,,,,,,,,,,
phase1,J_project_title_vos,warm,synthetic,hierarchical,50,memory:post_library_render_idle,PASS,1,1,0,0,,,,,,,,,,,,,,,1,8978.862305,8978.862305,8978.862305,8978.862305,8978.862305,0.000000,,,,,,,,,,,,,,,,,,,,,,1,14062.784180,14062.784180,14062.784180,14062.784180,14062.784180,0.000000,,,,,,,,,,,,,,,1,183024.000000,183024.000000,183024.000000,183024.000000,183024.000000,0.000000,,,,,,,,,,,,,,,,,,,,,,,,,,,,
phase1,J_project_title_vos,warm,synthetic,hierarchical,50,memory:post_stress_idle,PASS,1,1,0,0,,,,,,,,,,,,,,,1,13878.741211,13878.741211,13878.741211,13878.741211,13878.741211,0.000000,,,,,,,,,,,,,,,,,,,,,,1,23824.291016,23824.291016,23824.291016,23824.291016,23824.291016,0.000000,,,,,,,,,,,,,,,1,209312.000000,209312.000000,209312.000000,209312.000000,209312.000000,0.000000,,,,,,,,,,,,,,,,,,,,,,,,,,,,
phase1,K_vos,first_run_cold,startup,hierarchical,2000,memory:post_init_idle,PASS,3,3,0,0,,,,,,,,,,,,,,,3,8908.518555,8873.390951,8893.268555,8818.385742,8905.468555,48.242309,,,,,,,,,,,,,,,,,,,,,,3,9376.621094,9345.805339,9333.941406,9326.853516,9368.085156,26.921509,,,,,,,,,,,,,,,3,169856.000000,169418.666667,169264.000000,169136.000000,169737.600000,384.111095,,,,,,,,,,,,,,,,,,,,,,,,,,,,
phase1,K_vos,first_run_cold,startup,hierarchical,2000,memory:post_library_render_idle,PASS,3,3,0,0,,,,,,,,,,,,,,,3,8929.557617,8905.195638,8898.143555,8887.885742,8923.274805,21.712559,,,,,,,,,,,,,,,,,,,,,,3,9966.011719,9918.550456,9934.346680,9855.292969,9959.678711,57.024564,,,,,,,,,,,,,,,3,178176.000000,177541.333333,177248.000000,177200.000000,177990.400000,550.161189,,,,,,,,,,,,,,,,,,,,,,,,,,,,
phase1_setup,A_stock,steady_init,startup,hierarchical,2000,memory:post_init_idle,PASS,1,1,0,0,,,,,,,,,,,,,,,1,8279.565430,8279.565430,8279.565430,8279.565430,8279.565430,0.000000,,,,,,,,,,,,,,,,,,,,,,1,14428.694336,14428.694336,14428.694336,14428.694336,14428.694336,0.000000,,,,,,,,,,,,,,,1,163920.000000,163920.000000,163920.000000,163920.000000,163920.000000,0.000000,,,,,,,,,,,,,,,,,,,,,,,,,,,,
phase1_setup,A_stock,steady_init,startup,hierarchical,2000,memory:post_library_render_idle,PASS,1,1,0,0,,,,,,,,,,,,,,,1,8238.268555,8238.268555,8238.268555,8238.268555,8238.268555,0.000000,,,,,,,,,,,,,,,,,,,,,,1,9057.239258,9057.239258,9057.239258,9057.239258,9057.239258,0.000000,,,,,,,,,,,,,,,1,172352.000000,172352.000000,172352.000000,172352.000000,172352.000000,0.000000,,,,,,,,,,,,,,,,,,,,,,,,,,,,
phase1_setup,B_bookshelf,steady_init,startup,hierarchical,2000,memory:post_init_idle,PASS,1,1,0,0,,,,,,,,,,,,,,,1,8591.969727,8591.969727,8591.969727,8591.969727,8591.969727,0.000000,,,,,,,,,,,,,,,,,,,,,,1,15889.296875,15889.296875,15889.296875,15889.296875,15889.296875,0.000000,,,,,,,,,,,,,,,1,165440.000000,165440.000000,165440.000000,165440.000000,165440.000000,0.000000,,,,,,,,,,,,,,,,,,,,,,,,,,,,
phase1_setup,B_bookshelf,steady_init,startup,hierarchical,2000,memory:post_library_render_idle,PASS,1,1,0,0,,,,,,,,,,,,,,,1,8447.899414,8447.899414,8447.899414,8447.899414,8447.899414,0.000000,,,,,,,,,,,,,,,,,,,,,,1,9380.749023,9380.749023,9380.749023,9380.749023,9380.749023,0.000000,,,,,,,,,,,,,,,1,173360.000000,173360.000000,173360.000000,173360.000000,173360.000000,0.000000,,,,,,,,,,,,,,,,,,,,,,,,,,,,
phase1_setup,C_simpleui,steady_init,startup,hierarchical,2000,memory:post_init_idle,PASS,1,1,0,0,,,,,,,,,,,,,,,1,12701.316406,12701.316406,12701.316406,12701.316406,12701.316406,0.000000,,,,,,,,,,,,,,,,,,,,,,1,18641.705078,18641.705078,18641.705078,18641.705078,18641.705078,0.000000,,,,,,,,,,,,,,,1,170672.000000,170672.000000,170672.000000,170672.000000,170672.000000,0.000000,,,,,,,,,,,,,,,,,,,,,,,,,,,,
phase1_setup,C_simpleui,steady_init,startup,hierarchical,2000,memory:post_library_render_idle,PASS,1,1,0,0,,,,,,,,,,,,,,,1,12818.714844,12818.714844,12818.714844,12818.714844,12818.714844,0.000000,,,,,,,,,,,,,,,,,,,,,,1,13280.334961,13280.334961,13280.334961,13280.334961,13280.334961,0.000000,,,,,,,,,,,,,,,1,181904.000000,181904.000000,181904.000000,181904.000000,181904.000000,0.000000,,,,,,,,,,,,,,,,,,,,,,,,,,,,
phase1_setup,D_zenos,steady_init,startup,hierarchical,2000,memory:post_init_idle,PASS,1,1,0,0,,,,,,,,,,,,,,,1,14416.563477,14416.563477,14416.563477,14416.563477,14416.563477,0.000000,,,,,,,,,,,,,,,,,,,,,,1,17082.548828,17082.548828,17082.548828,17082.548828,17082.548828,0.000000,,,,,,,,,,,,,,,1,180592.000000,180592.000000,180592.000000,180592.000000,180592.000000,0.000000,,,,,,,,,,,,,,,,,,,,,,,,,,,,
phase1_setup,D_zenos,steady_init,startup,hierarchical,2000,memory:post_library_render_idle,PASS,1,1,0,0,,,,,,,,,,,,,,,1,14853.864258,14853.864258,14853.864258,14853.864258,14853.864258,0.000000,,,,,,,,,,,,,,,,,,,,,,1,18294.479492,18294.479492,18294.479492,18294.479492,18294.479492,0.000000,,,,,,,,,,,,,,,1,197968.000000,197968.000000,197968.000000,197968.000000,197968.000000,0.000000,,,,,,,,,,,,,,,,,,,,,,,,,,,,
phase1_setup,E_project_title,steady_init,startup,hierarchical,2000,memory:post_init_idle,PASS,1,1,0,0,,,,,,,,,,,,,,,1,8483.428711,8483.428711,8483.428711,8483.428711,8483.428711,0.000000,,,,,,,,,,,,,,,,,,,,,,1,14753.169922,14753.169922,14753.169922,14753.169922,14753.169922,0.000000,,,,,,,,,,,,,,,1,166560.000000,166560.000000,166560.000000,166560.000000,166560.000000,0.000000,,,,,,,,,,,,,,,,,,,,,,,,,,,,
phase1_setup,E_project_title,steady_init,startup,hierarchical,2000,memory:post_library_render_idle,PASS,1,1,0,0,,,,,,,,,,,,,,,1,8677.264648,8677.264648,8677.264648,8677.264648,8677.264648,0.000000,,,,,,,,,,,,,,,,,,,,,,1,9216.689453,9216.689453,9216.689453,9216.689453,9216.689453,0.000000,,,,,,,,,,,,,,,1,175280.000000,175280.000000,175280.000000,175280.000000,175280.000000,0.000000,,,,,,,,,,,,,,,,,,,,,,,,,,,,
phase1_setup,F_bookshelf_bookends,steady_init,startup,hierarchical,2000,memory:post_init_idle,PASS,1,1,0,0,,,,,,,,,,,,,,,1,9179.225586,9179.225586,9179.225586,9179.225586,9179.225586,0.000000,,,,,,,,,,,,,,,,,,,,,,1,10154.518555,10154.518555,10154.518555,10154.518555,10154.518555,0.000000,,,,,,,,,,,,,,,1,168496.000000,168496.000000,168496.000000,168496.000000,168496.000000,0.000000,,,,,,,,,,,,,,,,,,,,,,,,,,,,
phase1_setup,F_bookshelf_bookends,steady_init,startup,hierarchical,2000,memory:post_library_render_idle,PASS,1,1,0,0,,,,,,,,,,,,,,,1,9012.311523,9012.311523,9012.311523,9012.311523,9012.311523,0.000000,,,,,,,,,,,,,,,,,,,,,,1,10070.902344,10070.902344,10070.902344,10070.902344,10070.902344,0.000000,,,,,,,,,,,,,,,1,176704.000000,176704.000000,176704.000000,176704.000000,176704.000000,0.000000,,,,,,,,,,,,,,,,,,,,,,,,,,,,
phase1_setup,G_simpleui_bookshelf_bookends,steady_init,startup,hierarchical,2000,memory:post_init_idle,PASS,1,1,0,0,,,,,,,,,,,,,,,1,13558.511719,13558.511719,13558.511719,13558.511719,13558.511719,0.000000,,,,,,,,,,,,,,,,,,,,,,1,20330.024414,20330.024414,20330.024414,20330.024414,20330.024414,0.000000,,,,,,,,,,,,,,,1,172416.000000,172416.000000,172416.000000,172416.000000,172416.000000,0.000000,,,,,,,,,,,,,,,,,,,,,,,,,,,,
phase1_setup,G_simpleui_bookshelf_bookends,steady_init,startup,hierarchical,2000,memory:post_library_render_idle,PASS,1,1,0,0,,,,,,,,,,,,,,,1,13629.960938,13629.960938,13629.960938,13629.960938,13629.960938,0.000000,,,,,,,,,,,,,,,,,,,,,,1,14136.451172,14136.451172,14136.451172,14136.451172,14136.451172,0.000000,,,,,,,,,,,,,,,1,174496.000000,174496.000000,174496.000000,174496.000000,174496.000000,0.000000,,,,,,,,,,,,,,,,,,,,,,,,,,,,
phase1_setup,H_zenos_bookshelf_bookends,steady_init,startup,hierarchical,2000,memory:post_init_idle,PASS,1,1,0,0,,,,,,,,,,,,,,,1,15190.168945,15190.168945,15190.168945,15190.168945,15190.168945,0.000000,,,,,,,,,,,,,,,,,,,,,,1,17270.903320,17270.903320,17270.903320,17270.903320,17270.903320,0.000000,,,,,,,,,,,,,,,1,182864.000000,182864.000000,182864.000000,182864.000000,182864.000000,0.000000,,,,,,,,,,,,,,,,,,,,,,,,,,,,
phase1_setup,H_zenos_bookshelf_bookends,steady_init,startup,hierarchical,2000,memory:post_library_render_idle,PASS,1,1,0,0,,,,,,,,,,,,,,,1,15498.086914,15498.086914,15498.086914,15498.086914,15498.086914,0.000000,,,,,,,,,,,,,,,,,,,,,,1,19053.510742,19053.510742,19053.510742,19053.510742,19053.510742,0.000000,,,,,,,,,,,,,,,1,200480.000000,200480.000000,200480.000000,200480.000000,200480.000000,0.000000,,,,,,,,,,,,,,,,,,,,,,,,,,,,
phase1_setup,I_simpleui_vos,steady_init,startup,hierarchical,2000,memory:post_init_idle,PASS,1,1,0,0,,,,,,,,,,,,,,,1,13166.531250,13166.531250,13166.531250,13166.531250,13166.531250,0.000000,,,,,,,,,,,,,,,,,,,,,,1,20086.235352,20086.235352,20086.235352,20086.235352,20086.235352,0.000000,,,,,,,,,,,,,,,1,173264.000000,173264.000000,173264.000000,173264.000000,173264.000000,0.000000,,,,,,,,,,,,,,,,,,,,,,,,,,,,
phase1_setup,I_simpleui_vos,steady_init,startup,hierarchical,2000,memory:post_library_render_idle,PASS,1,1,0,0,,,,,,,,,,,,,,,1,13333.347656,13333.347656,13333.347656,13333.347656,13333.347656,0.000000,,,,,,,,,,,,,,,,,,,,,,1,13693.625000,13693.625000,13693.625000,13693.625000,13693.625000,0.000000,,,,,,,,,,,,,,,1,175664.000000,175664.000000,175664.000000,175664.000000,175664.000000,0.000000,,,,,,,,,,,,,,,,,,,,,,,,,,,,
phase1_setup,J_project_title_vos,steady_init,startup,hierarchical,2000,memory:post_init_idle,PASS,1,1,0,0,,,,,,,,,,,,,,,1,9009.041992,9009.041992,9009.041992,9009.041992,9009.041992,0.000000,,,,,,,,,,,,,,,,,,,,,,1,9417.184570,9417.184570,9417.184570,9417.184570,9417.184570,0.000000,,,,,,,,,,,,,,,1,169520.000000,169520.000000,169520.000000,169520.000000,169520.000000,0.000000,,,,,,,,,,,,,,,,,,,,,,,,,,,,
phase1_setup,J_project_title_vos,steady_init,startup,hierarchical,2000,memory:post_library_render_idle,PASS,1,1,0,0,,,,,,,,,,,,,,,1,8990.655273,8990.655273,8990.655273,8990.655273,8990.655273,0.000000,,,,,,,,,,,,,,,,,,,,,,1,9953.670898,9953.670898,9953.670898,9953.670898,9953.670898,0.000000,,,,,,,,,,,,,,,1,177488.000000,177488.000000,177488.000000,177488.000000,177488.000000,0.000000,,,,,,,,,,,,,,,,,,,,,,,,,,,,
phase1,A_stock,first_run_cold,startup,hierarchical,2000,disk:ko_home,PASS,3,3,0,0,3,114688.000000,114688.000000,114688.000000,114688.000000,114688.000000,0.000000,,,,,,,,,,,,,,,,,,,,,,,,,,,,,,,,,,,,,,,,,,,,,,,,,,,,,,,,,,,,,,,,,,,,,,,3,136407.000000,136407.000000,136407.000000,136407.000000,136407.000000,0.000000,,,,,,,,,,,,,,
phase1,A_stock,steady_state_cold,startup,hierarchical,2000,disk:ko_home,PASS,3,3,0,0,3,114688.000000,114688.000000,114688.000000,114688.000000,114688.000000,0.000000,,,,,,,,,,,,,,,,,,,,,,,,,,,,,,,,,,,,,,,,,,,,,,,,,,,,,,,,,,,,,,,,,,,,,,,3,154952.000000,154951.666667,154952.000000,154951.000000,154952.000000,0.577350,,,,,,,,,,,,,,
phase1,A_stock,warm,synthetic,flat,2000,disk:ko_home,PASS,1,1,0,0,1,204914.000000,204914.000000,204914.000000,204914.000000,204914.000000,0.000000,,,,,,,,,,,,,,,,,,,,,,,,,,,,,,,,,,,,,,,,,,,,,,,,,,,,,,,,,,,,,,,,,,,,,,,1,231622.000000,231622.000000,231622.000000,231622.000000,231622.000000,0.000000,,,,,,,,,,,,,,
phase1,A_stock,warm,synthetic,flat,50,disk:ko_home,PASS,1,1,0,0,1,135282.000000,135282.000000,135282.000000,135282.000000,135282.000000,0.000000,,,,,,,,,,,,,,,,,,,,,,,,,,,,,,,,,,,,,,,,,,,,,,,,,,,,,,,,,,,,,,,,,,,,,,,1,161883.000000,161883.000000,161883.000000,161883.000000,161883.000000,0.000000,,,,,,,,,,,,,,
phase1,A_stock,warm,synthetic,hierarchical,2000,disk:ko_home,PASS,1,1,0,0,1,168050.000000,168050.000000,168050.000000,168050.000000,168050.000000,0.000000,,,,,,,,,,,,,,,,,,,,,,,,,,,,,,,,,,,,,,,,,,,,,,,,,,,,,,,,,,,,,,,,,,,,,,,1,195438.000000,195438.000000,195438.000000,195438.000000,195438.000000,0.000000,,,,,,,,,,,,,,
phase1,A_stock,warm,synthetic,hierarchical,50,disk:ko_home,PASS,1,1,0,0,1,139378.000000,139378.000000,139378.000000,139378.000000,139378.000000,0.000000,,,,,,,,,,,,,,,,,,,,,,,,,,,,,,,,,,,,,,,,,,,,,,,,,,,,,,,,,,,,,,,,,,,,,,,1,166743.000000,166743.000000,166743.000000,166743.000000,166743.000000,0.000000,,,,,,,,,,,,,,
phase1,B_bookshelf,first_run_cold,startup,hierarchical,2000,disk:ko_home,PASS,3,3,0,0,3,114688.000000,114688.000000,114688.000000,114688.000000,114688.000000,0.000000,,,,,,,,,,,,,,,,,,,,,,,,,,,,,,,,,,,,,,,,,,,,,,,,,,,,,,,,,,,,,,,,,,,,,,,3,830140.000000,830139.666667,830140.000000,830139.000000,830140.000000,0.577350,,,,,,,,,,,,,,
phase1,B_bookshelf,steady_state_cold,startup,hierarchical,2000,disk:ko_home,PASS,3,3,0,0,3,114688.000000,114688.000000,114688.000000,114688.000000,114688.000000,0.000000,,,,,,,,,,,,,,,,,,,,,,,,,,,,,,,,,,,,,,,,,,,,,,,,,,,,,,,,,,,,,,,,,,,,,,,3,848782.000000,848781.333333,848782.000000,848780.000000,848782.000000,1.154701,,,,,,,,,,,,,,
phase1,B_bookshelf,warm,synthetic,flat,2000,disk:ko_home,PASS,1,1,0,0,1,213106.000000,213106.000000,213106.000000,213106.000000,213106.000000,0.000000,,,,,,,,,,,,,,,,,,,,,,,,,,,,,,,,,,,,,,,,,,,,,,,,,,,,,,,,,,,,,,,,,,,,,,,1,935481.000000,935481.000000,935481.000000,935481.000000,935481.000000,0.000000,,,,,,,,,,,,,,
phase1,B_bookshelf,warm,synthetic,flat,50,disk:ko_home,PASS,1,1,0,0,1,131129.000000,131129.000000,131129.000000,131129.000000,131129.000000,0.000000,,,,,,,,,,,,,,,,,,,,,,,,,,,,,,,,,,,,,,,,,,,,,,,,,,,,,,,,,,,,,,,,,,,,,,,1,852485.000000,852485.000000,852485.000000,852485.000000,852485.000000,0.000000,,,,,,,,,,,,,,
phase1,B_bookshelf,warm,synthetic,hierarchical,2000,disk:ko_home,PASS,1,1,0,0,1,163954.000000,163954.000000,163954.000000,163954.000000,163954.000000,0.000000,,,,,,,,,,,,,,,,,,,,,,,,,,,,,,,,,,,,,,,,,,,,,,,,,,,,,,,,,,,,,,,,,,,,,,,1,886050.000000,886050.000000,886050.000000,886050.000000,886050.000000,0.000000,,,,,,,,,,,,,,
phase1,B_bookshelf,warm,synthetic,hierarchical,50,disk:ko_home,PASS,1,1,0,0,1,147570.000000,147570.000000,147570.000000,147570.000000,147570.000000,0.000000,,,,,,,,,,,,,,,,,,,,,,,,,,,,,,,,,,,,,,,,,,,,,,,,,,,,,,,,,,,,,,,,,,,,,,,1,869793.000000,869793.000000,869793.000000,869793.000000,869793.000000,0.000000,,,,,,,,,,,,,,
phase1,C_simpleui,first_run_cold,startup,hierarchical,2000,disk:ko_home,PASS,3,3,0,0,3,118841.000000,118841.000000,118841.000000,118841.000000,118841.000000,0.000000,,,,,,,,,,,,,,,,,,,,,,,,,,,,,,,,,,,,,,,,,,,,,,,,,,,,,,,,,,,,,,,,,,,,,,,3,138243.000000,138243.000000,138243.000000,138243.000000,138243.000000,0.000000,,,,,,,,,,,,,,
phase1,C_simpleui,steady_state_cold,startup,hierarchical,2000,disk:ko_home,PASS,3,3,0,0,3,118841.000000,118841.000000,118841.000000,118841.000000,118841.000000,0.000000,,,,,,,,,,,,,,,,,,,,,,,,,,,,,,,,,,,,,,,,,,,,,,,,,,,,,,,,,,,,,,,,,,,,,,,3,157016.000000,157016.000000,157016.000000,157016.000000,157016.000000,0.000000,,,,,,,,,,,,,,
phase1,C_simpleui,warm,synthetic,flat,2000,disk:ko_home,PASS,1,1,0,0,1,331890.000000,331890.000000,331890.000000,331890.000000,331890.000000,0.000000,,,,,,,,,,,,,,,,,,,,,,,,,,,,,,,,,,,,,,,,,,,,,,,,,,,,,,,,,,,,,,,,,,,,,,,1,372095.000000,372095.000000,372095.000000,372095.000000,372095.000000,0.000000,,,,,,,,,,,,,,
phase1,C_simpleui,warm,synthetic,flat,50,disk:ko_home,PASS,1,1,0,0,1,208953.000000,208953.000000,208953.000000,208953.000000,208953.000000,0.000000,,,,,,,,,,,,,,,,,,,,,,,,,,,,,,,,,,,,,,,,,,,,,,,,,,,,,,,,,,,,,,,,,,,,,,,1,249239.000000,249239.000000,249239.000000,249239.000000,249239.000000,0.000000,,,,,,,,,,,,,,
phase1,C_simpleui,warm,synthetic,hierarchical,2000,disk:ko_home,PASS,1,1,0,0,1,315506.000000,315506.000000,315506.000000,315506.000000,315506.000000,0.000000,,,,,,,,,,,,,,,,,,,,,,,,,,,,,,,,,,,,,,,,,,,,,,,,,,,,,,,,,,,,,,,,,,,,,,,1,356957.000000,356957.000000,356957.000000,356957.000000,356957.000000,0.000000,,,,,,,,,,,,,,
phase1,C_simpleui,warm,synthetic,hierarchical,50,disk:ko_home,PASS,1,1,0,0,1,196665.000000,196665.000000,196665.000000,196665.000000,196665.000000,0.000000,,,,,,,,,,,,,,,,,,,,,,,,,,,,,,,,,,,,,,,,,,,,,,,,,,,,,,,,,,,,,,,,,,,,,,,1,238672.000000,238672.000000,238672.000000,238672.000000,238672.000000,0.000000,,,,,,,,,,,,,,
phase1,D_zenos,first_run_cold,startup,hierarchical,2000,disk:ko_home,PASS,3,3,0,0,3,126976.000000,126976.000000,126976.000000,126976.000000,126976.000000,0.000000,,,,,,,,,,,,,,,,,,,,,,,,,,,,,,,,,,,,,,,,,,,,,,,,,,,,,,,,,,,,,,,,,,,,,,,3,282779.000000,282778.666667,282779.000000,282778.000000,282779.000000,0.577350,,,,,,,,,,,,,,
phase1,D_zenos,steady_state_cold,startup,hierarchical,2000,disk:ko_home,PASS,3,3,0,0,3,126976.000000,126976.000000,126976.000000,126976.000000,126976.000000,0.000000,,,,,,,,,,,,,,,,,,,,,,,,,,,,,,,,,,,,,,,,,,,,,,,,,,,,,,,,,,,,,,,,,,,,,,,3,301130.000000,301130.000000,301130.000000,301130.000000,301130.000000,0.000000,,,,,,,,,,,,,,
phase1,D_zenos,warm,synthetic,flat,2000,disk:ko_home,PASS,1,1,0,0,1,3043827.000000,3043827.000000,3043827.000000,3043827.000000,3043827.000000,0.000000,,,,,,,,,,,,,,,,,,,,,,,,,,,,,,,,,,,,,,,,,,,,,,,,,,,,,,,,,,,,,,,,,,,,,,,1,3204068.000000,3204068.000000,3204068.000000,3204068.000000,3204068.000000,0.000000,,,,,,,,,,,,,,
phase1,D_zenos,warm,synthetic,flat,50,disk:ko_home,PASS,1,1,0,0,1,271093.000000,271093.000000,271093.000000,271093.000000,271093.000000,0.000000,,,,,,,,,,,,,,,,,,,,,,,,,,,,,,,,,,,,,,,,,,,,,,,,,,,,,,,,,,,,,,,,,,,,,,,1,431214.000000,431214.000000,431214.000000,431214.000000,431214.000000,0.000000,,,,,,,,,,,,,,
phase1,D_zenos,warm,synthetic,hierarchical,2000,disk:ko_home,PASS,1,1,0,0,1,163954.000000,163954.000000,163954.000000,163954.000000,163954.000000,0.000000,,,,,,,,,,,,,,,,,,,,,,,,,,,,,,,,,,,,,,,,,,,,,,,,,,,,,,,,,,,,,,,,,,,,,,,1,324905.000000,324905.000000,324905.000000,324905.000000,324905.000000,0.000000,,,,,,,,,,,,,,
phase1,D_zenos,warm,synthetic,hierarchical,50,disk:ko_home,PASS,1,1,0,0,1,139321.000000,139321.000000,139321.000000,139321.000000,139321.000000,0.000000,,,,,,,,,,,,,,,,,,,,,,,,,,,,,,,,,,,,,,,,,,,,,,,,,,,,,,,,,,,,,,,,,,,,,,,1,300235.000000,300235.000000,300235.000000,300235.000000,300235.000000,0.000000,,,,,,,,,,,,,,
phase1,E_project_title,steady_state_cold,startup,hierarchical,2000,disk:ko_home,PASS,3,3,0,0,3,114688.000000,114688.000000,114688.000000,114688.000000,114688.000000,0.000000,,,,,,,,,,,,,,,,,,,,,,,,,,,,,,,,,,,,,,,,,,,,,,,,,,,,,,,,,,,,,,,,,,,,,,,3,2578814.000000,2578814.000000,2578814.000000,2578814.000000,2578814.000000,0.000000,,,,,,,,,,,,,,
phase1,E_project_title,warm,synthetic,flat,2000,disk:ko_home,PASS,1,1,0,0,1,114745.000000,114745.000000,114745.000000,114745.000000,114745.000000,0.000000,,,,,,,,,,,,,,,,,,,,,,,,,,,,,,,,,,,,,,,,,,,,,,,,,,,,,,,,,,,,,,,,,,,,,,,1,2565184.000000,2565184.000000,2565184.000000,2565184.000000,2565184.000000,0.000000,,,,,,,,,,,,,,
phase1,E_project_title,warm,synthetic,flat,50,disk:ko_home,PASS,1,1,0,0,1,114745.000000,114745.000000,114745.000000,114745.000000,114745.000000,0.000000,,,,,,,,,,,,,,,,,,,,,,,,,,,,,,,,,,,,,,,,,,,,,,,,,,,,,,,,,,,,,,,,,,,,,,,1,2565076.000000,2565076.000000,2565076.000000,2565076.000000,2565076.000000,0.000000,,,,,,,,,,,,,,
phase1,E_project_title,warm,synthetic,hierarchical,2000,disk:ko_home,PASS,1,1,0,0,1,114745.000000,114745.000000,114745.000000,114745.000000,114745.000000,0.000000,,,,,,,,,,,,,,,,,,,,,,,,,,,,,,,,,,,,,,,,,,,,,,,,,,,,,,,,,,,,,,,,,,,,,,,1,2565862.000000,2565862.000000,2565862.000000,2565862.000000,2565862.000000,0.000000,,,,,,,,,,,,,,
phase1,E_project_title,warm,synthetic,hierarchical,50,disk:ko_home,PASS,1,1,0,0,1,114745.000000,114745.000000,114745.000000,114745.000000,114745.000000,0.000000,,,,,,,,,,,,,,,,,,,,,,,,,,,,,,,,,,,,,,,,,,,,,,,,,,,,,,,,,,,,,,,,,,,,,,,1,2565840.000000,2565840.000000,2565840.000000,2565840.000000,2565840.000000,0.000000,,,,,,,,,,,,,,
phase1,F_bookshelf_bookends,steady_state_cold,startup,hierarchical,2000,disk:ko_home,PASS,3,3,0,0,3,114688.000000,114688.000000,114688.000000,114688.000000,114688.000000,0.000000,,,,,,,,,,,,,,,,,,,,,,,,,,,,,,,,,,,,,,,,,,,,,,,,,,,,,,,,,,,,,,,,,,,,,,,3,848841.000000,848840.666667,848841.000000,848840.000000,848841.000000,0.577350,,,,,,,,,,,,,,
phase1,F_bookshelf_bookends,warm,synthetic,flat,2000,disk:ko_home,PASS,1,1,0,0,1,204914.000000,204914.000000,204914.000000,204914.000000,204914.000000,0.000000,,,,,,,,,,,,,,,,,,,,,,,,,,,,,,,,,,,,,,,,,,,,,,,,,,,,,,,,,,,,,,,,,,,,,,,1,934438.000000,934438.000000,934438.000000,934438.000000,934438.000000,0.000000,,,,,,,,,,,,,,
phase1,F_bookshelf_bookends,warm,synthetic,flat,50,disk:ko_home,PASS,1,1,0,0,1,135282.000000,135282.000000,135282.000000,135282.000000,135282.000000,0.000000,,,,,,,,,,,,,,,,,,,,,,,,,,,,,,,,,,,,,,,,,,,,,,,,,,,,,,,,,,,,,,,,,,,,,,,1,863999.000000,863999.000000,863999.000000,863999.000000,863999.000000,0.000000,,,,,,,,,,,,,,
phase1,F_bookshelf_bookends,warm,synthetic,hierarchical,2000,disk:ko_home,PASS,1,1,0,0,1,172146.000000,172146.000000,172146.000000,172146.000000,172146.000000,0.000000,,,,,,,,,,,,,,,,,,,,,,,,,,,,,,,,,,,,,,,,,,,,,,,,,,,,,,,,,,,,,,,,,,,,,,,1,901647.000000,901647.000000,901647.000000,901647.000000,901647.000000,0.000000,,,,,,,,,,,,,,
phase1,F_bookshelf_bookends,warm,synthetic,hierarchical,50,disk:ko_home,PASS,1,1,0,0,1,143474.000000,143474.000000,143474.000000,143474.000000,143474.000000,0.000000,,,,,,,,,,,,,,,,,,,,,,,,,,,,,,,,,,,,,,,,,,,,,,,,,,,,,,,,,,,,,,,,,,,,,,,1,872953.000000,872953.000000,872953.000000,872953.000000,872953.000000,0.000000,,,,,,,,,,,,,,
phase1,G_simpleui_bookshelf_bookends,steady_state_cold,startup,hierarchical,2000,disk:ko_home,PASS,3,3,0,0,3,118841.000000,118841.000000,118841.000000,118841.000000,118841.000000,0.000000,,,,,,,,,,,,,,,,,,,,,,,,,,,,,,,,,,,,,,,,,,,,,,,,,,,,,,,,,,,,,,,,,,,,,,,3,850836.000000,850836.000000,850836.000000,850836.000000,850836.000000,0.000000,,,,,,,,,,,,,,
phase1,G_simpleui_bookshelf_bookends,warm,synthetic,flat,2000,disk:ko_home,PASS,1,1,0,0,1,335986.000000,335986.000000,335986.000000,335986.000000,335986.000000,0.000000,,,,,,,,,,,,,,,,,,,,,,,,,,,,,,,,,,,,,,,,,,,,,,,,,,,,,,,,,,,,,,,,,,,,,,,1,1080230.000000,1080230.000000,1080230.000000,1080230.000000,1080230.000000,0.000000,,,,,,,,,,,,,,
phase1,G_simpleui_bookshelf_bookends,warm,synthetic,flat,50,disk:ko_home,PASS,1,1,0,0,1,221241.000000,221241.000000,221241.000000,221241.000000,221241.000000,0.000000,,,,,,,,,,,,,,,,,,,,,,,,,,,,,,,,,,,,,,,,,,,,,,,,,,,,,,,,,,,,,,,,,,,,,,,1,964207.000000,964207.000000,964207.000000,964207.000000,964207.000000,0.000000,,,,,,,,,,,,,,
phase1,G_simpleui_bookshelf_bookends,warm,synthetic,hierarchical,2000,disk:ko_home,PASS,1,1,0,0,1,335986.000000,335986.000000,335986.000000,335986.000000,335986.000000,0.000000,,,,,,,,,,,,,,,,,,,,,,,,,,,,,,,,,,,,,,,,,,,,,,,,,,,,,,,,,,,,,,,,,,,,,,,1,1081762.000000,1081762.000000,1081762.000000,1081762.000000,1081762.000000,0.000000,,,,,,,,,,,,,,
phase1,G_simpleui_bookshelf_bookends,warm,synthetic,hierarchical,50,disk:ko_home,PASS,1,1,0,0,1,184377.000000,184377.000000,184377.000000,184377.000000,184377.000000,0.000000,,,,,,,,,,,,,,,,,,,,,,,,,,,,,,,,,,,,,,,,,,,,,,,,,,,,,,,,,,,,,,,,,,,,,,,1,928422.000000,928422.000000,928422.000000,928422.000000,928422.000000,0.000000,,,,,,,,,,,,,,
phase1,H_zenos_bookshelf_bookends,steady_state_cold,startup,hierarchical,2000,disk:ko_home,PASS,3,3,0,0,3,126976.000000,126976.000000,126976.000000,126976.000000,126976.000000,0.000000,,,,,,,,,,,,,,,,,,,,,,,,,,,,,,,,,,,,,,,,,,,,,,,,,,,,,,,,,,,,,,,,,,,,,,,3,995857.000000,995856.333333,995857.000000,995855.000000,995857.000000,1.154701,,,,,,,,,,,,,,
phase1,H_zenos_bookshelf_bookends,warm,synthetic,flat,2000,disk:ko_home,PASS,1,1,0,0,1,3052038.000000,3052038.000000,3052038.000000,3052038.000000,3052038.000000,0.000000,,,,,,,,,,,,,,,,,,,,,,,,,,,,,,,,,,,,,,,,,,,,,,,,,,,,,,,,,,,,,,,,,,,,,,,1,3914221.000000,3914221.000000,3914221.000000,3914221.000000,3914221.000000,0.000000,,,,,,,,,,,,,,
phase1,H_zenos_bookshelf_bookends,warm,synthetic,flat,50,disk:ko_home,PASS,1,1,0,0,1,279361.000000,279361.000000,279361.000000,279361.000000,279361.000000,0.000000,,,,,,,,,,,,,,,,,,,,,,,,,,,,,,,,,,,,,,,,,,,,,,,,,,,,,,,,,,,,,,,,,,,,,,,1,1141408.000000,1141408.000000,1141408.000000,1141408.000000,1141408.000000,0.000000,,,,,,,,,,,,,,
phase1,H_zenos_bookshelf_bookends,warm,synthetic,hierarchical,2000,disk:ko_home,PASS,1,1,0,0,1,151666.000000,151666.000000,151666.000000,151666.000000,151666.000000,0.000000,,,,,,,,,,,,,,,,,,,,,,,,,,,,,,,,,,,,,,,,,,,,,,,,,,,,,,,,,,,,,,,,,,,,,,,1,1014156.000000,1014156.000000,1014156.000000,1014156.000000,1014156.000000,0.000000,,,,,,,,,,,,,,
phase1,H_zenos_bookshelf_bookends,warm,synthetic,hierarchical,50,disk:ko_home,PASS,1,1,0,0,1,139321.000000,139321.000000,139321.000000,139321.000000,139321.000000,0.000000,,,,,,,,,,,,,,,,,,,,,,,,,,,,,,,,,,,,,,,,,,,,,,,,,,,,,,,,,,,,,,,,,,,,,,,1,1001768.000000,1001768.000000,1001768.000000,1001768.000000,1001768.000000,0.000000,,,,,,,,,,,,,,
phase1,I_simpleui_vos,steady_state_cold,startup,hierarchical,2000,disk:ko_home,PASS,3,3,0,0,3,118841.000000,118841.000000,118841.000000,118841.000000,118841.000000,0.000000,,,,,,,,,,,,,,,,,,,,,,,,,,,,,,,,,,,,,,,,,,,,,,,,,,,,,,,,,,,,,,,,,,,,,,,3,157286.000000,157286.000000,157286.000000,157286.000000,157286.000000,0.000000,,,,,,,,,,,,,,
phase1,I_simpleui_vos,warm,synthetic,flat,2000,disk:ko_home,PASS,1,1,0,0,1,270450.000000,270450.000000,270450.000000,270450.000000,270450.000000,0.000000,,,,,,,,,,,,,,,,,,,,,,,,,,,,,,,,,,,,,,,,,,,,,,,,,,,,,,,,,,,,,,,,,,,,,,,1,310714.000000,310714.000000,310714.000000,310714.000000,310714.000000,0.000000,,,,,,,,,,,,,,
phase1,I_simpleui_vos,warm,synthetic,flat,50,disk:ko_home,PASS,1,1,0,0,1,196665.000000,196665.000000,196665.000000,196665.000000,196665.000000,0.000000,,,,,,,,,,,,,,,,,,,,,,,,,,,,,,,,,,,,,,,,,,,,,,,,,,,,,,,,,,,,,,,,,,,,,,,1,237356.000000,237356.000000,237356.000000,237356.000000,237356.000000,0.000000,,,,,,,,,,,,,,
phase1,I_simpleui_vos,warm,synthetic,hierarchical,2000,disk:ko_home,PASS,1,1,0,0,1,282738.000000,282738.000000,282738.000000,282738.000000,282738.000000,0.000000,,,,,,,,,,,,,,,,,,,,,,,,,,,,,,,,,,,,,,,,,,,,,,,,,,,,,,,,,,,,,,,,,,,,,,,1,324248.000000,324248.000000,324248.000000,324248.000000,324248.000000,0.000000,,,,,,,,,,,,,,
phase1,I_simpleui_vos,warm,synthetic,hierarchical,50,disk:ko_home,PASS,1,1,0,0,1,204857.000000,204857.000000,204857.000000,204857.000000,204857.000000,0.000000,,,,,,,,,,,,,,,,,,,,,,,,,,,,,,,,,,,,,,,,,,,,,,,,,,,,,,,,,,,,,,,,,,,,,,,1,246922.000000,246922.000000,246922.000000,246922.000000,246922.000000,0.000000,,,,,,,,,,,,,,
phase1,J_project_title_vos,first_run_cold,startup,hierarchical,2000,disk:ko_home,PASS,3,3,0,0,3,114745.000000,114745.000000,114745.000000,114745.000000,114745.000000,0.000000,,,,,,,,,,,,,,,,,,,,,,,,,,,,,,,,,,,,,,,,,,,,,,,,,,,,,,,,,,,,,,,,,,,,,,,3,2560170.000000,2560170.000000,2560170.000000,2560170.000000,2560170.000000,0.000000,,,,,,,,,,,,,,
phase1,J_project_title_vos,steady_state_cold,startup,hierarchical,2000,disk:ko_home,PASS,3,3,0,0,3,114745.000000,114745.000000,114745.000000,114745.000000,114745.000000,0.000000,,,,,,,,,,,,,,,,,,,,,,,,,,,,,,,,,,,,,,,,,,,,,,,,,,,,,,,,,,,,,,,,,,,,,,,3,2579197.000000,2579197.000000,2579197.000000,2579197.000000,2579197.000000,0.000000,,,,,,,,,,,,,,
phase1,J_project_title_vos,warm,synthetic,flat,2000,disk:ko_home,PASS,1,1,0,0,1,114745.000000,114745.000000,114745.000000,114745.000000,114745.000000,0.000000,,,,,,,,,,,,,,,,,,,,,,,,,,,,,,,,,,,,,,,,,,,,,,,,,,,,,,,,,,,,,,,,,,,,,,,1,2565236.000000,2565236.000000,2565236.000000,2565236.000000,2565236.000000,0.000000,,,,,,,,,,,,,,
phase1,J_project_title_vos,warm,synthetic,flat,50,disk:ko_home,PASS,1,1,0,0,1,114745.000000,114745.000000,114745.000000,114745.000000,114745.000000,0.000000,,,,,,,,,,,,,,,,,,,,,,,,,,,,,,,,,,,,,,,,,,,,,,,,,,,,,,,,,,,,,,,,,,,,,,,1,2565128.000000,2565128.000000,2565128.000000,2565128.000000,2565128.000000,0.000000,,,,,,,,,,,,,,
phase1,J_project_title_vos,warm,synthetic,hierarchical,2000,disk:ko_home,PASS,1,1,0,0,1,114745.000000,114745.000000,114745.000000,114745.000000,114745.000000,0.000000,,,,,,,,,,,,,,,,,,,,,,,,,,,,,,,,,,,,,,,,,,,,,,,,,,,,,,,,,,,,,,,,,,,,,,,1,2565915.000000,2565915.000000,2565915.000000,2565915.000000,2565915.000000,0.000000,,,,,,,,,,,,,,
phase1,J_project_title_vos,warm,synthetic,hierarchical,50,disk:ko_home,PASS,1,1,0,0,1,114745.000000,114745.000000,114745.000000,114745.000000,114745.000000,0.000000,,,,,,,,,,,,,,,,,,,,,,,,,,,,,,,,,,,,,,,,,,,,,,,,,,,,,,,,,,,,,,,,,,,,,,,1,2565892.000000,2565892.000000,2565892.000000,2565892.000000,2565892.000000,0.000000,,,,,,,,,,,,,,
phase1,K_vos,first_run_cold,startup,hierarchical,2000,disk:ko_home,PASS,3,3,0,0,3,114745.000000,114745.000000,114745.000000,114745.000000,114745.000000,0.000000,,,,,,,,,,,,,,,,,,,,,,,,,,,,,,,,,,,,,,,,,,,,,,,,,,,,,,,,,,,,,,,,,,,,,,,3,136444.000000,136444.000000,136444.000000,136444.000000,136444.000000,0.000000,,,,,,,,,,,,,,
phase1_setup,A_stock,steady_init,startup,hierarchical,2000,disk:ko_home,PASS,1,1,0,0,1,114688.000000,114688.000000,114688.000000,114688.000000,114688.000000,0.000000,,,,,,,,,,,,,,,,,,,,,,,,,,,,,,,,,,,,,,,,,,,,,,,,,,,,,,,,,,,,,,,,,,,,,,,1,136307.000000,136307.000000,136307.000000,136307.000000,136307.000000,0.000000,,,,,,,,,,,,,,
phase1_setup,B_bookshelf,steady_init,startup,hierarchical,2000,disk:ko_home,PASS,1,1,0,0,1,114688.000000,114688.000000,114688.000000,114688.000000,114688.000000,0.000000,,,,,,,,,,,,,,,,,,,,,,,,,,,,,,,,,,,,,,,,,,,,,,,,,,,,,,,,,,,,,,,,,,,,,,,1,830030.000000,830030.000000,830030.000000,830030.000000,830030.000000,0.000000,,,,,,,,,,,,,,
phase1_setup,C_simpleui,steady_init,startup,hierarchical,2000,disk:ko_home,PASS,1,1,0,0,1,118841.000000,118841.000000,118841.000000,118841.000000,118841.000000,0.000000,,,,,,,,,,,,,,,,,,,,,,,,,,,,,,,,,,,,,,,,,,,,,,,,,,,,,,,,,,,,,,,,,,,,,,,1,138193.000000,138193.000000,138193.000000,138193.000000,138193.000000,0.000000,,,,,,,,,,,,,,
phase1_setup,D_zenos,steady_init,startup,hierarchical,2000,disk:ko_home,PASS,1,1,0,0,1,126976.000000,126976.000000,126976.000000,126976.000000,126976.000000,0.000000,,,,,,,,,,,,,,,,,,,,,,,,,,,,,,,,,,,,,,,,,,,,,,,,,,,,,,,,,,,,,,,,,,,,,,,1,282608.000000,282608.000000,282608.000000,282608.000000,282608.000000,0.000000,,,,,,,,,,,,,,
phase1_setup,E_project_title,steady_init,startup,hierarchical,2000,disk:ko_home,PASS,1,1,0,0,1,114688.000000,114688.000000,114688.000000,114688.000000,114688.000000,0.000000,,,,,,,,,,,,,,,,,,,,,,,,,,,,,,,,,,,,,,,,,,,,,,,,,,,,,,,,,,,,,,,,,,,,,,,1,2559973.000000,2559973.000000,2559973.000000,2559973.000000,2559973.000000,0.000000,,,,,,,,,,,,,,
phase1_setup,F_bookshelf_bookends,steady_init,startup,hierarchical,2000,disk:ko_home,PASS,1,1,0,0,1,114688.000000,114688.000000,114688.000000,114688.000000,114688.000000,0.000000,,,,,,,,,,,,,,,,,,,,,,,,,,,,,,,,,,,,,,,,,,,,,,,,,,,,,,,,,,,,,,,,,,,,,,,1,830129.000000,830129.000000,830129.000000,830129.000000,830129.000000,0.000000,,,,,,,,,,,,,,
phase1_setup,G_simpleui_bookshelf_bookends,steady_init,startup,hierarchical,2000,disk:ko_home,PASS,1,1,0,0,1,118841.000000,118841.000000,118841.000000,118841.000000,118841.000000,0.000000,,,,,,,,,,,,,,,,,,,,,,,,,,,,,,,,,,,,,,,,,,,,,,,,,,,,,,,,,,,,,,,,,,,,,,,1,831989.000000,831989.000000,831989.000000,831989.000000,831989.000000,0.000000,,,,,,,,,,,,,,
phase1_setup,H_zenos_bookshelf_bookends,steady_init,startup,hierarchical,2000,disk:ko_home,PASS,1,1,0,0,1,126976.000000,126976.000000,126976.000000,126976.000000,126976.000000,0.000000,,,,,,,,,,,,,,,,,,,,,,,,,,,,,,,,,,,,,,,,,,,,,,,,,,,,,,,,,,,,,,,,,,,,,,,1,976630.000000,976630.000000,976630.000000,976630.000000,976630.000000,0.000000,,,,,,,,,,,,,,
phase1_setup,I_simpleui_vos,steady_init,startup,hierarchical,2000,disk:ko_home,PASS,1,1,0,0,1,118841.000000,118841.000000,118841.000000,118841.000000,118841.000000,0.000000,,,,,,,,,,,,,,,,,,,,,,,,,,,,,,,,,,,,,,,,,,,,,,,,,,,,,,,,,,,,,,,,,,,,,,,1,138213.000000,138213.000000,138213.000000,138213.000000,138213.000000,0.000000,,,,,,,,,,,,,,
phase1_setup,J_project_title_vos,steady_init,startup,hierarchical,2000,disk:ko_home,PASS,1,1,0,0,1,114745.000000,114745.000000,114745.000000,114745.000000,114745.000000,0.000000,,,,,,,,,,,,,,,,,,,,,,,,,,,,,,,,,,,,,,,,,,,,,,,,,,,,,,,,,,,,,,,,,,,,,,,1,2560070.000000,2560070.000000,2560070.000000,2560070.000000,2560070.000000,0.000000,,,,,,,,,,,,,,
