Phase,Stack,Mode,Profile,Dataset,BookCount,Scenario,Status,ProcessRuns,PassSamples,FailedSamples,UnsupportedSamples,wall_time_ms_count,wall_time_ms_median,wall_time_ms_p10,wall_time_ms_p90,wall_time_ms_mean,wall_time_ms_stdev,wall_time_ms_min,wall_time_ms_max,natural_lua_heap_kb_count,natural_lua_heap_kb_median,natural_lua_heap_kb_p10,natural_lua_heap_kb_p90,natural_lua_heap_kb_mean,natural_lua_heap_kb_stdev,natural_lua_heap_kb_min,natural_lua_heap_kb_max,lua_heap_delta_kb_count,lua_heap_delta_kb_median,lua_heap_delta_kb_p10,lua_heap_delta_kb_p90,lua_heap_delta_kb_mean,lua_heap_delta_kb_stdev,lua_heap_delta_kb_min,lua_heap_delta_kb_max,rss_kb_count,rss_kb_median,rss_kb_p10,rss_kb_p90,rss_kb_mean,rss_kb_stdev,rss_kb_min,rss_kb_max,set_dirty_calls_count,set_dirty_calls_median,set_dirty_calls_p10,set_dirty_calls_p90,set_dirty_calls_mean,set_dirty_calls_stdev,set_dirty_calls_min,set_dirty_calls_max,refresh_count_count,refresh_count_median,refresh_count_p10,refresh_count_p90,refresh_count_mean,refresh_count_stdev,refresh_count_min,refresh_count_max,full_refreshes_count,full_refreshes_median,full_refreshes_p10,full_refreshes_p90,full_refreshes_mean,full_refreshes_stdev,full_refreshes_min,full_refreshes_max,partial_refreshes_count,partial_refreshes_median,partial_refreshes_p10,partial_refreshes_p90,partial_refreshes_mean,partial_refreshes_stdev,partial_refreshes_min,partial_refreshes_max,unique_dirty_pct_count,unique_dirty_pct_median,unique_dirty_pct_p10,unique_dirty_pct_p90,unique_dirty_pct_mean,unique_dirty_pct_stdev,unique_dirty_pct_min,unique_dirty_pct_max,cumulative_dirty_screen_equivalents_count,cumulative_dirty_screen_equivalents_median,cumulative_dirty_screen_equivalents_p10,cumulative_dirty_screen_equivalents_p90,cumulative_dirty_screen_equivalents_mean,cumulative_dirty_screen_equivalents_stdev,cumulative_dirty_screen_equivalents_min,cumulative_dirty_screen_equivalents_max,largest_single_dirty_pct_count,largest_single_dirty_pct_median,largest_single_dirty_pct_p10,largest_single_dirty_pct_p90,largest_single_dirty_pct_mean,largest_single_dirty_pct_stdev,largest_single_dirty_pct_min,largest_single_dirty_pct_max,visible_count_before_count,visible_count_before_median,visible_count_before_p10,visible_count_before_p90,visible_count_before_mean,visible_count_before_stdev,visible_count_before_min,visible_count_before_max,visible_count_after_count,visible_count_after_median,visible_count_after_p10,visible_count_after_p90,visible_count_after_mean,visible_count_after_stdev,visible_count_after_min,visible_count_after_max,total_pages_count,total_pages_median,total_pages_p10,total_pages_p90,total_pages_mean,total_pages_stdev,total_pages_min,total_pages_max,forced_gc_live_heap_kb_count,forced_gc_live_heap_kb_median,forced_gc_live_heap_kb_p10,forced_gc_live_heap_kb_p90,forced_gc_live_heap_kb_mean,forced_gc_live_heap_kb_stdev,forced_gc_live_heap_kb_min,forced_gc_live_heap_kb_max
phase1,A_stock,paging,paging,flat,2000,library_cached_paging,PASS,3,90,0,0,90,115.8095,114.2649,125.29560000000001,117.5412,4.325251786396988,113.07,129.635,90,12603.192871094001,11267.304882813001,13884.874414063,12601.566265191099,943.4257897874568,11201.038085938,14045.521484375,90,651.85888671875,-2633.472265625,696.73125,2.004806857638889,1334.2255717199967,-2846.6474609375,734.9189453125,90,196640.0,190832.0,197632.0,195034.84444444443,3013.3577222174335,190816.0,197632.0,90,1.0,1.0,1.0,1.0,0.0,1.0,1.0,90,1.0,1.0,1.0,1.0,0.0,1.0,1.0,90,1.0,1.0,1.0,1.0,0.0,1.0,1.0,90,0.0,0.0,0.0,0.0,0.0,0.0,0.0,90,100.0,100.0,100.0,100.0,0.0,100.0,100.0,90,1.0,1.0,1.0,1.0,0.0,1.0,1.0,90,100.0,100.0,100.0,100.0,0.0,100.0,100.0,90,10.0,10.0,10.0,10.0,0.0,10.0,10.0,90,10.0,10.0,10.0,10.0,0.0,10.0,10.0,90,201.0,201.0,201.0,201.0,0.0,201.0,201.0,,,,,,,,
phase1,A_stock,paging,paging,flat,2000,library_sequential_paging,PASS,3,90,0,0,90,121.32499999999999,117.97540000000001,134.4066,123.3098111111111,6.375191195889329,114.579,143.138,90,12232.2802734375,11115.590429688,13323.3625976562,12226.8475477431,789.6935382841629,11008.596679688,13526.533203125,90,548.52587890625,-2208.5529296875,590.9655273437501,3.820171440972222,1120.9378211897572,-2332.541015625,651.841796875,90,187968.0,177280.0,188752.0,184659.73333333334,5257.175344445645,177280.0,188752.0,90,1.0,1.0,1.0,1.0,0.0,1.0,1.0,90,1.0,1.0,1.0,1.0,0.0,1.0,1.0,90,1.0,1.0,1.0,1.0,0.0,1.0,1.0,90,0.0,0.0,0.0,0.0,0.0,0.0,0.0,90,100.0,100.0,100.0,100.0,0.0,100.0,100.0,90,1.0,1.0,1.0,1.0,0.0,1.0,1.0,90,100.0,100.0,100.0,100.0,0.0,100.0,100.0,90,10.0,10.0,10.0,10.0,0.0,10.0,10.0,90,10.0,10.0,10.0,10.0,0.0,10.0,10.0,90,201.0,201.0,201.0,201.0,0.0,201.0,201.0,,,,,,,,
phase1,A_stock,paging,paging,flat,2000,paging_probe_step_2_to_3,PASS,3,3,0,0,3,122.557,122.52180000000001,125.19619999999999,123.642,1.9175064537049098,122.513,125.856,3,13650.801757812,13554.0501953128,13689.3345703128,13626.543945312667,87.12345258728504,13529.862304688,13698.967773438,3,600.1259765625,595.3001953125,677.2228515625,630.2389322916666,57.46044360963621,594.09375,696.4970703125,3,196368.0,190198.40000000002,196867.2,194005.33333333334,4643.152951748772,188656.0,196992.0,3,1.0,1.0,1.0,1.0,0.0,1.0,1.0,3,1.0,1.0,1.0,1.0,0.0,1.0,1.0,3,1.0,1.0,1.0,1.0,0.0,1.0,1.0,3,0.0,0.0,0.0,0.0,0.0,0.0,0.0,3,100.0,100.0,100.0,100.0,0.0,100.0,100.0,3,1.0,1.0,1.0,1.0,0.0,1.0,1.0,3,100.0,100.0,100.0,100.0,0.0,100.0,100.0,3,10.0,10.0,10.0,10.0,0.0,10.0,10.0,3,10.0,10.0,10.0,10.0,0.0,10.0,10.0,3,201.0,201.0,201.0,201.0,0.0,201.0,201.0,,,,,,,,
phase1,A_stock,paging,paging,hierarchical,2000,library_cached_paging,PASS,3,90,0,0,90,115.95949999999999,114.3776,123.13850000000001,117.17951111111113,3.393893793881126,112.126,127.026,90,10377.524902343499,9054.089648437499,11718.4393554688,10394.496885850695,958.9744430955819,8962.5224609375,11976.780273438,90,648.4296875,-2677.128515625,718.6324218750001,-1.4745225694444444,1353.3578084507742,-2911.8515625,749.748046875,90,195136.0,192894.40000000002,195392.0,194471.2888888889,1132.275994111616,192848.0,195392.0,90,1.0,1.0,1.0,1.0,0.0,1.0,1.0,90,1.0,1.0,1.0,1.0,0.0,1.0,1.0,90,1.0,1.0,1.0,1.0,0.0,1.0,1.0,90,0.0,0.0,0.0,0.0,0.0,0.0,0.0,90,100.0,100.0,100.0,100.0,0.0,100.0,100.0,90,1.0,1.0,1.0,1.0,0.0,1.0,1.0,90,100.0,100.0,100.0,100.0,0.0,100.0,100.0,90,10.0,10.0,10.0,10.0,0.0,10.0,10.0,90,10.0,10.0,10.0,10.0,0.0,10.0,10.0,90,17.0,17.0,17.0,17.0,0.0,17.0,17.0,,,,,,,,
phase1,A_stock,paging,paging,hierarchical,2000,library_sequential_paging,PASS,3,48,0,0,48,120.375,118.24770000000001,129.5943,121.91079166666667,4.231036877889004,117.072,132.7,48,10036.015136719001,8923.0396484375,11241.3575195309,10115.755737304624,849.6721944181049,8792.6123046875,11683.887695312,48,551.4560546875,-2275.45849609375,604.006640625,1.8682454427083333,1161.2012479844936,-2731.916015625,628.06640625,48,180832.0,179088.0,184608.0,181505.66666666666,2330.8885834918156,179040.0,184608.0,48,1.0,1.0,1.0,1.0,0.0,1.0,1.0,48,1.0,1.0,1.0,1.0,0.0,1.0,1.0,48,1.0,1.0,1.0,1.0,0.0,1.0,1.0,48,0.0,0.0,0.0,0.0,0.0,0.0,0.0,48,100.0,100.0,100.0,100.0,0.0,100.0,100.0,48,1.0,1.0,1.0,1.0,0.0,1.0,1.0,48,100.0,100.0,100.0,100.0,0.0,100.0,100.0,48,10.0,10.0,10.0,10.0,0.0,10.0,10.0,48,10.0,10.0,10.0,9.75,0.9784921095801633,6.0,10.0,48,17.0,17.0,17.0,17.0,0.0,17.0,17.0,,,,,,,,
phase1,A_stock,paging,paging,hierarchical,2000,paging_probe_step_2_to_3,PASS,3,3,0,0,3,117.188,116.17440000000002,118.5096,117.31633333333333,1.4637254979446552,115.921,118.84,3,9706.5078125,9703.755468750001,9714.4875,9708.685872395834,6.9676952390642315,9703.0673828125,9716.482421875,3,663.3876953125,656.7478515625,694.2298828124999,673.4720052083334,25.001201645264448,655.087890625,701.9404296875,3,192032.0,191072.0,194092.8,192490.66666666666,1929.3328726099428,190832.0,194608.0,3,1.0,1.0,1.0,1.0,0.0,1.0,1.0,3,1.0,1.0,1.0,1.0,0.0,1.0,1.0,3,1.0,1.0,1.0,1.0,0.0,1.0,1.0,3,0.0,0.0,0.0,0.0,0.0,0.0,0.0,3,100.0,100.0,100.0,100.0,0.0,100.0,100.0,3,1.0,1.0,1.0,1.0,0.0,1.0,1.0,3,100.0,100.0,100.0,100.0,0.0,100.0,100.0,3,10.0,10.0,10.0,10.0,0.0,10.0,10.0,3,10.0,10.0,10.0,10.0,0.0,10.0,10.0,3,17.0,17.0,17.0,17.0,0.0,17.0,17.0,,,,,,,,
phase1,B_bookshelf,paging,paging,flat,2000,bookshelf_cached_paging,PASS,3,90,0,0,90,975.1089999999999,972.8024,978.3663000000001,975.5084555555555,2.754476740867497,971.043,986.577,90,29680.111328125,21425.7635742192,40376.6796875,30528.48263888889,6928.005098277243,19681.786132812,43156.958007812,90,884.2060546875,801.3160156250001,937.26650390625,-336.8257269965278,4284.8717548709965,-22561.625,964.6103515625,90,234144.0,233024.0,235296.0,234128.53333333333,914.1608935662489,233024.0,235296.0,90,0.0,0.0,0.0,0.0,0.0,0.0,0.0,90,8.0,8.0,8.0,8.0,0.0,8.0,8.0,90,0.0,0.0,0.0,0.0,0.0,0.0,0.0,90,8.0,8.0,8.0,8.0,0.0,8.0,8.0,90,64.563106796117,64.563106796117,64.563106796117,64.563106796117,0.0,64.563106796117,64.563106796117,90,1.2102970748107,1.2102970748107,1.2102970748107,1.2102970748107,0.0,1.2102970748107,1.2102970748107,90,64.563106796117,64.563106796117,64.563106796117,64.563106796117,0.0,64.563106796117,64.563106796117,90,8.0,8.0,8.0,8.0,0.0,8.0,8.0,90,8.0,8.0,8.0,8.0,0.0,8.0,8.0,90,250.0,250.0,250.0,250.0,0.0,250.0,250.0,,,,,,,,
phase1,B_bookshelf,paging,paging,flat,2000,bookshelf_cached_paging_anim_off,PASS,3,90,0,0,90,112.64750000000001,111.38470000000001,114.85940000000001,113.06776666666667,1.9387074986104889,109.895,121.58,90,31707.206542968503,22361.977246093702,40289.97851562459,31526.89973958332,6588.509146570395,19974.146484375,42934.454101562,90,850.298828125,775.36435546875,911.9341796875001,67.80384114583333,3663.2551587768194,-20586.26953125,1009.9111328125,90,234144.0,233024.0,235296.0,234154.66666666666,932.7672975939252,233024.0,235296.0,90,1.0,1.0,1.0,1.0,0.0,1.0,1.0,90,1.0,1.0,1.0,1.0,0.0,1.0,1.0,90,0.0,0.0,0.0,0.0,0.0,0.0,0.0,90,1.0,1.0,1.0,1.0,0.0,1.0,1.0,90,64.563106796117,64.563106796117,64.563106796117,64.563106796117,0.0,64.563106796117,64.563106796117,90,0.64563106796117,0.64563106796117,0.64563106796117,0.64563106796117,0.0,0.64563106796117,0.64563106796117,90,64.563106796117,64.563106796117,64.563106796117,64.563106796117,0.0,64.563106796117,64.563106796117,90,8.0,8.0,8.0,8.0,0.0,8.0,8.0,90,8.0,8.0,8.0,8.0,0.0,8.0,8.0,90,250.0,250.0,250.0,250.0,0.0,250.0,250.0,,,,,,,,
phase1,B_bookshelf,paging,paging,flat,2000,bookshelf_sequential_paging,PASS,3,90,0,0,90,1121.4924999999998,1114.7581,1133.2675000000002,1114.0564222222222,34.90730555293251,982.662,1145.054,90,29814.356445313,20363.6077148442,39529.1504882808,29867.542013888957,7075.338624718662,17592.448242188,42017.515625,90,3155.7939453125,-15169.232910155799,3707.821679687501,275.49651692709443,7076.042551248807,-21043.1875,4414.474609375,90,232720.0,214427.2,234208.0,228253.86666666667,7681.151673948526,206016.0,234208.0,90,1.0,1.0,1.0,0.9333333333333333,0.25084128112136317,0.0,1.0,90,9.0,9.0,9.0,8.933333333333334,0.25084128112136317,8.0,9.0,90,0.0,0.0,0.0,0.0,0.0,0.0,0.0,90,9.0,9.0,9.0,8.933333333333334,0.25084128112136317,8.0,9.0,90,64.563106796117,64.563106796117,64.563106796117,64.563106796117,0.0,64.563106796117,64.563106796117,90,1.8559281427719,1.8559281427719,1.8559281427719,1.8128860715744868,0.1619509242191413,1.2102970748107,1.8559281427719,90,64.563106796117,64.563106796117,64.563106796117,64.563106796117,0.0,64.563106796117,64.563106796117,90,8.0,8.0,8.0,8.0,0.0,8.0,8.0,90,8.0,8.0,8.0,8.0,0.0,8.0,8.0,90,250.0,250.0,250.0,250.0,0.0,250.0,250.0,,,,,,,,
phase1,B_bookshelf,paging,paging,flat,2000,bookshelf_sequential_paging_anim_off,PASS,3,90,0,0,90,119.18950000000001,117.73740000000001,121.2043,119.50006666666665,2.9188580066391294,111.503,131.771,90,30388.468261718503,22751.1813476563,39495.553125000006,30632.1005967882,6279.316721858,20038.1328125,41953.745117188,90,934.74267578125,860.83955078125,993.51806640625,160.82696397568336,3615.541710546928,-21321.639648438,1040.8115234375,90,234144.0,233024.0,235296.0,234154.66666666666,932.7672975939252,233024.0,235296.0,90,1.0,1.0,1.0,1.0,0.0,1.0,1.0,90,1.0,1.0,1.0,1.0,0.0,1.0,1.0,90,0.0,0.0,0.0,0.0,0.0,0.0,0.0,90,1.0,1.0,1.0,1.0,0.0,1.0,1.0,90,64.563106796117,64.563106796117,64.563106796117,64.563106796117,0.0,64.563106796117,64.563106796117,90,0.64563106796117,0.64563106796117,0.64563106796117,0.64563106796117,0.0,0.64563106796117,0.64563106796117,90,64.563106796117,64.563106796117,64.563106796117,64.563106796117,0.0,64.563106796117,64.563106796117,90,8.0,8.0,8.0,8.0,0.0,8.0,8.0,90,8.0,8.0,8.0,8.0,0.0,8.0,8.0,90,250.0,250.0,250.0,250.0,0.0,250.0,250.0,,,,,,,,
phase1,B_bookshelf,paging,paging,flat,2000,close_bookshelf,PASS,3,3,0,0,3,110.956,110.4648,111.6424,111.03733333333332,0.7393627887129082,110.342,111.814,3,33021.446289062,32079.516601562802,37734.407226562806,34592.709309895996,3787.211908574206,31844.034179688,38912.647460938,3,116.8310546875,115.4615234375,143.3490234375,127.3095703125,19.650533672783116,115.119140625,149.978515625,3,234144.0,233248.0,235065.6,234154.66666666666,1136.0375580645798,233024.0,235296.0,3,1.0,1.0,1.0,1.0,0.0,1.0,1.0,3,1.0,1.0,1.0,1.0,0.0,1.0,1.0,3,1.0,1.0,1.0,1.0,0.0,1.0,1.0,3,0.0,0.0,0.0,0.0,0.0,0.0,0.0,3,100.0,100.0,100.0,100.0,0.0,100.0,100.0,3,1.0,1.0,1.0,1.0,0.0,1.0,1.0,3,100.0,100.0,100.0,100.0,0.0,100.0,100.0,,,,,,,,,,,,,,,,,,,,,,,,,,,,,,,,
phase1,B_bookshelf,paging,paging,flat,2000,library_cached_paging,PASS,3,90,0,0,90,115.8945,113.8742,126.7409,117.75846666666668,4.778325669807528,113.104,131.069,90,12703.345703125,11383.377734375,14032.593945311999,12717.315418836733,947.8596445631126,11330.6875,14187.413085938,90,656.03125,-2665.27578125,705.39794921875,3.1427517361111112,1338.6531600278263,-2811.765625,762.8994140625,90,197728.0,195920.0,198736.0,197461.33333333334,1165.518681854911,195920.0,198736.0,90,1.0,1.0,1.0,1.0,0.0,1.0,1.0,90,1.0,1.0,1.0,1.0,0.0,1.0,1.0,90,1.0,1.0,1.0,1.0,0.0,1.0,1.0,90,0.0,0.0,0.0,0.0,0.0,0.0,0.0,90,100.0,100.0,100.0,100.0,0.0,100.0,100.0,90,1.0,1.0,1.0,1.0,0.0,1.0,1.0,90,100.0,100.0,100.0,100.0,0.0,100.0,100.0,90,10.0,10.0,10.0,10.0,0.0,10.0,10.0,90,10.0,10.0,10.0,10.0,0.0,10.0,10.0,90,201.0,201.0,201.0,201.0,0.0,201.0,201.0,,,,,,,,
phase1,B_bookshelf,paging,paging,flat,2000,library_sequential_paging,PASS,3,90,0,0,90,121.62,118.3609,136.5417,123.74593333333334,6.605324836656621,113.613,141.105,90,12371.1611328125,11244.212890625,13480.474023437,12362.634396701389,805.2721325278759,11137.333007812,13588.828125,90,551.736328125,-2261.76572265625,590.43916015625,-3.363009982638889,1133.8592459444817,-2326.8828125,634.0458984375,90,185296.0,184528.0,189104.0,186303.82222222222,2014.7404582494903,184400.0,189104.0,90,1.0,1.0,1.0,1.0,0.0,1.0,1.0,90,1.0,1.0,1.0,1.0,0.0,1.0,1.0,90,1.0,1.0,1.0,1.0,0.0,1.0,1.0,90,0.0,0.0,0.0,0.0,0.0,0.0,0.0,90,100.0,100.0,100.0,100.0,0.0,100.0,100.0,90,1.0,1.0,1.0,1.0,0.0,1.0,1.0,90,100.0,100.0,100.0,100.0,0.0,100.0,100.0,90,10.0,10.0,10.0,10.0,0.0,10.0,10.0,90,10.0,10.0,10.0,10.0,0.0,10.0,10.0,90,201.0,201.0,201.0,201.0,0.0,201.0,201.0,,,,,,,,
phase1,B_bookshelf,paging,paging,flat,2000,open_bookshelf,PASS,3,3,0,0,3,240.448,240.11200000000002,242.2992,241.07933333333335,1.472285751249851,240.028,242.762,3,27205.767578125,27098.644140625,27530.358203125,27296.37890625,281.0006007463,27071.86328125,27611.505859375,3,13724.379882812,13701.084570312802,14079.0009765624,13862.432291666666,264.73237362130715,13695.260742188,14167.65625,3,208000.0,205900.80000000002,208166.40000000002,207194.66666666666,1578.441425372932,205376.0,208208.0,3,1.0,1.0,1.0,1.0,0.0,1.0,1.0,3,1.0,1.0,1.0,1.0,0.0,1.0,1.0,3,1.0,1.0,1.0,1.0,0.0,1.0,1.0,3,0.0,0.0,0.0,0.0,0.0,0.0,0.0,3,100.0,100.0,100.0,100.0,0.0,100.0,100.0,3,1.0,1.0,1.0,1.0,0.0,1.0,1.0,3,100.0,100.0,100.0,100.0,0.0,100.0,100.0,,,,,,,,,,,,,,,,,3,250.0,250.0,250.0,250.0,0.0,250.0,250.0,,,,,,,,
phase1,B_bookshelf,paging,paging,flat,2000,paging_probe_step_2_to_3,PASS,3,3,0,0,3,121.533,121.0066,122.98259999999999,121.91766666666666,1.2791408575029302,120.875,123.345,3,13625.344726562,13589.679882812401,13682.687695312401,13634.377278645667,58.653844917900294,13580.763671875,13697.0234375,3,617.9208984375,600.8294921875,618.4849609375,611.0345052083334,12.543153748582995,596.556640625,618.6259765625,3,196592.0,196054.4,196758.4,196437.33333333334,459.9362274634749,195920.0,196800.0,3,1.0,1.0,1.0,1.0,0.0,1.0,1.0,3,1.0,1.0,1.0,1.0,0.0,1.0,1.0,3,1.0,1.0,1.0,1.0,0.0,1.0,1.0,3,0.0,0.0,0.0,0.0,0.0,0.0,0.0,3,100.0,100.0,100.0,100.0,0.0,100.0,100.0,3,1.0,1.0,1.0,1.0,0.0,1.0,1.0,3,100.0,100.0,100.0,100.0,0.0,100.0,100.0,3,10.0,10.0,10.0,10.0,0.0,10.0,10.0,3,10.0,10.0,10.0,10.0,0.0,10.0,10.0,3,201.0,201.0,201.0,201.0,0.0,201.0,201.0,,,,,,,,
phase1,B_bookshelf,paging,paging,hierarchical,2000,bookshelf_cached_paging,PASS,3,90,0,0,90,974.7685,972.1907,977.2062,974.924388888889,2.249251454482832,969.256,982.295,90,24838.740722656497,17094.068750000002,32129.002539062505,24605.14517144092,5443.78676117521,15979.180664062,34287.629882812,90,841.89501953125,320.1667968750016,914.20830078125,-203.5911566840222,3431.9064516726426,-18318.04296875,988.2138671875,90,228704.0,212256.0,232464.0,224480.88888888888,8830.144198810418,212256.0,232608.0,90,0.0,0.0,0.0,0.0,0.0,0.0,0.0,90,8.0,8.0,8.0,8.0,0.0,8.0,8.0,90,0.0,0.0,0.0,0.0,0.0,0.0,0.0,90,8.0,8.0,8.0,8.0,0.0,8.0,8.0,90,64.563106796117,64.563106796117,64.563106796117,64.563106796117,0.0,64.563106796117,64.563106796117,90,1.2102970748107,1.2102970748107,1.2102970748107,1.2102970748107,0.0,1.2102970748107,1.2102970748107,90,64.563106796117,64.563106796117,64.563106796117,64.563106796117,0.0,64.563106796117,64.563106796117,90,8.0,8.0,8.0,8.0,0.0,8.0,8.0,90,8.0,8.0,8.0,8.0,0.0,8.0,8.0,90,21.0,21.0,21.0,21.0,0.0,21.0,21.0,,,,,,,,
phase1,B_bookshelf,paging,paging,hierarchical,2000,bookshelf_cached_paging_anim_off,PASS,3,90,0,0,90,112.1965,110.84989999999999,114.109,112.51282222222223,1.890650524619026,110.321,120.649,90,25376.094726563,17703.920117187,32713.6346679688,25194.236208767325,5319.4274074372815,15932.188476562,34619.298828125,90,822.29736328125,765.6510742187501,859.8573242187499,-37.30866970486665,3264.0816046298273,-17410.846679688,882.814453125,90,228704.0,219616.0,232608.0,226973.15555555557,5477.27747492569,219488.0,232608.0,90,1.0,1.0,1.0,1.0,0.0,1.0,1.0,90,1.0,1.0,1.0,1.0,0.0,1.0,1.0,90,0.0,0.0,0.0,0.0,0.0,0.0,0.0,90,1.0,1.0,1.0,1.0,0.0,1.0,1.0,90,64.563106796117,64.563106796117,64.563106796117,64.563106796117,0.0,64.563106796117,64.563106796117,90,0.64563106796117,0.64563106796117,0.64563106796117,0.64563106796117,0.0,0.64563106796117,0.64563106796117,90,64.563106796117,64.563106796117,64.563106796117,64.563106796117,0.0,64.563106796117,64.563106796117,90,8.0,8.0,8.0,8.0,0.0,8.0,8.0,90,8.0,8.0,8.0,8.0,0.0,8.0,8.0,90,21.0,21.0,21.0,21.0,0.0,21.0,21.0,,,,,,,,
phase1,B_bookshelf,paging,paging,hierarchical,2000,bookshelf_sequential_paging,PASS,3,60,0,0,60,1108.5065,983.2629,1120.4232,1086.6257666666668,50.99643122421068,981.816,1136.539,60,21883.104003906497,18077.983789062502,30378.207714843702,23511.740380859334,4887.011448682754,15228.014648438,33336.849609375,60,1999.9501953125,-4397.26044921875,2866.5115234375003,418.8963867187584,4540.049194655792,-16070.477539062,3126.2451171875,60,213560.0,195969.59999999998,231209.6,215209.6,12540.222260620532,184784.0,231920.0,60,1.0,0.0,1.0,0.8,0.4033755872716886,0.0,1.0,60,9.0,8.0,9.0,8.8,0.4033755872716886,8.0,9.0,60,0.0,0.0,0.0,0.0,0.0,0.0,0.0,60,9.0,8.0,9.0,8.8,0.4033755872716886,8.0,9.0,60,64.563106796117,64.563106796117,64.563106796117,64.563106796117,0.0,64.563106796117,64.563106796117,60,1.8559281427719,1.2102970748107,1.8559281427719,1.7268019291796601,0.26043181119969655,1.2102970748107,1.8559281427719,60,64.563106796117,64.563106796117,64.563106796117,64.563106796117,0.0,64.563106796117,64.563106796117,60,8.0,8.0,8.0,8.0,0.0,8.0,8.0,60,8.0,8.0,8.0,7.85,0.6593525329532484,5.0,8.0,60,21.0,21.0,21.0,21.0,0.0,21.0,21.0,,,,,,,,
phase1,B_bookshelf,paging,paging,hierarchical,2000,bookshelf_sequential_paging_anim_off,PASS,3,60,0,0,60,118.6385,116.01079999999999,120.6794,118.43556666666667,3.185016857931954,109.872,128.642,60,25473.970214843503,17907.487011719197,32361.8095703125,25206.423209635403,5367.200382422637,16189.204101562,33894.948242188,60,903.8857421875,648.3551757812504,967.84150390625,-46.74843749999163,3562.4474901527587,-16681.702148438,1038.79296875,60,228704.0,212256.0,232608.0,225168.53333333333,8122.175928433795,212256.0,232608.0,60,1.0,1.0,1.0,1.0,0.0,1.0,1.0,60,1.0,1.0,1.0,1.0,0.0,1.0,1.0,60,0.0,0.0,0.0,0.0,0.0,0.0,0.0,60,1.0,1.0,1.0,1.0,0.0,1.0,1.0,60,64.563106796117,64.563106796117,64.563106796117,64.563106796117,0.0,64.563106796117,64.563106796117,60,0.64563106796117,0.64563106796117,0.64563106796117,0.64563106796117,0.0,0.64563106796117,0.64563106796117,60,64.563106796117,64.563106796117,64.563106796117,64.563106796117,0.0,64.563106796117,64.563106796117,60,8.0,8.0,8.0,8.0,0.0,8.0,8.0,60,8.0,8.0,8.0,7.85,0.6593525329532484,5.0,8.0,60,21.0,21.0,21.0,21.0,0.0,21.0,21.0,,,,,,,,
phase1,B_bookshelf,paging,paging,hierarchical,2000,close_bookshelf,PASS,3,3,0,0,3,111.683,109.691,112.02940000000001,110.99733333333334,1.5775253827857547,109.193,112.116,3,27354.844726562,20333.6064453124,28426.405664062797,24875.8125,5494.775668378042,18578.296875,28694.295898438,3,95.2197265625,95.0212890625,157.6673828125,121.15690104166667,45.139489278990105,94.9716796875,173.279296875,3,228704.0,221433.60000000003,231827.2,226976.0,6666.146113010125,219616.0,232608.0,3,1.0,1.0,1.0,1.0,0.0,1.0,1.0,3,1.0,1.0,1.0,1.0,0.0,1.0,1.0,3,1.0,1.0,1.0,1.0,0.0,1.0,1.0,3,0.0,0.0,0.0,0.0,0.0,0.0,0.0,3,100.0,100.0,100.0,100.0,0.0,100.0,100.0,3,1.0,1.0,1.0,1.0,0.0,1.0,1.0,3,100.0,100.0,100.0,100.0,0.0,100.0,100.0,,,,,,,,,,,,,,,,,,,,,,,,,,,,,,,,
phase1,B_bookshelf,paging,paging,hierarchical,2000,library_cached_paging,PASS,3,90,0,0,90,115.7995,114.062,123.1898,116.92968888888889,3.3357579218759725,112.36,125.501,90,10511.131835937,9167.955859375,11842.750097656299,10513.443196614606,952.9311238531648,9083.17578125,11982.6015625,90,651.458984375,-2685.1671875,719.3235351562499,-0.3823784722222222,1345.6860218814898,-2791.1396484375,764.26953125,90,197376.0,180144.0,198672.0,192061.33333333334,8490.988089826356,180144.0,198720.0,90,1.0,1.0,1.0,1.0,0.0,1.0,1.0,90,1.0,1.0,1.0,1.0,0.0,1.0,1.0,90,1.0,1.0,1.0,1.0,0.0,1.0,1.0,90,0.0,0.0,0.0,0.0,0.0,0.0,0.0,90,100.0,100.0,100.0,100.0,0.0,100.0,100.0,90,1.0,1.0,1.0,1.0,0.0,1.0,1.0,90,100.0,100.0,100.0,100.0,0.0,100.0,100.0,90,10.0,10.0,10.0,10.0,0.0,10.0,10.0,90,10.0,10.0,10.0,10.0,0.0,10.0,10.0,90,17.0,17.0,17.0,17.0,0.0,17.0,17.0,,,,,,,,
phase1,B_bookshelf,paging,paging,hierarchical,2000,library_sequential_paging,PASS,3,48,0,0,48,120.988,118.96209999999999,131.0031,122.53064583333332,4.787948014655766,116.325,135.375,48,10203.9697265625,9006.274804687499,11347.1017578125,10251.377929687542,861.708105737255,8915.3408203125,11709.696289062,48,545.3291015625,-2277.0919921875,613.5505859375,3.7610677083333335,1169.5521208528028,-2730.1298828125,690.0205078125,48,183776.0,178880.0,184185.6,182256.33333333334,2418.3006987352805,178880.0,184320.0,48,1.0,1.0,1.0,1.0,0.0,1.0,1.0,48,1.0,1.0,1.0,1.0,0.0,1.0,1.0,48,1.0,1.0,1.0,1.0,0.0,1.0,1.0,48,0.0,0.0,0.0,0.0,0.0,0.0,0.0,48,100.0,100.0,100.0,100.0,0.0,100.0,100.0,48,1.0,1.0,1.0,1.0,0.0,1.0,1.0,48,100.0,100.0,100.0,100.0,0.0,100.0,100.0,48,10.0,10.0,10.0,10.0,0.0,10.0,10.0,48,10.0,10.0,10.0,9.75,0.9784921095801633,6.0,10.0,48,17.0,17.0,17.0,17.0,0.0,17.0,17.0,,,,,,,,
phase1,B_bookshelf,paging,paging,hierarchical,2000,open_bookshelf,PASS,3,3,0,0,3,193.854,193.77800000000002,194.87560000000002,194.24800000000002,0.7661742621623371,193.759,195.131,3,17940.040039062,17910.583789062002,18119.824414062,18002.676757812,141.57938301513497,17903.219726562,18164.770507812,3,8784.1767578125,8738.5673828125,8847.4361328125,8791.530924479166,68.34038646243017,8727.1650390625,8863.2509765625,3,200768.0,186470.40000000002,202073.59999999998,195354.66666666666,10820.334437222045,182896.0,202400.0,3,1.0,1.0,1.0,1.0,0.0,1.0,1.0,3,1.0,1.0,1.0,1.0,0.0,1.0,1.0,3,1.0,1.0,1.0,1.0,0.0,1.0,1.0,3,0.0,0.0,0.0,0.0,0.0,0.0,0.0,3,100.0,100.0,100.0,100.0,0.0,100.0,100.0,3,1.0,1.0,1.0,1.0,0.0,1.0,1.0,3,100.0,100.0,100.0,100.0,0.0,100.0,100.0,,,,,,,,,,,,,,,,,3,21.0,21.0,21.0,21.0,0.0,21.0,21.0,,,,,,,,
phase1,B_bookshelf,paging,paging,hierarchical,2000,paging_probe_step_2_to_3,PASS,3,3,0,0,3,117.956,115.8872,124.668,119.89066666666668,5.738061112722078,115.37,126.346,3,9816.2607421875,9804.328710937501,9828.7544921875,9816.494791666666,15.267458828665013,9801.345703125,9831.8779296875,3,689.8740234375,655.8427734375,695.8294921875,678.17578125,26.967048087407026,647.3349609375,697.318359375,3,196576.0,183430.40000000002,196652.8,191130.66666666666,9514.853510870955,180144.0,196672.0,3,1.0,1.0,1.0,1.0,0.0,1.0,1.0,3,1.0,1.0,1.0,1.0,0.0,1.0,1.0,3,1.0,1.0,1.0,1.0,0.0,1.0,1.0,3,0.0,0.0,0.0,0.0,0.0,0.0,0.0,3,100.0,100.0,100.0,100.0,0.0,100.0,100.0,3,1.0,1.0,1.0,1.0,0.0,1.0,1.0,3,100.0,100.0,100.0,100.0,0.0,100.0,100.0,3,10.0,10.0,10.0,10.0,0.0,10.0,10.0,3,10.0,10.0,10.0,10.0,0.0,10.0,10.0,3,17.0,17.0,17.0,17.0,0.0,17.0,17.0,,,,,,,,
phase1,C_simpleui,paging,paging,flat,2000,library_cached_paging,PASS,3,90,0,0,90,114.98599999999999,113.2683,131.2652,119.00861111111111,12.980476720954664,111.014,222.651,90,16336.485351562,15146.642773436999,17510.4551757808,16324.614409722144,844.0134959430064,15046.458007812,17644.708007812,90,579.98046875,-2354.08212890625,617.3985351562501,0.23764105902777777,1185.554845214654,-2538.8359375,661.74609375,90,203712.0,202896.0,204720.0,203812.6222222222,711.7580477955609,202880.0,204720.0,90,2.0,2.0,2.0,2.011111111111111,0.10540925533894598,2.0,3.0,90,2.0,2.0,2.0,2.011111111111111,0.10540925533894598,2.0,3.0,90,1.0,1.0,1.0,1.011111111111111,0.10540925533894598,1.0,2.0,90,1.0,1.0,1.0,1.0,0.0,1.0,1.0,90,100.0,100.0,100.0,100.0,0.0,100.0,100.0,90,1.0983009708738,1.0983009708738,1.0983009708738,1.1094120819849111,0.10540925533894598,1.0983009708738,2.0983009708738,90,100.0,100.0,100.0,100.0,0.0,100.0,100.0,90,8.0,8.0,8.0,8.0,0.0,8.0,8.0,90,8.0,8.0,8.0,8.0,0.0,8.0,8.0,90,251.0,251.0,251.0,251.0,0.0,251.0,251.0,,,,,,,,
phase1,C_simpleui,paging,paging,flat,2000,library_sequential_paging,PASS,3,90,0,0,90,122.516,117.42949999999999,143.9244,129.1770888888889,21.719797266442907,114.642,235.062,90,15964.684082030999,14973.3707031246,16860.5083007812,15951.639594184013,710.8643213818762,14815.772460938,17150.807617188,90,480.51416015625,-1936.16357421875,538.70830078125,5.5484375,990.2432590928213,-2142.865234375,652.14453125,90,192832.0,190544.0,193376.0,192250.66666666666,1233.9351502636514,190544.0,193376.0,90,2.0,2.0,2.0,2.066666666666667,0.36102226891382394,2.0,4.0,90,2.0,2.0,2.0,2.066666666666667,0.36102226891382394,2.0,4.0,90,1.0,1.0,1.0,1.0666666666666667,0.36102226891382394,1.0,3.0,90,1.0,1.0,1.0,1.0,0.0,1.0,1.0,90,100.0,100.0,100.0,100.0,0.0,100.0,100.0,90,1.0983009708738,1.0983009708738,1.0983009708738,1.1649676375404667,0.36102226891382394,1.0983009708738,3.0983009708738,90,100.0,100.0,100.0,100.0,0.0,100.0,100.0,90,8.0,8.0,8.0,8.0,0.0,8.0,8.0,90,8.0,8.0,8.0,8.0,0.0,8.0,8.0,90,251.0,251.0,251.0,251.0,0.0,251.0,251.0,,,,,,,,
phase1,C_simpleui,paging,paging,flat,2000,paging_probe_step_2_to_3,PASS,3,3,0,0,3,140.741,139.6954,141.71540000000002,140.71133333333333,1.2627613920821863,139.434,141.959,3,15050.165039062,15045.927539062,15069.096289062,15056.287434895334,15.420660597871272,15044.868164062,15073.829101562,3,-2044.015625,-2052.5398437500003,-2002.36484375,-2030.212890625,33.56034874015361,-2054.6708984375,-1991.9521484375,3,202016.0,200121.60000000003,202681.6,201504.0,1660.3035866973244,199648.0,202848.0,3,2.0,2.0,2.0,2.0,0.0,2.0,2.0,3,2.0,2.0,2.0,2.0,0.0,2.0,2.0,3,1.0,1.0,1.0,1.0,0.0,1.0,1.0,3,1.0,1.0,1.0,1.0,0.0,1.0,1.0,3,100.0,100.0,100.0,100.0,0.0,100.0,100.0,3,1.0983009708738,1.0983009708738,1.0983009708738,1.0983009708738,0.0,1.0983009708738,1.0983009708738,3,100.0,100.0,100.0,100.0,0.0,100.0,100.0,3,8.0,8.0,8.0,8.0,0.0,8.0,8.0,3,8.0,8.0,8.0,8.0,0.0,8.0,8.0,3,251.0,251.0,251.0,251.0,0.0,251.0,251.0,,,,,,,,
phase1,C_simpleui,paging,paging,hierarchical,2000,library_cached_paging,PASS,3,90,0,0,90,115.15299999999999,113.1198,127.24680000000001,117.1862,5.340825021905019,111.165,129.636,90,14378.313476562,13179.743554687,15525.0977539058,14367.363606770767,838.7377428816363,13117.969726562,15632.26953125,90,580.6220703125,-2360.223046875,617.5701171875,-1.4835069444444444,1185.2623637346355,-2487.833984375,681.7021484375,90,198464.0,198288.0,198768.0,198499.3777777778,202.87542963617457,198272.0,198768.0,90,2.0,2.0,2.0,2.0,0.0,2.0,2.0,90,2.0,2.0,2.0,2.0,0.0,2.0,2.0,90,1.0,1.0,1.0,1.0,0.0,1.0,1.0,90,1.0,1.0,1.0,1.0,0.0,1.0,1.0,90,100.0,100.0,100.0,100.0,0.0,100.0,100.0,90,1.0983009708738,1.0983009708738,1.0983009708738,1.0983009708738,0.0,1.0983009708738,1.0983009708738,90,100.0,100.0,100.0,100.0,0.0,100.0,100.0,90,8.0,8.0,8.0,8.0,0.0,8.0,8.0,90,8.0,8.0,8.0,8.0,0.0,8.0,8.0,90,21.0,21.0,21.0,21.0,0.0,21.0,21.0,,,,,,,,
phase1,C_simpleui,paging,paging,hierarchical,2000,library_sequential_paging,PASS,3,60,0,0,60,121.7325,118.19109999999999,138.0179,124.38386666666666,6.924392638033296,116.513,139.953,60,13926.34765625,12964.572070313,14885.564453125,13917.991243489667,676.972034613136,12928.717773438,15016.076171875,60,464.439453125,-1955.4793945312501,506.59189453125,-13.821533203125,975.119564772697,-2043.5146484375,559.4658203125,60,190624.0,188464.0,191040.0,190042.66666666666,1138.659733502755,188464.0,191040.0,60,2.0,2.0,2.0,2.0,0.0,2.0,2.0,60,2.0,2.0,2.0,2.0,0.0,2.0,2.0,60,1.0,1.0,1.0,1.0,0.0,1.0,1.0,60,1.0,1.0,1.0,1.0,0.0,1.0,1.0,60,100.0,100.0,100.0,100.0,0.0,100.0,100.0,60,1.0983009708738,1.0983009708738,1.0983009708738,1.0983009708738,0.0,1.0983009708738,1.0983009708738,60,100.0,100.0,100.0,100.0,0.0,100.0,100.0,60,8.0,8.0,8.0,8.0,0.0,8.0,8.0,60,8.0,8.0,8.0,7.85,0.6593525329532484,5.0,8.0,60,21.0,21.0,21.0,21.0,0.0,21.0,21.0,,,,,,,,
phase1,C_simpleui,paging,paging,hierarchical,2000,paging_probe_step_2_to_3,PASS,3,3,0,0,3,113.184,113.0232,113.45920000000001,113.23166666666667,0.27560902259057873,112.983,113.528,3,13690.916015625,13679.9683593746,13698.180859374601,13689.381510416331,11.460124348658937,13677.231445312,13699.997070312,3,584.271484375,583.2355468750001,594.161328125,587.9606119791666,7.539045443869685,582.9765625,596.6337890625,3,198176.0,198112.00000000003,198188.8,198154.66666666666,51.432804058629095,198096.0,198192.0,3,2.0,2.0,2.0,2.0,0.0,2.0,2.0,3,2.0,2.0,2.0,2.0,0.0,2.0,2.0,3,1.0,1.0,1.0,1.0,0.0,1.0,1.0,3,1.0,1.0,1.0,1.0,0.0,1.0,1.0,3,100.0,100.0,100.0,100.0,0.0,100.0,100.0,3,1.0983009708738,1.0983009708738,1.0983009708738,1.0983009708738,0.0,1.0983009708738,1.0983009708738,3,100.0,100.0,100.0,100.0,0.0,100.0,100.0,3,8.0,8.0,8.0,8.0,0.0,8.0,8.0,3,8.0,8.0,8.0,8.0,0.0,8.0,8.0,3,21.0,21.0,21.0,21.0,0.0,21.0,21.0,,,,,,,,
phase1,D_zenos,paging,paging,flat,2000,library_cached_paging,PASS,3,90,0,0,90,110.9585,109.81819999999999,131.0303,115.97433333333333,14.7023329288437,109.364,231.951,90,20972.834960938,20244.614648437,21687.3483398438,20961.197135416613,521.2103192441651,20161.036132812,21769.698242188,90,355.7939453125,-1452.09443359375,383.54013671875003,-0.9828125,732.3053793723666,-1565.9189453125,406.0283203125,90,211888.0,211040.0,215760.0,212896.0,2066.041321361466,211040.0,215760.0,90,1.0,1.0,1.0,1.011111111111111,0.10540925533894598,1.0,2.0,90,1.0,1.0,1.0,1.011111111111111,0.10540925533894598,1.0,2.0,90,1.0,1.0,1.0,1.0,0.0,1.0,1.0,90,0.0,0.0,0.0,0.011111111111111112,0.10540925533894598,0.0,1.0,90,100.0,100.0,100.0,100.0,0.0,100.0,100.0,90,1.0,1.0,1.0,1.0004921790722767,0.00466922065518871,1.0,1.0442961165049,90,100.0,100.0,100.0,100.0,0.0,100.0,100.0,90,5.0,5.0,5.0,5.0,0.0,5.0,5.0,90,5.0,5.0,5.0,5.0,0.0,5.0,5.0,90,400.0,400.0,400.0,400.0,0.0,400.0,400.0,,,,,,,,
phase1,D_zenos,paging,paging,flat,2000,library_sequential_paging,PASS,3,90,0,0,90,111.5335,109.94369999999999,134.09400000000002,116.57787777777777,9.97555433375974,109.512,139.499,90,21197.760253906003,20228.487695312004,22380.411035156303,22025.97303602422,3604.858774008535,20027.778320312,37839.541992188,90,388.7421875,-1845.8956054687496,418.21279296875,-341.68661024305555,4872.797708165785,-16657.638671875,16480.077148438,90,203600.0,197744.0,215760.0,206454.04444444444,6022.887082370984,197744.0,215760.0,90,1.0,1.0,1.0,1.0,0.0,1.0,1.0,90,1.0,1.0,1.0,1.0,0.0,1.0,1.0,90,1.0,1.0,1.0,1.0,0.0,1.0,1.0,90,0.0,0.0,0.0,0.0,0.0,0.0,0.0,90,100.0,100.0,100.0,100.0,0.0,100.0,100.0,90,1.0,1.0,1.0,1.0,0.0,1.0,1.0,90,100.0,100.0,100.0,100.0,0.0,100.0,100.0,90,5.0,5.0,5.0,5.0,0.0,5.0,5.0,90,5.0,5.0,5.0,5.0,0.0,5.0,5.0,90,400.0,400.0,400.0,400.0,0.0,400.0,400.0,,,,,,,,
phase1,D_zenos,paging,paging,flat,2000,paging_probe_step_2_to_3,PASS,3,3,0,0,3,131.247,127.94460000000001,133.6958,130.89133333333334,3.6076729803757592,127.119,134.308,3,20206.375976562,20126.016601562005,20222.519726562,20179.619466145334,64.61243218627291,20105.926757812,20226.555664062,3,-1682.6103515625,-1738.6298828125002,-1621.5548828125,-1680.5120442708333,73.19443599846454,-1752.634765625,-1606.291015625,3,211040.0,210233.6,214816.0,212277.33333333334,3057.8981888436597,210032.0,215760.0,3,1.0,1.0,1.0,1.0,0.0,1.0,1.0,3,1.0,1.0,1.0,1.0,0.0,1.0,1.0,3,1.0,1.0,1.0,1.0,0.0,1.0,1.0,3,0.0,0.0,0.0,0.0,0.0,0.0,0.0,3,100.0,100.0,100.0,100.0,0.0,100.0,100.0,3,1.0,1.0,1.0,1.0,0.0,1.0,1.0,3,100.0,100.0,100.0,100.0,0.0,100.0,100.0,3,5.0,5.0,5.0,5.0,0.0,5.0,5.0,3,5.0,5.0,5.0,5.0,0.0,5.0,5.0,3,400.0,400.0,400.0,400.0,0.0,400.0,400.0,,,,,,,,
phase1,D_zenos,paging,paging,hierarchical,2000,library_cached_paging,PASS,3,90,0,0,90,111.0305,109.825,124.8324,113.7580111111111,6.019084174793201,108.913,133.638,90,15642.59375,14908.413867187,16400.0072265625,15648.73040364579,525.7284200376915,14841.887695312,16459.051757812,90,354.95703125,-1500.12333984375,396.87587890625,-2.201291232638889,740.6566537968457,-1593.7021484375,419.7646484375,90,202144.0,202000.0,203440.0,202528.0,651.1831927820294,202000.0,203440.0,90,1.0,1.0,1.0,1.0,0.0,1.0,1.0,90,1.0,1.0,1.0,1.0,0.0,1.0,1.0,90,1.0,1.0,1.0,1.0,0.0,1.0,1.0,90,0.0,0.0,0.0,0.0,0.0,0.0,0.0,90,100.0,100.0,100.0,100.0,0.0,100.0,100.0,90,1.0,1.0,1.0,1.0,0.0,1.0,1.0,90,100.0,100.0,100.0,100.0,0.0,100.0,100.0,90,5.0,5.0,5.0,5.0,0.0,5.0,5.0,90,5.0,5.0,5.0,5.0,0.0,5.0,5.0,90,33.0,33.0,33.0,33.0,0.0,33.0,33.0,,,,,,,,
phase1,D_zenos,paging,paging,hierarchical,2000,library_sequential_paging,PASS,3,90,0,0,90,111.1505,110.0,124.2864,113.8202111111111,5.6568963569375725,108.92,128.14,90,15601.184570312,14811.074804687001,16413.345117187,15672.93898654498,717.8193878521952,14706.461914062,17596.829101562,90,384.99951171875,-1592.98974609375,421.69052734375,-37.22651909722222,1016.936477649649,-2810.30078125,1658.3623046875,90,193632.0,191424.0,193888.0,192981.33333333334,1112.3462398477243,191424.0,193888.0,90,1.0,1.0,1.0,1.0,0.0,1.0,1.0,90,1.0,1.0,1.0,1.0,0.0,1.0,1.0,90,1.0,1.0,1.0,1.0,0.0,1.0,1.0,90,0.0,0.0,0.0,0.0,0.0,0.0,0.0,90,100.0,100.0,100.0,100.0,0.0,100.0,100.0,90,1.0,1.0,1.0,1.0,0.0,1.0,1.0,90,100.0,100.0,100.0,100.0,0.0,100.0,100.0,90,5.0,5.0,5.0,5.0,0.0,5.0,5.0,90,5.0,5.0,5.0,5.0,0.0,5.0,5.0,90,33.0,33.0,33.0,33.0,0.0,33.0,33.0,,,,,,,,
phase1,D_zenos,paging,paging,hierarchical,2000,paging_probe_step_2_to_3,PASS,3,3,0,0,3,125.174,123.134,130.6836,126.61966666666667,4.881772867855835,122.624,132.061,3,14931.098632812,14857.554882812,14936.911132812,14902.877278645334,55.292505176954045,14839.168945312,14938.364257812,3,-1500.0224609375,-1616.3802734375001,-1472.5654296875,-1537.064453125,95.43723174171744,-1645.4697265625,-1465.701171875,3,200480.0,199622.40000000002,200966.40000000002,200325.33333333334,850.612328463051,199408.0,201088.0,3,1.0,1.0,1.0,1.0,0.0,1.0,1.0,3,1.0,1.0,1.0,1.0,0.0,1.0,1.0,3,1.0,1.0,1.0,1.0,0.0,1.0,1.0,3,0.0,0.0,0.0,0.0,0.0,0.0,0.0,3,100.0,100.0,100.0,100.0,0.0,100.0,100.0,3,1.0,1.0,1.0,1.0,0.0,1.0,1.0,3,100.0,100.0,100.0,100.0,0.0,100.0,100.0,3,5.0,5.0,5.0,5.0,0.0,5.0,5.0,3,5.0,5.0,5.0,5.0,0.0,5.0,5.0,3,33.0,33.0,33.0,33.0,0.0,33.0,33.0,,,,,,,,
phase1,E_project_title,paging,paging,flat,2000,library_cached_paging,PASS,3,90,0,0,90,112.3445,110.77040000000001,114.02870000000001,112.4430888888889,1.5601684340390258,109.554,118.485,90,23429.9609375,16041.444238281201,28557.233300781205,22596.737369791677,4670.387890206184,14116.094726562,30908.635742188,90,646.7734375,597.103515625,677.61689453125,71.82595486111111,2351.9891236940443,-13020.041015625,688.6962890625,90,207600.0,205712.0,211776.0,208154.84444444443,2237.9545431773945,203984.0,211776.0,90,1.0,1.0,1.0,1.0,0.0,1.0,1.0,90,1.0,1.0,1.0,1.0,0.0,1.0,1.0,90,1.0,1.0,1.0,1.0,0.0,1.0,1.0,90,0.0,0.0,0.0,0.0,0.0,0.0,0.0,90,100.0,100.0,100.0,100.0,0.0,100.0,100.0,90,1.0,1.0,1.0,1.0,0.0,1.0,1.0,90,100.0,100.0,100.0,100.0,0.0,100.0,100.0,90,14.0,14.0,14.0,14.0,0.0,14.0,14.0,90,14.0,14.0,14.0,14.0,0.0,14.0,14.0,90,143.0,143.0,143.0,143.0,0.0,143.0,143.0,,,,,,,,
phase1,E_project_title,paging,paging,flat,2000,library_sequential_paging,PASS,3,90,0,0,90,112.589,111.3764,114.57000000000001,112.78825555555555,1.4528019000964463,110.092,118.601,90,18394.459960937,14355.4184570312,24388.067480468806,18759.370583767377,3687.023096363394,12929.706054688,26448.30078125,90,679.5068359375,623.6869140625,745.52060546875,259.2951931423667,2276.6320808116175,-12103.833984375,793.15625,90,189488.0,184752.0,192960.0,189054.57777777777,2991.4867258541026,184352.0,192960.0,90,1.0,1.0,1.0,1.0,0.0,1.0,1.0,90,1.0,1.0,1.0,1.0,0.0,1.0,1.0,90,1.0,1.0,1.0,1.0,0.0,1.0,1.0,90,0.0,0.0,0.0,0.0,0.0,0.0,0.0,90,100.0,100.0,100.0,100.0,0.0,100.0,100.0,90,1.0,1.0,1.0,1.0,0.0,1.0,1.0,90,100.0,100.0,100.0,100.0,0.0,100.0,100.0,90,14.0,14.0,14.0,14.0,0.0,14.0,14.0,90,14.0,14.0,14.0,14.0,0.0,14.0,14.0,90,143.0,143.0,143.0,143.0,0.0,143.0,143.0,,,,,,,,
phase1,E_project_title,paging,paging,flat,2000,paging_probe_step_2_to_3,PASS,3,3,0,0,3,112.178,110.51079999999999,113.5244,112.04433333333333,1.8870538766376947,110.094,113.861,3,21385.684570312,21186.6861328128,21727.325976562403,21445.119140625,341.7977400670833,21136.936523438,21812.736328125,3,638.2666015625,632.4806640625,660.9025390625001,645.2874348958334,18.775439116129863,631.0341796875,666.5615234375,3,203232.0,202451.2,204025.6,203237.33333333334,984.0108400486924,202256.0,204224.0,3,1.0,1.0,1.0,1.0,0.0,1.0,1.0,3,1.0,1.0,1.0,1.0,0.0,1.0,1.0,3,1.0,1.0,1.0,1.0,0.0,1.0,1.0,3,0.0,0.0,0.0,0.0,0.0,0.0,0.0,3,100.0,100.0,100.0,100.0,0.0,100.0,100.0,3,1.0,1.0,1.0,1.0,0.0,1.0,1.0,3,100.0,100.0,100.0,100.0,0.0,100.0,100.0,3,14.0,14.000000000000002,14.0,14.0,0.0,14.0,14.0,3,14.0,14.000000000000002,14.0,14.0,0.0,14.0,14.0,3,143.0,143.0,143.0,143.0,0.0,143.0,143.0,,,,,,,,
phase1,E_project_title,paging,paging,hierarchical,2000,library_cached_paging,PASS,3,90,0,0,90,112.0865,110.6978,114.0543,112.34098888888889,1.3730750079304652,110.247,117.876,90,16807.724609375,12810.6148437496,21516.353320312497,16955.409657118067,3242.392461440551,10408.751953125,23862.709960938,90,663.22900390625,615.6004882812499,699.6866210937501,225.48394097222223,2029.5283732773446,-12449.59765625,741.5341796875,90,201424.0,197808.0,203168.0,200841.42222222223,1727.3638353645545,197808.0,203168.0,90,1.0,1.0,1.0,1.0,0.0,1.0,1.0,90,1.0,1.0,1.0,1.0,0.0,1.0,1.0,90,1.0,1.0,1.0,1.0,0.0,1.0,1.0,90,0.0,0.0,0.0,0.0,0.0,0.0,0.0,90,100.0,100.0,100.0,100.0,0.0,100.0,100.0,90,1.0,1.0,1.0,1.0,0.0,1.0,1.0,90,100.0,100.0,100.0,100.0,0.0,100.0,100.0,90,14.0,14.0,14.0,14.0,0.0,14.0,14.0,90,14.0,14.0,14.0,14.0,0.0,14.0,14.0,90,12.0,12.0,12.0,12.0,0.0,12.0,12.0,,,,,,,,
phase1,E_project_title,paging,paging,hierarchical,2000,library_sequential_paging,PASS,3,33,0,0,33,112.283,111.1382,113.8218,112.36775757575758,1.0417966161367278,110.65,114.564,33,15034.140625,12316.120507812,17924.474218750398,15101.878847064423,2181.7644080767814,11631.16796875,18567.9296875,33,677.724609375,630.6591796875,721.0792968750001,675.6397372159091,37.7069707738708,588.8583984375,763.669921875,33,184032.0,179622.40000000002,185033.6,183158.30303030304,2000.187748763358,179568.0,187152.0,33,1.0,1.0,1.0,1.0,0.0,1.0,1.0,33,1.0,1.0,1.0,1.0,0.0,1.0,1.0,33,1.0,1.0,1.0,1.0,0.0,1.0,1.0,33,0.0,0.0,0.0,0.0,0.0,0.0,0.0,33,100.0,100.0,100.0,100.0,0.0,100.0,100.0,33,1.0,1.0,1.0,1.0,0.0,1.0,1.0,33,100.0,100.0,100.0,100.0,0.0,100.0,100.0,33,14.0,14.0,14.0,14.0,0.0,14.0,14.0,33,14.0,14.0,14.0,13.818181818181818,0.5838742081211422,12.0,14.0,33,12.0,12.0,12.0,12.0,0.0,12.0,12.0,,,,,,,,
phase1,E_project_title,paging,paging,hierarchical,2000,paging_probe_step_2_to_3,PASS,3,3,0,0,3,112.801,112.2354,113.2114,112.73633333333333,0.6125653706612325,112.094,113.314,3,19597.611328125,19475.0542968746,19625.105078125,19558.001627604,99.85845340591882,19444.415039062,19631.978515625,3,347.3369140625,323.8478515625,548.8353515625,421.5074869791667,154.59349545016465,317.9755859375,599.2099609375,3,195872.0,191558.4,197395.2,194709.33333333334,3784.408716475182,190480.0,197776.0,3,1.0,1.0,1.0,1.0,0.0,1.0,1.0,3,1.0,1.0,1.0,1.0,0.0,1.0,1.0,3,1.0,1.0,1.0,1.0,0.0,1.0,1.0,3,0.0,0.0,0.0,0.0,0.0,0.0,0.0,3,100.0,100.0,100.0,100.0,0.0,100.0,100.0,3,1.0,1.0,1.0,1.0,0.0,1.0,1.0,3,100.0,100.0,100.0,100.0,0.0,100.0,100.0,3,14.0,14.000000000000002,14.0,14.0,0.0,14.0,14.0,3,14.0,14.000000000000002,14.0,14.0,0.0,14.0,14.0,3,12.0,12.000000000000002,12.0,12.0,0.0,12.0,12.0,,,,,,,,
phase1,F_vos,paging,paging,flat,2000,library_cached_paging,PASS,3,90,0,0,90,116.274,114.2346,126.4405,118.0252,4.779925471188057,112.202,130.812,90,13551.2021484375,12114.186914063,14958.5878906246,13557.320757378578,1017.9718805176499,12048.905273438,15207.09765625,90,702.908203125,-2852.192578125,748.0211914062501,-1.6113498263888888,1439.9155792151992,-3045.2861328125,803.646484375,90,200176.0,197712.0,202368.0,200085.33333333334,1912.5398137884197,197712.0,202368.0,90,3.0,3.0,3.0,3.0,0.0,3.0,3.0,90,3.0,3.0,3.0,3.0,0.0,3.0,3.0,90,1.0,1.0,1.0,1.0,0.0,1.0,1.0,90,2.0,2.0,2.0,2.0,0.0,2.0,2.0,90,100.0,100.0,100.0,100.0,0.0,100.0,100.0,90,1.1917475728155,1.1917475728155,1.1917475728155,1.1917475728155,0.0,1.1917475728155,1.1917475728155,90,100.0,100.0,100.0,100.0,0.0,100.0,100.0,90,10.0,10.0,10.0,10.0,0.0,10.0,10.0,90,10.0,10.0,10.0,10.0,0.0,10.0,10.0,90,200.0,200.0,200.0,200.0,0.0,200.0,200.0,,,,,,,,
phase1,F_vos,paging,paging,flat,2000,library_sequential_paging,PASS,3,90,0,0,90,121.009,118.7171,135.0337,123.51012222222222,6.179852139658355,115.487,137.51,90,13122.683105469001,11961.009570313,14266.345214844201,13110.185167100833,824.1027138082358,11837.334960938,14374.135742188,90,561.1083984375,-2307.1002929687497,622.18681640625,-2.5424153645833334,1164.2236959688744,-2525.2333984375,637.1455078125,90,186528.0,185792.0,191040.0,187786.66666666666,2332.9911359560365,185792.0,191040.0,90,3.0,3.0,3.0,3.0,0.0,3.0,3.0,90,3.0,3.0,3.0,3.0,0.0,3.0,3.0,90,1.0,1.0,1.0,1.0,0.0,1.0,1.0,90,2.0,2.0,2.0,2.0,0.0,2.0,2.0,90,100.0,100.0,100.0,100.0,0.0,100.0,100.0,90,1.1917475728155,1.1917475728155,1.1917475728155,1.1917475728155,0.0,1.1917475728155,1.1917475728155,90,100.0,100.0,100.0,100.0,0.0,100.0,100.0,90,10.0,10.0,10.0,10.0,0.0,10.0,10.0,90,10.0,10.0,10.0,10.0,0.0,10.0,10.0,90,200.0,200.0,200.0,200.0,0.0,200.0,200.0,,,,,,,,
phase1,F_vos,paging,paging,flat,2000,paging_probe_step_2_to_3,PASS,3,3,0,0,3,125.419,123.3006,125.58539999999999,124.60566666666666,1.592267984145045,122.771,125.627,3,14507.015625,14488.846875000001,14515.6640625,14503.048828125,17.10918135860026,14484.3046875,14517.826171875,3,649.0048828125,621.8986328125,670.9767578125,646.8655598958334,30.72972923324207,615.1220703125,676.4697265625,3,198944.0,196307.2,200979.2,198693.33333333334,2928.0582872158357,195648.0,201488.0,3,3.0,3.0000000000000004,3.0,3.0,0.0,3.0,3.0,3,3.0,3.0000000000000004,3.0,3.0,0.0,3.0,3.0,3,1.0,1.0,1.0,1.0,0.0,1.0,1.0,3,2.0,2.0,2.0,2.0,0.0,2.0,2.0,3,100.0,100.0,100.0,100.0,0.0,100.0,100.0,3,1.1917475728155,1.1917475728155,1.1917475728155,1.1917475728155,0.0,1.1917475728155,1.1917475728155,3,100.0,100.0,100.0,100.0,0.0,100.0,100.0,3,10.0,10.0,10.0,10.0,0.0,10.0,10.0,3,10.0,10.0,10.0,10.0,0.0,10.0,10.0,3,200.0,200.0,200.0,200.0,0.0,200.0,200.0,,,,,,,,
phase1,F_vos,paging,paging,hierarchical,2000,library_cached_paging,PASS,3,90,0,0,90,115.7905,114.26429999999999,124.4605,117.29666666666668,3.8934575691403936,113.265,129.628,90,11311.858398437,9884.004101562501,12724.3528320312,11293.298632812444,1017.7747643829698,9733.8154296875,12834.524414062,90,703.04541015625,-2856.57353515625,743.84716796875,-2.011848958333333,1436.5179652320126,-2939.1611328125,772.248046875,90,196400.0,194272.0,198624.0,196424.35555555555,1778.3205453594244,194272.0,198624.0,90,3.0,3.0,3.0,3.0,0.0,3.0,3.0,90,3.0,3.0,3.0,3.0,0.0,3.0,3.0,90,1.0,1.0,1.0,1.0,0.0,1.0,1.0,90,2.0,2.0,2.0,2.0,0.0,2.0,2.0,90,100.0,100.0,100.0,100.0,0.0,100.0,100.0,90,1.1953883495146,1.1953883495146,1.1953883495146,1.1953883495146,0.0,1.1953883495146,1.1953883495146,90,100.0,100.0,100.0,100.0,0.0,100.0,100.0,90,10.0,10.0,10.0,10.0,0.0,10.0,10.0,90,10.0,10.0,10.0,10.0,0.0,10.0,10.0,90,17.0,17.0,17.0,17.0,0.0,17.0,17.0,,,,,,,,
phase1,F_vos,paging,paging,hierarchical,2000,library_sequential_paging,PASS,3,48,0,0,48,120.47800000000001,117.6538,130.41910000000001,121.97337499999999,4.669997000431859,115.572,134.348,48,10902.1357421875,9711.5552734375,12029.0868164059,10955.301411946615,912.4007001468572,9594.9091796875,12797.482421875,48,563.2294921875,-2310.39052734375,602.17021484375,-26.473856608072918,1235.9795215404565,-3126.2607421875,624.978515625,48,183392.0,182944.0,186688.0,184341.33333333334,1687.0589962231875,182944.0,186688.0,48,3.0,3.0,3.0,3.0,0.0,3.0,3.0,48,3.0,3.0,3.0,3.0,0.0,3.0,3.0,48,1.0,1.0,1.0,1.0,0.0,1.0,1.0,48,2.0,2.0,2.0,2.0,0.0,2.0,2.0,48,100.0,100.0,100.0,100.0,0.0,100.0,100.0,48,1.1953883495146,1.1953883495146,1.1953883495146,1.1953883495146,0.0,1.1953883495146,1.1953883495146,48,100.0,100.0,100.0,100.0,0.0,100.0,100.0,48,10.0,10.0,10.0,10.0,0.0,10.0,10.0,48,10.0,10.0,10.0,9.6875,1.223115136975204,5.0,10.0,48,17.0,17.0,17.0,17.0,0.0,17.0,17.0,,,,,,,,
phase1,F_vos,paging,paging,hierarchical,2000,paging_probe_step_2_to_3,PASS,3,3,0,0,3,116.094,115.42680000000001,116.89320000000001,116.149,0.9177368903994211,115.26,117.093,3,10570.390625,10528.061718750401,10583.764843750401,10558.326171875333,36.348444509920625,10517.479492188,10587.108398438,3,748.50390625,722.6078125,749.76640625,738.2399088541666,19.160715508861973,716.1337890625,750.08203125,3,194272.0,193683.2,194502.4,194122.66666666666,528.0808018980933,193536.0,194560.0,3,3.0,3.0000000000000004,3.0,3.0,0.0,3.0,3.0,3,3.0,3.0000000000000004,3.0,3.0,0.0,3.0,3.0,3,1.0,1.0,1.0,1.0,0.0,1.0,1.0,3,2.0,2.0,2.0,2.0,0.0,2.0,2.0,3,100.0,100.0,100.0,100.0,0.0,100.0,100.0,3,1.1953883495146,1.1953883495146,1.1953883495146,1.1953883495146,0.0,1.1953883495146,1.1953883495146,3,100.0,100.0,100.0,100.0,0.0,100.0,100.0,3,10.0,10.0,10.0,10.0,0.0,10.0,10.0,3,10.0,10.0,10.0,10.0,0.0,10.0,10.0,3,17.0,17.0,17.0,17.0,0.0,17.0,17.0,,,,,,,,
phase1,G_simpleui_bookshelf,paging,paging,flat,2000,bookshelf_cached_paging,PASS,3,90,0,0,90,975.185,973.3667,978.0946,976.772788888889,12.761190062406559,971.42,1094.798,90,37434.498046875,25920.671875,48270.5018554687,37185.793880208315,8143.587360900754,23255.41015625,51059.403320312,90,904.4580078125,823.66650390625,951.02001953125,-44.22451171874446,3913.8728389506937,-21602.622070312,985.30859375,90,247040.0,240432.0,248784.0,245418.66666666666,3617.422013322735,240432.0,248784.0,90,0.0,0.0,0.0,0.011111111111111112,0.10540925533894598,0.0,1.0,90,8.0,8.0,8.0,8.011111111111111,0.10540925533894598,8.0,9.0,90,0.0,0.0,0.0,0.011111111111111112,0.10540925533894598,0.0,1.0,90,8.0,8.0,8.0,8.0,0.0,8.0,8.0,90,64.563106796117,64.563106796117,64.563106796117,64.95685005393791,3.7353765241470627,64.563106796117,100.0,90,1.2102970748107,1.2102970748107,1.2102970748107,1.221408185921811,0.10540925533894598,1.2102970748107,2.2102970748107,90,64.563106796117,64.563106796117,64.563106796117,64.95685005393791,3.7353765241470627,64.563106796117,100.0,90,8.0,8.0,8.0,8.0,0.0,8.0,8.0,90,8.0,8.0,8.0,8.0,0.0,8.0,8.0,90,250.0,250.0,250.0,250.0,0.0,250.0,250.0,,,,,,,,
phase1,G_simpleui_bookshelf,paging,paging,flat,2000,bookshelf_cached_paging_anim_off,PASS,3,90,0,0,90,112.89699999999999,111.6438,114.9954,113.33752222222223,2.155392705050235,110.626,123.685,90,38238.466796875,25949.141308593702,48071.6200195317,37262.75851779513,8215.911540084531,23333.053710938,50721.525390625,90,855.9326171875,806.6537109375,919.3095703125,-81.83261718751666,3673.984967311015,-19584.698242188,1018.2412109375,90,247040.0,240432.0,248784.0,245418.66666666666,3617.422013322735,240432.0,248784.0,90,1.0,1.0,1.0,1.0,0.0,1.0,1.0,90,1.0,1.0,1.0,1.0,0.0,1.0,1.0,90,0.0,0.0,0.0,0.0,0.0,0.0,0.0,90,1.0,1.0,1.0,1.0,0.0,1.0,1.0,90,64.563106796117,64.563106796117,64.563106796117,64.563106796117,0.0,64.563106796117,64.563106796117,90,0.64563106796117,0.64563106796117,0.64563106796117,0.64563106796117,0.0,0.64563106796117,0.64563106796117,90,64.563106796117,64.563106796117,64.563106796117,64.563106796117,0.0,64.563106796117,64.563106796117,90,8.0,8.0,8.0,8.0,0.0,8.0,8.0,90,8.0,8.0,8.0,8.0,0.0,8.0,8.0,90,250.0,250.0,250.0,250.0,0.0,250.0,250.0,,,,,,,,
phase1,G_simpleui_bookshelf,paging,paging,flat,2000,bookshelf_sequential_paging,PASS,3,90,0,0,90,1123.42,1112.1152000000002,1136.2177,1115.8191666666667,36.440706812805566,979.974,1148.921,90,33854.7622070315,24736.873242187005,46239.64980468801,34375.568858506864,8299.346582459206,20457.438476562,50241.606445312,90,2961.57666015625,-6100.735156250046,3324.7122070312503,289.2367838541611,7472.906399312642,-24948.6484375,3609.3955078125,90,240432.0,222281.6,246704.0,237542.04444444444,8917.959342218554,216016.0,247040.0,90,1.0,1.0,1.0,0.9444444444444444,0.2748282859651492,0.0,2.0,90,9.0,9.0,9.0,8.944444444444445,0.2748282859651492,8.0,10.0,90,0.0,0.0,0.0,0.011111111111111112,0.10540925533894598,0.0,1.0,90,9.0,9.0,9.0,8.933333333333334,0.25084128112136317,8.0,9.0,90,64.563106796117,64.563106796117,64.563106796117,64.95685005393791,3.7353765241470627,64.563106796117,100.0,90,1.8559281427719,1.8559281427719,1.8559281427719,1.823997182685598,0.1957203375266434,1.2102970748107,2.8559281427719,90,64.563106796117,64.563106796117,64.563106796117,64.95685005393791,3.7353765241470627,64.563106796117,100.0,90,8.0,8.0,8.0,8.0,0.0,8.0,8.0,90,8.0,8.0,8.0,8.0,0.0,8.0,8.0,90,250.0,250.0,250.0,250.0,0.0,250.0,250.0,,,,,,,,
phase1,G_simpleui_bookshelf,paging,paging,flat,2000,bookshelf_sequential_paging_anim_off,PASS,3,90,0,0,90,119.459,116.86670000000001,121.8853,119.56344444444443,2.8101558360207712,112.05,129.209,90,35892.5361328125,26837.287890625,47082.99003906301,36428.74294704863,7485.790183786519,24063.602539062,49552.962890625,90,948.39013671875,848.17783203125,1018.4927734375,44.63631727430002,3601.516944318046,-20013.768554688,1092.400390625,90,247040.0,240432.0,248784.0,245418.66666666666,3617.422013322735,240432.0,248784.0,90,1.0,1.0,1.0,1.0,0.0,1.0,1.0,90,1.0,1.0,1.0,1.0,0.0,1.0,1.0,90,0.0,0.0,0.0,0.0,0.0,0.0,0.0,90,1.0,1.0,1.0,1.0,0.0,1.0,1.0,90,64.563106796117,64.563106796117,64.563106796117,64.563106796117,0.0,64.563106796117,64.563106796117,90,0.64563106796117,0.64563106796117,0.64563106796117,0.64563106796117,0.0,0.64563106796117,0.64563106796117,90,64.563106796117,64.563106796117,64.563106796117,64.563106796117,0.0,64.563106796117,64.563106796117,90,8.0,8.0,8.0,8.0,0.0,8.0,8.0,90,8.0,8.0,8.0,8.0,0.0,8.0,8.0,90,250.0,250.0,250.0,250.0,0.0,250.0,250.0,,,,,,,,
phase1,G_simpleui_bookshelf,paging,paging,flat,2000,close_bookshelf,PASS,3,3,0,0,3,225.525,224.88100000000003,225.7578,225.35366666666667,0.5677326248625635,224.72,225.816,3,32903.796875,31501.6054687504,33477.086718750405,32558.421223958667,1270.3887358027348,31151.057617188,33620.409179688,3,704.1259765625,662.1158203125,717.1361328125,692.0426432291666,35.944662986856166,651.61328125,720.388671875,3,247040.0,244006.40000000002,248435.2,246357.33333333334,2830.432711324071,243248.0,248784.0,3,6.0,6.000000000000001,6.0,6.0,0.0,6.0,6.0,3,6.0,6.000000000000001,6.0,6.0,0.0,6.0,6.0,3,5.0,5.0,5.0,5.0,0.0,5.0,5.0,3,1.0,1.0,1.0,1.0,0.0,1.0,1.0,3,100.0,100.0,100.0,100.0,0.0,100.0,100.0,3,5.0625,5.0625,5.0625,5.0625,0.0,5.0625,5.0625,3,100.0,100.0,100.0,100.0,0.0,100.0,100.0,,,,,,,,,,,,,,,,,,,,,,,,,,,,,,,,
phase1,G_simpleui_bookshelf,paging,paging,flat,2000,library_cached_paging,PASS,3,90,0,0,90,115.12950000000001,113.24440000000001,130.6551,118.98781111111111,12.874283813303679,111.376,222.867,90,16453.2353515625,15246.36875,17644.9627929683,16440.758387586822,854.3180602177886,15171.806640625,17773.52734375,90,583.796875,-2388.1640625,619.63701171875,-0.44809027777777777,1199.0109037320365,-2589.587890625,691.9619140625,90,202496.0,201152.0,204960.0,202869.33333333334,1585.6978756399305,201152.0,204960.0,90,2.0,2.0,2.0,2.011111111111111,0.10540925533894598,2.0,3.0,90,2.0,2.0,2.0,2.011111111111111,0.10540925533894598,2.0,3.0,90,1.0,1.0,1.0,1.011111111111111,0.10540925533894598,1.0,2.0,90,1.0,1.0,1.0,1.0,0.0,1.0,1.0,90,100.0,100.0,100.0,100.0,0.0,100.0,100.0,90,1.0983009708738,1.0983009708738,1.0983009708738,1.1094120819849111,0.10540925533894598,1.0983009708738,2.0983009708738,90,100.0,100.0,100.0,100.0,0.0,100.0,100.0,90,8.0,8.0,8.0,8.0,0.0,8.0,8.0,90,8.0,8.0,8.0,8.0,0.0,8.0,8.0,90,251.0,251.0,251.0,251.0,0.0,251.0,251.0,,,,,,,,
phase1,G_simpleui_bookshelf,paging,paging,flat,2000,library_sequential_paging,PASS,3,90,0,0,90,121.447,117.4546,141.4722,125.74220000000001,13.97238696376423,114.535,228.764,90,16037.039550781501,15088.7314453125,16966.817675780803,16047.614409722199,698.8836566617293,14950.934570312,17272.733398438,90,472.96826171875,-1903.96796875,526.7314453125,4.5909613715277775,976.7461942538854,-2118.3447265625,613.328125,90,191472.0,190672.0,193072.0,191738.66666666666,1003.3651244854526,190672.0,193072.0,90,2.0,2.0,2.0,2.066666666666667,0.36102226891382394,2.0,4.0,90,2.0,2.0,2.0,2.066666666666667,0.36102226891382394,2.0,4.0,90,1.0,1.0,1.0,1.0666666666666667,0.36102226891382394,1.0,3.0,90,1.0,1.0,1.0,1.0,0.0,1.0,1.0,90,100.0,100.0,100.0,100.0,0.0,100.0,100.0,90,1.0983009708738,1.0983009708738,1.0983009708738,1.1649676375404667,0.36102226891382394,1.0983009708738,3.0983009708738,90,100.0,100.0,100.0,100.0,0.0,100.0,100.0,90,8.0,8.0,8.0,8.0,0.0,8.0,8.0,90,8.0,8.0,8.0,8.0,0.0,8.0,8.0,90,251.0,251.0,251.0,251.0,0.0,251.0,251.0,,,,,,,,
phase1,G_simpleui_bookshelf,paging,paging,flat,2000,open_bookshelf,PASS,3,3,0,0,3,250.923,247.8766,252.7774,250.42633333333333,3.0930530763847788,247.115,253.241,3,18701.69140625,18689.725781250003,18752.76328125,18717.985677083332,41.84930493967516,18686.734375,18765.53125,3,1020.32421875,1002.9890625,1111.53125,1051.1041666666667,72.88803603197029,998.6552734375,1134.3330078125,3,216016.0,208630.40000000002,217897.6,213722.66666666666,6123.054575400527,206784.0,218368.0,3,1.0,1.0,1.0,1.0,0.0,1.0,1.0,3,1.0,1.0,1.0,1.0,0.0,1.0,1.0,3,1.0,1.0,1.0,1.0,0.0,1.0,1.0,3,0.0,0.0,0.0,0.0,0.0,0.0,0.0,3,100.0,100.0,100.0,100.0,0.0,100.0,100.0,3,1.0,1.0,1.0,1.0,0.0,1.0,1.0,3,100.0,100.0,100.0,100.0,0.0,100.0,100.0,,,,,,,,,,,,,,,,,3,250.0,250.0,250.0,250.0,0.0,250.0,250.0,,,,,,,,
phase1,G_simpleui_bookshelf,paging,paging,flat,2000,paging_probe_step_2_to_3,PASS,3,3,0,0,3,144.039,142.8222,146.6686,144.62766666666667,2.4574605456310628,142.518,147.326,3,15227.630859375,15157.830859375,15230.974609375,15199.940755208334,51.62270179540734,15140.380859375,15231.810546875,3,-2011.0263671875,-2102.7052734375,-2000.1912109375,-2044.7112630208333,70.39981702822331,-2125.625,-1997.482421875,3,200400.0,200259.2,200758.40000000002,200490.66666666666,321.72866414625435,200224.0,200848.0,3,2.0,2.0,2.0,2.0,0.0,2.0,2.0,3,2.0,2.0,2.0,2.0,0.0,2.0,2.0,3,1.0,1.0,1.0,1.0,0.0,1.0,1.0,3,1.0,1.0,1.0,1.0,0.0,1.0,1.0,3,100.0,100.0,100.0,100.0,0.0,100.0,100.0,3,1.0983009708738,1.0983009708738,1.0983009708738,1.0983009708738,0.0,1.0983009708738,1.0983009708738,3,100.0,100.0,100.0,100.0,0.0,100.0,100.0,3,8.0,8.0,8.0,8.0,0.0,8.0,8.0,3,8.0,8.0,8.0,8.0,0.0,8.0,8.0,3,251.0,251.0,251.0,251.0,0.0,251.0,251.0,,,,,,,,
phase1,G_simpleui_bookshelf,paging,paging,hierarchical,2000,bookshelf_cached_paging,PASS,3,90,0,0,90,974.4655,972.6031,976.6446000000001,974.5391,2.141939088140315,968.959,981.818,90,28646.899902343997,22011.7082031254,38980.17128906301,29587.21266276039,6538.470569882682,19526.541015625,41598.081054688,90,849.55029296875,800.9508789062501,925.0318359375001,92.33850911459443,3216.0079732715512,-18343.915039062,987.5263671875,90,241480.0,241024.0,244224.0,242309.51111111112,1385.7343913051818,240992.0,244224.0,90,0.0,0.0,0.0,0.0,0.0,0.0,0.0,90,8.0,8.0,8.0,8.0,0.0,8.0,8.0,90,0.0,0.0,0.0,0.0,0.0,0.0,0.0,90,8.0,8.0,8.0,8.0,0.0,8.0,8.0,90,64.563106796117,64.563106796117,64.563106796117,64.563106796117,0.0,64.563106796117,64.563106796117,90,1.2102970748107,1.2102970748107,1.2102970748107,1.2102970748107,0.0,1.2102970748107,1.2102970748107,90,64.563106796117,64.563106796117,64.563106796117,64.563106796117,0.0,64.563106796117,64.563106796117,90,8.0,8.0,8.0,8.0,0.0,8.0,8.0,90,8.0,8.0,8.0,8.0,0.0,8.0,8.0,90,21.0,21.0,21.0,21.0,0.0,21.0,21.0,,,,,,,,
phase1,G_simpleui_bookshelf,paging,paging,hierarchical,2000,bookshelf_cached_paging_anim_off,PASS,3,90,0,0,90,111.946,110.76429999999999,113.80760000000001,113.5177111111111,11.74774280040083,110.125,222.5,90,29833.811035156497,21505.4256835938,39123.70917968751,30031.641807725642,6628.027704724959,19077.666015625,41611.920898438,90,824.505859375,788.8757812499999,866.1806640625,43.34303385416667,3347.426532401085,-17807.13671875,911.9248046875,90,244224.0,241488.0,244736.0,243498.3111111111,1448.5882445064735,241488.0,244944.0,90,1.0,1.0,1.0,1.011111111111111,0.10540925533894598,1.0,2.0,90,1.0,1.0,1.0,1.011111111111111,0.10540925533894598,1.0,2.0,90,0.0,0.0,0.0,0.011111111111111112,0.10540925533894598,0.0,1.0,90,1.0,1.0,1.0,1.0,0.0,1.0,1.0,90,64.563106796117,64.563106796117,64.563106796117,64.95685005393791,3.7353765241470627,64.563106796117,100.0,90,0.64563106796117,0.64563106796117,0.64563106796117,0.6567421790722814,0.10540925533894915,0.64563106796117,1.6456310679612,90,64.563106796117,64.563106796117,64.563106796117,64.95685005393791,3.7353765241470627,64.563106796117,100.0,90,8.0,8.0,8.0,8.0,0.0,8.0,8.0,90,8.0,8.0,8.0,8.0,0.0,8.0,8.0,90,21.0,21.0,21.0,21.0,0.0,21.0,21.0,,,,,,,,
phase1,G_simpleui_bookshelf,paging,paging,hierarchical,2000,bookshelf_sequential_paging,PASS,3,60,0,0,60,1111.464,982.5657,1117.4145,1086.7996166666667,52.23905260519044,980.505,1122.936,60,27866.998535156003,21712.899121094197,37488.748828125004,28649.873746744815,5995.373059307464,19702.514648438,41066.985351562,60,1904.931640625,981.62880859375,2053.971875,928.1519368489584,2948.9495785338904,-12584.3125,2589.7431640625,60,229408.0,214524.8,238276.8,227783.73333333334,8139.996214271944,212496.0,244016.0,60,1.0,0.0,1.0,0.8333333333333334,0.45720842951830937,0.0,2.0,60,9.0,8.0,9.0,8.833333333333334,0.45720842951830937,8.0,10.0,60,0.0,0.0,0.0,0.03333333333333333,0.18102033471939252,0.0,1.0,60,9.0,8.0,9.0,8.8,0.4033755872716886,8.0,9.0,60,64.563106796117,64.563106796117,64.563106796117,65.74433656957976,6.414798269182267,64.563106796117,100.0,60,1.8559281427719,1.2102970748107,1.8559281427719,1.7601352625129933,0.3306771982345485,1.2102970748107,2.8559281427719,60,64.563106796117,64.563106796117,64.563106796117,65.74433656957976,6.414798269182267,64.563106796117,100.0,60,8.0,8.0,8.0,8.0,0.0,8.0,8.0,60,8.0,8.0,8.0,7.85,0.6593525329532484,5.0,8.0,60,21.0,21.0,21.0,21.0,0.0,21.0,21.0,,,,,,,,
phase1,G_simpleui_bookshelf,paging,paging,hierarchical,2000,bookshelf_sequential_paging_anim_off,PASS,3,60,0,0,60,118.9015,115.34549999999999,122.813,119.16871666666665,3.048147440112874,110.744,128.047,60,32904.8681640625,26124.9807617192,39508.453417968296,32517.686344401034,5708.97408226716,19215.7421875,41402.21484375,60,906.2783203125,244.79482421875178,957.08876953125,-265.4150390624917,3940.889002887421,-17449.700195312,1021.9072265625,60,242160.0,241488.0,244224.0,242777.6,1230.8467417574436,241488.0,244672.0,60,1.0,1.0,1.0,1.0,0.0,1.0,1.0,60,1.0,1.0,1.0,1.0,0.0,1.0,1.0,60,0.0,0.0,0.0,0.0,0.0,0.0,0.0,60,1.0,1.0,1.0,1.0,0.0,1.0,1.0,60,64.563106796117,64.563106796117,64.563106796117,64.563106796117,0.0,64.563106796117,64.563106796117,60,0.64563106796117,0.64563106796117,0.64563106796117,0.64563106796117,0.0,0.64563106796117,0.64563106796117,60,64.563106796117,64.563106796117,64.563106796117,64.563106796117,0.0,64.563106796117,64.563106796117,60,8.0,8.0,8.0,8.0,0.0,8.0,8.0,60,8.0,8.0,8.0,7.85,0.6593525329532484,5.0,8.0,60,21.0,21.0,21.0,21.0,0.0,21.0,21.0,,,,,,,,
phase1,G_simpleui_bookshelf,paging,paging,hierarchical,2000,close_bookshelf,PASS,3,3,0,0,3,111.115,110.99260000000001,111.5798,111.25766666666668,0.38723937471973613,110.962,111.696,3,23451.861328125,23231.8527343754,24081.344921874603,23622.475911458332,551.109286827526,23176.850585938,24238.715820312,3,179.0185546875,176.3896484375,206.28496093750002,189.2841796875,20.691796931229174,175.732421875,213.1015625,3,244224.0,242035.2,249408.0,245472.0,4733.053137246612,241488.0,250704.0,3,1.0,1.0,1.0,1.0,0.0,1.0,1.0,3,1.0,1.0,1.0,1.0,0.0,1.0,1.0,3,1.0,1.0,1.0,1.0,0.0,1.0,1.0,3,0.0,0.0,0.0,0.0,0.0,0.0,0.0,3,100.0,100.0,100.0,100.0,0.0,100.0,100.0,3,1.0,1.0,1.0,1.0,0.0,1.0,1.0,3,100.0,100.0,100.0,100.0,0.0,100.0,100.0,,,,,,,,,,,,,,,,,,,,,,,,,,,,,,,,
phase1,G_simpleui_bookshelf,paging,paging,hierarchical,2000,library_cached_paging,PASS,3,90,0,0,90,114.753,113.12610000000001,127.4324,118.17475555555555,12.35401886601371,111.316,222.968,90,14499.009277344001,13325.920312499999,15663.886914062,14509.821419270824,852.7279996617244,13245.572265625,15973.129882812,90,583.1103515625,-2387.0960937500004,629.4603515625,-1.2023003472222222,1203.505171238591,-2685.4482421875,749.1357421875,90,204704.0,203440.0,206064.0,204731.3777777778,1078.385128279263,203392.0,206064.0,90,2.0,2.0,2.0,2.011111111111111,0.10540925533894598,2.0,3.0,90,2.0,2.0,2.0,2.011111111111111,0.10540925533894598,2.0,3.0,90,1.0,1.0,1.0,1.011111111111111,0.10540925533894598,1.0,2.0,90,1.0,1.0,1.0,1.0,0.0,1.0,1.0,90,100.0,100.0,100.0,100.0,0.0,100.0,100.0,90,1.0983009708738,1.0983009708738,1.0983009708738,1.1094120819849111,0.10540925533894598,1.0983009708738,2.0983009708738,90,100.0,100.0,100.0,100.0,0.0,100.0,100.0,90,8.0,8.0,8.0,8.0,0.0,8.0,8.0,90,8.0,8.0,8.0,8.0,0.0,8.0,8.0,90,21.0,21.0,21.0,21.0,0.0,21.0,21.0,,,,,,,,
phase1,G_simpleui_bookshelf,paging,paging,hierarchical,2000,library_sequential_paging,PASS,3,60,0,0,60,121.512,118.91669999999999,138.84539999999998,124.36203333333333,7.264337057173625,117.169,148.052,60,14108.226074218499,13102.506054686999,15020.276269531201,14088.26166992175,682.1125472527689,13045.575195312,15161.225585938,60,460.255859375,-1957.0689453124999,509.21845703124995,-14.0654296875,982.8126520396463,-2196.0830078125,612.921875,60,190992.0,190704.0,191728.0,191141.33333333334,434.81485117491087,190704.0,191728.0,60,2.0,2.0,2.0,2.0,0.0,2.0,2.0,60,2.0,2.0,2.0,2.0,0.0,2.0,2.0,60,1.0,1.0,1.0,1.0,0.0,1.0,1.0,60,1.0,1.0,1.0,1.0,0.0,1.0,1.0,60,100.0,100.0,100.0,100.0,0.0,100.0,100.0,60,1.0983009708738,1.0983009708738,1.0983009708738,1.0983009708738,0.0,1.0983009708738,1.0983009708738,60,100.0,100.0,100.0,100.0,0.0,100.0,100.0,60,8.0,8.0,8.0,8.0,0.0,8.0,8.0,60,8.0,8.0,8.0,7.85,0.6593525329532484,5.0,8.0,60,21.0,21.0,21.0,21.0,0.0,21.0,21.0,,,,,,,,
phase1,G_simpleui_bookshelf,paging,paging,hierarchical,2000,open_bookshelf,PASS,3,3,0,0,3,180.233,178.461,180.49219999999997,179.60266666666666,1.381890130702627,178.018,180.557,3,19562.259765625,19550.964453125,19579.401953125,19564.695963541668,17.89822269900798,19548.140625,19583.6875,3,6211.353515625,6191.287890625001,6215.611328125,6204.766927083333,16.23707727944579,6186.271484375,6216.67578125,3,207648.0,206828.80000000002,208672.0,207733.33333333334,1154.367936722661,206624.0,208928.0,3,1.0,1.0,1.0,1.0,0.0,1.0,1.0,3,1.0,1.0,1.0,1.0,0.0,1.0,1.0,3,1.0,1.0,1.0,1.0,0.0,1.0,1.0,3,0.0,0.0,0.0,0.0,0.0,0.0,0.0,3,100.0,100.0,100.0,100.0,0.0,100.0,100.0,3,1.0,1.0,1.0,1.0,0.0,1.0,1.0,3,100.0,100.0,100.0,100.0,0.0,100.0,100.0,,,,,,,,,,,,,,,,,3,21.0,21.0,21.0,21.0,0.0,21.0,21.0,,,,,,,,
phase1,G_simpleui_bookshelf,paging,paging,hierarchical,2000,paging_probe_step_2_to_3,PASS,3,3,0,0,3,112.147,112.10940000000001,114.98620000000001,113.31433333333332,2.062717705681834,112.1,115.696,3,13891.486328125,13841.583984375402,13907.795703125,13877.489257812667,43.121169287501274,13829.108398438,13911.873046875,3,606.1806640625,591.4923828125001,607.9267578125,600.7880859375,11.283320229061149,587.8203125,608.36328125,3,202656.0,202246.40000000002,203180.8,202704.0,585.4775828330236,202144.0,203312.0,3,2.0,2.0,2.0,2.0,0.0,2.0,2.0,3,2.0,2.0,2.0,2.0,0.0,2.0,2.0,3,1.0,1.0,1.0,1.0,0.0,1.0,1.0,3,1.0,1.0,1.0,1.0,0.0,1.0,1.0,3,100.0,100.0,100.0,100.0,0.0,100.0,100.0,3,1.0983009708738,1.0983009708738,1.0983009708738,1.0983009708738,0.0,1.0983009708738,1.0983009708738,3,100.0,100.0,100.0,100.0,0.0,100.0,100.0,3,8.0,8.0,8.0,8.0,0.0,8.0,8.0,3,8.0,8.0,8.0,8.0,0.0,8.0,8.0,3,21.0,21.0,21.0,21.0,0.0,21.0,21.0,,,,,,,,
phase1,H_zenos_bookshelf,paging,paging,flat,2000,bookshelf_cached_paging,PASS,3,90,0,0,90,975.375,973.3192,978.6956,975.8853333333333,2.637738037610295,971.497,986.517,90,47189.084472656,35251.622265624996,58191.4613281246,46847.585579427105,8780.29780075916,28265.422851562,61598.526367188,90,940.185546875,876.9650390625,999.26025390625,168.73270399306108,3807.374196145359,-23495.576171875,1041.8505859375,90,254016.0,224128.0,254752.0,244249.24444444446,14418.74714306103,222784.0,254752.0,90,0.0,0.0,0.0,0.011111111111111112,0.10540925533894598,0.0,1.0,90,8.0,8.0,8.0,8.011111111111111,0.10540925533894598,8.0,9.0,90,0.0,0.0,0.0,0.011111111111111112,0.10540925533894598,0.0,1.0,90,8.0,8.0,8.0,8.0,0.0,8.0,8.0,90,64.563106796117,64.563106796117,64.563106796117,64.95685005393791,3.7353765241470627,64.563106796117,100.0,90,1.2102970748107,1.2102970748107,1.2102970748107,1.221408185921811,0.10540925533894598,1.2102970748107,2.2102970748107,90,64.563106796117,64.563106796117,64.563106796117,64.95685005393791,3.7353765241470627,64.563106796117,100.0,90,8.0,8.0,8.0,8.0,0.0,8.0,8.0,90,8.0,8.0,8.0,8.0,0.0,8.0,8.0,90,250.0,250.0,250.0,250.0,0.0,250.0,250.0,,,,,,,,
phase1,H_zenos_bookshelf,paging,paging,flat,2000,bookshelf_cached_paging_anim_off,PASS,3,90,0,0,90,112.61,111.5285,114.43530000000001,112.88921111111111,1.6115516808653314,110.071,122.27,90,43768.84765625,32756.680957030803,54892.651757812004,43900.30029296867,8326.656659762219,29255.974609375,60991.920898438,90,921.1748046875,872.23076171875,969.0240234375,539.098253038189,2552.112670536226,-21721.100585938,1053.5615234375,90,258592.0,253456.0,266784.0,259610.66666666666,5519.3525104699975,253456.0,266784.0,90,1.0,1.0,1.0,1.0,0.0,1.0,1.0,90,1.0,1.0,1.0,1.0,0.0,1.0,1.0,90,0.0,0.0,0.0,0.0,0.0,0.0,0.0,90,1.0,1.0,1.0,1.0,0.0,1.0,1.0,90,64.563106796117,64.563106796117,64.563106796117,64.563106796117,0.0,64.563106796117,64.563106796117,90,0.64563106796117,0.64563106796117,0.64563106796117,0.64563106796117,0.0,0.64563106796117,0.64563106796117,90,64.563106796117,64.563106796117,64.563106796117,64.563106796117,0.0,64.563106796117,64.563106796117,90,8.0,8.0,8.0,8.0,0.0,8.0,8.0,90,8.0,8.0,8.0,8.0,0.0,8.0,8.0,90,250.0,250.0,250.0,250.0,0.0,250.0,250.0,,,,,,,,
phase1,H_zenos_bookshelf,paging,paging,flat,2000,bookshelf_sequential_paging,PASS,3,90,0,0,90,1126.295,1119.2098999999998,1145.9136,1130.1829555555555,11.69027213465419,1115.629,1166.213,90,43158.563964844,29929.6754882808,55450.27900390621,43323.42368706602,9129.004821949773,28516.213867188,59600.520507812,90,4418.7548828125,-14662.9107421875,4787.17626953125,477.1076497395944,9622.83609750473,-30185.8359375,4914.3291015625,90,250112.0,219344.0,254752.0,240033.77777777778,15542.840682751279,219344.0,254752.0,90,1.0,1.0,1.0,1.0666666666666667,0.25084128112136317,1.0,2.0,90,9.0,9.0,9.0,9.066666666666666,0.25084128112136317,9.0,10.0,90,0.0,0.0,0.0,0.06666666666666667,0.25084128112136317,0.0,1.0,90,9.0,9.0,9.0,9.0,0.0,9.0,9.0,90,64.563106796117,64.563106796117,64.563106796117,66.92556634304253,8.88903569022294,64.563106796117,100.0,90,1.8559281427719,1.8559281427719,1.8559281427719,1.9225948094385668,0.25084128112136317,1.8559281427719,2.8559281427719,90,64.563106796117,64.563106796117,64.563106796117,66.92556634304253,8.88903569022294,64.563106796117,100.0,90,8.0,8.0,8.0,8.0,0.0,8.0,8.0,90,8.0,8.0,8.0,8.0,0.0,8.0,8.0,90,250.0,250.0,250.0,250.0,0.0,250.0,250.0,,,,,,,,
phase1,H_zenos_bookshelf,paging,paging,flat,2000,bookshelf_sequential_paging_anim_off,PASS,3,90,0,0,90,119.6075,117.79869999999998,122.11250000000001,119.91745555555555,2.5144373515026595,111.324,130.391,90,44905.6689453125,32942.4854492183,56496.1101562496,44949.0672200521,8820.545377804707,28525.831054688,61024.076171875,90,1018.8017578125,950.4529296875,1080.61064453125,355.98296440972223,3557.301586913996,-25251.778320312,1110.091796875,90,254752.0,236459.2,259668.80000000002,251396.44444444444,9176.286163547094,224176.0,266784.0,90,1.0,1.0,1.0,1.0,0.0,1.0,1.0,90,1.0,1.0,1.0,1.0,0.0,1.0,1.0,90,0.0,0.0,0.0,0.0,0.0,0.0,0.0,90,1.0,1.0,1.0,1.0,0.0,1.0,1.0,90,64.563106796117,64.563106796117,64.563106796117,64.563106796117,0.0,64.563106796117,64.563106796117,90,0.64563106796117,0.64563106796117,0.64563106796117,0.64563106796117,0.0,0.64563106796117,0.64563106796117,90,64.563106796117,64.563106796117,64.563106796117,64.563106796117,0.0,64.563106796117,64.563106796117,90,8.0,8.0,8.0,8.0,0.0,8.0,8.0,90,8.0,8.0,8.0,8.0,0.0,8.0,8.0,90,250.0,250.0,250.0,250.0,0.0,250.0,250.0,,,,,,,,
phase1,H_zenos_bookshelf,paging,paging,flat,2000,close_bookshelf,PASS,3,3,0,0,3,118.516,118.02880000000002,119.2848,118.63333333333333,0.7915493246370301,117.907,119.477,3,58081.427734375,54051.0832031246,58805.928515625405,56703.992838541664,3202.2588206259825,53043.497070312,58987.053710938,3,456.94140625,428.81015625,466.4125,449.1663411458333,24.44703617685669,421.77734375,468.7802734375,3,261520.0,257424.0,268099.2,262554.6666666667,6731.900573636938,256400.0,269744.0,3,1.0,1.0,1.0,1.0,0.0,1.0,1.0,3,1.0,1.0,1.0,1.0,0.0,1.0,1.0,3,1.0,1.0,1.0,1.0,0.0,1.0,1.0,3,0.0,0.0,0.0,0.0,0.0,0.0,0.0,3,100.0,100.0,100.0,100.0,0.0,100.0,100.0,3,1.0,1.0,1.0,1.0,0.0,1.0,1.0,3,100.0,100.0,100.0,100.0,0.0,100.0,100.0,,,,,,,,,,,,,,,,,,,,,,,,,,,,,,,,
phase1,H_zenos_bookshelf,paging,paging,flat,2000,library_cached_paging,PASS,3,90,0,0,90,110.75800000000001,109.89580000000001,131.0882,114.89453333333333,8.60224208975698,109.491,139.778,90,21108.543457031003,20377.00859375,21833.551269530803,21093.968164062524,519.1063071181627,20256.041015625,21890.215820312,90,351.27099609375,-1431.43984375,385.92871093750006,0.028276909722222222,723.157287182285,-1531.7333984375,438.1669921875,90,215120.0,214320.0,216592.0,215344.0,946.2384430000907,214320.0,216592.0,90,1.0,1.0,1.0,1.0,0.0,1.0,1.0,90,1.0,1.0,1.0,1.0,0.0,1.0,1.0,90,1.0,1.0,1.0,1.0,0.0,1.0,1.0,90,0.0,0.0,0.0,0.0,0.0,0.0,0.0,90,100.0,100.0,100.0,100.0,0.0,100.0,100.0,90,1.0,1.0,1.0,1.0,0.0,1.0,1.0,90,100.0,100.0,100.0,100.0,0.0,100.0,100.0,90,5.0,5.0,5.0,5.0,0.0,5.0,5.0,90,5.0,5.0,5.0,5.0,0.0,5.0,5.0,90,400.0,400.0,400.0,400.0,0.0,400.0,400.0,,,,,,,,
phase1,H_zenos_bookshelf,paging,paging,flat,2000,library_sequential_paging,PASS,3,90,0,0,90,111.2185,109.86670000000001,135.358,116.40324444444444,10.113141587609471,108.927,139.996,90,21307.4169921875,20306.0086914063,22525.8118164063,22140.338574218844,3625.610159256449,20138.307617188,37955.484375,90,375.375,-1848.9396484375,416.47656250000006,-351.0260525173279,4886.507552978397,-16622.797851562,16484.916992188,90,203792.0,201760.0,215824.0,208336.17777777778,6156.667416379182,201760.0,215824.0,90,1.0,1.0,1.0,1.0,0.0,1.0,1.0,90,1.0,1.0,1.0,1.0,0.0,1.0,1.0,90,1.0,1.0,1.0,1.0,0.0,1.0,1.0,90,0.0,0.0,0.0,0.0,0.0,0.0,0.0,90,100.0,100.0,100.0,100.0,0.0,100.0,100.0,90,1.0,1.0,1.0,1.0,0.0,1.0,1.0,90,100.0,100.0,100.0,100.0,0.0,100.0,100.0,90,5.0,5.0,5.0,5.0,0.0,5.0,5.0,90,5.0,5.0,5.0,5.0,0.0,5.0,5.0,90,400.0,400.0,400.0,400.0,0.0,400.0,400.0,,,,,,,,
phase1,H_zenos_bookshelf,paging,paging,flat,2000,open_bookshelf,PASS,3,3,0,0,3,263.006,257.9828,266.178,262.23466666666667,5.165375139651859,256.727,266.971,3,23436.130859375,23355.274609375003,23463.574609375,23413.875651041668,70.37803904429316,23335.060546875,23470.435546875,3,1572.068359375,1520.5441406250002,1620.618359375,1570.8291015625,62.55559376679122,1507.6630859375,1632.755859375,3,219344.0,219203.2,221686.4,220261.33333333334,1743.510634706119,219168.0,222272.0,3,1.0,1.0,1.0,1.0,0.0,1.0,1.0,3,1.0,1.0,1.0,1.0,0.0,1.0,1.0,3,1.0,1.0,1.0,1.0,0.0,1.0,1.0,3,0.0,0.0,0.0,0.0,0.0,0.0,0.0,3,100.0,100.0,100.0,100.0,0.0,100.0,100.0,3,1.0,1.0,1.0,1.0,0.0,1.0,1.0,3,100.0,100.0,100.0,100.0,0.0,100.0,100.0,,,,,,,,,,,,,,,,,3,250.0,250.0,250.0,250.0,0.0,250.0,250.0,,,,,,,,
phase1,H_zenos_bookshelf,paging,paging,flat,2000,paging_probe_step_2_to_3,PASS,3,3,0,0,3,131.536,129.1552,131.8208,130.66266666666667,1.8296418593083523,128.56,131.892,3,20319.083984375,20285.149609375003,20325.274609375,20307.524088541668,27.002513721388294,20276.666015625,20326.822265625,3,-1642.7705078125,-1677.6556640625,-1598.2884765625,-1638.7718098958333,49.72522331725936,-1686.376953125,-1587.16796875,3,214352.0,214185.6,215529.6,214773.33333333334,915.8282226123703,214144.0,215824.0,3,1.0,1.0,1.0,1.0,0.0,1.0,1.0,3,1.0,1.0,1.0,1.0,0.0,1.0,1.0,3,1.0,1.0,1.0,1.0,0.0,1.0,1.0,3,0.0,0.0,0.0,0.0,0.0,0.0,0.0,3,100.0,100.0,100.0,100.0,0.0,100.0,100.0,3,1.0,1.0,1.0,1.0,0.0,1.0,1.0,3,100.0,100.0,100.0,100.0,0.0,100.0,100.0,3,5.0,5.0,5.0,5.0,0.0,5.0,5.0,3,5.0,5.0,5.0,5.0,0.0,5.0,5.0,3,400.0,400.0,400.0,400.0,0.0,400.0,400.0,,,,,,,,
phase1,H_zenos_bookshelf,paging,paging,hierarchical,2000,bookshelf_cached_paging,PASS,3,90,0,0,90,975.619,973.2997,996.1445000000001,980.8873222222222,12.265523267673409,970.927,1023.773,90,34150.560546875,23517.4010742188,43859.4106445317,33842.822688802065,7433.652284611716,20814.959960938,46518.856445312,90,892.41259765625,833.72001953125,959.59326171875,20.55371093750554,3760.0984658707184,-20493.619140625,1017.9873046875,90,233232.0,230128.0,238832.0,234064.0,3621.9436088401458,230128.0,238832.0,90,0.0,0.0,0.0,0.03333333333333333,0.18051113445691197,0.0,1.0,90,8.0,8.0,8.0,8.033333333333333,0.18051113445691197,8.0,9.0,90,0.0,0.0,0.0,0.03333333333333333,0.18051113445691197,0.0,1.0,90,8.0,8.0,8.0,8.0,0.0,8.0,8.0,90,64.563106796117,64.563106796117,64.563106796117,65.74433656957977,6.396753793861354,64.563106796117,100.0,90,1.2102970748107,1.2102970748107,1.2102970748107,1.2436304081440335,0.18051113445691197,1.2102970748107,2.2102970748107,90,64.563106796117,64.563106796117,64.563106796117,65.74433656957977,6.396753793861354,64.563106796117,100.0,90,8.0,8.0,8.0,8.0,0.0,8.0,8.0,90,8.0,8.0,8.0,8.0,0.0,8.0,8.0,90,21.0,21.0,21.0,21.0,0.0,21.0,21.0,,,,,,,,
phase1,H_zenos_bookshelf,paging,paging,hierarchical,2000,bookshelf_cached_paging_anim_off,PASS,3,90,0,0,90,112.531,111.04060000000001,123.02289999999999,114.79687777777777,4.923960125952741,110.035,132.701,90,33565.263183594,23832.419628906202,42997.8692382808,33387.86134982638,7020.923981019346,21267.344726562,45569.6796875,90,869.86328125,827.63046875,906.6793945312501,23.930186631944444,3368.751508661657,-16777.048828125,978.728515625,90,233232.0,230128.0,238832.0,234064.0,3621.9436088401458,230128.0,238832.0,90,1.0,1.0,1.0,1.0,0.0,1.0,1.0,90,1.0,1.0,1.0,1.0,0.0,1.0,1.0,90,0.0,0.0,0.0,0.0,0.0,0.0,0.0,90,1.0,1.0,1.0,1.0,0.0,1.0,1.0,90,64.563106796117,64.563106796117,64.563106796117,64.563106796117,0.0,64.563106796117,64.563106796117,90,0.64563106796117,0.64563106796117,0.64563106796117,0.64563106796117,0.0,0.64563106796117,0.64563106796117,90,64.563106796117,64.563106796117,64.563106796117,64.563106796117,0.0,64.563106796117,64.563106796117,90,8.0,8.0,8.0,8.0,0.0,8.0,8.0,90,8.0,8.0,8.0,8.0,0.0,8.0,8.0,90,21.0,21.0,21.0,21.0,0.0,21.0,21.0,,,,,,,,
phase1,H_zenos_bookshelf,paging,paging,hierarchical,2000,bookshelf_sequential_paging,PASS,3,60,0,0,60,1132.9025000000001,1119.9902,1169.8683999999998,1140.8591000000001,20.709892960382682,1110.449,1184.231,60,31063.415527343997,22323.3824218746,40835.67880859331,31741.869840494717,6859.881654082243,21182.334960938,45186.883789062,60,4431.8642578125,-17549.0749023437,4646.1162109375,731.7636393229167,8891.895806882969,-22148.147460938,5314.4765625,60,232632.0,222286.40000000002,237568.0,230980.53333333333,5645.241054037648,213968.0,238208.0,60,1.0,1.0,1.1000000000000014,1.1,0.30253169045376643,1.0,2.0,60,9.0,9.0,9.100000000000001,9.1,0.30253169045376643,9.0,10.0,60,0.0,0.0,0.10000000000000142,0.1,0.30253169045376643,0.0,1.0,60,9.0,9.0,9.0,9.0,0.0,9.0,9.0,60,64.563106796117,64.563106796117,68.10679611650535,68.1067961165053,10.720783205400313,64.563106796117,100.0,60,1.8559281427719,1.8559281427719,1.9559281427719015,1.9559281427719,0.30253169045376643,1.8559281427719,2.8559281427719,60,64.563106796117,64.563106796117,68.10679611650535,68.1067961165053,10.720783205400313,64.563106796117,100.0,60,8.0,8.0,8.0,8.0,0.0,8.0,8.0,60,8.0,8.0,8.0,7.85,0.6593525329532484,5.0,8.0,60,21.0,21.0,21.0,21.0,0.0,21.0,21.0,,,,,,,,
phase1,H_zenos_bookshelf,paging,paging,hierarchical,2000,bookshelf_sequential_paging_anim_off,PASS,3,60,0,0,60,119.6585,117.64500000000001,126.83270000000002,121.12016666666666,4.222586680796045,111.709,130.414,60,30504.897460938,23041.575390625,43564.55625,32273.876090494836,7729.087392725683,21113.357421875,45459.095703125,60,967.06396484375,578.5087890625009,1030.2361328125,-290.4967447916667,4292.809189804951,-21633.01171875,1117.912109375,60,233232.0,230128.0,238832.0,234064.0,3632.1606773986027,230128.0,238832.0,60,1.0,1.0,1.0,1.0,0.0,1.0,1.0,60,1.0,1.0,1.0,1.0,0.0,1.0,1.0,60,0.0,0.0,0.0,0.0,0.0,0.0,0.0,60,1.0,1.0,1.0,1.0,0.0,1.0,1.0,60,64.563106796117,64.563106796117,64.563106796117,64.563106796117,0.0,64.563106796117,64.563106796117,60,0.64563106796117,0.64563106796117,0.64563106796117,0.64563106796117,0.0,0.64563106796117,0.64563106796117,60,64.563106796117,64.563106796117,64.563106796117,64.563106796117,0.0,64.563106796117,64.563106796117,60,8.0,8.0,8.0,8.0,0.0,8.0,8.0,60,8.0,8.0,8.0,7.85,0.6593525329532484,5.0,8.0,60,21.0,21.0,21.0,21.0,0.0,21.0,21.0,,,,,,,,
phase1,H_zenos_bookshelf,paging,paging,hierarchical,2000,close_bookshelf,PASS,3,3,0,0,3,118.871,118.3126,121.3094,119.65433333333333,1.9920686065829478,118.173,121.919,3,36636.024414062,36381.194726562804,37368.0423828124,36834.852864583336,640.3646366950759,36317.487304688,37551.046875,3,444.0830078125,422.53222656250006,460.9947265625,442.1500651041667,24.097276329788404,417.14453125,465.22265625,3,234848.0,231814.40000000002,238035.2,234912.0,3888.3950416592193,231056.0,238832.0,3,1.0,1.0,1.0,1.0,0.0,1.0,1.0,3,1.0,1.0,1.0,1.0,0.0,1.0,1.0,3,1.0,1.0,1.0,1.0,0.0,1.0,1.0,3,0.0,0.0,0.0,0.0,0.0,0.0,0.0,3,100.0,100.0,100.0,100.0,0.0,100.0,100.0,3,1.0,1.0,1.0,1.0,0.0,1.0,1.0,3,100.0,100.0,100.0,100.0,0.0,100.0,100.0,,,,,,,,,,,,,,,,,,,,,,,,,,,,,,,,
phase1,H_zenos_bookshelf,paging,paging,hierarchical,2000,library_cached_paging,PASS,3,90,0,0,90,112.19800000000001,110.2073,126.37290000000002,116.79976666666666,8.806158008889467,109.21,155.57,90,15801.4912109375,15064.5171875,16519.484863281697,15801.824565972189,525.6151908994416,15017.033203125,16654.6484375,90,355.26611328125,-1432.25771484375,402.16591796875,1.362478298611111,734.7087846890186,-1579.337890625,432.10546875,90,204400.0,204128.0,206464.0,204997.33333333334,1048.8611266136945,204128.0,206464.0,90,1.0,1.0,1.0,1.0,0.0,1.0,1.0,90,1.0,1.0,1.0,1.0,0.0,1.0,1.0,90,1.0,1.0,1.0,1.0,0.0,1.0,1.0,90,0.0,0.0,0.0,0.0,0.0,0.0,0.0,90,100.0,100.0,100.0,100.0,0.0,100.0,100.0,90,1.0,1.0,1.0,1.0,0.0,1.0,1.0,90,100.0,100.0,100.0,100.0,0.0,100.0,100.0,90,5.0,5.0,5.0,5.0,0.0,5.0,5.0,90,5.0,5.0,5.0,5.0,0.0,5.0,5.0,90,33.0,33.0,33.0,33.0,0.0,33.0,33.0,,,,,,,,
phase1,H_zenos_bookshelf,paging,paging,hierarchical,2000,library_sequential_paging,PASS,3,90,0,0,90,112.00800000000001,110.2917,125.89970000000001,115.5606,7.332662520255181,109.0,145.528,90,15743.211425780999,14952.9563476567,16572.358789062502,15840.252463107701,749.1547133168795,14865.471679688,17793.290039062,90,385.9189453125,-1635.2265625,420.8677734375,-40.62127821180555,1030.9268067039477,-2909.83984375,1632.7900390625,90,193072.0,192848.0,194112.0,193344.0,553.7889915762241,192848.0,194112.0,90,1.0,1.0,1.0,1.0,0.0,1.0,1.0,90,1.0,1.0,1.0,1.0,0.0,1.0,1.0,90,1.0,1.0,1.0,1.0,0.0,1.0,1.0,90,0.0,0.0,0.0,0.0,0.0,0.0,0.0,90,100.0,100.0,100.0,100.0,0.0,100.0,100.0,90,1.0,1.0,1.0,1.0,0.0,1.0,1.0,90,100.0,100.0,100.0,100.0,0.0,100.0,100.0,90,5.0,5.0,5.0,5.0,0.0,5.0,5.0,90,5.0,5.0,5.0,5.0,0.0,5.0,5.0,90,33.0,33.0,33.0,33.0,0.0,33.0,33.0,,,,,,,,
phase1,H_zenos_bookshelf,paging,paging,hierarchical,2000,open_bookshelf,PASS,3,3,0,0,3,220.332,217.2896,221.3864,219.50366666666665,2.659090508676482,216.529,221.65,3,17636.720703125,17628.001953125,17650.211328125,17638.708984375,13.987251471799295,17625.822265625,17653.583984375,3,1084.01171875,1020.525,1098.434375,1063.568359375,51.81207826486456,1004.6533203125,1102.0400390625,3,209824.0,209568.0,210028.8,209802.66666666666,288.59198418066524,209504.0,210080.0,3,1.0,1.0,1.0,1.0,0.0,1.0,1.0,3,1.0,1.0,1.0,1.0,0.0,1.0,1.0,3,1.0,1.0,1.0,1.0,0.0,1.0,1.0,3,0.0,0.0,0.0,0.0,0.0,0.0,0.0,3,100.0,100.0,100.0,100.0,0.0,100.0,100.0,3,1.0,1.0,1.0,1.0,0.0,1.0,1.0,3,100.0,100.0,100.0,100.0,0.0,100.0,100.0,,,,,,,,,,,,,,,,,3,21.0,21.0,21.0,21.0,0.0,21.0,21.0,,,,,,,,
phase1,H_zenos_bookshelf,paging,paging,hierarchical,2000,paging_probe_step_2_to_3,PASS,3,3,0,0,3,124.297,123.2218,126.40820000000001,124.72866666666668,2.0262833793261357,122.953,126.936,3,15013.169921875,14986.326171875,15029.260546875,15008.689453125,27.11307189535223,14979.615234375,15033.283203125,3,-1560.248046875,-1682.807421875,-1511.6667968749998,-1591.072265625,110.2436361746863,-1713.447265625,-1499.521484375,3,203696.0,203465.60000000003,203798.4,203642.66666666666,213.06649979134056,203408.0,203824.0,3,1.0,1.0,1.0,1.0,0.0,1.0,1.0,3,1.0,1.0,1.0,1.0,0.0,1.0,1.0,3,1.0,1.0,1.0,1.0,0.0,1.0,1.0,3,0.0,0.0,0.0,0.0,0.0,0.0,0.0,3,100.0,100.0,100.0,100.0,0.0,100.0,100.0,3,1.0,1.0,1.0,1.0,0.0,1.0,1.0,3,100.0,100.0,100.0,100.0,0.0,100.0,100.0,3,5.0,5.0,5.0,5.0,0.0,5.0,5.0,3,5.0,5.0,5.0,5.0,0.0,5.0,5.0,3,33.0,33.0,33.0,33.0,0.0,33.0,33.0,,,,,,,,
phase1,I_vos_bookshelf,paging,paging,flat,2000,bookshelf_cached_paging,PASS,3,90,0,0,90,974.691,972.7678000000001,978.4465000000001,976.7115111111112,12.458343517358339,971.086,1084.91,90,33451.444335938,23770.7131835937,42533.002148437496,33146.33222656253,6816.648168367465,21163.674804688,45228.294921875,90,881.62353515625,817.2154296875,933.04130859375,49.05814887152778,3220.768139881539,-15470.947265625,966.990234375,90,239760.0,237216.0,240128.0,238899.02222222224,1277.329561424689,237216.0,240128.0,90,0.0,0.0,0.0,0.011111111111111112,0.10540925533894598,0.0,1.0,90,8.0,8.0,8.0,8.011111111111111,0.10540925533894598,8.0,9.0,90,0.0,0.0,0.0,0.0,0.0,0.0,0.0,90,8.0,8.0,8.0,8.011111111111111,0.10540925533894598,8.0,9.0,90,64.199029126214,64.199029126214,64.199029126214,64.30555555555596,1.0105984431767137,64.199029126214,73.78640776699,90,1.2034720913061,1.2034720913061,1.2034720913060997,1.20453735559952,0.010105984431771367,1.2034720913061,1.2993458777139,90,64.199029126214,64.199029126214,64.199029126214,64.199029126214,0.0,64.199029126214,64.199029126214,90,8.0,8.0,8.0,8.0,0.0,8.0,8.0,90,8.0,8.0,8.0,8.0,0.0,8.0,8.0,90,250.0,250.0,250.0,250.0,0.0,250.0,250.0,,,,,,,,
phase1,I_vos_bookshelf,paging,paging,flat,2000,bookshelf_cached_paging_anim_off,PASS,3,90,0,0,90,112.60249999999999,111.2028,114.24289999999999,112.9438111111111,1.933355666311666,110.318,121.242,90,33095.358398438,23793.491992187497,42521.65166015621,33265.996191406244,7016.398836126272,21308.000976562,44989.690429688,90,854.60986328125,793.3794921875,908.4594726562501,19.86919487847778,3289.9632586177595,-16293.921875,983.8037109375,90,240128.0,237216.0,254848.0,244064.0,7760.788561810172,237216.0,254848.0,90,1.0,1.0,1.0,1.0,0.0,1.0,1.0,90,1.0,1.0,1.0,1.0,0.0,1.0,1.0,90,0.0,0.0,0.0,0.0,0.0,0.0,0.0,90,1.0,1.0,1.0,1.0,0.0,1.0,1.0,90,64.199029126214,64.199029126214,64.199029126214,64.199029126214,0.0,64.199029126214,64.199029126214,90,0.64199029126214,0.64199029126214,0.64199029126214,0.64199029126214,0.0,0.64199029126214,0.64199029126214,90,64.199029126214,64.199029126214,64.199029126214,64.199029126214,0.0,64.199029126214,64.199029126214,90,8.0,8.0,8.0,8.0,0.0,8.0,8.0,90,8.0,8.0,8.0,8.0,0.0,8.0,8.0,90,250.0,250.0,250.0,250.0,0.0,250.0,250.0,,,,,,,,
phase1,I_vos_bookshelf,paging,paging,flat,2000,bookshelf_sequential_paging,PASS,3,90,0,0,90,1121.6815,1113.3275,1150.7459000000001,1119.897511111111,40.810381555734,983.626,1232.072,90,29657.040527343997,22285.4321289063,40001.024316406205,30852.811480034732,6983.49308312554,18863.854492188,44460.801757812,90,2810.90380859375,-9903.25458984375,3322.2512695312503,21.7694769965167,6884.4708724497605,-22184.577148438,3516.125,90,235704.0,220260.8,239328.0,232657.06666666668,7512.260631345163,213968.0,240128.0,90,1.0,1.0,1.0,0.9555555555555556,0.29646270815793946,0.0,2.0,90,9.0,9.0,9.0,8.955555555555556,0.29646270815793946,8.0,10.0,90,0.0,0.0,0.0,0.0,0.0,0.0,0.0,90,9.0,9.0,9.0,8.955555555555556,0.29646270815793946,8.0,10.0,90,64.199029126214,64.199029126214,64.199029126214,64.41208198489791,1.421150117990018,64.199029126214,73.78640776699,90,1.8454623825683,1.8454623825683,1.8454623825683,1.8047935584043244,0.1622329084846849,1.2034720913061,1.941336168976,90,64.199029126214,64.199029126214,64.199029126214,64.199029126214,0.0,64.199029126214,64.199029126214,90,8.0,8.0,8.0,8.0,0.0,8.0,8.0,90,8.0,8.0,8.0,8.0,0.0,8.0,8.0,90,250.0,250.0,250.0,250.0,0.0,250.0,250.0,,,,,,,,
phase1,I_vos_bookshelf,paging,paging,flat,2000,bookshelf_sequential_paging_anim_off,PASS,3,90,0,0,90,119.1395,116.9487,122.5062,120.4685111111111,11.772760292487463,110.427,227.545,90,34391.2788085935,23831.4249023442,42288.05263671881,33426.732324218734,6748.317987476416,20988.319335938,44823.885742188,90,930.14794921875,838.7388671875,997.39326171875,105.94061414931663,3927.129462253219,-22633.977539062,1081.4521484375,90,240128.0,237216.0,247883.2,240821.86666666667,4498.294236508129,237216.0,254816.0,90,1.0,1.0,1.0,1.011111111111111,0.10540925533894598,1.0,2.0,90,1.0,1.0,1.0,1.011111111111111,0.10540925533894598,1.0,2.0,90,0.0,0.0,0.0,0.0,0.0,0.0,0.0,90,1.0,1.0,1.0,1.011111111111111,0.10540925533894598,1.0,2.0,90,64.199029126214,64.199029126214,64.199029126214,64.30555555555596,1.0105984431767137,64.199029126214,73.78640776699,90,0.64199029126214,0.64199029126214,0.64199029126214,0.6430555555555596,0.010105984431767143,0.64199029126214,0.7378640776699,90,64.199029126214,64.199029126214,64.199029126214,64.199029126214,0.0,64.199029126214,64.199029126214,90,8.0,8.0,8.0,8.0,0.0,8.0,8.0,90,8.0,8.0,8.0,8.0,0.0,8.0,8.0,90,250.0,250.0,250.0,250.0,0.0,250.0,250.0,,,,,,,,
phase1,I_vos_bookshelf,paging,paging,flat,2000,close_bookshelf,PASS,3,3,0,0,3,111.564,110.944,112.1736,111.55966666666666,0.7685091628167664,110.789,112.326,3,41583.0546875,40130.159375,42103.12890625041,41194.379231770996,1278.2221085089957,39766.935546875,42233.147460938,3,144.8857421875,134.9365234375,154.9474609375,144.9326171875,12.506901819266043,132.44921875,157.462890625,3,240128.0,237798.40000000002,256499.2,245978.66666666666,12738.997972106492,237216.0,260592.0,3,1.0,1.0,1.0,1.0,0.0,1.0,1.0,3,1.0,1.0,1.0,1.0,0.0,1.0,1.0,3,1.0,1.0,1.0,1.0,0.0,1.0,1.0,3,0.0,0.0,0.0,0.0,0.0,0.0,0.0,3,100.0,100.0,100.0,100.0,0.0,100.0,100.0,3,1.0,1.0,1.0,1.0,0.0,1.0,1.0,3,100.0,100.0,100.0,100.0,0.0,100.0,100.0,,,,,,,,,,,,,,,,,,,,,,,,,,,,,,,,
phase1,I_vos_bookshelf,paging,paging,flat,2000,library_cached_paging,PASS,3,90,0,0,90,115.914,114.33609999999999,128.3683,118.21024444444446,5.314751098870606,112.923,131.427,90,13702.918457030999,12272.598828125001,15124.765136719201,13699.860709635455,1020.7551379757011,12172.47265625,15217.778320312,90,704.5517578125,-2870.8390625,748.97275390625,-2.1280164930555556,1441.9420837904152,-2952.2802734375,788.12109375,90,204432.0,203680.0,207456.0,205189.33333333334,1641.0552921550548,203680.0,207456.0,90,3.0,3.0,3.0,3.0,0.0,3.0,3.0,90,3.0,3.0,3.0,3.0,0.0,3.0,3.0,90,1.0,1.0,1.0,1.0,0.0,1.0,1.0,90,2.0,2.0,2.0,2.0,0.0,2.0,2.0,90,100.0,100.0,100.0,100.0,0.0,100.0,100.0,90,1.1917475728155,1.1917475728155,1.1917475728155,1.1917475728155,0.0,1.1917475728155,1.1917475728155,90,100.0,100.0,100.0,100.0,0.0,100.0,100.0,90,10.0,10.0,10.0,10.0,0.0,10.0,10.0,90,10.0,10.0,10.0,10.0,0.0,10.0,10.0,90,200.0,200.0,200.0,200.0,0.0,200.0,200.0,,,,,,,,
phase1,I_vos_bookshelf,paging,paging,flat,2000,library_sequential_paging,PASS,3,90,0,0,90,121.6645,119.2552,136.54770000000002,124.38625555555556,6.6964436336350905,116.907,141.722,90,13281.892578125,12121.0984375,14411.043749999599,13259.064051649277,831.5614560201244,11976.383789062,14597.770507812,90,565.10107421875,-2318.51220703125,605.42421875,-4.7218641493055555,1169.4626367319727,-2541.734375,655.8408203125,90,190960.0,190864.0,192432.0,191413.51111111112,714.6615014626917,190864.0,192432.0,90,3.0,3.0,3.0,3.0,0.0,3.0,3.0,90,3.0,3.0,3.0,3.0,0.0,3.0,3.0,90,1.0,1.0,1.0,1.0,0.0,1.0,1.0,90,2.0,2.0,2.0,2.0,0.0,2.0,2.0,90,100.0,100.0,100.0,100.0,0.0,100.0,100.0,90,1.1917475728155,1.1917475728155,1.1917475728155,1.1917475728155,0.0,1.1917475728155,1.1917475728155,90,100.0,100.0,100.0,100.0,0.0,100.0,100.0,90,10.0,10.0,10.0,10.0,0.0,10.0,10.0,90,10.0,10.0,10.0,10.0,0.0,10.0,10.0,90,200.0,200.0,200.0,200.0,0.0,200.0,200.0,,,,,,,,
phase1,I_vos_bookshelf,paging,paging,flat,2000,open_bookshelf,PASS,3,3,0,0,3,238.933,236.49859999999998,240.03060000000002,238.37599999999998,2.2595891219423154,235.89,240.305,3,28220.872070312,28110.1197265624,28276.2541015624,28197.80110677067,105.73882130150652,28082.431640625,28290.099609375,3,13679.176757812,13677.7376953128,13718.942382812002,13695.146158853999,29.23148498954049,13677.377929688,13728.883789062,3,212176.0,212035.2,215030.4,213306.66666666666,2112.6261698022518,212000.0,215744.0,3,1.0,1.0,1.0,1.0,0.0,1.0,1.0,3,1.0,1.0,1.0,1.0,0.0,1.0,1.0,3,1.0,1.0,1.0,1.0,0.0,1.0,1.0,3,0.0,0.0,0.0,0.0,0.0,0.0,0.0,3,100.0,100.0,100.0,100.0,0.0,100.0,100.0,3,1.0,1.0,1.0,1.0,0.0,1.0,1.0,3,100.0,100.0,100.0,100.0,0.0,100.0,100.0,,,,,,,,,,,,,,,,,3,250.0,250.0,250.0,250.0,0.0,250.0,250.0,,,,,,,,
phase1,I_vos_bookshelf,paging,paging,flat,2000,paging_probe_step_2_to_3,PASS,3,3,0,0,3,124.497,124.1082,126.18100000000001,125.03666666666668,1.3772255927528154,124.011,126.602,3,14604.092773438,14564.002148438001,14667.130273438,14613.653971354666,64.98476340882613,14553.979492188,14682.889648438,3,630.751953125,623.416796875,642.885546875,632.7513020833334,12.290545581619556,621.5830078125,645.9189453125,3,202992.0,202032.0,204451.2,203200.0,1522.6923523811367,201792.0,204816.0,3,3.0,3.0000000000000004,3.0,3.0,0.0,3.0,3.0,3,3.0,3.0000000000000004,3.0,3.0,0.0,3.0,3.0,3,1.0,1.0,1.0,1.0,0.0,1.0,1.0,3,2.0,2.0,2.0,2.0,0.0,2.0,2.0,3,100.0,100.0,100.0,100.0,0.0,100.0,100.0,3,1.1917475728155,1.1917475728155,1.1917475728155,1.1917475728155,0.0,1.1917475728155,1.1917475728155,3,100.0,100.0,100.0,100.0,0.0,100.0,100.0,3,10.0,10.0,10.0,10.0,0.0,10.0,10.0,3,10.0,10.0,10.0,10.0,0.0,10.0,10.0,3,200.0,200.0,200.0,200.0,0.0,200.0,200.0,,,,,,,,
phase1,I_vos_bookshelf,paging,paging,hierarchical,2000,bookshelf_cached_paging,PASS,3,90,0,0,90,972.1015,969.4385,976.3775999999999,974.6023666666667,12.78268783207819,968.474,1084.707,90,28070.984375,19360.0155273438,35161.1651367187,27632.48002387158,5784.279044578392,16603.791015625,37859.546875,90,681.10107421875,653.2394531250001,873.58623046875,56.91730685762779,3262.1083577278737,-19369.779296875,926.91796875,90,226736.0,215168.0,238928.0,226940.26666666666,9750.813890316824,215168.0,238928.0,90,0.0,0.0,0.0,0.011111111111111112,0.10540925533894598,0.0,1.0,90,8.0,8.0,8.0,8.011111111111111,0.10540925533894598,8.0,9.0,90,0.0,0.0,0.0,0.0,0.0,0.0,0.0,90,8.0,8.0,8.0,8.011111111111111,0.10540925533894598,8.0,9.0,90,64.199029126214,64.199029126214,64.199029126214,64.30757820927764,1.0297870212117743,64.199029126214,73.968446601942,90,1.2034720913061,1.2034720913061,1.2034720913060997,1.2045575821367367,0.01029787021211986,1.2034720913061,1.3011662660634,90,64.199029126214,64.199029126214,64.199029126214,64.199029126214,0.0,64.199029126214,64.199029126214,90,8.0,8.0,8.0,8.0,0.0,8.0,8.0,90,8.0,8.0,8.0,8.0,0.0,8.0,8.0,90,21.0,21.0,21.0,21.0,0.0,21.0,21.0,,,,,,,,
phase1,I_vos_bookshelf,paging,paging,hierarchical,2000,bookshelf_cached_paging_anim_off,PASS,3,90,0,0,90,112.275,109.7241,115.0939,113.44167777777778,11.590969824793605,109.248,220.298,90,26128.218261718997,18325.6994140625,35314.1430664058,26344.03293185771,6123.521132550077,16700.344726562,38051.296875,90,664.482421875,648.84931640625,833.89658203125,-230.81510416666666,3567.451652106401,-19400.793945312,868.1025390625,90,226736.0,215168.0,238928.0,226944.0,9755.442664125176,215168.0,238928.0,90,1.0,1.0,1.0,1.011111111111111,0.10540925533894598,1.0,2.0,90,1.0,1.0,1.0,1.011111111111111,0.10540925533894598,1.0,2.0,90,0.0,0.0,0.0,0.0,0.0,0.0,0.0,90,1.0,1.0,1.0,1.011111111111111,0.10540925533894598,1.0,2.0,90,64.199029126214,64.199029126214,64.199029126214,64.30757820927764,1.0297870212117743,64.199029126214,73.968446601942,90,0.64199029126214,0.64199029126214,0.64199029126214,0.6430757820927765,0.01029787021211773,0.64199029126214,0.73968446601942,90,64.199029126214,64.199029126214,64.199029126214,64.199029126214,0.0,64.199029126214,64.199029126214,90,8.0,8.0,8.0,8.0,0.0,8.0,8.0,90,8.0,8.0,8.0,8.0,0.0,8.0,8.0,90,21.0,21.0,21.0,21.0,0.0,21.0,21.0,,,,,,,,
phase1,I_vos_bookshelf,paging,paging,hierarchical,2000,bookshelf_sequential_paging,PASS,3,60,0,0,60,1102.3670000000002,984.4524,1130.8503,1088.1581833333335,50.10273736000678,974.44,1147.554,60,23941.005371093997,18804.5502929688,32753.962695313,24720.040576171985,5087.051240080729,15507.09375,36827.779296875,60,1400.35693359375,-682.7304687499986,2076.2193359375,348.7537597656166,3605.80752672594,-15990.74609375,2444.3955078125,60,215168.0,207952.0,226739.2,217873.33333333334,8233.448791706287,202192.0,238816.0,60,1.0,0.0,1.0,0.8,0.4033755872716886,0.0,1.0,60,9.0,8.0,9.0,8.8,0.4033755872716886,8.0,9.0,60,0.0,0.0,0.0,0.0,0.0,0.0,0.0,60,9.0,8.0,9.0,8.8,0.4033755872716886,8.0,9.0,60,64.199029126214,64.199029126214,64.199029126214,64.36185275080946,1.2612263728547422,64.199029126214,73.968446601942,60,1.8454623825683,1.2034720913061,1.8454623825683,1.7079927223741118,0.2638760052580897,1.2034720913061,1.8454623825683,60,64.199029126214,64.199029126214,64.199029126214,64.199029126214,0.0,64.199029126214,64.199029126214,60,8.0,8.0,8.0,8.0,0.0,8.0,8.0,60,8.0,8.0,8.0,7.85,0.6593525329532484,5.0,8.0,60,21.0,21.0,21.0,21.0,0.0,21.0,21.0,,,,,,,,
phase1,I_vos_bookshelf,paging,paging,hierarchical,2000,bookshelf_sequential_paging_anim_off,PASS,3,60,0,0,60,114.4725,112.6003,119.0398,115.46409999999999,3.182369332133166,108.881,126.609,60,26931.187988281497,20650.8415039058,32552.225683593697,26708.746744791733,4670.41889242126,16878.65625,35364.265625,60,726.21630859375,662.211328125,930.6071289062501,437.53810221355,2054.8483304890756,-14485.813476562,971.6953125,60,226736.0,215168.0,238928.0,226944.0,9782.961597957883,215168.0,238928.0,60,1.0,1.0,1.0,1.0,0.0,1.0,1.0,60,1.0,1.0,1.0,1.0,0.0,1.0,1.0,60,0.0,0.0,0.0,0.0,0.0,0.0,0.0,60,1.0,1.0,1.0,1.0,0.0,1.0,1.0,60,64.199029126214,64.199029126214,64.199029126214,64.199029126214,0.0,64.199029126214,64.199029126214,60,0.64199029126214,0.64199029126214,0.64199029126214,0.64199029126214,0.0,0.64199029126214,0.64199029126214,60,64.199029126214,64.199029126214,64.199029126214,64.199029126214,0.0,64.199029126214,64.199029126214,60,8.0,8.0,8.0,8.0,0.0,8.0,8.0,60,8.0,8.0,8.0,7.85,0.6593525329532484,5.0,8.0,60,21.0,21.0,21.0,21.0,0.0,21.0,21.0,,,,,,,,
phase1,I_vos_bookshelf,paging,paging,hierarchical,2000,close_bookshelf,PASS,3,3,0,0,3,113.373,110.57780000000001,113.43299999999999,112.23333333333333,2.039257299443432,109.879,113.448,3,33446.8359375,22170.839062500003,33510.6203125,28775.080729166668,8160.86336274251,19351.83984375,33526.56640625,3,134.46875,130.21640625,181.15937499999998,152.1513671875,35.33059254548632,129.1533203125,192.83203125,3,226736.0,217481.60000000003,236489.6,226944.0,11881.36557808066,215168.0,238928.0,3,1.0,1.0,1.0,1.0,0.0,1.0,1.0,3,1.0,1.0,1.0,1.0,0.0,1.0,1.0,3,1.0,1.0,1.0,1.0,0.0,1.0,1.0,3,0.0,0.0,0.0,0.0,0.0,0.0,0.0,3,100.0,100.0,100.0,100.0,0.0,100.0,100.0,3,1.0,1.0,1.0,1.0,0.0,1.0,1.0,3,100.0,100.0,100.0,100.0,0.0,100.0,100.0,,,,,,,,,,,,,,,,,,,,,,,,,,,,,,,,
phase1,I_vos_bookshelf,paging,paging,hierarchical,2000,library_cached_paging,PASS,3,90,0,0,90,114.4335,109.679,123.5911,116.05396666666667,12.377322526760812,107.403,219.791,90,12033.754394531501,10640.6125976563,13122.8307617188,11935.036783854157,925.9088826494797,9855.4765625,13398.61328125,90,498.271484375,-1996.286328125,712.0296875,1.9698350694444444,1158.4481998596589,-2953.7275390625,750.986328125,90,197440.0,196784.0,197600.0,197251.02222222224,361.27430450577276,196400.0,197600.0,90,3.0,3.0,3.0,3.011111111111111,0.10540925533894598,3.0,4.0,90,3.0,3.0,3.0,3.011111111111111,0.10540925533894598,3.0,4.0,90,1.0,1.0,1.0,1.0,0.0,1.0,1.0,90,2.0,2.0,2.0,2.011111111111111,0.10540925533894598,2.0,3.0,90,100.0,100.0,100.0,100.0,0.0,100.0,100.0,90,1.1953883495146,1.1953883495146,1.1953883495146,1.1964738403452357,0.010297870212109305,1.1953883495146,1.2930825242718,90,100.0,100.0,100.0,100.0,0.0,100.0,100.0,90,10.0,10.0,10.0,10.0,0.0,10.0,10.0,90,10.0,10.0,10.0,10.0,0.0,10.0,10.0,90,17.0,17.0,17.0,17.0,0.0,17.0,17.0,,,,,,,,
phase1,I_vos_bookshelf,paging,paging,hierarchical,2000,library_sequential_paging,PASS,3,48,0,0,48,117.1645,113.5022,124.9254,118.70760416666667,5.204390735243527,112.145,133.451,48,11524.31640625,10455.895117187,12491.67890625,11481.260416666626,832.6208023994024,9687.7197265625,12982.698242188,48,448.23828125,-1847.6564453125002,574.1079101562501,-4.110371907552083,1042.0895216531324,-3157.63671875,633.41015625,48,184544.0,184512.0,185872.0,184978.33333333334,638.8414158536757,184512.0,185872.0,48,3.0,3.0,3.0,3.0,0.0,3.0,3.0,48,3.0,3.0,3.0,3.0,0.0,3.0,3.0,48,1.0,1.0,1.0,1.0,0.0,1.0,1.0,48,2.0,2.0,2.0,2.0,0.0,2.0,2.0,48,100.0,100.0,100.0,100.0,0.0,100.0,100.0,48,1.1953883495146,1.1953883495146,1.1953883495146,1.1953883495146,0.0,1.1953883495146,1.1953883495146,48,100.0,100.0,100.0,100.0,0.0,100.0,100.0,48,10.0,10.0,10.0,10.0,0.0,10.0,10.0,48,10.0,10.0,10.0,9.6875,1.223115136975204,5.0,10.0,48,17.0,17.0,17.0,17.0,0.0,17.0,17.0,,,,,,,,
phase1,I_vos_bookshelf,paging,paging,hierarchical,2000,open_bookshelf,PASS,3,3,0,0,3,194.569,190.91060000000002,197.117,194.1063333333333,3.899639256820207,189.996,197.754,3,19804.717773438,18974.945898438,20119.0482421876,19589.950520833667,738.8573633734168,18767.502929688,20197.630859375,3,8740.9560546875,8598.5560546875,8766.7021484375,8692.350260416666,113.20810734868208,8562.9560546875,8773.138671875,3,201376.0,200723.2,202745.6,201674.66666666666,1290.1927504575947,200560.0,203088.0,3,1.0,1.0,1.0,1.0,0.0,1.0,1.0,3,1.0,1.0,1.0,1.0,0.0,1.0,1.0,3,1.0,1.0,1.0,1.0,0.0,1.0,1.0,3,0.0,0.0,0.0,0.0,0.0,0.0,0.0,3,100.0,100.0,100.0,100.0,0.0,100.0,100.0,3,1.0,1.0,1.0,1.0,0.0,1.0,1.0,3,100.0,100.0,100.0,100.0,0.0,100.0,100.0,,,,,,,,,,,,,,,,,3,21.0,21.0,21.0,21.0,0.0,21.0,21.0,,,,,,,,
phase1,I_vos_bookshelf,paging,paging,hierarchical,2000,paging_probe_step_2_to_3,PASS,3,3,0,0,3,109.751,108.66460000000001,115.6254,111.746,4.681011535982362,108.393,117.094,3,11445.7109375,10724.3789062504,11556.7773437496,11191.43359375,564.9351927837109,10544.045898438,11584.543945312,3,526.83984375,518.0718750000001,675.9453125,585.3138020833334,110.90693869564583,515.8798828125,713.2216796875,3,195232.0,194784.0,196102.4,195408.0,837.9785200111039,194672.0,196320.0,3,3.0,3.0000000000000004,3.0,3.0,0.0,3.0,3.0,3,3.0,3.0000000000000004,3.0,3.0,0.0,3.0,3.0,3,1.0,1.0,1.0,1.0,0.0,1.0,1.0,3,2.0,2.0,2.0,2.0,0.0,2.0,2.0,3,100.0,100.0,100.0,100.0,0.0,100.0,100.0,3,1.1953883495146,1.1953883495146,1.1953883495146,1.1953883495146,0.0,1.1953883495146,1.1953883495146,3,100.0,100.0,100.0,100.0,0.0,100.0,100.0,3,10.0,10.0,10.0,10.0,0.0,10.0,10.0,3,10.0,10.0,10.0,10.0,0.0,10.0,10.0,3,17.0,17.0,17.0,17.0,0.0,17.0,17.0,,,,,,,,
phase1,J_simpleui_vos,paging,paging,flat,2000,library_cached_paging,PASS,3,90,0,0,90,114.76400000000001,112.86410000000001,130.9274,117.53927777777777,6.7577173062829035,111.963,133.821,90,16972.438964843503,15786.249414062,18087.4025390625,16956.005664062388,824.3166162644,15710.801757812,18219.23828125,90,570.0537109375,-2329.33232421875,601.5900390625,-1.7908528645833333,1163.7824487153546,-2468.8115234375,624.1875,90,206400.0,202784.0,208992.0,206067.02222222224,2558.7164135350918,202784.0,208992.0,90,4.0,4.0,4.0,4.0,0.0,4.0,4.0,90,4.0,4.0,4.0,4.0,0.0,4.0,4.0,90,1.0,1.0,1.0,1.0,0.0,1.0,1.0,90,3.0,3.0,3.0,3.0,0.0,3.0,3.0,90,100.0,100.0,100.0,100.0,0.0,100.0,100.0,90,1.2876213592233,1.2876213592233001,1.2876213592233,1.2876213592233,0.0,1.2876213592233,1.2876213592233,90,100.0,100.0,100.0,100.0,0.0,100.0,100.0,90,8.0,8.0,8.0,8.0,0.0,8.0,8.0,90,8.0,8.0,8.0,8.0,0.0,8.0,8.0,90,250.0,250.0,250.0,250.0,0.0,250.0,250.0,,,,,,,,
phase1,J_simpleui_vos,paging,paging,flat,2000,library_sequential_paging,PASS,3,90,0,0,90,122.134,118.1337,146.84520000000003,129.5003888888889,21.87564957710056,114.654,235.484,90,16562.654785156497,15617.763476563,17553.2948242187,16601.689941406265,708.0848546191747,15530.549804688,17879.587890625,90,462.59619140625,-1898.3203125,501.97216796875,-9.598643663194444,985.1499994488073,-2348.6279296875,667.4697265625,90,195488.0,194464.0,198320.0,196090.66666666666,1640.0032885689145,194464.0,198320.0,90,4.0,4.0,4.0,4.066666666666666,0.36102226891382394,4.0,6.0,90,4.0,4.0,4.0,4.066666666666666,0.36102226891382394,4.0,6.0,90,1.0,1.0,1.0,1.0666666666666667,0.36102226891382394,1.0,3.0,90,3.0,3.0,3.0,3.0,0.0,3.0,3.0,90,100.0,100.0,100.0,100.0,0.0,100.0,100.0,90,1.2876213592233,1.2876213592233001,1.2876213592233,1.3542880258899666,0.36102226891382394,1.2876213592233,3.2876213592233,90,100.0,100.0,100.0,100.0,0.0,100.0,100.0,90,8.0,8.0,8.0,8.0,0.0,8.0,8.0,90,8.0,8.0,8.0,8.0,0.0,8.0,8.0,90,250.0,250.0,250.0,250.0,0.0,250.0,250.0,,,,,,,,
phase1,J_simpleui_vos,paging,paging,flat,2000,paging_probe_step_2_to_3,PASS,3,3,0,0,3,123.984,121.84240000000001,125.8192,123.85633333333334,2.487957864059064,121.307,126.278,3,17845.599609375,17782.212109375,17893.6160156254,17839.19498697933,69.84801348527238,17766.365234375,17905.620117188,3,530.97265625,530.5445312500001,550.259375,538.8304036458334,14.076020123298168,530.4375,555.0810546875,3,205568.0,203340.80000000002,206630.40000000002,205082.66666666666,2098.5226549487934,202784.0,206896.0,3,4.0,4.0,4.0,4.0,0.0,4.0,4.0,3,4.0,4.0,4.0,4.0,0.0,4.0,4.0,3,1.0,1.0,1.0,1.0,0.0,1.0,1.0,3,3.0,3.0000000000000004,3.0,3.0,0.0,3.0,3.0,3,100.0,100.0,100.0,100.0,0.0,100.0,100.0,3,1.2876213592233,1.2876213592233,1.2876213592233,1.2876213592233,0.0,1.2876213592233,1.2876213592233,3,100.0,100.0,100.0,100.0,0.0,100.0,100.0,3,8.0,8.0,8.0,8.0,0.0,8.0,8.0,3,8.0,8.0,8.0,8.0,0.0,8.0,8.0,3,250.0,250.0,250.0,250.0,0.0,250.0,250.0,,,,,,,,
phase1,J_simpleui_vos,paging,paging,hierarchical,2000,library_cached_paging,PASS,3,90,0,0,90,114.59,112.956,129.4571,118.51384444444443,12.822560026704961,111.224,224.488,90,14920.120117188,13736.449023437,16105.8445312504,14923.382866753333,841.9552625846718,13673.004882812,16313.825195312,90,577.7841796875,-2329.5315429687503,614.4929687499999,1.6848741319444445,1177.4150757584066,-2419.5048828125,708.95703125,90,202768.0,195872.0,203408.0,200672.0,3446.2383987651806,195632.0,203408.0,90,4.0,4.0,4.0,4.022222222222222,0.21081851067789195,4.0,6.0,90,4.0,4.0,4.0,4.022222222222222,0.21081851067789195,4.0,6.0,90,1.0,1.0,1.0,1.011111111111111,0.10540925533894598,1.0,2.0,90,3.0,3.0,3.0,3.011111111111111,0.10540925533894598,3.0,4.0,90,100.0,100.0,100.0,100.0,0.0,100.0,100.0,90,1.2876213592233,1.2876213592233001,1.2876213592233,1.299797734627831,0.11551523977071734,1.2876213592233,2.3834951456311,90,100.0,100.0,100.0,100.0,0.0,100.0,100.0,90,8.0,8.0,8.0,8.0,0.0,8.0,8.0,90,8.0,8.0,8.0,8.0,0.0,8.0,8.0,90,21.0,21.0,21.0,21.0,0.0,21.0,21.0,,,,,,,,
phase1,J_simpleui_vos,paging,paging,hierarchical,2000,library_sequential_paging,PASS,3,60,0,0,60,121.76599999999999,118.22170000000001,141.3478,124.71943333333334,8.569519171224758,115.264,148.813,60,14482.946777343499,13535.950585938,15449.967773437,14502.715364583333,726.3324983193658,13458.100585938,16001.3359375,60,465.08154296875,-1918.81953125,490.40986328125,-37.09078776041667,1018.904910071579,-2547.6025390625,522.3359375,60,191808.0,190912.0,193120.0,191946.66666666666,914.3812702284714,190912.0,193120.0,60,4.0,4.0,4.0,4.0,0.0,4.0,4.0,60,4.0,4.0,4.0,4.0,0.0,4.0,4.0,60,1.0,1.0,1.0,1.0,0.0,1.0,1.0,60,3.0,3.0,3.0,3.0,0.0,3.0,3.0,60,100.0,100.0,100.0,100.0,0.0,100.0,100.0,60,1.2876213592233,1.2876213592233001,1.2876213592233,1.2876213592233,0.0,1.2876213592233,1.2876213592233,60,100.0,100.0,100.0,100.0,0.0,100.0,100.0,60,8.0,8.0,8.0,8.0,0.0,8.0,8.0,60,8.0,8.0,8.0,7.85,0.6593525329532484,5.0,8.0,60,21.0,21.0,21.0,21.0,0.0,21.0,21.0,,,,,,,,
phase1,J_simpleui_vos,paging,paging,hierarchical,2000,paging_probe_step_2_to_3,PASS,3,3,0,0,3,130.904,128.3328,130.9888,129.868,1.8869478000199134,127.69,131.01,3,13713.805664062,13662.299414062001,13738.049414062,13702.446289062,48.35501229816273,13649.422851562,13744.110351562,3,-1898.4013671875,-1939.4208984375002,-1870.6068359375,-1903.9117838541667,43.27273339532445,-1949.67578125,-1863.658203125,3,200448.0,196531.2,202022.40000000002,199472.0,3534.5517396128184,195552.0,202416.0,3,4.0,4.0,4.0,4.0,0.0,4.0,4.0,3,4.0,4.0,4.0,4.0,0.0,4.0,4.0,3,1.0,1.0,1.0,1.0,0.0,1.0,1.0,3,3.0,3.0000000000000004,3.0,3.0,0.0,3.0,3.0,3,100.0,100.0,100.0,100.0,0.0,100.0,100.0,3,1.2876213592233,1.2876213592233,1.2876213592233,1.2876213592233,0.0,1.2876213592233,1.2876213592233,3,100.0,100.0,100.0,100.0,0.0,100.0,100.0,3,8.0,8.0,8.0,8.0,0.0,8.0,8.0,3,8.0,8.0,8.0,8.0,0.0,8.0,8.0,3,21.0,21.0,21.0,21.0,0.0,21.0,21.0,,,,,,,,
phase1,K_simpleui_vos_bookshelf,paging,paging,flat,2000,bookshelf_cached_paging,PASS,3,90,0,0,90,975.207,973.1629,979.703,977.9505666666668,16.456137589382102,971.884,1087.324,90,36573.7817382815,26865.201660156297,49019.671582031304,37317.0655381945,8308.445899774599,24236.62890625,52010.991210938,90,892.3408203125,804.43095703125,953.5125,-78.78896484375,4207.941452806118,-22313.731445312,991.5947265625,90,234272.0,219040.0,254896.0,234383.11111111112,13271.324928517955,219040.0,254896.0,90,0.0,0.0,0.0,0.044444444444444446,0.29646270815793946,0.0,2.0,90,8.0,8.0,8.0,8.044444444444444,0.29646270815793946,8.0,10.0,90,0.0,0.0,0.0,0.022222222222222223,0.14823135407896973,0.0,1.0,90,8.0,8.0,8.0,8.022222222222222,0.14823135407896973,8.0,9.0,90,64.199029126214,64.199029126214,64.199029126214,64.99460625674257,5.306826389963055,64.199029126214,100.0,90,1.2034720913061,1.2034720913061,1.2034720913060997,1.227824842115162,0.16244285525887586,1.2034720913061,2.2993458777139,90,64.199029126214,64.199029126214,64.199029126214,64.99460625674257,5.306826389963055,64.199029126214,100.0,90,8.0,8.0,8.0,8.0,0.0,8.0,8.0,90,8.0,8.0,8.0,8.0,0.0,8.0,8.0,90,250.0,250.0,250.0,250.0,0.0,250.0,250.0,,,,,,,,
phase1,K_simpleui_vos_bookshelf,paging,paging,flat,2000,bookshelf_cached_paging_anim_off,PASS,3,90,0,0,90,112.642,110.9663,114.3924,112.89325555555556,2.0968351033907,110.469,122.709,90,36466.0883789065,26771.425878905804,48632.8065429688,37141.27578124997,7969.386569768469,24181.923828125,51573.413085938,90,865.44482421875,811.74580078125,925.9728515625,-35.489615885422225,3630.062252042931,-17778.841796875,1047.0205078125,90,247072.0,231136.0,254896.0,244368.0,9942.015440102472,231136.0,254896.0,90,1.0,1.0,1.0,1.0,0.0,1.0,1.0,90,1.0,1.0,1.0,1.0,0.0,1.0,1.0,90,0.0,0.0,0.0,0.0,0.0,0.0,0.0,90,1.0,1.0,1.0,1.0,0.0,1.0,1.0,90,64.199029126214,64.199029126214,64.199029126214,64.199029126214,0.0,64.199029126214,64.199029126214,90,0.64199029126214,0.64199029126214,0.64199029126214,0.64199029126214,0.0,0.64199029126214,0.64199029126214,90,64.199029126214,64.199029126214,64.199029126214,64.199029126214,0.0,64.199029126214,64.199029126214,90,8.0,8.0,8.0,8.0,0.0,8.0,8.0,90,8.0,8.0,8.0,8.0,0.0,8.0,8.0,90,250.0,250.0,250.0,250.0,0.0,250.0,250.0,,,,,,,,
phase1,K_simpleui_vos_bookshelf,paging,paging,flat,2000,bookshelf_sequential_paging,PASS,3,90,0,0,90,1123.513,1113.2296000000001,1141.0769,1117.0463333333332,36.74215814736313,979.147,1164.666,90,36230.3999023435,26902.8201171875,47579.73632812501,36489.52384982629,7440.135342741456,23814.172851562,51189.739257812,90,2928.1591796875,-1611.6573242187962,3335.16572265625,399.34911024304995,7366.411892942633,-25825.211914062,3985.6630859375,90,228912.0,199046.4,247536.0,225478.57777777777,15377.444194486832,191680.0,248576.0,90,1.0,1.0,1.0,0.9555555555555556,0.33220783771714224,0.0,3.0,90,9.0,9.0,9.0,8.955555555555556,0.33220783771714224,8.0,11.0,90,0.0,0.0,0.0,0.011111111111111112,0.10540925533894598,0.0,1.0,90,9.0,9.0,9.0,8.944444444444445,0.2748282859651492,8.0,10.0,90,64.199029126214,64.199029126214,64.199029126214,64.5968176914783,3.773753680217076,64.199029126214,100.0,90,1.8454623825683,1.8454623825683,1.8454623825683,1.8148394052220167,0.20082553089420255,1.2034720913061,2.941336168976,90,64.199029126214,64.199029126214,64.199029126214,64.5968176914783,3.773753680217076,64.199029126214,100.0,90,8.0,8.0,8.0,8.0,0.0,8.0,8.0,90,8.0,8.0,8.0,8.0,0.0,8.0,8.0,90,250.0,250.0,250.0,250.0,0.0,250.0,250.0,,,,,,,,
phase1,K_simpleui_vos_bookshelf,paging,paging,flat,2000,bookshelf_sequential_paging_anim_off,PASS,3,90,0,0,90,119.20599999999999,117.6451,122.14440000000002,119.57264444444445,2.777290423574549,111.581,130.343,90,37831.8759765625,26886.849218749998,48229.848437500004,37681.47759331597,7948.977059330552,24121.829101562,50888.080078125,90,934.77880859375,868.40849609375,1000.3803710937501,6.625781249994462,4021.3399607213914,-22953.310546875,1214.68359375,90,236032.0,219040.0,254896.0,238488.35555555555,13840.732118642603,219040.0,254896.0,90,1.0,1.0,1.0,1.0,0.0,1.0,1.0,90,1.0,1.0,1.0,1.0,0.0,1.0,1.0,90,0.0,0.0,0.0,0.0,0.0,0.0,0.0,90,1.0,1.0,1.0,1.0,0.0,1.0,1.0,90,64.199029126214,64.199029126214,64.199029126214,64.199029126214,0.0,64.199029126214,64.199029126214,90,0.64199029126214,0.64199029126214,0.64199029126214,0.64199029126214,0.0,0.64199029126214,0.64199029126214,90,64.199029126214,64.199029126214,64.199029126214,64.199029126214,0.0,64.199029126214,64.199029126214,90,8.0,8.0,8.0,8.0,0.0,8.0,8.0,90,8.0,8.0,8.0,8.0,0.0,8.0,8.0,90,250.0,250.0,250.0,250.0,0.0,250.0,250.0,,,,,,,,
phase1,K_simpleui_vos_bookshelf,paging,paging,flat,2000,close_bookshelf,PASS,3,3,0,0,3,227.069,226.4546,228.7138,227.49833333333333,1.460133327245616,226.301,229.125,3,42743.203125,42414.2015625,48817.543750000004,45137.094401041664,4507.188911283553,42331.951171875,50336.12890625,3,723.517578125,704.787890625,744.345703125,724.3919270833334,24.735225570490165,700.10546875,749.552734375,3,253792.0,242080.0,254675.2,249280.0,8788.457885203752,239152.0,254896.0,3,6.0,6.000000000000001,6.0,6.0,0.0,6.0,6.0,3,6.0,6.000000000000001,6.0,6.0,0.0,6.0,6.0,3,5.0,5.0,5.0,5.0,0.0,5.0,5.0,3,1.0,1.0,1.0,1.0,0.0,1.0,1.0,3,100.0,100.0,100.0,100.0,0.0,100.0,100.0,3,5.061286407767,5.061286407767,5.061286407767,5.061286407767,0.0,5.061286407767,5.061286407767,3,100.0,100.0,100.0,100.0,0.0,100.0,100.0,,,,,,,,,,,,,,,,,,,,,,,,,,,,,,,,
phase1,K_simpleui_vos_bookshelf,paging,paging,flat,2000,library_cached_paging,PASS,3,90,0,0,90,114.8185,113.4625,130.6966,117.82328888888888,6.777538634200281,112.677,137.93,90,17136.615234375,15923.430078125,18300.2697265625,17118.869520399312,848.5714028856282,15846.599609375,18477.1328125,90,584.75927734375,-2366.89248046875,615.02783203125,-2.49375,1197.5703619516446,-2587.931640625,676.4921875,90,205184.0,191680.0,206224.0,201030.4,6662.580498154001,191680.0,206240.0,90,4.0,4.0,4.0,4.0,0.0,4.0,4.0,90,4.0,4.0,4.0,4.0,0.0,4.0,4.0,90,1.0,1.0,1.0,1.0,0.0,1.0,1.0,90,3.0,3.0,3.0,3.0,0.0,3.0,3.0,90,100.0,100.0,100.0,100.0,0.0,100.0,100.0,90,1.2876213592233,1.2876213592233001,1.2876213592233,1.2876213592233,0.0,1.2876213592233,1.2876213592233,90,100.0,100.0,100.0,100.0,0.0,100.0,100.0,90,8.0,8.0,8.0,8.0,0.0,8.0,8.0,90,8.0,8.0,8.0,8.0,0.0,8.0,8.0,90,250.0,250.0,250.0,250.0,0.0,250.0,250.0,,,,,,,,
phase1,K_simpleui_vos_bookshelf,paging,paging,flat,2000,library_sequential_paging,PASS,3,90,0,0,90,122.7185,117.9214,144.4719,130.0268888888889,23.648542100321148,114.601,268.887,90,16710.364746093503,15728.77421875,17723.6318359375,16748.998687065967,734.8647756880916,15632.297851562,18022.25390625,90,475.80419921875,-1980.642578125,520.72880859375,-12.865386284722222,1018.158758684469,-2395.0341796875,699.7998046875,90,194368.0,191680.0,194832.0,193626.66666666666,1397.2583105914432,191680.0,194832.0,90,4.0,4.0,4.0,4.066666666666666,0.36102226891382394,4.0,6.0,90,4.0,4.0,4.0,4.066666666666666,0.36102226891382394,4.0,6.0,90,1.0,1.0,1.0,1.0666666666666667,0.36102226891382394,1.0,3.0,90,3.0,3.0,3.0,3.0,0.0,3.0,3.0,90,100.0,100.0,100.0,100.0,0.0,100.0,100.0,90,1.2876213592233,1.2876213592233001,1.2876213592233,1.3542880258899666,0.36102226891382394,1.2876213592233,3.2876213592233,90,100.0,100.0,100.0,100.0,0.0,100.0,100.0,90,8.0,8.0,8.0,8.0,0.0,8.0,8.0,90,8.0,8.0,8.0,8.0,0.0,8.0,8.0,90,250.0,250.0,250.0,250.0,0.0,250.0,250.0,,,,,,,,
phase1,K_simpleui_vos_bookshelf,paging,paging,flat,2000,open_bookshelf,PASS,3,3,0,0,3,224.736,223.86560000000003,227.68319999999997,225.60133333333332,2.500919297645031,223.648,228.42,3,29210.971679688,29175.3880859376,29221.5021484376,29200.53287760433,30.205846204512103,29166.4921875,29224.134765625,3,11441.33203125,11392.035156250002,11444.353906249999,11422.05078125,36.71598913324039,11379.7109375,11445.109375,3,207072.0,194758.4,212384.0,204154.66666666666,11302.007845216413,191680.0,213712.0,3,1.0,1.0,1.0,1.0,0.0,1.0,1.0,3,1.0,1.0,1.0,1.0,0.0,1.0,1.0,3,1.0,1.0,1.0,1.0,0.0,1.0,1.0,3,0.0,0.0,0.0,0.0,0.0,0.0,0.0,3,100.0,100.0,100.0,100.0,0.0,100.0,100.0,3,1.0,1.0,1.0,1.0,0.0,1.0,1.0,3,100.0,100.0,100.0,100.0,0.0,100.0,100.0,,,,,,,,,,,,,,,,,3,250.0,250.0,250.0,250.0,0.0,250.0,250.0,,,,,,,,
phase1,K_simpleui_vos_bookshelf,paging,paging,flat,2000,paging_probe_step_2_to_3,PASS,3,3,0,0,3,120.852,119.7864,121.44800000000001,120.65633333333334,1.052233972713927,119.52,121.597,3,17890.495117188,17887.5021484376,17946.8998046872,17912.75,41.82841999419498,17886.75390625,17961.000976562,3,518.103515625,513.513671875,553.307421875,530.859375,27.2140637468455,512.3662109375,562.1083984375,3,202048.0,193753.6,204134.40000000002,199461.33333333334,6863.838381935674,191680.0,204656.0,3,4.0,4.0,4.0,4.0,0.0,4.0,4.0,3,4.0,4.0,4.0,4.0,0.0,4.0,4.0,3,1.0,1.0,1.0,1.0,0.0,1.0,1.0,3,3.0,3.0000000000000004,3.0,3.0,0.0,3.0,3.0,3,100.0,100.0,100.0,100.0,0.0,100.0,100.0,3,1.2876213592233,1.2876213592233,1.2876213592233,1.2876213592233,0.0,1.2876213592233,1.2876213592233,3,100.0,100.0,100.0,100.0,0.0,100.0,100.0,3,8.0,8.0,8.0,8.0,0.0,8.0,8.0,3,8.0,8.0,8.0,8.0,0.0,8.0,8.0,3,250.0,250.0,250.0,250.0,0.0,250.0,250.0,,,,,,,,
phase1,K_simpleui_vos_bookshelf,paging,paging,hierarchical,2000,bookshelf_cached_paging,PASS,3,90,0,0,90,974.501,972.343,976.9465,977.0206777777778,16.10893492585924,969.042,1083.87,90,32681.140625,22526.4196289067,40364.4684570308,32031.471560329865,6684.953020456585,20014.1796875,42632.073242188,90,855.08251953125,810.86455078125,924.4405273437501,71.26807725694442,3158.7124207131974,-17137.184570312,953.0703125,90,230464.0,216832.0,239840.0,228893.15555555557,9345.730970276698,216832.0,239840.0,90,0.0,0.0,0.0,0.044444444444444446,0.29646270815793946,0.0,2.0,90,8.0,8.0,8.0,8.044444444444444,0.29646270815793946,8.0,10.0,90,0.0,0.0,0.0,0.022222222222222223,0.14823135407896973,0.0,1.0,90,8.0,8.0,8.0,8.022222222222222,0.14823135407896973,8.0,9.0,90,64.199029126214,64.199029126214,64.199029126214,64.99460625674257,5.306826389963055,64.199029126214,100.0,90,1.2034720913061,1.2034720913061,1.2034720913060997,1.227824842115162,0.16244285525887586,1.2034720913061,2.2993458777139,90,64.199029126214,64.199029126214,64.199029126214,64.99460625674257,5.306826389963055,64.199029126214,100.0,90,8.0,8.0,8.0,8.0,0.0,8.0,8.0,90,8.0,8.0,8.0,8.0,0.0,8.0,8.0,90,21.0,21.0,21.0,21.0,0.0,21.0,21.0,,,,,,,,
phase1,K_simpleui_vos_bookshelf,paging,paging,hierarchical,2000,bookshelf_cached_paging_anim_off,PASS,3,90,0,0,90,111.90100000000001,110.7751,113.463,112.30872222222222,1.956935795699335,110.03,121.013,90,31772.232910156003,22365.7004882808,40612.0220703125,31733.057617187467,6686.6838716075745,19978.1953125,42987.291992188,90,826.7919921875,788.68291015625,870.9292968750001,24.46824001736111,3110.388285511046,-15072.967773438,903.93359375,90,230464.0,219936.0,239840.0,230079.2888888889,8176.750522464087,219920.0,239840.0,90,1.0,1.0,1.0,1.0,0.0,1.0,1.0,90,1.0,1.0,1.0,1.0,0.0,1.0,1.0,90,0.0,0.0,0.0,0.0,0.0,0.0,0.0,90,1.0,1.0,1.0,1.0,0.0,1.0,1.0,90,64.199029126214,64.199029126214,64.199029126214,64.199029126214,0.0,64.199029126214,64.199029126214,90,0.64199029126214,0.64199029126214,0.64199029126214,0.64199029126214,0.0,0.64199029126214,0.64199029126214,90,64.199029126214,64.199029126214,64.199029126214,64.199029126214,0.0,64.199029126214,64.199029126214,90,8.0,8.0,8.0,8.0,0.0,8.0,8.0,90,8.0,8.0,8.0,8.0,0.0,8.0,8.0,90,21.0,21.0,21.0,21.0,0.0,21.0,21.0,,,,,,,,
phase1,K_simpleui_vos_bookshelf,paging,paging,hierarchical,2000,bookshelf_sequential_paging,PASS,3,60,0,0,60,1112.6245,983.629,1123.8781999999999,1089.9803166666668,53.87545167736782,977.759,1134.801,60,27201.864257812,19787.2879882813,34874.7591796875,27217.07757161465,5817.278891506658,17963.534179688,37857.432617188,60,1937.0341796875,1001.98115234375,2108.55830078125,832.8729654947833,3866.1685249380234,-18008.262695312,3067.6181640625,60,216832.0,209004.8,235528.0,221165.33333333334,9216.015144369227,207648.0,235712.0,60,1.0,0.0,1.0,0.8333333333333334,0.492887262066433,0.0,3.0,60,9.0,8.0,9.0,8.833333333333334,0.492887262066433,8.0,11.0,60,0.0,0.0,0.0,0.016666666666666666,0.12909944487358058,0.0,1.0,60,9.0,8.0,9.0,8.816666666666666,0.4314605336417173,8.0,10.0,60,64.199029126214,64.199029126214,64.199029126214,64.79571197411043,4.621885465740999,64.199029126214,100.0,60,1.8454623825683,1.2034720913061,1.8454623825683,1.735328887422655,0.3030633026522508,1.2034720913061,2.941336168976,60,64.199029126214,64.199029126214,64.199029126214,64.79571197411043,4.621885465740999,64.199029126214,100.0,60,8.0,8.0,8.0,8.0,0.0,8.0,8.0,60,8.0,8.0,8.0,7.85,0.6593525329532484,5.0,8.0,60,21.0,21.0,21.0,21.0,0.0,21.0,21.0,,,,,,,,
phase1,K_simpleui_vos_bookshelf,paging,paging,hierarchical,2000,bookshelf_sequential_paging_anim_off,PASS,3,60,0,0,60,118.34049999999999,115.05300000000001,126.4202,119.37711666666668,5.255321377686465,111.017,138.976,60,28840.390625,21779.637011718303,41035.9395507808,29557.71739908847,6612.272744338302,20044.370117188,42812.481445312,60,904.7255859375,-177.3960937499968,983.04462890625,-311.87547200520834,3758.833881085235,-14290.357421875,1057.052734375,60,230464.0,216832.0,239840.0,229197.6,9342.332716353601,216832.0,239840.0,60,1.0,1.0,1.0,1.0,0.0,1.0,1.0,60,1.0,1.0,1.0,1.0,0.0,1.0,1.0,60,0.0,0.0,0.0,0.0,0.0,0.0,0.0,60,1.0,1.0,1.0,1.0,0.0,1.0,1.0,60,64.199029126214,64.199029126214,64.199029126214,64.199029126214,0.0,64.199029126214,64.199029126214,60,0.64199029126214,0.64199029126214,0.64199029126214,0.64199029126214,0.0,0.64199029126214,0.64199029126214,60,64.199029126214,64.199029126214,64.199029126214,64.199029126214,0.0,64.199029126214,64.199029126214,60,8.0,8.0,8.0,8.0,0.0,8.0,8.0,60,8.0,8.0,8.0,7.85,0.6593525329532484,5.0,8.0,60,21.0,21.0,21.0,21.0,0.0,21.0,21.0,,,,,,,,
phase1,K_simpleui_vos_bookshelf,paging,paging,hierarchical,2000,close_bookshelf,PASS,3,3,0,0,3,112.229,111.28980000000001,113.33059999999999,112.29666666666667,1.2768454618055067,111.055,113.606,3,37428.974609375,37051.9191406254,37520.680859375,37310.07910156267,310.54321180465007,36957.655273438,37543.607421875,3,209.3798828125,193.33769531250002,209.44863281250002,202.72428385416666,11.602339175479004,189.3271484375,209.4658203125,3,230464.0,226649.60000000003,237964.8,232000.0,7196.016675911751,225696.0,239840.0,3,1.0,1.0,1.0,1.0,0.0,1.0,1.0,3,1.0,1.0,1.0,1.0,0.0,1.0,1.0,3,1.0,1.0,1.0,1.0,0.0,1.0,1.0,3,0.0,0.0,0.0,0.0,0.0,0.0,0.0,3,100.0,100.0,100.0,100.0,0.0,100.0,100.0,3,1.0,1.0,1.0,1.0,0.0,1.0,1.0,3,100.0,100.0,100.0,100.0,0.0,100.0,100.0,,,,,,,,,,,,,,,,,,,,,,,,,,,,,,,,
phase1,K_simpleui_vos_bookshelf,paging,paging,hierarchical,2000,library_cached_paging,PASS,3,90,0,0,90,115.1335,113.37580000000001,128.3821,117.41246666666666,5.466924986999834,111.3,130.908,90,15048.4169921875,13871.044921875,16265.5969726563,15068.703667534723,859.0524010432478,13793.126953125,16420.56640625,90,589.0986328125,-2394.6373046874996,632.9005859375001,-1.6882161458333333,1207.743005945293,-2550.177734375,681.4873046875,90,201264.0,198336.0,202944.0,200839.2888888889,1913.115990213345,198336.0,202944.0,90,4.0,4.0,4.0,4.0,0.0,4.0,4.0,90,4.0,4.0,4.0,4.0,0.0,4.0,4.0,90,1.0,1.0,1.0,1.0,0.0,1.0,1.0,90,3.0,3.0,3.0,3.0,0.0,3.0,3.0,90,100.0,100.0,100.0,100.0,0.0,100.0,100.0,90,1.2876213592233,1.2876213592233001,1.2876213592233,1.2876213592233,0.0,1.2876213592233,1.2876213592233,90,100.0,100.0,100.0,100.0,0.0,100.0,100.0,90,8.0,8.0,8.0,8.0,0.0,8.0,8.0,90,8.0,8.0,8.0,8.0,0.0,8.0,8.0,90,21.0,21.0,21.0,21.0,0.0,21.0,21.0,,,,,,,,
phase1,K_simpleui_vos_bookshelf,paging,paging,hierarchical,2000,library_sequential_paging,PASS,3,60,0,0,60,120.64750000000001,117.6644,139.2427,123.58850000000001,7.994789310459912,114.243,141.271,60,14630.631347655999,13675.7981445308,15634.4796875004,14665.066031900917,752.8757130917513,13584.981445312,16441.991210938,60,461.3701171875,-1985.5713867187499,498.38525390625,-48.10948893229167,1052.033716816393,-2755.001953125,570.97265625,60,189008.0,187856.0,193440.0,190101.33333333334,2427.497467517167,187856.0,193440.0,60,4.0,4.0,4.0,4.0,0.0,4.0,4.0,60,4.0,4.0,4.0,4.0,0.0,4.0,4.0,60,1.0,1.0,1.0,1.0,0.0,1.0,1.0,60,3.0,3.0,3.0,3.0,0.0,3.0,3.0,60,100.0,100.0,100.0,100.0,0.0,100.0,100.0,60,1.2876213592233,1.2876213592233001,1.2876213592233,1.2876213592233,0.0,1.2876213592233,1.2876213592233,60,100.0,100.0,100.0,100.0,0.0,100.0,100.0,60,8.0,8.0,8.0,8.0,0.0,8.0,8.0,60,8.0,8.0,8.0,7.85,0.6593525329532484,5.0,8.0,60,21.0,21.0,21.0,21.0,0.0,21.0,21.0,,,,,,,,
phase1,K_simpleui_vos_bookshelf,paging,paging,hierarchical,2000,open_bookshelf,PASS,3,3,0,0,3,198.715,196.8414,198.875,198.00099999999998,1.4134312859138256,196.373,198.915,3,16247.458984375,16233.046484375,16252.421484375,16243.521484375,12.580337538322452,16229.443359375,16253.662109375,3,-29.8076171875,-129.7787109375,39.510351562500006,-42.579752604166664,106.38225477039325,-154.771484375,56.83984375,3,206624.0,204294.40000000002,207148.8,205872.0,1899.1534956395706,203712.0,207280.0,3,1.0,1.0,1.0,1.0,0.0,1.0,1.0,3,1.0,1.0,1.0,1.0,0.0,1.0,1.0,3,1.0,1.0,1.0,1.0,0.0,1.0,1.0,3,0.0,0.0,0.0,0.0,0.0,0.0,0.0,3,100.0,100.0,100.0,100.0,0.0,100.0,100.0,3,1.0,1.0,1.0,1.0,0.0,1.0,1.0,3,100.0,100.0,100.0,100.0,0.0,100.0,100.0,,,,,,,,,,,,,,,,,3,21.0,21.0,21.0,21.0,0.0,21.0,21.0,,,,,,,,
phase1,K_simpleui_vos_bookshelf,paging,paging,hierarchical,2000,paging_probe_step_2_to_3,PASS,3,3,0,0,3,130.59,126.66919999999999,130.8644,129.07066666666665,2.9336264815639614,125.689,130.933,3,13789.498046875,13776.638671875,13816.516796875,13795.397786458334,25.442138348965553,13773.423828125,13823.271484375,3,-1968.2236328125,-1973.2455078125001,-1892.0259765625,-1938.5670572916667,56.88968286430023,-1974.5009765625,-1872.9765625,3,199136.0,198380.80000000002,199763.19999999998,199082.66666666666,865.2336871235038,198192.0,199920.0,3,4.0,4.0,4.0,4.0,0.0,4.0,4.0,3,4.0,4.0,4.0,4.0,0.0,4.0,4.0,3,1.0,1.0,1.0,1.0,0.0,1.0,1.0,3,3.0,3.0000000000000004,3.0,3.0,0.0,3.0,3.0,3,100.0,100.0,100.0,100.0,0.0,100.0,100.0,3,1.2876213592233,1.2876213592233,1.2876213592233,1.2876213592233,0.0,1.2876213592233,1.2876213592233,3,100.0,100.0,100.0,100.0,0.0,100.0,100.0,3,8.0,8.0,8.0,8.0,0.0,8.0,8.0,3,8.0,8.0,8.0,8.0,0.0,8.0,8.0,3,21.0,21.0,21.0,21.0,0.0,21.0,21.0,,,,,,,,
phase1,L_project_title_vos,paging,paging,flat,2000,library_cached_paging,PASS,3,90,0,0,90,111.67949999999999,110.4802,113.55870000000002,112.0195,1.6692689461577912,109.898,120.388,90,24723.728027343503,16970.0575195313,30663.237890625005,24087.83733723961,5072.42774699152,14925.05078125,33261.776367188,90,669.501953125,624.1537109375,710.7484375,64.40074869792774,3145.6528023774954,-17962.157226562,742.8095703125,90,211440.0,208112.0,215968.0,212003.55555555556,2745.6113750350028,207264.0,215968.0,90,3.0,3.0,3.0,3.0,0.0,3.0,3.0,90,3.0,3.0,3.0,3.0,0.0,3.0,3.0,90,1.0,1.0,1.0,1.0,0.0,1.0,1.0,90,2.0,2.0,2.0,2.0,0.0,2.0,2.0,90,100.0,100.0,100.0,100.0,0.0,100.0,100.0,90,1.1917475728155,1.1917475728155,1.1917475728155,1.1917475728155,0.0,1.1917475728155,1.1917475728155,90,100.0,100.0,100.0,100.0,0.0,100.0,100.0,90,14.0,14.0,14.0,14.0,0.0,14.0,14.0,90,14.0,14.0,14.0,14.0,0.0,14.0,14.0,90,143.0,143.0,143.0,143.0,0.0,143.0,143.0,,,,,,,,
phase1,L_project_title_vos,paging,paging,flat,2000,library_sequential_paging,PASS,3,90,0,0,90,111.971,110.6415,114.2868,113.48691111111111,11.65451761243368,109.707,221.803,90,19428.408691406003,15441.8442382812,26384.831347656203,20190.0558376736,4090.611546719291,13989.90625,28379.11328125,90,694.28955078125,646.090625,756.57509765625,240.22271050348334,2455.748605842276,-13671.055664062,858.263671875,90,193624.0,188464.0,198457.6,193475.02222222224,3880.00427712546,188464.0,198704.0,90,3.0,3.0,3.0,3.011111111111111,0.10540925533894598,3.0,4.0,90,3.0,3.0,3.0,3.011111111111111,0.10540925533894598,3.0,4.0,90,1.0,1.0,1.0,1.0,0.0,1.0,1.0,90,2.0,2.0,2.0,2.011111111111111,0.10540925533894598,2.0,3.0,90,100.0,100.0,100.0,100.0,0.0,100.0,100.0,90,1.1917475728155,1.1917475728155,1.1917475728155,1.19281283710892,0.010105984431771345,1.1917475728155,1.2876213592233,90,100.0,100.0,100.0,100.0,0.0,100.0,100.0,90,14.0,14.0,14.0,14.0,0.0,14.0,14.0,90,14.0,14.0,14.0,14.0,0.0,14.0,14.0,90,143.0,143.0,143.0,143.0,0.0,143.0,143.0,,,,,,,,
phase1,L_project_title_vos,paging,paging,flat,2000,paging_probe_step_2_to_3,PASS,3,3,0,0,3,111.772,109.22640000000001,112.3424,110.949,2.0738256918072926,108.59,112.485,3,21922.521484375,21606.782421875003,22249.057421875,21927.020182291668,401.4407807394818,21527.84765625,22330.69140625,3,687.689453125,657.838671875,739.4441406249999,696.8160807291666,51.612209244168795,650.3759765625,752.3828125,3,207824.0,206326.40000000002,208528.0,207493.33333333334,1405.4825980186781,205952.0,208704.0,3,3.0,3.0000000000000004,3.0,3.0,0.0,3.0,3.0,3,3.0,3.0000000000000004,3.0,3.0,0.0,3.0,3.0,3,1.0,1.0,1.0,1.0,0.0,1.0,1.0,3,2.0,2.0,2.0,2.0,0.0,2.0,2.0,3,100.0,100.0,100.0,100.0,0.0,100.0,100.0,3,1.1917475728155,1.1917475728155,1.1917475728155,1.1917475728155,0.0,1.1917475728155,1.1917475728155,3,100.0,100.0,100.0,100.0,0.0,100.0,100.0,3,14.0,14.000000000000002,14.0,14.0,0.0,14.0,14.0,3,14.0,14.000000000000002,14.0,14.0,0.0,14.0,14.0,3,143.0,143.0,143.0,143.0,0.0,143.0,143.0,,,,,,,,
phase1,L_project_title_vos,paging,paging,hierarchical,2000,library_cached_paging,PASS,3,90,0,0,90,111.607,110.56079999999999,113.864,111.96621111111112,1.4443371754128784,109.245,117.519,90,17999.20703125,13911.154785156301,23065.626660156206,18142.34685329861,3448.2120747133563,11939.708007812,25706.12109375,90,689.53076171875,649.8775390625,721.222265625,226.75973307291108,2065.9519182360846,-12866.834960938,746.126953125,90,202192.0,199136.0,204528.0,201920.17777777778,1773.1650529825479,199136.0,204528.0,90,3.0,3.0,3.0,3.0,0.0,3.0,3.0,90,3.0,3.0,3.0,3.0,0.0,3.0,3.0,90,1.0,1.0,1.0,1.0,0.0,1.0,1.0,90,2.0,2.0,2.0,2.0,0.0,2.0,2.0,90,100.0,100.0,100.0,100.0,0.0,100.0,100.0,90,1.1953883495146,1.1953883495146,1.1953883495146,1.1953883495146,0.0,1.1953883495146,1.1953883495146,90,100.0,100.0,100.0,100.0,0.0,100.0,100.0,90,14.0,14.0,14.0,14.0,0.0,14.0,14.0,90,14.0,14.0,14.0,14.0,0.0,14.0,14.0,90,12.0,12.0,12.0,12.0,0.0,12.0,12.0,,,,,,,,
phase1,L_project_title_vos,paging,paging,hierarchical,2000,library_sequential_paging,PASS,3,33,0,0,33,112.388,110.6808,113.33500000000001,112.28021212121212,1.235034203918452,109.918,115.566,33,16207.23828125,13402.647070312,19080.020507812398,16218.420957623031,2246.2163454236675,12686.615234375,19653.747070312,33,701.4072265625,659.546484375,729.1634765624999,691.1189334753788,44.62410788536413,548.1455078125,758.888671875,33,184432.0,182608.0,186419.2,184348.12121212122,1725.5493284309448,182608.0,188608.0,33,3.0,3.0,3.0,3.0,0.0,3.0,3.0,33,3.0,3.0,3.0,3.0,0.0,3.0,3.0,33,1.0,1.0,1.0,1.0,0.0,1.0,1.0,33,2.0,2.0,2.0,2.0,0.0,2.0,2.0,33,100.0,100.0,100.0,100.0,0.0,100.0,100.0,33,1.1953883495146,1.1953883495146,1.1953883495146,1.1953883495146,0.0,1.1953883495146,1.1953883495146,33,100.0,100.0,100.0,100.0,0.0,100.0,100.0,33,14.0,14.0,14.0,14.0,0.0,14.0,14.0,33,14.0,14.0,14.0,13.727272727272727,0.8758113121817134,11.0,14.0,33,12.0,12.0,12.0,12.0,0.0,12.0,12.0,,,,,,,,
phase1,L_project_title_vos,paging,paging,hierarchical,2000,paging_probe_step_2_to_3,PASS,3,3,0,0,3,111.789,111.4642,112.6226,112.00099999999999,0.7469163273084911,111.383,112.831,3,21007.5390625,20953.497656250398,21099.5109375,21023.34342447933,92.27898381872194,20939.987304688,21122.50390625,3,689.3203125,636.615625,690.925,668.0286458333334,38.628395614414714,623.439453125,691.326171875,3,198176.0,197318.40000000002,199532.8,198384.0,1395.6733142107432,197104.0,199872.0,3,3.0,3.0000000000000004,3.0,3.0,0.0,3.0,3.0,3,3.0,3.0000000000000004,3.0,3.0,0.0,3.0,3.0,3,1.0,1.0,1.0,1.0,0.0,1.0,1.0,3,2.0,2.0,2.0,2.0,0.0,2.0,2.0,3,100.0,100.0,100.0,100.0,0.0,100.0,100.0,3,1.1953883495146,1.1953883495146,1.1953883495146,1.1953883495146,0.0,1.1953883495146,1.1953883495146,3,100.0,100.0,100.0,100.0,0.0,100.0,100.0,3,14.0,14.000000000000002,14.0,14.0,0.0,14.0,14.0,3,14.0,14.000000000000002,14.0,14.0,0.0,14.0,14.0,3,12.0,12.000000000000002,12.0,12.0,0.0,12.0,12.0,,,,,,,,
phase1,A_stock,paging,paging,flat,2000,process:spawn_to_ui_ready_ms,PASS,3,3,0,0,3,797.07175,786.5780836,916.2788836,842.369028,90.05605207123484,783.954667,946.080667,,,,,,,,,,,,,,,,,,,,,,,,,,,,,,,,,,,,,,,,,,,,,,,,,,,,,,,,,,,,,,,,,,,,,,,,,,,,,,,,,,,,,,,,,,,,,,,,,,,,,,,,,,,,,,,,
phase1,A_stock,paging,paging,flat,2000,process:spawn_to_library_ready_ms,PASS,3,3,0,0,3,926.74625,914.9179836000001,1047.1622164,971.991125,91.47012541520257,911.960917,1077.266208,,,,,,,,,,,,,,,,,,,,,,,,,,,,,,,,,,,,,,,,,,,,,,,,,,,,,,,,,,,,,,,,,,,,,,,,,,,,,,,,,,,,,,,,,,,,,,,,,,,,,,,,,,,,,,,,
phase1,A_stock,paging,paging,flat,2000,process:complete_marker_ms,PASS,3,3,0,0,3,9117.949125,9112.9555586,9260.265958599999,9175.167153,104.55681616784504,9111.707167,9295.845167,,,,,,,,,,,,,,,,,,,,,,,,,,,,,,,,,,,,,,,,,,,,,,,,,,,,,,,,,,,,,,,,,,,,,,,,,,,,,,,,,,,,,,,,,,,,,,,,,,,,,,,,,,,,,,,,
phase1,A_stock,paging,paging,flat,2000,process:spawn_to_process_exit_ms,PASS,3,3,0,0,3,9158.327709,9155.878575400002,9307.436575400001,9219.435931,108.50460778724354,9155.266292,9344.713792,,,,,,,,,,,,,,,,,,,,,,,,,,,,,,,,,,,,,,,,,,,,,,,,,,,,,,,,,,,,,,,,,,,,,,,,,,,,,,,,,,,,,,,,,,,,,,,,,,,,,,,,,,,,,,,,
phase1,A_stock,paging,paging,hierarchical,2000,process:spawn_to_ui_ready_ms,PASS,3,3,0,0,3,741.124833,690.3442994000001,756.0480665999999,726.1842913333334,43.05504748663296,677.649166,759.778875,,,,,,,,,,,,,,,,,,,,,,,,,,,,,,,,,,,,,,,,,,,,,,,,,,,,,,,,,,,,,,,,,,,,,,,,,,,,,,,,,,,,,,,,,,,,,,,,,,,,,,,,,,,,,,,,
phase1,A_stock,paging,paging,hierarchical,2000,process:spawn_to_library_ready_ms,PASS,3,3,0,0,3,878.1885,828.4604,890.0515,862.411375,40.8473986122816,816.028375,893.01725,,,,,,,,,,,,,,,,,,,,,,,,,,,,,,,,,,,,,,,,,,,,,,,,,,,,,,,,,,,,,,,,,,,,,,,,,,,,,,,,,,,,,,,,,,,,,,,,,,,,,,,,,,,,,,,,
phase1,A_stock,paging,paging,hierarchical,2000,process:complete_marker_ms,PASS,3,3,0,0,3,7317.031333,7252.7226994,7321.0670994,7291.917638333333,47.93345207076614,7236.645541,7322.076041,,,,,,,,,,,,,,,,,,,,,,,,,,,,,,,,,,,,,,,,,,,,,,,,,,,,,,,,,,,,,,,,,,,,,,,,,,,,,,,,,,,,,,,,,,,,,,,,,,,,,,,,,,,,,,,,
phase1,A_stock,paging,paging,hierarchical,2000,process:spawn_to_process_exit_ms,PASS,3,3,0,0,3,7359.580458,7297.017258,7365.4133244,7335.942819,47.396263433049235,7281.376458,7366.871541,,,,,,,,,,,,,,,,,,,,,,,,,,,,,,,,,,,,,,,,,,,,,,,,,,,,,,,,,,,,,,,,,,,,,,,,,,,,,,,,,,,,,,,,,,,,,,,,,,,,,,,,,,,,,,,,
phase1,B_bookshelf,paging,paging,flat,2000,process:spawn_to_ui_ready_ms,PASS,3,3,0,0,3,802.416833,798.9341666,897.9977002,840.7910833333334,70.2699683017146,798.0635,921.892917,,,,,,,,,,,,,,,,,,,,,,,,,,,,,,,,,,,,,,,,,,,,,,,,,,,,,,,,,,,,,,,,,,,,,,,,,,,,,,,,,,,,,,,,,,,,,,,,,,,,,,,,,,,,,,,,
phase1,B_bookshelf,paging,paging,flat,2000,process:spawn_to_library_ready_ms,PASS,3,3,0,0,3,928.883666,927.4619668,1027.3818331999998,969.3321943333334,71.6034542051312,927.106542,1052.006375,,,,,,,,,,,,,,,,,,,,,,,,,,,,,,,,,,,,,,,,,,,,,,,,,,,,,,,,,,,,,,,,,,,,,,,,,,,,,,,,,,,,,,,,,,,,,,,,,,,,,,,,,,,,,,,,
phase1,B_bookshelf,paging,paging,flat,2000,process:complete_marker_ms,PASS,3,3,0,0,3,81940.078,81915.75020000001,82037.652,81970.59724999999,80.64288589089482,81909.66825,82062.0455,,,,,,,,,,,,,,,,,,,,,,,,,,,,,,,,,,,,,,,,,,,,,,,,,,,,,,,,,,,,,,,,,,,,,,,,,,,,,,,,,,,,,,,,,,,,,,,,,,,,,,,,,,,,,,,,
phase1,B_bookshelf,paging,paging,flat,2000,process:spawn_to_process_exit_ms,PASS,3,3,0,0,3,81990.307667,81966.4445662,82085.89383339998,82020.19227766666,79.01458564828748,81960.478791,82109.790375,,,,,,,,,,,,,,,,,,,,,,,,,,,,,,,,,,,,,,,,,,,,,,,,,,,,,,,,,,,,,,,,,,,,,,,,,,,,,,,,,,,,,,,,,,,,,,,,,,,,,,,,,,,,,,,,
phase1,B_bookshelf,paging,paging,hierarchical,2000,process:spawn_to_ui_ready_ms,PASS,3,3,0,0,3,829.313416,790.8793168000001,916.8828832,849.786486,80.72343847289409,781.270792,938.77525,,,,,,,,,,,,,,,,,,,,,,,,,,,,,,,,,,,,,,,,,,,,,,,,,,,,,,,,,,,,,,,,,,,,,,,,,,,,,,,,,,,,,,,,,,,,,,,,,,,,,,,,,,,,,,,,
phase1,B_bookshelf,paging,paging,hierarchical,2000,process:spawn_to_library_ready_ms,PASS,3,3,0,0,3,963.068625,925.1155922000002,1056.402225,986.1438613333333,84.45254698713687,915.627334,1079.735625,,,,,,,,,,,,,,,,,,,,,,,,,,,,,,,,,,,,,,,,,,,,,,,,,,,,,,,,,,,,,,,,,,,,,,,,,,,,,,,,,,,,,,,,,,,,,,,,,,,,,,,,,,,,,,,,
phase1,B_bookshelf,paging,paging,hierarchical,2000,process:complete_marker_ms,PASS,3,3,0,0,3,67104.490125,67074.4440586,67365.382725,67200.67618066666,200.0084779762226,67066.932542,67430.605875,,,,,,,,,,,,,,,,,,,,,,,,,,,,,,,,,,,,,,,,,,,,,,,,,,,,,,,,,,,,,,,,,,,,,,,,,,,,,,,,,,,,,,,,,,,,,,,,,,,,,,,,,,,,,,,,
phase1,B_bookshelf,paging,paging,hierarchical,2000,process:spawn_to_process_exit_ms,PASS,3,3,0,0,3,67159.620958,67122.7947588,67414.245458,67250.37024999999,198.3875855936871,67113.588209,67477.901583,,,,,,,,,,,,,,,,,,,,,,,,,,,,,,,,,,,,,,,,,,,,,,,,,,,,,,,,,,,,,,,,,,,,,,,,,,,,,,,,,,,,,,,,,,,,,,,,,,,,,,,,,,,,,,,,
phase1,C_simpleui,paging,paging,flat,2000,process:spawn_to_ui_ready_ms,PASS,3,3,0,0,3,906.475875,904.4763414,918.7149078,910.742333,9.635665514230945,903.976458,921.774666,,,,,,,,,,,,,,,,,,,,,,,,,,,,,,,,,,,,,,,,,,,,,,,,,,,,,,,,,,,,,,,,,,,,,,,,,,,,,,,,,,,,,,,,,,,,,,,,,,,,,,,,,,,,,,,,
phase1,C_simpleui,paging,paging,flat,2000,process:spawn_to_library_ready_ms,PASS,3,3,0,0,3,1043.554417,1040.5341498,1058.1986498,1048.397736,11.810241500472248,1039.779083,1061.859708,,,,,,,,,,,,,,,,,,,,,,,,,,,,,,,,,,,,,,,,,,,,,,,,,,,,,,,,,,,,,,,,,,,,,,,,,,,,,,,,,,,,,,,,,,,,,,,,,,,,,,,,,,,,,,,,
phase1,C_simpleui,paging,paging,flat,2000,process:complete_marker_ms,PASS,3,3,0,0,3,9458.514375,9415.008641400002,9521.571075,9466.660611000001,66.97412537868007,9404.132208,9537.33525,,,,,,,,,,,,,,,,,,,,,,,,,,,,,,,,,,,,,,,,,,,,,,,,,,,,,,,,,,,,,,,,,,,,,,,,,,,,,,,,,,,,,,,,,,,,,,,,,,,,,,,,,,,,,,,,
phase1,C_simpleui,paging,paging,flat,2000,process:spawn_to_process_exit_ms,PASS,3,3,0,0,3,9503.321583,9466.010949399999,9571.2133502,9516.063722,66.67106867092383,9456.683291,9588.186292,,,,,,,,,,,,,,,,,,,,,,,,,,,,,,,,,,,,,,,,,,,,,,,,,,,,,,,,,,,,,,,,,,,,,,,,,,,,,,,,,,,,,,,,,,,,,,,,,,,,,,,,,,,,,,,,
phase1,C_simpleui,paging,paging,hierarchical,2000,process:spawn_to_ui_ready_ms,PASS,3,3,0,0,3,797.679,743.1759,807.9812000000001,779.2619583333334,43.530551240323824,729.550125,810.55675,,,,,,,,,,,,,,,,,,,,,,,,,,,,,,,,,,,,,,,,,,,,,,,,,,,,,,,,,,,,,,,,,,,,,,,,,,,,,,,,,,,,,,,,,,,,,,,,,,,,,,,,,,,,,,,,
phase1,C_simpleui,paging,paging,hierarchical,2000,process:spawn_to_library_ready_ms,PASS,3,3,0,0,3,938.001041,882.4133418000001,947.7063082,918.883361,44.038796742322695,868.516417,950.132625,,,,,,,,,,,,,,,,,,,,,,,,,,,,,,,,,,,,,,,,,,,,,,,,,,,,,,,,,,,,,,,,,,,,,,,,,,,,,,,,,,,,,,,,,,,,,,,,,,,,,,,,,,,,,,,,
phase1,C_simpleui,paging,paging,hierarchical,2000,process:complete_marker_ms,PASS,3,3,0,0,3,7903.894333,7863.9625338000005,7910.2804666,7889.916972333333,31.377582017641934,7853.979584,7911.877,,,,,,,,,,,,,,,,,,,,,,,,,,,,,,,,,,,,,,,,,,,,,,,,,,,,,,,,,,,,,,,,,,,,,,,,,,,,,,,,,,,,,,,,,,,,,,,,,,,,,,,,,,,,,,,,
phase1,C_simpleui,paging,paging,hierarchical,2000,process:spawn_to_process_exit_ms,PASS,3,3,0,0,3,7952.30525,7909.7485172,7957.44735,7936.715819666667,32.72635656367919,7899.109334,7958.732875,,,,,,,,,,,,,,,,,,,,,,,,,,,,,,,,,,,,,,,,,,,,,,,,,,,,,,,,,,,,,,,,,,,,,,,,,,,,,,,,,,,,,,,,,,,,,,,,,,,,,,,,,,,,,,,,
phase1,D_zenos,paging,paging,flat,2000,process:spawn_to_ui_ready_ms,PASS,3,3,0,0,3,861.615417,828.420417,917.3031498,870.987389,56.14149673898849,820.121667,931.225083,,,,,,,,,,,,,,,,,,,,,,,,,,,,,,,,,,,,,,,,,,,,,,,,,,,,,,,,,,,,,,,,,,,,,,,,,,,,,,,,,,,,,,,,,,,,,,,,,,,,,,,,,,,,,,,,
phase1,D_zenos,paging,paging,flat,2000,process:spawn_to_library_ready_ms,PASS,3,3,0,0,3,1082.161667,1043.8645998,1135.7939998,1088.551361,57.721735196335274,1034.290333,1149.202083,,,,,,,,,,,,,,,,,,,,,,,,,,,,,,,,,,,,,,,,,,,,,,,,,,,,,,,,,,,,,,,,,,,,,,,,,,,,,,,,,,,,,,,,,,,,,,,,,,,,,,,,,,,,,,,,
phase1,D_zenos,paging,paging,flat,2000,process:complete_marker_ms,PASS,3,3,0,0,3,8998.6535,8899.4963336,9048.5045,8978.109264,94.81437388744689,8874.707042,9060.96725,,,,,,,,,,,,,,,,,,,,,,,,,,,,,,,,,,,,,,,,,,,,,,,,,,,,,,,,,,,,,,,,,,,,,,,,,,,,,,,,,,,,,,,,,,,,,,,,,,,,,,,,,,,,,,,,
phase1,D_zenos,paging,paging,flat,2000,process:spawn_to_process_exit_ms,PASS,3,3,0,0,3,9048.575916,8944.8759168,9099.1214168,9026.428208333333,98.29299811269627,8918.950917,9111.757792,,,,,,,,,,,,,,,,,,,,,,,,,,,,,,,,,,,,,,,,,,,,,,,,,,,,,,,,,,,,,,,,,,,,,,,,,,,,,,,,,,,,,,,,,,,,,,,,,,,,,,,,,,,,,,,,
phase1,D_zenos,paging,paging,hierarchical,2000,process:spawn_to_ui_ready_ms,PASS,3,3,0,0,3,874.504042,847.9822748000001,881.131042,866.2145556666668,21.926499089350962,841.351833,882.787792,,,,,,,,,,,,,,,,,,,,,,,,,,,,,,,,,,,,,,,,,,,,,,,,,,,,,,,,,,,,,,,,,,,,,,,,,,,,,,,,,,,,,,,,,,,,,,,,,,,,,,,,,,,,,,,,
phase1,D_zenos,paging,paging,hierarchical,2000,process:spawn_to_library_ready_ms,PASS,3,3,0,0,3,1008.881042,984.6391748,1016.546142,1001.9740556666666,20.819639911771034,978.578708,1018.462417,,,,,,,,,,,,,,,,,,,,,,,,,,,,,,,,,,,,,,,,,,,,,,,,,,,,,,,,,,,,,,,,,,,,,,,,,,,,,,,,,,,,,,,,,,,,,,,,,,,,,,,,,,,,,,,,
phase1,D_zenos,paging,paging,hierarchical,2000,process:complete_marker_ms,PASS,3,3,0,0,3,8734.283292,8729.725092,8743.6131584,8736.271486333333,8.84916990299336,8728.585542,8745.945625,,,,,,,,,,,,,,,,,,,,,,,,,,,,,,,,,,,,,,,,,,,,,,,,,,,,,,,,,,,,,,,,,,,,,,,,,,,,,,,,,,,,,,,,,,,,,,,,,,,,,,,,,,,,,,,,
phase1,D_zenos,paging,paging,hierarchical,2000,process:spawn_to_process_exit_ms,PASS,3,3,0,0,3,8782.955959,8778.0045582,8791.343259,8784.387583666667,8.428376397563405,8776.766708,8793.440084,,,,,,,,,,,,,,,,,,,,,,,,,,,,,,,,,,,,,,,,,,,,,,,,,,,,,,,,,,,,,,,,,,,,,,,,,,,,,,,,,,,,,,,,,,,,,,,,,,,,,,,,,,,,,,,,
phase1,E_project_title,paging,paging,flat,2000,process:spawn_to_ui_ready_ms,PASS,3,3,0,0,3,762.169958,748.5259244,764.3722244,757.402555,10.730054824054374,745.114916,764.922791,,,,,,,,,,,,,,,,,,,,,,,,,,,,,,,,,,,,,,,,,,,,,,,,,,,,,,,,,,,,,,,,,,,,,,,,,,,,,,,,,,,,,,,,,,,,,,,,,,,,,,,,,,,,,,,,
phase1,E_project_title,paging,paging,flat,2000,process:spawn_to_library_ready_ms,PASS,3,3,0,0,3,880.040875,869.4118750000001,884.2063078,877.347722,9.536138954942748,866.754625,885.247666,,,,,,,,,,,,,,,,,,,,,,,,,,,,,,,,,,,,,,,,,,,,,,,,,,,,,,,,,,,,,,,,,,,,,,,,,,,,,,,,,,,,,,,,,,,,,,,,,,,,,,,,,,,,,,,,
phase1,E_project_title,paging,paging,flat,2000,process:complete_marker_ms,PASS,3,3,0,0,3,8577.266625,8557.7613914,8580.548525,8570.506902666666,15.398174126615404,8552.885083,8581.369,,,,,,,,,,,,,,,,,,,,,,,,,,,,,,,,,,,,,,,,,,,,,,,,,,,,,,,,,,,,,,,,,,,,,,,,,,,,,,,,,,,,,,,,,,,,,,,,,,,,,,,,,,,,,,,,
phase1,E_project_title,paging,paging,flat,2000,process:spawn_to_process_exit_ms,PASS,3,3,0,0,3,8622.007875,8602.2810078,8626.929075,8615.838846999999,16.305152525209035,8597.349291,8628.159375,,,,,,,,,,,,,,,,,,,,,,,,,,,,,,,,,,,,,,,,,,,,,,,,,,,,,,,,,,,,,,,,,,,,,,,,,,,,,,,,,,,,,,,,,,,,,,,,,,,,,,,,,,,,,,,,
phase1,E_project_title,paging,paging,hierarchical,2000,process:spawn_to_ui_ready_ms,PASS,3,3,0,0,3,682.160917,665.776717,736.6124169999999,698.022292,46.35434248013473,661.680667,750.225292,,,,,,,,,,,,,,,,,,,,,,,,,,,,,,,,,,,,,,,,,,,,,,,,,,,,,,,,,,,,,,,,,,,,,,,,,,,,,,,,,,,,,,,,,,,,,,,,,,,,,,,,,,,,,,,,
phase1,E_project_title,paging,paging,hierarchical,2000,process:spawn_to_library_ready_ms,PASS,3,3,0,0,3,809.676875,794.8913414000001,867.1356421999999,827.457389,47.70613421986199,791.194958,881.500334,,,,,,,,,,,,,,,,,,,,,,,,,,,,,,,,,,,,,,,,,,,,,,,,,,,,,,,,,,,,,,,,,,,,,,,,,,,,,,,,,,,,,,,,,,,,,,,,,,,,,,,,,,,,,,,,
phase1,E_project_title,paging,paging,hierarchical,2000,process:complete_marker_ms,PASS,3,3,0,0,3,6336.564709,6327.3953754,6382.246109000001,6351.77807,36.72628898168474,6325.103042,6393.666459,,,,,,,,,,,,,,,,,,,,,,,,,,,,,,,,,,,,,,,,,,,,,,,,,,,,,,,,,,,,,,,,,,,,,,,,,,,,,,,,,,,,,,,,,,,,,,,,,,,,,,,,,,,,,,,,
phase1,E_project_title,paging,paging,hierarchical,2000,process:spawn_to_process_exit_ms,PASS,3,3,0,0,3,6380.311667,6369.927633400001,6423.9058334,6394.1492223333335,35.801556549162996,6367.331625,6434.804375,,,,,,,,,,,,,,,,,,,,,,,,,,,,,,,,,,,,,,,,,,,,,,,,,,,,,,,,,,,,,,,,,,,,,,,,,,,,,,,,,,,,,,,,,,,,,,,,,,,,,,,,,,,,,,,,
phase1,F_vos,paging,paging,flat,2000,process:spawn_to_ui_ready_ms,PASS,3,3,0,0,3,792.86225,791.2192172,793.6207836000001,792.4937086666667,1.5345373876912962,790.808459,793.810417,,,,,,,,,,,,,,,,,,,,,,,,,,,,,,,,,,,,,,,,,,,,,,,,,,,,,,,,,,,,,,,,,,,,,,,,,,,,,,,,,,,,,,,,,,,,,,,,,,,,,,,,,,,,,,,,
phase1,F_vos,paging,paging,flat,2000,process:spawn_to_library_ready_ms,PASS,3,3,0,0,3,922.168708,919.0512416000001,926.3611744000001,922.6166246666667,4.585146103939597,918.271875,927.409291,,,,,,,,,,,,,,,,,,,,,,,,,,,,,,,,,,,,,,,,,,,,,,,,,,,,,,,,,,,,,,,,,,,,,,,,,,,,,,,,,,,,,,,,,,,,,,,,,,,,,,,,,,,,,,,,
phase1,F_vos,paging,paging,flat,2000,process:complete_marker_ms,PASS,3,3,0,0,3,9168.216958,9138.491558000002,9168.9643252,9156.142777666668,21.727164159786273,9131.060208,9169.151167,,,,,,,,,,,,,,,,,,,,,,,,,,,,,,,,,,,,,,,,,,,,,,,,,,,,,,,,,,,,,,,,,,,,,,,,,,,,,,,,,,,,,,,,,,,,,,,,,,,,,,,,,,,,,,,,
phase1,F_vos,paging,paging,flat,2000,process:spawn_to_process_exit_ms,PASS,3,3,0,0,3,9209.928083,9183.1394502,9212.9360502,9200.019472333333,20.504801810144876,9176.442292,9213.688042,,,,,,,,,,,,,,,,,,,,,,,,,,,,,,,,,,,,,,,,,,,,,,,,,,,,,,,,,,,,,,,,,,,,,,,,,,,,,,,,,,,,,,,,,,,,,,,,,,,,,,,,,,,,,,,,
phase1,F_vos,paging,paging,hierarchical,2000,process:spawn_to_ui_ready_ms,PASS,3,3,0,0,3,707.012333,666.8997330000001,750.7614329999999,708.5275413333334,52.42998594470019,656.871583,761.698708,,,,,,,,,,,,,,,,,,,,,,,,,,,,,,,,,,,,,,,,,,,,,,,,,,,,,,,,,,,,,,,,,,,,,,,,,,,,,,,,,,,,,,,,,,,,,,,,,,,,,,,,,,,,,,,,
phase1,F_vos,paging,paging,hierarchical,2000,process:spawn_to_library_ready_ms,PASS,3,3,0,0,3,957.796041,915.1363746,999.1282745999999,957.242944,52.49712278161025,904.471458,1009.461333,,,,,,,,,,,,,,,,,,,,,,,,,,,,,,,,,,,,,,,,,,,,,,,,,,,,,,,,,,,,,,,,,,,,,,,,,,,,,,,,,,,,,,,,,,,,,,,,,,,,,,,,,,,,,,,,
phase1,F_vos,paging,paging,hierarchical,2000,process:complete_marker_ms,PASS,3,3,0,0,3,7400.652666,7346.008099600001,7428.509366799999,7389.491055333333,52.461502517397754,7332.346958,7435.473542,,,,,,,,,,,,,,,,,,,,,,,,,,,,,,,,,,,,,,,,,,,,,,,,,,,,,,,,,,,,,,,,,,,,,,,,,,,,,,,,,,,,,,,,,,,,,,,,,,,,,,,,,,,,,,,,
phase1,F_vos,paging,paging,hierarchical,2000,process:spawn_to_process_exit_ms,PASS,3,3,0,0,3,7441.80025,7390.307850000001,7470.54925,7432.323833333333,50.81793106666008,7377.43475,7477.7365,,,,,,,,,,,,,,,,,,,,,,,,,,,,,,,,,,,,,,,,,,,,,,,,,,,,,,,,,,,,,,,,,,,,,,,,,,,,,,,,,,,,,,,,,,,,,,,,,,,,,,,,,,,,,,,,
phase1,G_simpleui_bookshelf,paging,paging,flat,2000,process:spawn_to_ui_ready_ms,PASS,3,3,0,0,3,966.475,961.5404328,967.361,964.788097,3.9202317102088617,960.306791,967.5825,,,,,,,,,,,,,,,,,,,,,,,,,,,,,,,,,,,,,,,,,,,,,,,,,,,,,,,,,,,,,,,,,,,,,,,,,,,,,,,,,,,,,,,,,,,,,,,,,,,,,,,,,,,,,,,,
phase1,G_simpleui_bookshelf,paging,paging,flat,2000,process:spawn_to_library_ready_ms,PASS,3,3,0,0,3,1102.36975,1098.9347500000001,1103.7261836,1101.5036806666667,3.0871445921630096,1098.076,1104.065292,,,,,,,,,,,,,,,,,,,,,,,,,,,,,,,,,,,,,,,,,,,,,,,,,,,,,,,,,,,,,,,,,,,,,,,,,,,,,,,,,,,,,,,,,,,,,,,,,,,,,,,,,,,,,,,,
phase1,G_simpleui_bookshelf,paging,paging,flat,2000,process:complete_marker_ms,PASS,3,3,0,0,3,82520.482583,82295.72431660001,82543.9529838,82436.612639,171.30367866800324,82239.53475,82549.820584,,,,,,,,,,,,,,,,,,,,,,,,,,,,,,,,,,,,,,,,,,,,,,,,,,,,,,,,,,,,,,,,,,,,,,,,,,,,,,,,,,,,,,,,,,,,,,,,,,,,,,,,,,,,,,,,
phase1,G_simpleui_bookshelf,paging,paging,flat,2000,process:spawn_to_process_exit_ms,PASS,3,3,0,0,3,82683.405541,82460.33830820001,82709.2257082,82601.21926366667,171.0648400324368,82404.5715,82715.68075,,,,,,,,,,,,,,,,,,,,,,,,,,,,,,,,,,,,,,,,,,,,,,,,,,,,,,,,,,,,,,,,,,,,,,,,,,,,,,,,,,,,,,,,,,,,,,,,,,,,,,,,,,,,,,,,
phase1,G_simpleui_bookshelf,paging,paging,hierarchical,2000,process:spawn_to_ui_ready_ms,PASS,3,3,0,0,3,994.0335,935.4199,1056.3942335999998,995.5948056666666,75.62104774461467,920.7665,1071.984417,,,,,,,,,,,,,,,,,,,,,,,,,,,,,,,,,,,,,,,,,,,,,,,,,,,,,,,,,,,,,,,,,,,,,,,,,,,,,,,,,,,,,,,,,,,,,,,,,,,,,,,,,,,,,,,,
phase1,G_simpleui_bookshelf,paging,paging,hierarchical,2000,process:spawn_to_library_ready_ms,PASS,3,3,0,0,3,1135.362833,1074.7734666000001,1196.7150001999998,1135.6806666666666,76.21395554759621,1059.626125,1212.053042,,,,,,,,,,,,,,,,,,,,,,,,,,,,,,,,,,,,,,,,,,,,,,,,,,,,,,,,,,,,,,,,,,,,,,,,,,,,,,,,,,,,,,,,,,,,,,,,,,,,,,,,,,,,,,,,
phase1,G_simpleui_bookshelf,paging,paging,hierarchical,2000,process:complete_marker_ms,PASS,3,3,0,0,3,68052.582833,67963.32936660001,68199.6125666,68076.65627766667,149.1413570495732,67941.016,68236.37,,,,,,,,,,,,,,,,,,,,,,,,,,,,,,,,,,,,,,,,,,,,,,,,,,,,,,,,,,,,,,,,,,,,,,,,,,,,,,,,,,,,,,,,,,,,,,,,,,,,,,,,,,,,,,,,
phase1,G_simpleui_bookshelf,paging,paging,hierarchical,2000,process:spawn_to_process_exit_ms,PASS,3,3,0,0,3,68098.4415,68013.48200000002,68248.49966639999,68125.56594433333,148.75251526556488,67992.242125,68286.014208,,,,,,,,,,,,,,,,,,,,,,,,,,,,,,,,,,,,,,,,,,,,,,,,,,,,,,,,,,,,,,,,,,,,,,,,,,,,,,,,,,,,,,,,,,,,,,,,,,,,,,,,,,,,,,,,
phase1,H_zenos_bookshelf,paging,paging,flat,2000,process:spawn_to_ui_ready_ms,PASS,3,3,0,0,3,1097.680791,1050.7049246,1112.2162246,1084.163944,40.187227453912136,1038.960958,1115.850083,,,,,,,,,,,,,,,,,,,,,,,,,,,,,,,,,,,,,,,,,,,,,,,,,,,,,,,,,,,,,,,,,,,,,,,,,,,,,,,,,,,,,,,,,,,,,,,,,,,,,,,,,,,,,,,,
phase1,H_zenos_bookshelf,paging,paging,flat,2000,process:spawn_to_library_ready_ms,PASS,3,3,0,0,3,1308.481333,1262.9542002,1326.226133,1296.905361,40.79590725833104,1251.572417,1330.662333,,,,,,,,,,,,,,,,,,,,,,,,,,,,,,,,,,,,,,,,,,,,,,,,,,,,,,,,,,,,,,,,,,,,,,,,,,,,,,,,,,,,,,,,,,,,,,,,,,,,,,,,,,,,,,,,
phase1,H_zenos_bookshelf,paging,paging,flat,2000,process:complete_marker_ms,PASS,3,3,0,0,3,82504.97025,82469.7483836,82513.8524828,82493.99540266667,29.157642198169075,82460.942917,82516.073041,,,,,,,,,,,,,,,,,,,,,,,,,,,,,,,,,,,,,,,,,,,,,,,,,,,,,,,,,,,,,,,,,,,,,,,,,,,,,,,,,,,,,,,,,,,,,,,,,,,,,,,,,,,,,,,,
phase1,H_zenos_bookshelf,paging,paging,flat,2000,process:spawn_to_process_exit_ms,PASS,3,3,0,0,3,82561.100458,82525.914058,82566.948558,82548.87616633333,27.745650976874114,82517.117458,82568.410583,,,,,,,,,,,,,,,,,,,,,,,,,,,,,,,,,,,,,,,,,,,,,,,,,,,,,,,,,,,,,,,,,,,,,,,,,,,,,,,,,,,,,,,,,,,,,,,,,,,,,,,,,,,,,,,,
phase1,H_zenos_bookshelf,paging,paging,hierarchical,2000,process:spawn_to_ui_ready_ms,PASS,3,3,0,0,3,987.64375,931.58575,993.28655,966.6374166666666,42.63865029621993,917.57125,994.69725,,,,,,,,,,,,,,,,,,,,,,,,,,,,,,,,,,,,,,,,,,,,,,,,,,,,,,,,,,,,,,,,,,,,,,,,,,,,,,,,,,,,,,,,,,,,,,,,,,,,,,,,,,,,,,,,
phase1,H_zenos_bookshelf,paging,paging,hierarchical,2000,process:spawn_to_library_ready_ms,PASS,3,3,0,0,3,1125.676667,1067.8373334,1131.7050006,1104.0887503333333,44.078552722593656,1053.3775,1133.212084,,,,,,,,,,,,,,,,,,,,,,,,,,,,,,,,,,,,,,,,,,,,,,,,,,,,,,,,,,,,,,,,,,,,,,,,,,,,,,,,,,,,,,,,,,,,,,,,,,,,,,,,,,,,,,,,
phase1,H_zenos_bookshelf,paging,paging,hierarchical,2000,process:complete_marker_ms,PASS,3,3,0,0,3,70021.978292,69647.807592,70916.61459119999,70238.83895833332,814.9400894716362,69554.264917,71140.273666,,,,,,,,,,,,,,,,,,,,,,,,,,,,,,,,,,,,,,,,,,,,,,,,,,,,,,,,,,,,,,,,,,,,,,,,,,,,,,,,,,,,,,,,,,,,,,,,,,,,,,,,,,,,,,,,
phase1,H_zenos_bookshelf,paging,paging,hierarchical,2000,process:spawn_to_process_exit_ms,PASS,3,3,0,0,3,70068.088542,69694.48407560002,70967.8389412,70287.316014,818.1794595958921,69601.082959,71192.776541,,,,,,,,,,,,,,,,,,,,,,,,,,,,,,,,,,,,,,,,,,,,,,,,,,,,,,,,,,,,,,,,,,,,,,,,,,,,,,,,,,,,,,,,,,,,,,,,,,,,,,,,,,,,,,,,
phase1,I_vos_bookshelf,paging,paging,flat,2000,process:spawn_to_ui_ready_ms,PASS,3,3,0,0,3,990.810792,940.6602247999999,1020.4048248,982.2455693333333,50.38933676521071,928.122583,1027.803333,,,,,,,,,,,,,,,,,,,,,,,,,,,,,,,,,,,,,,,,,,,,,,,,,,,,,,,,,,,,,,,,,,,,,,,,,,,,,,,,,,,,,,,,,,,,,,,,,,,,,,,,,,,,,,,,
phase1,I_vos_bookshelf,paging,paging,flat,2000,process:spawn_to_library_ready_ms,PASS,3,3,0,0,3,1119.089583,1065.8575166,1147.7329502,1108.8442916666665,51.9356623345074,1052.5495,1154.893792,,,,,,,,,,,,,,,,,,,,,,,,,,,,,,,,,,,,,,,,,,,,,,,,,,,,,,,,,,,,,,,,,,,,,,,,,,,,,,,,,,,,,,,,,,,,,,,,,,,,,,,,,,,,,,,,
phase1,I_vos_bookshelf,paging,paging,flat,2000,process:complete_marker_ms,PASS,3,3,0,0,3,82353.36125,82285.99665,82548.08875,82406.42912500001,170.13249851205623,82269.1555,82596.770625,,,,,,,,,,,,,,,,,,,,,,,,,,,,,,,,,,,,,,,,,,,,,,,,,,,,,,,,,,,,,,,,,,,,,,,,,,,,,,,,,,,,,,,,,,,,,,,,,,,,,,,,,,,,,,,,
phase1,I_vos_bookshelf,paging,paging,flat,2000,process:spawn_to_process_exit_ms,PASS,3,3,0,0,3,82401.240625,82333.90672500001,82600.4889578,82456.20497199999,173.2801193286076,82317.07325,82650.301041,,,,,,,,,,,,,,,,,,,,,,,,,,,,,,,,,,,,,,,,,,,,,,,,,,,,,,,,,,,,,,,,,,,,,,,,,,,,,,,,,,,,,,,,,,,,,,,,,,,,,,,,,,,,,,,,
phase1,I_vos_bookshelf,paging,paging,hierarchical,2000,process:spawn_to_ui_ready_ms,PASS,3,3,0,0,3,956.200666,772.6372996,2508.5447004000002,1526.5259443333334,1192.0791114745502,726.746458,2896.630709,,,,,,,,,,,,,,,,,,,,,,,,,,,,,,,,,,,,,,,,,,,,,,,,,,,,,,,,,,,,,,,,,,,,,,,,,,,,,,,,,,,,,,,,,,,,,,,,,,,,,,,,,,,,,,,,
phase1,I_vos_bookshelf,paging,paging,hierarchical,2000,process:spawn_to_library_ready_ms,PASS,3,3,0,0,3,1197.924041,1019.9845746000001,2757.3284418,1773.5344303333331,1194.798650644501,975.499708,3147.179542,,,,,,,,,,,,,,,,,,,,,,,,,,,,,,,,,,,,,,,,,,,,,,,,,,,,,,,,,,,,,,,,,,,,,,,,,,,,,,,,,,,,,,,,,,,,,,,,,,,,,,,,,,,,,,,,
phase1,I_vos_bookshelf,paging,paging,hierarchical,2000,process:complete_marker_ms,PASS,3,3,0,0,3,67312.126833,66971.6385994,69033.9710666,67887.691833,1381.9799171754523,66886.516541,69464.432125,,,,,,,,,,,,,,,,,,,,,,,,,,,,,,,,,,,,,,,,,,,,,,,,,,,,,,,,,,,,,,,,,,,,,,,,,,,,,,,,,,,,,,,,,,,,,,,,,,,,,,,,,,,,,,,,
phase1,I_vos_bookshelf,paging,paging,hierarchical,2000,process:spawn_to_process_exit_ms,PASS,3,3,0,0,3,67362.8985,67017.6564664,69082.3086,67935.46852766666,1382.399746452147,66931.345958,69512.161125,,,,,,,,,,,,,,,,,,,,,,,,,,,,,,,,,,,,,,,,,,,,,,,,,,,,,,,,,,,,,,,,,,,,,,,,,,,,,,,,,,,,,,,,,,,,,,,,,,,,,,,,,,,,,,,,
phase1,J_simpleui_vos,paging,paging,flat,2000,process:spawn_to_ui_ready_ms,PASS,3,3,0,0,3,1203.06475,1050.5587164,1231.1098164,1151.2060136666666,121.4531328342709,1012.432208,1238.121083,,,,,,,,,,,,,,,,,,,,,,,,,,,,,,,,,,,,,,,,,,,,,,,,,,,,,,,,,,,,,,,,,,,,,,,,,,,,,,,,,,,,,,,,,,,,,,,,,,,,,,,,,,,,,,,,
phase1,J_simpleui_vos,paging,paging,flat,2000,process:spawn_to_library_ready_ms,PASS,3,3,0,0,3,1335.883875,1186.4841414,1365.4259413999998,1285.9431803333334,119.91010290935682,1149.134208,1372.811458,,,,,,,,,,,,,,,,,,,,,,,,,,,,,,,,,,,,,,,,,,,,,,,,,,,,,,,,,,,,,,,,,,,,,,,,,,,,,,,,,,,,,,,,,,,,,,,,,,,,,,,,,,,,,,,,
phase1,J_simpleui_vos,paging,paging,flat,2000,process:complete_marker_ms,PASS,3,3,0,0,3,9734.442,9608.605533599999,9734.6595328,9682.100777666667,90.89324425824681,9577.146417,9734.713916,,,,,,,,,,,,,,,,,,,,,,,,,,,,,,,,,,,,,,,,,,,,,,,,,,,,,,,,,,,,,,,,,,,,,,,,,,,,,,,,,,,,,,,,,,,,,,,,,,,,,,,,,,,,,,,,
phase1,J_simpleui_vos,paging,paging,flat,2000,process:spawn_to_process_exit_ms,PASS,3,3,0,0,3,9780.945333,9654.5189002,9802.152233,9737.103861000001,99.77706461336125,9622.912292,9807.453958,,,,,,,,,,,,,,,,,,,,,,,,,,,,,,,,,,,,,,,,,,,,,,,,,,,,,,,,,,,,,,,,,,,,,,,,,,,,,,,,,,,,,,,,,,,,,,,,,,,,,,,,,,,,,,,,
phase1,J_simpleui_vos,paging,paging,hierarchical,2000,process:spawn_to_ui_ready_ms,PASS,3,3,0,0,3,1008.102833,888.4182666000002,1226.2751337999998,1049.139389,214.13027271731016,858.497125,1280.818209,,,,,,,,,,,,,,,,,,,,,,,,,,,,,,,,,,,,,,,,,,,,,,,,,,,,,,,,,,,,,,,,,,,,,,,,,,,,,,,,,,,,,,,,,,,,,,,,,,,,,,,,,,,,,,,,
phase1,J_simpleui_vos,paging,paging,hierarchical,2000,process:spawn_to_library_ready_ms,PASS,3,3,0,0,3,1147.851667,1031.0025334000002,1368.2023006,1190.9772919999998,214.0335623693201,1001.79025,1423.289959,,,,,,,,,,,,,,,,,,,,,,,,,,,,,,,,,,,,,,,,,,,,,,,,,,,,,,,,,,,,,,,,,,,,,,,,,,,,,,,,,,,,,,,,,,,,,,,,,,,,,,,,,,,,,,,,
phase1,J_simpleui_vos,paging,paging,hierarchical,2000,process:complete_marker_ms,PASS,3,3,0,0,3,8209.143417,8026.792083400001,8385.297317,8206.561153,224.07693053803806,7981.20425,8429.335792,,,,,,,,,,,,,,,,,,,,,,,,,,,,,,,,,,,,,,,,,,,,,,,,,,,,,,,,,,,,,,,,,,,,,,,,,,,,,,,,,,,,,,,,,,,,,,,,,,,,,,,,,,,,,,,,
phase1,J_simpleui_vos,paging,paging,hierarchical,2000,process:spawn_to_process_exit_ms,PASS,3,3,0,0,3,8254.295167,8074.9672006,8434.1781006,8254.526403333333,224.50690181282056,8030.135209,8479.148834,,,,,,,,,,,,,,,,,,,,,,,,,,,,,,,,,,,,,,,,,,,,,,,,,,,,,,,,,,,,,,,,,,,,,,,,,,,,,,,,,,,,,,,,,,,,,,,,,,,,,,,,,,,,,,,,
phase1,K_simpleui_vos_bookshelf,paging,paging,flat,2000,process:spawn_to_ui_ready_ms,PASS,3,3,0,0,3,1016.997875,974.1207078000001,1106.8624078,1036.575944,84.67838149148803,963.401416,1129.328541,,,,,,,,,,,,,,,,,,,,,,,,,,,,,,,,,,,,,,,,,,,,,,,,,,,,,,,,,,,,,,,,,,,,,,,,,,,,,,,,,,,,,,,,,,,,,,,,,,,,,,,,,,,,,,,,
phase1,K_simpleui_vos_bookshelf,paging,paging,flat,2000,process:spawn_to_library_ready_ms,PASS,3,3,0,0,3,1149.948958,1107.7236916000002,1240.8016244,1170.2103746666667,85.00446727363497,1097.167375,1263.514791,,,,,,,,,,,,,,,,,,,,,,,,,,,,,,,,,,,,,,,,,,,,,,,,,,,,,,,,,,,,,,,,,,,,,,,,,,,,,,,,,,,,,,,,,,,,,,,,,,,,,,,,,,,,,,,,
phase1,K_simpleui_vos_bookshelf,paging,paging,flat,2000,process:complete_marker_ms,PASS,3,3,0,0,3,82804.129125,82614.86832500002,82878.35689139999,82756.19869433333,169.83113269210526,82567.553125,82896.913833,,,,,,,,,,,,,,,,,,,,,,,,,,,,,,,,,,,,,,,,,,,,,,,,,,,,,,,,,,,,,,,,,,,,,,,,,,,,,,,,,,,,,,,,,,,,,,,,,,,,,,,,,,,,,,,,
phase1,K_simpleui_vos_bookshelf,paging,paging,flat,2000,process:spawn_to_process_exit_ms,PASS,3,3,0,0,3,82969.558541,82775.00894100001,83040.91060819999,82918.22623566666,172.03164147973158,82726.371541,83058.748625,,,,,,,,,,,,,,,,,,,,,,,,,,,,,,,,,,,,,,,,,,,,,,,,,,,,,,,,,,,,,,,,,,,,,,,,,,,,,,,,,,,,,,,,,,,,,,,,,,,,,,,,,,,,,,,,
phase1,K_simpleui_vos_bookshelf,paging,paging,hierarchical,2000,process:spawn_to_ui_ready_ms,PASS,3,3,0,0,3,873.467042,861.3961084,908.589542,883.0718613333333,30.646325989623904,858.378375,917.370167,,,,,,,,,,,,,,,,,,,,,,,,,,,,,,,,,,,,,,,,,,,,,,,,,,,,,,,,,,,,,,,,,,,,,,,,,,,,,,,,,,,,,,,,,,,,,,,,,,,,,,,,,,,,,,,,
phase1,K_simpleui_vos_bookshelf,paging,paging,hierarchical,2000,process:spawn_to_library_ready_ms,PASS,3,3,0,0,3,1013.713375,1005.3278422000001,1049.210775,1025.0099863333332,29.11943061122912,1003.231459,1058.085125,,,,,,,,,,,,,,,,,,,,,,,,,,,,,,,,,,,,,,,,,,,,,,,,,,,,,,,,,,,,,,,,,,,,,,,,,,,,,,,,,,,,,,,,,,,,,,,,,,,,,,,,,,,,,,,,
phase1,K_simpleui_vos_bookshelf,paging,paging,hierarchical,2000,process:complete_marker_ms,PASS,3,3,0,0,3,67973.646417,67934.7542498,68121.3321834,68018.97708333333,123.04196816736258,67925.031208,68158.253625,,,,,,,,,,,,,,,,,,,,,,,,,,,,,,,,,,,,,,,,,,,,,,,,,,,,,,,,,,,,,,,,,,,,,,,,,,,,,,,,,,,,,,,,,,,,,,,,,,,,,,,,,,,,,,,,
phase1,K_simpleui_vos_bookshelf,paging,paging,hierarchical,2000,process:spawn_to_process_exit_ms,PASS,3,3,0,0,3,68026.656125,67991.784725,68168.45639220001,68071.20981966668,116.96710754165801,67983.066875,68203.906459,,,,,,,,,,,,,,,,,,,,,,,,,,,,,,,,,,,,,,,,,,,,,,,,,,,,,,,,,,,,,,,,,,,,,,,,,,,,,,,,,,,,,,,,,,,,,,,,,,,,,,,,,,,,,,,,
phase1,L_project_title_vos,paging,paging,flat,2000,process:spawn_to_ui_ready_ms,PASS,3,3,0,0,3,701.591,693.5898336000001,760.0106336,722.5986946666667,45.32462460303361,691.589542,774.615542,,,,,,,,,,,,,,,,,,,,,,,,,,,,,,,,,,,,,,,,,,,,,,,,,,,,,,,,,,,,,,,,,,,,,,,,,,,,,,,,,,,,,,,,,,,,,,,,,,,,,,,,,,,,,,,,
phase1,L_project_title_vos,paging,paging,flat,2000,process:spawn_to_library_ready_ms,PASS,3,3,0,0,3,823.062375,815.886875,880.6153750000001,844.053,44.35185523617506,814.093,895.003625,,,,,,,,,,,,,,,,,,,,,,,,,,,,,,,,,,,,,,,,,,,,,,,,,,,,,,,,,,,,,,,,,,,,,,,,,,,,,,,,,,,,,,,,,,,,,,,,,,,,,,,,,,,,,,,,
phase1,L_project_title_vos,paging,paging,flat,2000,process:complete_marker_ms,PASS,3,3,0,0,3,8472.012292,8466.5234584,8637.0818248,8538.50425,121.15786265384385,8465.15125,8678.349208,,,,,,,,,,,,,,,,,,,,,,,,,,,,,,,,,,,,,,,,,,,,,,,,,,,,,,,,,,,,,,,,,,,,,,,,,,,,,,,,,,,,,,,,,,,,,,,,,,,,,,,,,,,,,,,,
phase1,L_project_title_vos,paging,paging,flat,2000,process:spawn_to_process_exit_ms,PASS,3,3,0,0,3,8515.321667,8513.696267000001,8683.3563334,8584.658861333333,121.8593250263516,8513.289917,8725.365,,,,,,,,,,,,,,,,,,,,,,,,,,,,,,,,,,,,,,,,,,,,,,,,,,,,,,,,,,,,,,,,,,,,,,,,,,,,,,,,,,,,,,,,,,,,,,,,,,,,,,,,,,,,,,,,
phase1,L_project_title_vos,paging,paging,hierarchical,2000,process:spawn_to_ui_ready_ms,PASS,3,3,0,0,3,658.589458,623.4932252,676.2020915999999,651.304625,33.54169907964024,614.719167,680.60525,,,,,,,,,,,,,,,,,,,,,,,,,,,,,,,,,,,,,,,,,,,,,,,,,,,,,,,,,,,,,,,,,,,,,,,,,,,,,,,,,,,,,,,,,,,,,,,,,,,,,,,,,,,,,,,,
phase1,L_project_title_vos,paging,paging,hierarchical,2000,process:spawn_to_library_ready_ms,PASS,3,3,0,0,3,897.507208,864.2077416000001,916.529108,891.558222,33.10420937207929,855.882875,921.284583,,,,,,,,,,,,,,,,,,,,,,,,,,,,,,,,,,,,,,,,,,,,,,,,,,,,,,,,,,,,,,,,,,,,,,,,,,,,,,,,,,,,,,,,,,,,,,,,,,,,,,,,,,,,,,,,
phase1,L_project_title_vos,paging,paging,hierarchical,2000,process:complete_marker_ms,PASS,3,3,0,0,3,6419.826708,6378.197975200001,6422.6240416,6403.646958333334,31.101529996448285,6367.790792,6423.323375,,,,,,,,,,,,,,,,,,,,,,,,,,,,,,,,,,,,,,,,,,,,,,,,,,,,,,,,,,,,,,,,,,,,,,,,,,,,,,,,,,,,,,,,,,,,,,,,,,,,,,,,,,,,,,,,
phase1,L_project_title_vos,paging,paging,hierarchical,2000,process:spawn_to_process_exit_ms,PASS,3,3,0,0,3,6467.298583,6424.423550200001,6472.614283,6451.648861000001,33.02804928473977,6413.704792,6473.943208,,,,,,,,,,,,,,,,,,,,,,,,,,,,,,,,,,,,,,,,,,,,,,,,,,,,,,,,,,,,,,,,,,,,,,,,,,,,,,,,,,,,,,,,,,,,,,,,,,,,,,,,,,,,,,,,
phase1,A_stock,paging,paging,flat,2000,memory:post_init_idle,PASS,3,3,0,0,,,,,,,,,3,16943.829101562,16607.2876953124,17078.7376953124,16859.815429687336,303.5062247474683,16523.15234375,17112.46484375,,,,,,,,,3,178880.0,177011.2,185753.6,180965.33333333334,5754.716094937554,176544.0,187472.0,,,,,,,,,,,,,,,,,,,,,,,,,,,,,,,,,,,,,,,,,,,,,,,,,,,,,,,,,,,,,,,,,,,,,,,,,,,,,,,,,3,10830.756835938,10828.775585938001,10883.947460938001,10852.094075521332,39.12155113416266,10828.280273438,10897.245117188
phase1,A_stock,paging,paging,flat,2000,memory:post_stress_idle,PASS,3,3,0,0,,,,,,,,,3,13371.807617188,13249.504492188,13380.7677734376,13324.581380208669,91.66911141038392,13218.928710938,13383.0078125,,,,,,,,,3,196640.0,192006.4,197433.6,195040.0,3664.1048019946156,190848.0,197632.0,,,,,,,,,,,,,,,,,,,,,,,,,,,,,,,,,,,,,,,,,,,,,,,,,,,,,,,,,,,,,,,,,,,,,,,,,,,,,,,,,3,11295.846679688,11256.609179688001,11316.656054688,11288.168294271332,38.113860023448744,11246.799804688,11321.858398438
phase1,A_stock,paging,paging,hierarchical,2000,memory:post_stress_idle,PASS,3,3,0,0,,,,,,,,,3,9094.0107421875,9019.1357421875,9102.0794921875,9066.1748046875,57.17078766645028,9000.4169921875,9104.0966796875,,,,,,,,,3,195136.0,193344.00000000003,195340.8,194474.66666666666,1373.1443235630163,192896.0,195392.0,,,,,,,,,,,,,,,,,,,,,,,,,,,,,,,,,,,,,,,,,,,,,,,,,,,,,,,,,,,,,,,,,,,,,,,,,,,,,,,,,3,9080.3310546875,9005.4560546875,9088.3998046875,9052.4951171875,57.17078766645028,8986.7373046875,9090.4169921875
phase1,A_stock,paging,paging,hierarchical,2000,memory:post_init_idle,PASS,3,3,0,0,,,,,,,,,3,14604.750976562,12707.3705078124,14682.986914062802,13846.774088541666,1398.4025195582944,12233.025390625,14702.545898438,,,,,,,,,3,180624.0,171932.8,183337.6,178133.33333333334,7447.210842545908,169760.0,184016.0,,,,,,,,,,,,,,,,,,,,,,,,,,,,,,,,,,,,,,,,,,,,,,,,,,,,,,,,,,,,,,,,,,,,,,,,,,,,,,,,,3,8259.6044921875,8258.0857421875,8354.1357421875,8298.359700520834,68.77663561328478,8257.7060546875,8377.7685546875
phase1,B_bookshelf,paging,paging,flat,2000,memory:post_stress_idle,PASS,3,3,0,0,,,,,,,,,3,33031.590820312,32087.7361328128,37745.5455078128,34602.46582031267,3788.7936937559048,31851.772460938,38924.034179688,,,,,,,,,3,234144.0,233248.0,235065.6,234154.66666666666,1136.0375580645798,233024.0,235296.0,,,,,,,,,,,,,,,,,,,,,,,,,,,,,,,,,,,,,,,,,,,,,,,,,,,,,,,,,,,,,,,,,,,,,,,,,,,,,,,,,3,16676.060546875,16645.035546875002,16685.107421875,16666.902994791668,26.270585867926044,16637.279296875,16687.369140625
phase1,B_bookshelf,paging,paging,flat,2000,memory:post_init_idle,PASS,3,3,0,0,,,,,,,,,3,18222.540039062,18067.136914062,18277.8384765628,18180.829752604,136.55279512624324,18028.286132812,18291.663085938,,,,,,,,,3,180560.0,176617.6,183542.4,180160.0,4341.84108414852,175632.0,184288.0,,,,,,,,,,,,,,,,,,,,,,,,,,,,,,,,,,,,,,,,,,,,,,,,,,,,,,,,,,,,,,,,,,,,,,,,,,,,,,,,,3,11119.614257812,11081.176757812,11126.483007812,11106.460611978668,30.521839098367167,11071.567382812,11128.200195312
phase1,B_bookshelf,paging,paging,hierarchical,2000,memory:post_init_idle,PASS,3,3,0,0,,,,,,,,,3,9447.4912109375,9229.1544921875,13769.5646484371,11157.381510416499,3200.883427407379,9174.5703125,14850.083007812,,,,,,,,,3,183424.0,179788.8,183782.4,182058.66666666666,2761.904656814448,178880.0,183872.0,,,,,,,,,,,,,,,,,,,,,,,,,,,,,,,,,,,,,,,,,,,,,,,,,,,,,,,,,,,,,,,,,,,,,,,,,,,,,,,,,3,8593.8251953125,8522.9626953125,8611.265820312501,8571.566080729166,58.459189805898305,8505.2470703125,8615.6259765625
phase1,B_bookshelf,paging,paging,hierarchical,2000,memory:post_stress_idle,PASS,3,3,0,0,,,,,,,,,3,27362.583007812,20340.8603515624,28433.659570312797,24883.147135416668,5494.91225994922,18585.4296875,28701.428710938,,,,,,,,,3,228704.0,221433.60000000003,231827.2,226976.0,6666.146113010125,219616.0,232608.0,,,,,,,,,,,,,,,,,,,,,,,,,,,,,,,,,,,,,,,,,,,,,,,,,,,,,,,,,,,,,,,,,,,,,,,,,,,,,,,,,3,13379.771484375,13335.555859375,13388.618359375,13365.034505208334,35.5350384511257,13324.501953125,13390.830078125
phase1,C_simpleui,paging,paging,flat,2000,memory:post_init_idle,PASS,3,3,0,0,,,,,,,,,3,19170.04296875,18588.47734375,19267.838281250002,18968.472005208332,459.0847390033841,18443.0859375,19292.287109375,,,,,,,,,3,188480.0,184102.4,190950.4,187685.33333333334,4334.976508971338,183008.0,191568.0,,,,,,,,,,,,,,,,,,,,,,,,,,,,,,,,,,,,,,,,,,,,,,,,,,,,,,,,,,,,,,,,,,,,,,,,,,,,,,,,,3,14778.456054688,14747.840429688002,14803.196679688,14776.008138021332,34.6625452036975,14740.186523438,14809.381835938
phase1,C_simpleui,paging,paging,flat,2000,memory:post_stress_idle,PASS,3,3,0,0,,,,,,,,,3,17559.038085938,17509.2341796876,17569.277148437202,17542.552734375,40.15084050764677,17496.783203125,17571.836914062,,,,,,,,,3,203744.0,203193.60000000003,204524.8,203840.0,836.1435283490508,203056.0,204720.0,,,,,,,,,,,,,,,,,,,,,,,,,,,,,,,,,,,,,,,,,,,,,,,,,,,,,,,,,,,,,,,,,,,,,,,,,,,,,,,,,3,15175.008789062,15161.399414062002,15189.499414062,15175.375976562,17.56537862515685,15157.997070312,15193.122070312
phase1,C_simpleui,paging,paging,hierarchical,2000,memory:post_init_idle,PASS,3,3,0,0,,,,,,,,,3,18861.358398438,18745.6630859372,18953.8091796876,18851.673177083332,130.3614252998784,18716.739257812,18976.921875,,,,,,,,,3,187504.0,182422.40000000002,189616.0,186266.66666666666,4621.932640501518,181152.0,190144.0,,,,,,,,,,,,,,,,,,,,,,,,,,,,,,,,,,,,,,,,,,,,,,,,,,,,,,,,,,,,,,,,,,,,,,,,,,,,,,,,,3,12476.377929688,12461.993554688,12504.531054688001,12482.114908854666,27.046196964138634,12458.397460938,12511.569335938
phase1,C_simpleui,paging,paging,hierarchical,2000,memory:post_stress_idle,PASS,3,3,0,0,,,,,,,,,3,13242.250976562,13193.610351562,13266.532226562,13232.101236978668,46.416057059886654,13181.450195312,13272.602539062,,,,,,,,,3,198464.0,198323.2,198707.2,198506.66666666666,242.8277853404205,198288.0,198768.0,,,,,,,,,,,,,,,,,,,,,,,,,,,,,,,,,,,,,,,,,,,,,,,,,,,,,,,,,,,,,,,,,,,,,,,,,,,,,,,,,3,13228.551757812,13179.911132812002,13252.833007812002,13218.402018228668,46.416057059886654,13167.750976562,13258.903320312
phase1,D_zenos,paging,paging,flat,2000,memory:post_init_idle,PASS,3,3,0,0,,,,,,,,,3,23207.641601562,17302.6830078124,23826.547070312397,21005.11946614567,4501.515435775184,15826.443359375,23981.2734375,,,,,,,,,3,186304.0,185907.2,189964.8,187664.0,2796.157363239773,185808.0,190880.0,,,,,,,,,,,,,,,,,,,,,,,,,,,,,,,,,,,,,,,,,,,,,,,,,,,,,,,,,,,,,,,,,,,,,,,,,,,,,,,,,3,14205.243164062,14139.386914062,14233.493164062,14189.573893228668,60.36152897749776,14122.922851562,14240.555664062
phase1,D_zenos,paging,paging,flat,2000,memory:post_stress_idle,PASS,3,3,0,0,,,,,,,,,3,21746.196289062,21666.0986328124,21751.601757812397,21715.07454427067,59.85146113038331,21646.07421875,21752.953125,,,,,,,,,3,211888.0,211209.6,214985.59999999998,212896.0,2516.276614364963,211040.0,215760.0,,,,,,,,,,,,,,,,,,,,,,,,,,,,,,,,,,,,,,,,,,,,,,,,,,,,,,,,,,,,,,,,,,,,,,,,,,,,,,,,,3,20315.223632812,20237.611132812002,20317.154882812003,20283.689778645334,56.72172121895072,20218.208007812,20317.637695312
phase1,D_zenos,paging,paging,hierarchical,2000,memory:post_init_idle,PASS,3,3,0,0,,,,,,,,,3,15840.14453125,15673.7437500004,21779.1640624996,18245.40234375,4347.407015874836,15632.143554688,23263.918945312,,,,,,,,,3,190784.0,188172.8,191974.4,190192.0,2430.683854391599,187520.0,192272.0,,,,,,,,,,,,,,,,,,,,,,,,,,,,,,,,,,,,,,,,,,,,,,,,,,,,,,,,,,,,,,,,,,,,,,,,,,,,,,,,,3,14286.438476562,14258.610351562,14307.588476562,14283.655924478668,30.70603127479621,14251.653320312,14312.875976562
phase1,D_zenos,paging,paging,hierarchical,2000,memory:post_stress_idle,PASS,3,3,0,0,,,,,,,,,3,16445.794921875,16399.6613281254,16466.493359375,16435.19694010433,42.76648740344166,16388.127929688,16471.66796875,,,,,,,,,3,202144.0,202028.8,203180.8,202528.0,793.0901588091987,202000.0,203440.0,,,,,,,,,,,,,,,,,,,,,,,,,,,,,,,,,,,,,,,,,,,,,,,,,,,,,,,,,,,,,,,,,,,,,,,,,,,,,,,,,3,14943.461914062,14931.940039062001,14972.396289062,14950.717122395334,26.05412947225384,14929.059570312,14979.629882812
phase1,E_project_title,paging,paging,flat,2000,memory:post_stress_idle,PASS,3,3,0,0,,,,,,,,,3,25987.423828125,25833.503515625,26610.981640625,26183.106119791668,514.6266959589187,25795.0234375,26766.87109375,,,,,,,,,3,207600.0,207216.0,210940.80000000002,208832.0,2560.849858933553,207120.0,211776.0,,,,,,,,,,,,,,,,,,,,,,,,,,,,,,,,,,,,,,,,,,,,,,,,,,,,,,,,,,,,,,,,,,,,,,,,,,,,,,,,,3,11785.083007812,11758.608007812,11841.398632812,11797.516601562,52.85264212104069,11751.989257812,11855.477539062
phase1,E_project_title,paging,paging,flat,2000,memory:post_init_idle,PASS,3,3,0,0,,,,,,,,,3,16721.748046875,16631.7988281254,17021.537109375,16809.18131510433,255.08386683541914,16609.311523438,17096.484375,,,,,,,,,3,184288.0,177593.6,185465.59999999998,181989.33333333334,5307.475985186681,175920.0,185760.0,,,,,,,,,,,,,,,,,,,,,,,,,,,,,,,,,,,,,,,,,,,,,,,,,,,,,,,,,,,,,,,,,,,,,,,,,,,,,,,,,3,11011.418945312,10997.893945312,11049.631445312,11021.705403645334,33.54059141974778,10994.512695312,11059.184570312
phase1,E_project_title,paging,paging,hierarchical,2000,memory:post_stress_idle,PASS,3,3,0,0,,,,,,,,,3,19824.568359375,19386.771484375,20050.1144531246,19736.130533854,421.604400362412,19277.322265625,20106.500976562,,,,,,,,,3,201776.0,201494.40000000002,202889.6,202122.66666666666,922.2349664447414,201424.0,203168.0,,,,,,,,,,,,,,,,,,,,,,,,,,,,,,,,,,,,,,,,,,,,,,,,,,,,,,,,,,,,,,,,,,,,,,,,,,,,,,,,,3,9227.3681640625,9214.9025390625,9240.6275390625,9227.698893229166,16.08067597621095,9211.7861328125,9243.9423828125
phase1,E_project_title,paging,paging,hierarchical,2000,memory:post_init_idle,PASS,3,3,0,0,,,,,,,,,3,14578.6875,14465.71875,14680.0640625,14573.857421875,134.03110927326253,14437.4765625,14705.408203125,,,,,,,,,3,175248.0,174057.6,178384.0,176058.66666666666,2793.653760460185,173760.0,179168.0,,,,,,,,,,,,,,,,,,,,,,,,,,,,,,,,,,,,,,,,,,,,,,,,,,,,,,,,,,,,,,,,,,,,,,,,,,,,,,,,,3,8340.9501953125,8338.1533203125,8358.9533203125,8347.2861328125,14.110566182932905,8337.4541015625,8363.4541015625
phase1,F_vos,paging,paging,flat,2000,memory:post_stress_idle,PASS,3,3,0,0,,,,,,,,,3,14300.310546875,14294.174609375,14336.0613281254,14312.650065104333,28.276284309419697,14292.640625,14344.999023438,,,,,,,,,3,200176.0,198204.80000000002,201929.6,200085.33333333334,2329.3237931497056,197712.0,202368.0,,,,,,,,,,,,,,,,,,,,,,,,,,,,,,,,,,,,,,,,,,,,,,,,,,,,,,,,,,,,,,,,,,,,,,,,,,,,,,,,,3,12137.627929688,12134.359179688,12163.249804688,12146.941731771332,19.776310388847275,12133.541992188,12169.655273438
phase1,F_vos,paging,paging,flat,2000,memory:post_init_idle,PASS,3,3,0,0,,,,,,,,,3,19879.674804688,19601.5974609376,19880.0763671872,19763.9765625,200.83009479517935,19532.078125,19880.176757812,,,,,,,,,3,185792.0,183526.4,186329.6,185072.0,1859.6515802698095,182960.0,186464.0,,,,,,,,,,,,,,,,,,,,,,,,,,,,,,,,,,,,,,,,,,,,,,,,,,,,,,,,,,,,,,,,,,,,,,,,,,,,,,,,,3,11740.510742188,11693.198242188,11763.929492188001,11730.555013021332,45.03997135177252,11681.370117188,11769.784179688
phase1,F_vos,paging,paging,hierarchical,2000,memory:post_stress_idle,PASS,3,3,0,0,,,,,,,,,3,9910.7412109375,9848.578710937501,9931.2505859375,9893.3857421875,53.81161629441893,9833.0380859375,9936.3779296875,,,,,,,,,3,196400.0,194697.6,198179.2,196432.0,2176.1764634330552,194272.0,198624.0,,,,,,,,,,,,,,,,,,,,,,,,,,,,,,,,,,,,,,,,,,,,,,,,,,,,,,,,,,,,,,,,,,,,,,,,,,,,,,,,,3,9895.9833984375,9833.8208984375,9916.4927734375,9878.6279296875,53.81161629441893,9818.2802734375,9921.6201171875
phase1,F_vos,paging,paging,hierarchical,2000,memory:post_init_idle,PASS,3,3,0,0,,,,,,,,,3,9592.251953125,9485.741796875001,9710.869140625,9597.296549479166,140.7723963260563,9459.1142578125,9740.5234375,,,,,,,,,3,182544.0,175977.60000000003,185782.4,181157.33333333334,6244.559018324139,174336.0,186592.0,,,,,,,,,,,,,,,,,,,,,,,,,,,,,,,,,,,,,,,,,,,,,,,,,,,,,,,,,,,,,,,,,,,,,,,,,,,,,,,,,3,9005.7607421875,8973.4701171875,9077.8701171875,9022.351888020834,66.81326283042313,8965.3974609375,9095.8974609375
phase1,G_simpleui_bookshelf,paging,paging,flat,2000,memory:post_stress_idle,PASS,3,3,0,0,,,,,,,,,3,32919.953125,31514.0367187504,33491.399218750405,32572.257161458667,1272.0056787730541,31162.557617188,33634.260742188,,,,,,,,,3,247040.0,244006.40000000002,248435.2,246357.33333333334,2830.432711324071,243248.0,248784.0,,,,,,,,,,,,,,,,,,,,,,,,,,,,,,,,,,,,,,,,,,,,,,,,,,,,,,,,,,,,,,,,,,,,,,,,,,,,,,,,,3,19515.340820312,19504.068945312003,19538.125195312,19520.137695312,21.686755956369613,19501.250976562,19543.821289062
phase1,G_simpleui_bookshelf,paging,paging,flat,2000,memory:post_init_idle,PASS,3,3,0,0,,,,,,,,,3,20136.986328125,20133.176953125,20270.1527343754,20190.885091146,97.50823648529584,20132.224609375,20303.444335938,,,,,,,,,3,190192.0,183088.0,191497.6,187776.0,5657.148398265685,181312.0,191824.0,,,,,,,,,,,,,,,,,,,,,,,,,,,,,,,,,,,,,,,,,,,,,,,,,,,,,,,,,,,,,,,,,,,,,,,,,,,,,,,,,3,14917.465820312,14916.750195312,14929.828320312,14922.318684895334,9.190984017784455,14916.571289062,14932.918945312
phase1,G_simpleui_bookshelf,paging,paging,hierarchical,2000,memory:post_stress_idle,PASS,3,3,0,0,,,,,,,,,3,23458.994140625,23238.9855468754,24088.902734374602,23629.785807291668,551.4063089543351,23183.983398438,24246.379882812,,,,,,,,,3,244224.0,242035.2,249408.0,245472.0,4733.053137246612,241488.0,250704.0,,,,,,,,,,,,,,,,,,,,,,,,,,,,,,,,,,,,,,,,,,,,,,,,,,,,,,,,,,,,,,,,,,,,,,,,,,,,,,,,,3,16216.000976562,16196.750976562,16245.122851561999,16220.114257812,30.441561136202914,16191.938476562,16252.403320312
phase1,G_simpleui_bookshelf,paging,paging,hierarchical,2000,memory:post_init_idle,PASS,3,3,0,0,,,,,,,,,3,19862.545898438,19759.729492187602,19886.039648437996,19829.494791667,83.97269095904667,19734.025390625,19891.913085938,,,,,,,,,3,181872.0,181539.2,188323.2,184421.33333333334,4780.3687444938105,181456.0,189936.0,,,,,,,,,,,,,,,,,,,,,,,,,,,,,,,,,,,,,,,,,,,,,,,,,,,,,,,,,,,,,,,,,,,,,,,,,,,,,,,,,3,12742.602539062,12711.511914062,12769.355664062,12740.795247395334,36.18620850537489,12703.739257812,12776.043945312
phase1,H_zenos_bookshelf,paging,paging,flat,2000,memory:post_init_idle,PASS,3,3,0,0,,,,,,,,,3,16732.659179688,16058.946679688,17426.1451171872,16740.898111979335,854.5288123046313,15890.518554688,17599.516601562,,,,,,,,,3,191296.0,184716.80000000002,191744.0,188741.33333333334,4917.764261667423,183072.0,191856.0,,,,,,,,,,,,,,,,,,,,,,,,,,,,,,,,,,,,,,,,,,,,,,,,,,,,,,,,,,,,,,,,,,,,,,,,,,,,,,,,,3,14464.963867188,14450.082617188,14465.257617188001,14458.885742188,10.847168836952052,14446.362304688,14465.331054688
phase1,H_zenos_bookshelf,paging,paging,flat,2000,memory:post_stress_idle,PASS,3,3,0,0,,,,,,,,,3,58088.560546875,54060.9347656246,58813.5457031254,56712.460286458336,3200.5323301459603,53054.028320312,58994.791992188,,,,,,,,,3,261520.0,257424.0,268099.2,262554.6666666667,6731.900573636938,256400.0,269744.0,,,,,,,,,,,,,,,,,,,,,,,,,,,,,,,,,,,,,,,,,,,,,,,,,,,,,,,,,,,,,,,,,,,,,,,,,,,,,,,,,3,24286.528320312,24259.843945312005,24345.731445312,24300.077799478666,54.94724869694211,24253.172851562,24360.532226562
phase1,H_zenos_bookshelf,paging,paging,hierarchical,2000,memory:post_init_idle,PASS,3,3,0,0,,,,,,,,,3,17094.901367188,16402.2466796872,17247.358398437602,16869.819010416668,563.0153841850536,16229.083007812,17285.47265625,,,,,,,,,3,190976.0,186419.2,191283.19999999998,189205.33333333334,3404.8561398880474,185280.0,191360.0,,,,,,,,,,,,,,,,,,,,,,,,,,,,,,,,,,,,,,,,,,,,,,,,,,,,,,,,,,,,,,,,,,,,,,,,,,,,,,,,,3,14521.420898438,14491.192773438,14538.295898438,14515.857096354666,29.83116357965191,14483.635742188,14542.514648438
phase1,H_zenos_bookshelf,paging,paging,hierarchical,2000,memory:post_stress_idle,PASS,3,3,0,0,,,,,,,,,3,36646.555664062,36392.2603515628,37375.8548828124,36844.473958333336,638.1944049615696,36328.686523438,37558.1796875,,,,,,,,,3,234848.0,231814.40000000002,238035.2,234912.0,3888.3950416592193,231056.0,238832.0,,,,,,,,,,,,,,,,,,,,,,,,,,,,,,,,,,,,,,,,,,,,,,,,,,,,,,,,,,,,,,,,,,,,,,,,,,,,,,,,,3,18212.340820312,18187.443945312003,18232.518945312,18210.374674478666,28.223285388028014,18181.219726562,18237.563476562
phase1,I_vos_bookshelf,paging,paging,flat,2000,memory:post_stress_idle,PASS,3,3,0,0,,,,,,,,,3,41594.67578125,40138.18984375,42111.643750000396,41203.20996093767,1279.1524992711788,39774.068359375,42240.885742188,,,,,,,,,3,240128.0,237798.40000000002,256499.2,245978.66666666666,12738.997972106492,237216.0,260592.0,,,,,,,,,,,,,,,,,,,,,,,,,,,,,,,,,,,,,,,,,,,,,,,,,,,,,,,,,,,,,,,,,,,,,,,,,,,,,,,,,3,17648.532226562,17616.275976562003,17648.688476562,17635.157226562,23.335529478354594,17608.211914062,17648.727539062
phase1,I_vos_bookshelf,paging,paging,flat,2000,memory:post_init_idle,PASS,3,3,0,0,,,,,,,,,3,16822.732421875,13422.4222656246,20305.568359375,16857.118164062333,4302.069374699485,12572.344726562,21176.27734375,,,,,,,,,3,190864.0,185232.0,190940.8,188549.33333333334,4092.5402054632686,183824.0,190960.0,,,,,,,,,,,,,,,,,,,,,,,,,,,,,,,,,,,,,,,,,,,,,,,,,,,,,,,,,,,,,,,,,,,,,,,,,,,,,,,,,3,11931.583007812,11880.139257812,11950.236132811999,11917.920247395334,45.38025213833653,11867.278320312,11954.899414062
phase1,I_vos_bookshelf,paging,paging,hierarchical,2000,memory:post_stress_idle,PASS,3,3,0,0,,,,,,,,,3,33458.71875,22179.346875000003,33521.1125,28784.977864583332,8162.793039134499,19359.50390625,33536.7109375,,,,,,,,,3,226736.0,217481.60000000003,236489.6,226944.0,11881.36557808066,215168.0,238928.0,,,,,,,,,,,,,,,,,,,,,,,,,,,,,,,,,,,,,,,,,,,,,,,,,,,,,,,,,,,,,,,,,,,,,,,,,,,,,,,,,3,15445.977539062,14331.368164062002,15497.440039062,15002.999674478668,823.5982512936115,14052.715820312,15510.305664062
phase1,I_vos_bookshelf,paging,paging,hierarchical,2000,memory:post_init_idle,PASS,3,3,0,0,,,,,,,,,3,10740.036132812,10702.1619140624,10769.2134765624,10736.412434895667,42.024564579568626,10692.693359375,10776.5078125,,,,,,,,,3,184304.0,177379.2,184752.0,181605.33333333334,5166.794493042406,175648.0,184864.0,,,,,,,,,,,,,,,,,,,,,,,,,,,,,,,,,,,,,,,,,,,,,,,,,,,,,,,,,,,,,,,,,,,,,,,,,,,,,,,,,3,9369.4267578125,9182.3642578125,9394.3017578125,9301.8486328125,144.81368097409037,9135.5986328125,9400.5205078125
phase1,J_simpleui_vos,paging,paging,flat,2000,memory:post_stress_idle,PASS,3,3,0,0,,,,,,,,,3,17611.709960938,17571.7802734372,17636.4810546876,17605.393880208332,40.80625629842073,17561.797851562,17642.673828125,,,,,,,,,3,206480.0,203523.2,208489.6,206085.33333333334,3122.761171356742,202784.0,208992.0,,,,,,,,,,,,,,,,,,,,,,,,,,,,,,,,,,,,,,,,,,,,,,,,,,,,,,,,,,,,,,,,,,,,,,,,,,,,,,,,,3,15835.583007812,15813.411132812002,15868.876757811999,15840.217122395334,34.8975486645028,15807.868164062,15877.200195312
phase1,J_simpleui_vos,paging,paging,flat,2000,memory:post_init_idle,PASS,3,3,0,0,,,,,,,,,3,20604.623046875,18331.282421875,20828.528515624603,19750.69173177067,1727.1159508097332,17762.947265625,20884.504882812,,,,,,,,,3,186720.0,184313.6,191532.80000000002,187722.66666666666,4594.795896809055,183712.0,192736.0,,,,,,,,,,,,,,,,,,,,,,,,,,,,,,,,,,,,,,,,,,,,,,,,,,,,,,,,,,,,,,,,,,,,,,,,,,,,,,,,,3,15389.049804688,15329.418554688002,15391.615429688001,15365.272460938,43.99017310945929,15314.510742188,15392.256835938
phase1,J_simpleui_vos,paging,paging,hierarchical,2000,memory:post_init_idle,PASS,3,3,0,0,,,,,,,,,3,17958.393554688,17954.4193359376,19596.8037109376,18639.408528646,1183.8573593695758,17953.42578125,20006.40625,,,,,,,,,3,187984.0,184323.2,190518.4,187514.66666666666,3893.2748854060296,183408.0,191152.0,,,,,,,,,,,,,,,,,,,,,,,,,,,,,,,,,,,,,,,,,,,,,,,,,,,,,,,,,,,,,,,,,,,,,,,,,,,,,,,,,3,12952.463867188,12925.295117188001,12965.345117188,12946.510742188,25.556667417950226,12918.502929688,12968.565429688
phase1,J_simpleui_vos,paging,paging,hierarchical,2000,memory:post_stress_idle,PASS,3,3,0,0,,,,,,,,,3,16204.09375,16178.378906249602,16309.5539062496,16237.320963541331,86.88770646030221,16171.950195312,16335.918945312,,,,,,,,,3,202768.0,197251.2,203280.0,200682.66666666666,4178.430965486128,195872.0,203408.0,,,,,,,,,,,,,,,,,,,,,,,,,,,,,,,,,,,,,,,,,,,,,,,,,,,,,,,,,,,,,,,,,,,,,,,,,,,,,,,,,3,13805.102539062,13756.068164062,13826.111914062001,13793.425455728668,44.930185089601764,13743.809570312,13831.364257812
phase1,K_simpleui_vos_bookshelf,paging,paging,flat,2000,memory:post_stress_idle,PASS,3,3,0,0,,,,,,,,,3,42754.3515625,42425.834375000006,48828.6921875,45148.444661458336,4507.000507835601,42343.705078125,50347.27734375,,,,,,,,,3,253792.0,242080.0,254675.2,249280.0,8788.457885203752,239152.0,254896.0,,,,,,,,,,,,,,,,,,,,,,,,,,,,,,,,,,,,,,,,,,,,,,,,,,,,,,,,,,,,,,,,,,,,,,,,,,,,,,,,,3,20231.477539062,20230.643164062003,20233.305664062,20231.891601562,1.7022602090561647,20230.434570312,20233.762695312
phase1,K_simpleui_vos_bookshelf,paging,paging,flat,2000,memory:post_init_idle,PASS,3,3,0,0,,,,,,,,,3,21070.215820312,20930.294726562403,22519.8244140624,21615.918945312336,1100.1358361909674,20895.314453125,22882.2265625,,,,,,,,,3,192528.0,183708.80000000002,192886.40000000002,189002.66666666666,6497.897916506025,181504.0,192976.0,,,,,,,,,,,,,,,,,,,,,,,,,,,,,,,,,,,,,,,,,,,,,,,,,,,,,,,,,,,,,,,,,,,,,,,,,,,,,,,,,3,15579.770507812,15540.201757812001,15602.583007811998,15572.788736978668,39.45433965745707,15530.309570312,15608.286132812
phase1,K_simpleui_vos_bookshelf,paging,paging,hierarchical,2000,memory:post_stress_idle,PASS,3,3,0,0,,,,,,,,,3,37436.107421875,37059.0519531254,37527.813671875,37317.21191406267,310.54321180465007,36964.788085938,37550.740234375,,,,,,,,,3,230464.0,226649.60000000003,237964.8,232000.0,7196.016675911751,225696.0,239840.0,,,,,,,,,,,,,,,,,,,,,,,,,,,,,,,,,,,,,,,,,,,,,,,,,,,,,,,,,,,,,,,,,,,,,,,,,,,,,,,,,3,16843.665039062,16819.430664062,16870.943164062002,16844.933268228666,32.21404120701165,16813.372070312,16877.762695312
phase1,K_simpleui_vos_bookshelf,paging,paging,hierarchical,2000,memory:post_init_idle,PASS,3,3,0,0,,,,,,,,,3,20281.362304688,19423.590429688,21153.9982421872,20287.555664062664,1081.5181828436632,19209.147460938,21372.157226562,,,,,,,,,3,182528.0,180416.0,186598.40000000002,183344.0,3928.089612012435,179888.0,187616.0,,,,,,,,,,,,,,,,,,,,,,,,,,,,,,,,,,,,,,,,,,,,,,,,,,,,,,,,,,,,,,,,,,,,,,,,,,,,,,,,,3,13216.493164062,13199.183789062,13289.568164061999,13239.728841145334,59.96723352701155,13194.856445312,13307.836914062
phase1,L_project_title_vos,paging,paging,flat,2000,memory:post_init_idle,PASS,3,3,0,0,,,,,,,,,3,19572.895507812,19524.764257812003,19719.461132812,19613.909830728666,126.76357257312638,19512.731445312,19756.102539062,,,,,,,,,3,188464.0,182422.40000000002,189436.8,186352.0,4750.2488355874575,180912.0,189680.0,,,,,,,,,,,,,,,,,,,,,,,,,,,,,,,,,,,,,,,,,,,,,,,,,,,,,,,,,,,,,,,,,,,,,,,,,,,,,,,,,3,11939.325195312,11937.565820312,11959.731445312,11947.094726562,15.401107332125962,11937.125976562,11964.833007812
phase1,L_project_title_vos,paging,paging,flat,2000,memory:post_stress_idle,PASS,3,3,0,0,,,,,,,,,3,26685.06640625,26035.182031250002,27086.341406249998,26581.479166666668,663.071168515722,25872.7109375,27186.66015625,,,,,,,,,3,213136.0,211139.2,215401.6,213248.0,2665.7651809564923,210640.0,215968.0,,,,,,,,,,,,,,,,,,,,,,,,,,,,,,,,,,,,,,,,,,,,,,,,,,,,,,,,,,,,,,,,,,,,,,,,,,,,,,,,,3,12731.590820312,12676.965820312002,12731.803320312,12708.918945312,39.49910068695394,12663.309570312,12731.856445312
phase1,L_project_title_vos,paging,paging,hierarchical,2000,memory:post_stress_idle,PASS,3,3,0,0,,,,,,,,,3,20294.732421875,20170.7175781254,20401.514453125397,20287.552083333667,144.3820174863488,20139.713867188,20428.209960938,,,,,,,,,3,203008.0,202713.6,204224.0,203392.0,1000.8636270741384,202640.0,204528.0,,,,,,,,,,,,,,,,,,,,,,,,,,,,,,,,,,,,,,,,,,,,,,,,,,,,,,,,,,,,,,,,,,,,,,,,,,,,,,,,,3,10017.758789062,9984.8837890624,10021.593164062,10005.6585286455,25.223202929232833,9976.6650390625,10022.551757812
phase1,L_project_title_vos,paging,paging,hierarchical,2000,memory:post_init_idle,PASS,3,3,0,0,,,,,,,,,3,14238.633789062,10524.8236328124,15663.2728515628,13284.8125,3316.0610853945896,9596.37109375,16019.432617188,,,,,,,,,3,176848.0,175747.2,181276.8,178234.66666666666,3658.69776468805,175472.0,182384.0,,,,,,,,,,,,,,,,,,,,,,,,,,,,,,,,,,,,,,,,,,,,,,,,,,,,,,,,,,,,,,,,,,,,,,,,,,,,,,,,,3,8976.6689453125,8975.6345703125,8983.0533203125,8978.898111979166,5.022554010404955,8975.3759765625,8984.6494140625
